customer_id,age,age_band,gender,location,category,item_purchased,size,color,season,purchase_amount,review_rating,review_rating_imputed,subscription_status,is_subscriber,shipping_type,discount_applied,received_discount,payment_method,previous_purchases,loyalty_tier,frequency_of_purchases,purchase_frequency_days,purchases_per_year,est_annual_value,segment_id,segment
1,55,55-64,Male,Kentucky,Clothing,Blouse,L,Gray,Winter,53,3.1,False,Yes,True,Express,Yes,True,Venmo,14,Developing,Fortnightly,14,26.07,1381.71,1,Steady mid-tier
2,19,18-24,Male,Maine,Clothing,Sweater,L,Maroon,Winter,64,3.1,False,Yes,True,Express,Yes,True,Cash,2,New,Fortnightly,14,26.07,1668.48,0,High-value regulars
3,50,45-54,Male,Massachusetts,Clothing,Jeans,S,Maroon,Spring,73,3.1,False,Yes,True,Free Shipping,Yes,True,Credit Card,23,Developing,Weekly,7,52.14,3806.22,0,High-value regulars
4,21,18-24,Male,Rhode Island,Footwear,Sandals,M,Maroon,Spring,90,3.5,False,Yes,True,Next Day Air,Yes,True,PayPal,49,Loyal,Weekly,7,52.14,4692.6,0,High-value regulars
5,45,45-54,Male,Oregon,Clothing,Blouse,M,Turquoise,Spring,49,2.7,False,Yes,True,Free Shipping,Yes,True,PayPal,31,Established,Annually,365,1.0,49.0,1,Steady mid-tier
6,46,45-54,Male,Wyoming,Footwear,Sneakers,M,White,Summer,20,2.9,False,Yes,True,Standard,Yes,True,Venmo,14,Developing,Weekly,7,52.14,1042.8,0,High-value regulars
7,63,55-64,Male,Montana,Clothing,Shirt,M,Gray,Fall,85,3.2,False,Yes,True,Free Shipping,Yes,True,Cash,49,Loyal,Quarterly,90,4.06,345.1,1,Steady mid-tier
8,27,25-34,Male,Louisiana,Clothing,Shorts,L,Charcoal,Winter,34,3.2,False,Yes,True,Free Shipping,Yes,True,Credit Card,19,Developing,Weekly,7,52.14,1772.76,0,High-value regulars
9,26,25-34,Male,West Virginia,Outerwear,Coat,L,Silver,Summer,97,2.6,False,Yes,True,Express,Yes,True,Venmo,8,New,Annually,365,1.0,97.0,1,Steady mid-tier
10,57,55-64,Male,Missouri,Accessories,Handbag,M,Pink,Spring,31,4.8,False,Yes,True,2-Day Shipping,Yes,True,Cash,4,New,Quarterly,90,4.06,125.86,1,Steady mid-tier
11,53,45-54,Male,Arkansas,Footwear,Shoes,L,Purple,Fall,34,4.1,False,Yes,True,Store Pickup,Yes,True,Bank Transfer,26,Established,Bi-Weekly,14,26.07,886.38,1,Steady mid-tier
12,30,25-34,Male,Hawaii,Clothing,Shorts,S,Olive,Winter,68,4.9,False,Yes,True,Store Pickup,Yes,True,Bank Transfer,10,New,Fortnightly,14,26.07,1772.76,0,High-value regulars
13,61,55-64,Male,Delaware,Outerwear,Coat,M,Gold,Winter,72,4.5,False,Yes,True,Express,Yes,True,Venmo,37,Established,Fortnightly,14,26.07,1877.04,0,High-value regulars
14,65,65+,Male,New Hampshire,Clothing,Dress,M,Violet,Spring,51,4.7,False,Yes,True,Express,Yes,True,PayPal,31,Established,Weekly,7,52.14,2659.14,0,High-value regulars
15,64,55-64,Male,New York,Outerwear,Coat,L,Teal,Winter,53,4.7,False,Yes,True,Free Shipping,Yes,True,Debit Card,34,Established,Weekly,7,52.14,2763.42,0,High-value regulars
16,64,55-64,Male,Rhode Island,Clothing,Skirt,M,Teal,Winter,81,2.8,False,Yes,True,Store Pickup,Yes,True,PayPal,8,New,Monthly,30,12.17,985.77,1,Steady mid-tier
17,25,25-34,Male,Alabama,Accessories,Sunglasses,S,Gray,Spring,36,4.1,False,Yes,True,Next Day Air,Yes,True,Debit Card,44,Loyal,Bi-Weekly,14,26.07,938.52,1,Steady mid-tier
18,53,45-54,Male,Mississippi,Clothing,Dress,XL,Lavender,Winter,38,4.7,False,Yes,True,2-Day Shipping,Yes,True,Venmo,36,Established,Quarterly,90,4.06,154.28,1,Steady mid-tier
19,52,45-54,Male,Montana,Clothing,Sweater,S,Black,Summer,48,4.6,False,Yes,True,Free Shipping,Yes,True,Cash,17,Developing,Weekly,7,52.14,2502.72,0,High-value regulars
20,66,65+,Male,Rhode Island,Clothing,Pants,M,Green,Summer,90,3.3,False,Yes,True,Standard,Yes,True,Debit Card,46,Loyal,Bi-Weekly,14,26.07,2346.3,0,High-value regulars
21,21,18-24,Male,Louisiana,Clothing,Pants,M,Black,Winter,51,2.8,False,Yes,True,Express,Yes,True,Cash,50,Loyal,Every 3 Months,90,4.06,207.06,1,Steady mid-tier
22,31,25-34,Male,North Carolina,Clothing,Pants,M,Charcoal,Winter,62,4.1,False,Yes,True,Store Pickup,Yes,True,Debit Card,22,Developing,Quarterly,90,4.06,251.72,1,Steady mid-tier
23,56,55-64,Male,California,Clothing,Pants,M,Peach,Summer,37,3.2,False,Yes,True,Store Pickup,Yes,True,Debit Card,32,Established,Annually,365,1.0,37.0,1,Steady mid-tier
24,31,25-34,Male,Oklahoma,Clothing,Pants,XL,White,Winter,88,4.4,False,Yes,True,Express,Yes,True,Credit Card,40,Established,Weekly,7,52.14,4588.32,0,High-value regulars
25,18,18-24,Male,Florida,Outerwear,Jacket,M,Green,Fall,22,2.9,False,Yes,True,Store Pickup,Yes,True,Debit Card,16,Developing,Weekly,7,52.14,1147.08,0,High-value regulars
26,18,18-24,Male,Texas,Clothing,Hoodie,M,Silver,Summer,25,3.6,False,Yes,True,Express,Yes,True,PayPal,14,Developing,Annually,365,1.0,25.0,1,Steady mid-tier
27,38,35-44,Male,Nevada,Accessories,Jewelry,M,Red,Spring,20,3.6,False,Yes,True,Next Day Air,Yes,True,Credit Card,13,Developing,Annually,365,1.0,20.0,1,Steady mid-tier
28,56,55-64,Male,Kentucky,Clothing,Shorts,L,Cyan,Summer,56,5.0,False,Yes,True,Next Day Air,Yes,True,Bank Transfer,7,New,Every 3 Months,90,4.06,227.36,1,Steady mid-tier
29,54,45-54,Male,North Carolina,Accessories,Handbag,M,Gray,Fall,94,4.4,False,Yes,True,Free Shipping,Yes,True,PayPal,41,Loyal,Every 3 Months,90,4.06,381.64,1,Steady mid-tier
30,31,25-34,Male,Wyoming,Clothing,Dress,S,Black,Fall,48,4.1,False,Yes,True,Store Pickup,Yes,True,Credit Card,14,Developing,Weekly,7,52.14,2502.72,0,High-value regulars
31,57,55-64,Male,North Carolina,Accessories,Jewelry,L,Black,Winter,31,4.7,False,Yes,True,Standard,Yes,True,Credit Card,16,Developing,Monthly,30,12.17,377.27,1,Steady mid-tier
32,33,25-34,Male,West Virginia,Clothing,Dress,L,Brown,Winter,79,4.7,False,Yes,True,Store Pickup,Yes,True,Venmo,45,Loyal,Monthly,30,12.17,961.43,1,Steady mid-tier
33,36,35-44,Male,Kansas,Outerwear,Jacket,M,Silver,Summer,67,4.9,False,Yes,True,Free Shipping,Yes,True,Venmo,37,Established,Annually,365,1.0,67.0,1,Steady mid-tier
34,54,45-54,Male,Colorado,Clothing,Pants,L,Green,Summer,38,3.3,False,Yes,True,Store Pickup,Yes,True,Cash,45,Loyal,Quarterly,90,4.06,154.28,1,Steady mid-tier
35,36,35-44,Male,North Dakota,Clothing,T-shirt,L,Violet,Spring,91,4.6,False,Yes,True,2-Day Shipping,Yes,True,PayPal,38,Established,Quarterly,90,4.06,369.46,1,Steady mid-tier
36,54,45-54,Male,Massachusetts,Clothing,Blouse,M,Cyan,Summer,33,4.0,False,Yes,True,2-Day Shipping,Yes,True,Credit Card,48,Loyal,Bi-Weekly,14,26.07,860.31,1,Steady mid-tier
37,35,35-44,Male,Illinois,Clothing,T-shirt,M,Maroon,Winter,69,4.6,False,Yes,True,Free Shipping,Yes,True,PayPal,44,Loyal,Fortnightly,14,26.07,1798.83,0,High-value regulars
38,35,35-44,Male,Indiana,Clothing,Jeans,S,Cyan,Summer,45,2.8,False,Yes,True,Store Pickup,Yes,True,PayPal,10,New,Weekly,7,52.14,2346.3,0,High-value regulars
39,29,25-34,Male,Florida,Clothing,Dress,M,Red,Winter,37,3.7,True,Yes,True,2-Day Shipping,Yes,True,Venmo,44,Loyal,Every 3 Months,90,4.06,150.22,1,Steady mid-tier
40,70,65+,Male,Arizona,Clothing,Pants,S,Turquoise,Summer,60,4.2,False,Yes,True,Express,Yes,True,Credit Card,18,Developing,Monthly,30,12.17,730.2,1,Steady mid-tier
41,69,65+,Male,Louisiana,Accessories,Handbag,L,Beige,Winter,76,4.6,False,Yes,True,Next Day Air,Yes,True,Debit Card,31,Established,Quarterly,90,4.06,308.56,1,Steady mid-tier
42,67,65+,Male,Alaska,Accessories,Scarf,M,Orange,Spring,39,4.5,False,Yes,True,Standard,Yes,True,Venmo,40,Established,Annually,365,1.0,39.0,1,Steady mid-tier
43,20,18-24,Male,Tennessee,Outerwear,Coat,M,Beige,Spring,100,4.1,False,Yes,True,Free Shipping,Yes,True,PayPal,15,Developing,Annually,365,1.0,100.0,1,Steady mid-tier
44,25,25-34,Male,Ohio,Accessories,Scarf,L,Lavender,Fall,69,3.7,False,Yes,True,Store Pickup,Yes,True,PayPal,19,Developing,Fortnightly,14,26.07,1798.83,0,High-value regulars
45,39,35-44,Male,Kentucky,Accessories,Hat,S,Silver,Summer,53,4.6,False,Yes,True,Free Shipping,Yes,True,PayPal,45,Loyal,Weekly,7,52.14,2763.42,0,High-value regulars
46,50,45-54,Male,Tennessee,Clothing,Socks,XL,Indigo,Fall,21,2.9,False,Yes,True,2-Day Shipping,Yes,True,PayPal,25,Developing,Annually,365,1.0,21.0,1,Steady mid-tier
47,57,55-64,Male,California,Clothing,Shirt,L,White,Summer,43,2.9,False,Yes,True,Store Pickup,Yes,True,Cash,45,Loyal,Quarterly,90,4.06,174.58,1,Steady mid-tier
48,55,55-64,Male,Montana,Accessories,Jewelry,M,Charcoal,Winter,54,4.5,False,Yes,True,Free Shipping,Yes,True,Cash,36,Established,Weekly,7,52.14,2815.56,0,High-value regulars
49,42,35-44,Male,Nevada,Clothing,Shirt,M,Orange,Summer,55,2.7,False,Yes,True,Store Pickup,Yes,True,Cash,38,Established,Monthly,30,12.17,669.35,1,Steady mid-tier
50,68,65+,Male,New Jersey,Clothing,Hoodie,S,Indigo,Spring,30,4.6,False,Yes,True,Next Day Air,Yes,True,Debit Card,34,Established,Bi-Weekly,14,26.07,782.1,1,Steady mid-tier
51,49,45-54,Male,Maryland,Clothing,Blouse,M,Red,Spring,28,3.7,True,Yes,True,Store Pickup,Yes,True,Debit Card,39,Established,Bi-Weekly,14,26.07,729.96,1,Steady mid-tier
52,59,55-64,Male,Vermont,Clothing,Skirt,XL,Gray,Winter,59,4.7,False,Yes,True,2-Day Shipping,Yes,True,Credit Card,7,New,Quarterly,90,4.06,239.54,1,Steady mid-tier
53,42,35-44,Male,Alaska,Clothing,T-shirt,M,Green,Summer,20,2.6,False,Yes,True,Free Shipping,Yes,True,Credit Card,26,Established,Weekly,7,52.14,1042.8,0,High-value regulars
54,29,25-34,Male,Mississippi,Clothing,Skirt,S,Peach,Winter,24,3.9,False,Yes,True,Next Day Air,Yes,True,Credit Card,35,Established,Weekly,7,52.14,1251.36,0,High-value regulars
55,47,45-54,Male,New Mexico,Outerwear,Coat,M,Brown,Summer,94,4.2,False,Yes,True,Next Day Air,Yes,True,Debit Card,35,Established,Bi-Weekly,14,26.07,2450.58,0,High-value regulars
56,40,35-44,Male,South Carolina,Outerwear,Jacket,M,Lavender,Winter,28,3.0,False,Yes,True,2-Day Shipping,Yes,True,Credit Card,49,Loyal,Annually,365,1.0,28.0,1,Steady mid-tier
57,41,35-44,Male,Mississippi,Accessories,Backpack,XL,Brown,Summer,73,4.7,False,Yes,True,Store Pickup,Yes,True,Credit Card,46,Loyal,Weekly,7,52.14,3806.22,0,High-value regulars
58,21,18-24,Male,West Virginia,Outerwear,Coat,M,White,Summer,64,4.4,False,Yes,True,Store Pickup,Yes,True,Debit Card,17,Developing,Fortnightly,14,26.07,1668.48,0,High-value regulars
59,69,65+,Male,Missouri,Clothing,Hoodie,M,Charcoal,Summer,54,4.2,False,Yes,True,Free Shipping,Yes,True,Venmo,29,Established,Monthly,30,12.17,657.18,1,Steady mid-tier
60,63,55-64,Male,Louisiana,Accessories,Belt,L,Yellow,Spring,79,4.6,False,Yes,True,Standard,Yes,True,Debit Card,4,New,Weekly,7,52.14,4119.06,0,High-value regulars
61,50,45-54,Male,Idaho,Clothing,Sweater,L,Brown,Summer,37,4.0,False,Yes,True,Express,Yes,True,Cash,17,Developing,Weekly,7,52.14,1929.18,0,High-value regulars
62,55,55-64,Male,Texas,Accessories,Scarf,M,Orange,Winter,68,4.7,False,Yes,True,Store Pickup,Yes,True,Credit Card,21,Developing,Every 3 Months,90,4.06,276.08,1,Steady mid-tier
63,30,25-34,Male,Mississippi,Footwear,Sneakers,S,Magenta,Spring,21,3.8,False,Yes,True,Free Shipping,Yes,True,Credit Card,31,Established,Fortnightly,14,26.07,547.47,1,Steady mid-tier
64,33,25-34,Male,Arizona,Accessories,Sunglasses,L,Lavender,Winter,79,2.7,False,Yes,True,2-Day Shipping,Yes,True,Credit Card,43,Loyal,Weekly,7,52.14,4119.06,0,High-value regulars
65,65,65+,Male,Alabama,Footwear,Boots,S,Green,Fall,83,4.8,False,Yes,True,Standard,Yes,True,Debit Card,18,Developing,Fortnightly,14,26.07,2163.81,0,High-value regulars
66,65,65+,Male,New Jersey,Accessories,Backpack,M,Purple,Spring,36,4.8,False,Yes,True,2-Day Shipping,Yes,True,Venmo,44,Loyal,Every 3 Months,90,4.06,146.16,1,Steady mid-tier
67,31,25-34,Male,Pennsylvania,Clothing,Blouse,S,Magenta,Winter,94,4.7,False,Yes,True,2-Day Shipping,Yes,True,Venmo,3,New,Every 3 Months,90,4.06,381.64,1,Steady mid-tier
68,45,45-54,Male,Connecticut,Outerwear,Coat,L,Gray,Winter,33,4.4,False,Yes,True,Store Pickup,Yes,True,Debit Card,49,Loyal,Monthly,30,12.17,401.61,1,Steady mid-tier
69,57,55-64,Male,Utah,Accessories,Handbag,L,Silver,Summer,46,3.9,False,Yes,True,Next Day Air,Yes,True,Cash,21,Developing,Every 3 Months,90,4.06,186.76,1,Steady mid-tier
70,48,45-54,Male,Tennessee,Accessories,Belt,S,Cyan,Summer,70,4.4,False,Yes,True,Express,Yes,True,Cash,5,New,Weekly,7,52.14,3649.8,0,High-value regulars
71,22,18-24,Male,Alabama,Accessories,Belt,M,Magenta,Fall,29,4.2,False,Yes,True,Express,Yes,True,Debit Card,32,Established,Every 3 Months,90,4.06,117.74,1,Steady mid-tier
72,36,35-44,Male,Virginia,Clothing,Dress,L,Gold,Summer,48,2.9,False,Yes,True,Express,Yes,True,Bank Transfer,34,Established,Annually,365,1.0,48.0,1,Steady mid-tier
73,18,18-24,Male,Georgia,Clothing,Dress,M,Olive,Winter,26,2.9,False,Yes,True,Store Pickup,Yes,True,Bank Transfer,21,Developing,Every 3 Months,90,4.06,105.56,1,Steady mid-tier
74,48,45-54,Male,Hawaii,Clothing,Pants,M,Teal,Spring,85,2.7,False,Yes,True,Free Shipping,Yes,True,Bank Transfer,43,Loyal,Bi-Weekly,14,26.07,2215.95,0,High-value regulars
75,49,45-54,Male,Indiana,Accessories,Gloves,L,Violet,Spring,58,4.5,False,Yes,True,Express,Yes,True,Cash,3,New,Monthly,30,12.17,705.86,1,Steady mid-tier
76,64,55-64,Male,Utah,Accessories,Scarf,M,Blue,Summer,85,2.7,False,Yes,True,Free Shipping,Yes,True,Credit Card,21,Developing,Annually,365,1.0,85.0,1,Steady mid-tier
77,50,45-54,Male,Delaware,Accessories,Hat,S,Teal,Summer,43,4.2,False,Yes,True,Free Shipping,Yes,True,Venmo,32,Established,Monthly,30,12.17,523.31,1,Steady mid-tier
78,22,18-24,Male,Delaware,Clothing,Dress,L,Gold,Summer,53,3.3,False,Yes,True,Next Day Air,Yes,True,Debit Card,36,Established,Fortnightly,14,26.07,1381.71,1,Steady mid-tier
79,50,45-54,Male,Nebraska,Clothing,Skirt,M,Maroon,Spring,91,4.7,False,Yes,True,Free Shipping,Yes,True,Venmo,50,Loyal,Fortnightly,14,26.07,2372.37,0,High-value regulars
80,38,35-44,Male,Iowa,Outerwear,Jacket,M,Olive,Winter,96,2.6,False,Yes,True,2-Day Shipping,Yes,True,Bank Transfer,43,Loyal,Every 3 Months,90,4.06,389.76,1,Steady mid-tier
81,19,18-24,Male,New York,Footwear,Sandals,XL,Blue,Summer,72,3.8,True,Yes,True,Store Pickup,Yes,True,Credit Card,24,Developing,Every 3 Months,90,4.06,292.32,1,Steady mid-tier
82,67,65+,Male,Virginia,Footwear,Shoes,L,Maroon,Summer,96,2.6,False,Yes,True,Express,Yes,True,Credit Card,36,Established,Every 3 Months,90,4.06,389.76,1,Steady mid-tier
83,19,18-24,Male,Georgia,Clothing,Pants,S,Olive,Spring,28,4.0,False,Yes,True,2-Day Shipping,Yes,True,Credit Card,21,Developing,Every 3 Months,90,4.06,113.68,1,Steady mid-tier
84,36,35-44,Male,Texas,Clothing,Dress,M,Turquoise,Summer,40,4.1,False,Yes,True,Standard,Yes,True,Bank Transfer,34,Established,Weekly,7,52.14,2085.6,0,High-value regulars
85,52,45-54,Male,Arizona,Outerwear,Coat,S,Peach,Spring,32,4.4,False,Yes,True,Standard,Yes,True,Bank Transfer,42,Loyal,Every 3 Months,90,4.06,129.92,1,Steady mid-tier
86,53,45-54,Male,New Mexico,Accessories,Sunglasses,M,Charcoal,Winter,95,4.5,False,Yes,True,Next Day Air,Yes,True,Debit Card,2,New,Bi-Weekly,14,26.07,2476.65,0,High-value regulars
87,24,18-24,Male,Nevada,Clothing,Hoodie,L,Pink,Spring,41,3.7,False,Yes,True,2-Day Shipping,Yes,True,Cash,47,Loyal,Bi-Weekly,14,26.07,1068.87,1,Steady mid-tier
88,52,45-54,Male,Ohio,Footwear,Shoes,M,Green,Fall,53,3.7,False,Yes,True,2-Day Shipping,Yes,True,Debit Card,44,Loyal,Fortnightly,14,26.07,1381.71,1,Steady mid-tier
89,33,25-34,Male,Wyoming,Clothing,T-shirt,M,Orange,Fall,47,3.5,False,Yes,True,Free Shipping,Yes,True,Credit Card,35,Established,Monthly,30,12.17,571.99,1,Steady mid-tier
90,47,45-54,Male,California,Outerwear,Jacket,XL,Pink,Fall,83,3.6,False,Yes,True,Next Day Air,Yes,True,Cash,15,Developing,Quarterly,90,4.06,336.98,1,Steady mid-tier
91,25,25-34,Male,South Carolina,Accessories,Hat,L,Violet,Summer,48,2.9,False,Yes,True,Express,Yes,True,Credit Card,29,Established,Monthly,30,12.17,584.16,1,Steady mid-tier
92,44,35-44,Male,South Carolina,Accessories,Scarf,S,Green,Winter,99,4.6,False,Yes,True,Standard,Yes,True,Credit Card,18,Developing,Every 3 Months,90,4.06,401.94,1,Steady mid-tier
93,61,55-64,Male,Texas,Outerwear,Jacket,M,Olive,Winter,87,4.4,False,Yes,True,2-Day Shipping,Yes,True,Venmo,13,Developing,Every 3 Months,90,4.06,353.22,1,Steady mid-tier
94,37,35-44,Male,Florida,Clothing,Sweater,M,Purple,Fall,62,4.5,False,Yes,True,Standard,Yes,True,Credit Card,46,Loyal,Weekly,7,52.14,3232.68,0,High-value regulars
95,58,55-64,Male,Nevada,Clothing,Skirt,S,Silver,Spring,76,4.6,False,Yes,True,Free Shipping,Yes,True,Credit Card,28,Established,Weekly,7,52.14,3962.64,0,High-value regulars
96,37,35-44,Male,Missouri,Footwear,Sneakers,L,Pink,Fall,100,3.8,False,Yes,True,Free Shipping,Yes,True,PayPal,48,Loyal,Monthly,30,12.17,1217.0,1,Steady mid-tier
97,32,25-34,Male,Delaware,Accessories,Gloves,S,Gold,Spring,73,3.8,True,Yes,True,Express,Yes,True,Venmo,43,Loyal,Every 3 Months,90,4.06,296.38,1,Steady mid-tier
98,21,18-24,Male,Virginia,Footwear,Shoes,M,Teal,Winter,92,4.8,False,Yes,True,Store Pickup,Yes,True,Cash,37,Established,Annually,365,1.0,92.0,1,Steady mid-tier
99,20,18-24,Male,New York,Clothing,Jeans,XL,Teal,Spring,67,2.6,False,Yes,True,Next Day Air,Yes,True,Bank Transfer,20,Developing,Annually,365,1.0,67.0,1,Steady mid-tier
100,26,25-34,Male,Missouri,Clothing,Hoodie,XL,Indigo,Summer,40,3.7,False,Yes,True,Express,Yes,True,Debit Card,33,Established,Quarterly,90,4.06,162.4,1,Steady mid-tier
101,62,55-64,Male,South Dakota,Accessories,Sunglasses,M,Maroon,Fall,98,2.7,False,Yes,True,Express,Yes,True,Cash,31,Established,Fortnightly,14,26.07,2554.86,0,High-value regulars
102,27,25-34,Male,North Dakota,Outerwear,Coat,XL,White,Spring,85,4.6,False,Yes,True,Express,Yes,True,Credit Card,50,Loyal,Bi-Weekly,14,26.07,2215.95,0,High-value regulars
103,51,45-54,Male,Oklahoma,Clothing,Socks,L,Violet,Winter,67,4.8,False,Yes,True,Next Day Air,Yes,True,Credit Card,35,Established,Quarterly,90,4.06,272.02,1,Steady mid-tier
104,54,45-54,Male,West Virginia,Footwear,Boots,L,Red,Winter,89,4.0,False,Yes,True,Next Day Air,Yes,True,Venmo,22,Developing,Bi-Weekly,14,26.07,2320.23,0,High-value regulars
105,55,55-64,Male,New Hampshire,Accessories,Sunglasses,L,Pink,Spring,24,4.4,False,Yes,True,2-Day Shipping,Yes,True,PayPal,1,New,Monthly,30,12.17,292.08,1,Steady mid-tier
106,69,65+,Male,New York,Accessories,Backpack,M,Charcoal,Fall,96,3.6,False,Yes,True,Next Day Air,Yes,True,Bank Transfer,4,New,Annually,365,1.0,96.0,1,Steady mid-tier
107,64,55-64,Male,Minnesota,Outerwear,Jacket,L,White,Summer,35,3.7,False,Yes,True,Standard,Yes,True,Credit Card,31,Established,Monthly,30,12.17,425.95,1,Steady mid-tier
108,28,25-34,Male,Maryland,Footwear,Sneakers,L,Olive,Winter,67,3.1,False,Yes,True,Next Day Air,Yes,True,PayPal,46,Loyal,Fortnightly,14,26.07,1746.69,0,High-value regulars
109,70,65+,Male,Montana,Clothing,Socks,L,Purple,Spring,79,3.4,False,Yes,True,Next Day Air,Yes,True,Bank Transfer,32,Established,Bi-Weekly,14,26.07,2059.53,0,High-value regulars
110,58,55-64,Male,Alabama,Clothing,T-shirt,M,Violet,Spring,85,2.6,False,Yes,True,Next Day Air,Yes,True,Bank Transfer,43,Loyal,Fortnightly,14,26.07,2215.95,0,High-value regulars
111,56,55-64,Male,New York,Accessories,Backpack,M,Black,Summer,26,4.0,False,Yes,True,Standard,Yes,True,Venmo,26,Established,Fortnightly,14,26.07,677.82,1,Steady mid-tier
112,26,25-34,Male,Massachusetts,Accessories,Belt,L,Purple,Summer,75,5.0,False,Yes,True,Free Shipping,Yes,True,Credit Card,9,New,Annually,365,1.0,75.0,1,Steady mid-tier
113,37,35-44,Male,Florida,Accessories,Gloves,M,Red,Spring,65,4.3,False,Yes,True,Free Shipping,Yes,True,PayPal,28,Established,Bi-Weekly,14,26.07,1694.55,0,High-value regulars
114,44,35-44,Male,New Jersey,Accessories,Hat,L,Maroon,Winter,54,3.1,False,Yes,True,Next Day Air,Yes,True,PayPal,20,Developing,Quarterly,90,4.06,219.24,1,Steady mid-tier
115,70,65+,Male,Massachusetts,Outerwear,Coat,S,Blue,Summer,95,3.7,False,Yes,True,Store Pickup,Yes,True,Cash,9,New,Weekly,7,52.14,4953.3,0,High-value regulars
116,53,45-54,Male,Wyoming,Clothing,Skirt,M,Gray,Spring,94,3.8,False,Yes,True,Standard,Yes,True,Debit Card,48,Loyal,Every 3 Months,90,4.06,381.64,1,Steady mid-tier
117,55,55-64,Male,Virginia,Footwear,Shoes,S,Blue,Spring,86,3.4,False,Yes,True,Free Shipping,Yes,True,Venmo,12,Developing,Annually,365,1.0,86.0,1,Steady mid-tier
118,50,45-54,Male,South Dakota,Footwear,Sandals,L,Yellow,Summer,32,4.6,False,Yes,True,Express,Yes,True,Cash,29,Established,Fortnightly,14,26.07,834.24,1,Steady mid-tier
119,50,45-54,Male,Kentucky,Clothing,Sweater,L,Orange,Fall,45,4.8,False,Yes,True,2-Day Shipping,Yes,True,Cash,27,Established,Bi-Weekly,14,26.07,1173.15,1,Steady mid-tier
120,38,35-44,Male,Wyoming,Outerwear,Coat,M,Orange,Fall,76,4.3,False,Yes,True,Express,Yes,True,Cash,44,Loyal,Annually,365,1.0,76.0,1,Steady mid-tier
121,64,55-64,Male,West Virginia,Accessories,Hat,L,Red,Summer,84,4.0,False,Yes,True,Express,Yes,True,Bank Transfer,32,Established,Annually,365,1.0,84.0,1,Steady mid-tier
122,19,18-24,Male,Virginia,Clothing,Shorts,M,Olive,Winter,72,4.2,False,Yes,True,Standard,Yes,True,Cash,11,Developing,Fortnightly,14,26.07,1877.04,0,High-value regulars
123,40,35-44,Male,Washington,Accessories,Backpack,L,Brown,Spring,40,4.8,False,Yes,True,2-Day Shipping,Yes,True,Cash,44,Loyal,Fortnightly,14,26.07,1042.8,1,Steady mid-tier
124,57,55-64,Male,Louisiana,Clothing,Sweater,L,Brown,Fall,89,3.1,False,Yes,True,Free Shipping,Yes,True,Cash,46,Loyal,Weekly,7,52.14,4640.46,0,High-value regulars
125,44,35-44,Male,Nevada,Clothing,Sweater,M,Gray,Spring,86,3.1,False,Yes,True,Next Day Air,Yes,True,PayPal,50,Loyal,Annually,365,1.0,86.0,1,Steady mid-tier
126,49,45-54,Male,California,Clothing,Shorts,M,Indigo,Winter,54,3.6,False,Yes,True,Next Day Air,Yes,True,Venmo,45,Loyal,Every 3 Months,90,4.06,219.24,1,Steady mid-tier
127,43,35-44,Male,Mississippi,Clothing,Shorts,L,Pink,Spring,36,3.9,False,Yes,True,Store Pickup,Yes,True,Cash,48,Loyal,Every 3 Months,90,4.06,146.16,1,Steady mid-tier
128,24,18-24,Male,Mississippi,Clothing,Sweater,M,Gray,Winter,89,4.8,False,Yes,True,Next Day Air,Yes,True,Credit Card,26,Established,Weekly,7,52.14,4640.46,0,High-value regulars
129,20,18-24,Male,California,Accessories,Scarf,M,Gold,Spring,32,4.7,False,Yes,True,Standard,Yes,True,Credit Card,21,Developing,Fortnightly,14,26.07,834.24,1,Steady mid-tier
130,24,18-24,Male,Pennsylvania,Clothing,Dress,XL,Olive,Summer,67,4.2,False,Yes,True,2-Day Shipping,Yes,True,PayPal,49,Loyal,Bi-Weekly,14,26.07,1746.69,0,High-value regulars
131,44,35-44,Male,Kentucky,Accessories,Scarf,L,Violet,Fall,39,3.7,False,Yes,True,Next Day Air,Yes,True,PayPal,13,Developing,Fortnightly,14,26.07,1016.73,1,Steady mid-tier
132,28,25-34,Male,Maine,Clothing,Skirt,L,Indigo,Summer,29,3.9,False,Yes,True,Standard,Yes,True,Credit Card,46,Loyal,Weekly,7,52.14,1512.06,0,High-value regulars
133,30,25-34,Male,New Mexico,Accessories,Backpack,M,Orange,Fall,58,4.7,False,Yes,True,2-Day Shipping,Yes,True,PayPal,42,Loyal,Weekly,7,52.14,3024.12,0,High-value regulars
134,52,45-54,Male,Montana,Clothing,Sweater,M,Violet,Winter,65,2.5,False,Yes,True,Next Day Air,Yes,True,Venmo,25,Developing,Annually,365,1.0,65.0,1,Steady mid-tier
135,43,35-44,Male,Texas,Accessories,Hat,L,Gray,Fall,94,4.9,False,Yes,True,Store Pickup,Yes,True,Cash,25,Developing,Monthly,30,12.17,1143.98,1,Steady mid-tier
136,43,35-44,Male,Kansas,Footwear,Sandals,M,Purple,Fall,81,4.1,False,Yes,True,Express,Yes,True,PayPal,12,Developing,Quarterly,90,4.06,328.86,1,Steady mid-tier
137,39,35-44,Male,South Carolina,Clothing,Blouse,M,White,Winter,86,3.3,False,Yes,True,Free Shipping,Yes,True,Debit Card,4,New,Quarterly,90,4.06,349.16,1,Steady mid-tier
138,68,65+,Male,Colorado,Footwear,Sneakers,M,Turquoise,Spring,43,4.7,False,Yes,True,Free Shipping,Yes,True,PayPal,38,Established,Weekly,7,52.14,2242.02,0,High-value regulars
139,68,65+,Male,Georgia,Clothing,Skirt,M,Maroon,Winter,29,4.4,False,Yes,True,Store Pickup,Yes,True,Bank Transfer,42,Loyal,Weekly,7,52.14,1512.06,0,High-value regulars
140,49,45-54,Male,Florida,Outerwear,Coat,M,White,Fall,95,3.8,False,Yes,True,Store Pickup,Yes,True,Venmo,30,Established,Annually,365,1.0,95.0,1,Steady mid-tier
141,63,55-64,Male,North Carolina,Clothing,Shirt,L,Yellow,Fall,28,3.9,False,Yes,True,2-Day Shipping,Yes,True,Credit Card,50,Loyal,Weekly,7,52.14,1459.92,0,High-value regulars
142,56,55-64,Male,Virginia,Accessories,Gloves,M,Turquoise,Fall,46,4.9,False,Yes,True,Free Shipping,Yes,True,PayPal,45,Loyal,Weekly,7,52.14,2398.44,0,High-value regulars
143,37,35-44,Male,Nebraska,Outerwear,Jacket,L,Violet,Fall,58,3.1,False,Yes,True,Free Shipping,Yes,True,Credit Card,33,Established,Fortnightly,14,26.07,1512.06,0,High-value regulars
144,30,25-34,Male,Missouri,Outerwear,Coat,M,Beige,Fall,48,2.7,False,Yes,True,Store Pickup,Yes,True,PayPal,25,Developing,Quarterly,90,4.06,194.88,1,Steady mid-tier
145,19,18-24,Male,New Jersey,Footwear,Shoes,M,Silver,Fall,43,3.2,False,Yes,True,Express,Yes,True,Cash,25,Developing,Monthly,30,12.17,523.31,1,Steady mid-tier
146,24,18-24,Male,Missouri,Accessories,Jewelry,M,Teal,Fall,95,4.5,False,Yes,True,Standard,Yes,True,Debit Card,44,Loyal,Quarterly,90,4.06,385.7,1,Steady mid-tier
147,52,45-54,Male,Colorado,Clothing,Skirt,S,Black,Fall,30,4.0,False,Yes,True,Standard,Yes,True,Venmo,21,Developing,Fortnightly,14,26.07,782.1,1,Steady mid-tier
148,63,55-64,Male,Idaho,Footwear,Shoes,M,Purple,Summer,64,3.5,False,Yes,True,2-Day Shipping,Yes,True,Bank Transfer,31,Established,Fortnightly,14,26.07,1668.48,0,High-value regulars
149,37,35-44,Male,Wyoming,Accessories,Gloves,M,Gray,Fall,90,2.6,False,Yes,True,Store Pickup,Yes,True,Debit Card,47,Loyal,Annually,365,1.0,90.0,1,Steady mid-tier
150,38,35-44,Male,Delaware,Clothing,Pants,M,White,Summer,76,3.2,False,Yes,True,Free Shipping,Yes,True,PayPal,14,Developing,Monthly,30,12.17,924.92,1,Steady mid-tier
151,35,35-44,Male,California,Footwear,Boots,L,Cyan,Fall,96,4.9,False,Yes,True,Standard,Yes,True,Debit Card,17,Developing,Every 3 Months,90,4.06,389.76,1,Steady mid-tier
152,28,25-34,Male,North Dakota,Accessories,Sunglasses,L,Turquoise,Fall,47,4.5,False,Yes,True,Next Day Air,Yes,True,Venmo,3,New,Annually,365,1.0,47.0,1,Steady mid-tier
153,30,25-34,Male,South Carolina,Clothing,Shirt,S,Brown,Summer,85,4.3,False,Yes,True,Express,Yes,True,Venmo,42,Loyal,Annually,365,1.0,85.0,1,Steady mid-tier
154,69,65+,Male,North Carolina,Clothing,Hoodie,M,Maroon,Winter,55,3.2,False,Yes,True,Standard,Yes,True,Debit Card,22,Developing,Annually,365,1.0,55.0,1,Steady mid-tier
155,41,35-44,Male,Oklahoma,Clothing,Dress,M,Charcoal,Fall,98,3.6,False,Yes,True,Next Day Air,Yes,True,Venmo,21,Developing,Quarterly,90,4.06,397.88,1,Steady mid-tier
156,63,55-64,Male,Maine,Clothing,Socks,S,Olive,Spring,77,4.3,False,Yes,True,Free Shipping,Yes,True,Bank Transfer,21,Developing,Quarterly,90,4.06,312.62,1,Steady mid-tier
157,35,35-44,Male,Missouri,Clothing,Shorts,M,Lavender,Fall,26,4.0,False,Yes,True,Standard,Yes,True,Debit Card,40,Established,Annually,365,1.0,26.0,1,Steady mid-tier
158,36,35-44,Male,Vermont,Accessories,Hat,S,Yellow,Fall,68,3.0,False,Yes,True,Next Day Air,Yes,True,Bank Transfer,1,New,Fortnightly,14,26.07,1772.76,0,High-value regulars
159,25,25-34,Male,Connecticut,Clothing,Shirt,XL,Teal,Fall,73,4.1,False,Yes,True,Standard,Yes,True,Bank Transfer,50,Loyal,Monthly,30,12.17,888.41,1,Steady mid-tier
160,58,55-64,Male,New Hampshire,Accessories,Gloves,M,Charcoal,Fall,27,3.8,False,Yes,True,Store Pickup,Yes,True,Bank Transfer,39,Established,Every 3 Months,90,4.06,109.62,1,Steady mid-tier
161,27,25-34,Male,Texas,Accessories,Gloves,M,Orange,Summer,23,4.6,False,Yes,True,Free Shipping,Yes,True,Venmo,34,Established,Monthly,30,12.17,279.91,1,Steady mid-tier
162,65,65+,Male,North Dakota,Accessories,Backpack,M,Olive,Fall,49,3.0,False,Yes,True,Express,Yes,True,Venmo,29,Established,Fortnightly,14,26.07,1277.43,1,Steady mid-tier
163,54,45-54,Male,California,Accessories,Sunglasses,M,Turquoise,Summer,74,3.0,False,Yes,True,Store Pickup,Yes,True,PayPal,31,Established,Bi-Weekly,14,26.07,1929.18,0,High-value regulars
164,54,45-54,Male,Virginia,Clothing,Skirt,M,Purple,Summer,67,3.4,False,Yes,True,Standard,Yes,True,Debit Card,8,New,Weekly,7,52.14,3493.38,0,High-value regulars
165,59,55-64,Male,Delaware,Accessories,Handbag,S,Purple,Spring,65,2.6,False,Yes,True,Free Shipping,Yes,True,Credit Card,5,New,Fortnightly,14,26.07,1694.55,0,High-value regulars
166,42,35-44,Male,Kentucky,Accessories,Handbag,S,Yellow,Winter,60,2.8,False,Yes,True,Store Pickup,Yes,True,Cash,7,New,Monthly,30,12.17,730.2,1,Steady mid-tier
167,46,45-54,Male,Delaware,Footwear,Sneakers,XL,Indigo,Fall,31,4.0,False,Yes,True,Store Pickup,Yes,True,Cash,30,Established,Monthly,30,12.17,377.27,1,Steady mid-tier
168,33,25-34,Male,Arkansas,Accessories,Gloves,M,Green,Fall,27,4.0,False,Yes,True,Express,Yes,True,Credit Card,14,Developing,Every 3 Months,90,4.06,109.62,1,Steady mid-tier
169,34,25-34,Male,Louisiana,Footwear,Shoes,M,Magenta,Summer,80,3.0,False,Yes,True,Express,Yes,True,Cash,5,New,Fortnightly,14,26.07,2085.6,0,High-value regulars
170,27,25-34,Male,Nevada,Outerwear,Jacket,S,Gold,Summer,30,3.3,False,Yes,True,Standard,Yes,True,PayPal,3,New,Every 3 Months,90,4.06,121.8,1,Steady mid-tier
171,52,45-54,Male,Wyoming,Clothing,Shirt,M,Maroon,Fall,25,2.6,False,Yes,True,Store Pickup,Yes,True,Venmo,46,Loyal,Bi-Weekly,14,26.07,651.75,1,Steady mid-tier
172,29,25-34,Male,Virginia,Clothing,Shorts,M,Blue,Summer,35,3.6,False,Yes,True,Store Pickup,Yes,True,Credit Card,4,New,Weekly,7,52.14,1824.9,0,High-value regulars
173,54,45-54,Male,Nebraska,Accessories,Jewelry,M,Violet,Summer,67,3.9,False,Yes,True,Next Day Air,Yes,True,Credit Card,42,Loyal,Bi-Weekly,14,26.07,1746.69,0,High-value regulars
174,25,25-34,Male,Hawaii,Accessories,Hat,M,Turquoise,Fall,46,3.4,False,Yes,True,Standard,Yes,True,Cash,30,Established,Annually,365,1.0,46.0,1,Steady mid-tier
175,41,35-44,Male,Vermont,Footwear,Shoes,L,Brown,Winter,35,3.5,False,Yes,True,Express,Yes,True,Venmo,37,Established,Annually,365,1.0,35.0,1,Steady mid-tier
176,53,45-54,Male,Oklahoma,Outerwear,Coat,L,Violet,Fall,86,2.8,False,Yes,True,Next Day Air,Yes,True,Bank Transfer,2,New,Annually,365,1.0,86.0,1,Steady mid-tier
177,53,45-54,Male,New Hampshire,Accessories,Backpack,L,Black,Spring,81,2.7,False,Yes,True,Next Day Air,Yes,True,Credit Card,30,Established,Quarterly,90,4.06,328.86,1,Steady mid-tier
178,21,18-24,Male,Kansas,Clothing,Hoodie,L,Magenta,Fall,42,3.7,False,Yes,True,Next Day Air,Yes,True,Bank Transfer,47,Loyal,Monthly,30,12.17,511.14,1,Steady mid-tier
179,61,55-64,Male,Idaho,Clothing,Skirt,L,Lavender,Fall,43,4.3,False,Yes,True,2-Day Shipping,Yes,True,PayPal,21,Developing,Quarterly,90,4.06,174.58,1,Steady mid-tier
180,64,55-64,Male,Illinois,Footwear,Boots,M,Violet,Fall,31,4.9,False,Yes,True,Store Pickup,Yes,True,Bank Transfer,9,New,Fortnightly,14,26.07,808.17,1,Steady mid-tier
181,51,45-54,Male,South Dakota,Footwear,Sandals,L,Green,Fall,81,3.3,False,Yes,True,Store Pickup,Yes,True,Debit Card,12,Developing,Fortnightly,14,26.07,2111.67,0,High-value regulars
182,32,25-34,Male,Massachusetts,Clothing,Pants,M,Beige,Summer,61,4.7,False,Yes,True,Next Day Air,Yes,True,Bank Transfer,4,New,Weekly,7,52.14,3180.54,0,High-value regulars
183,38,35-44,Male,Alabama,Accessories,Gloves,XL,Purple,Summer,96,2.8,False,Yes,True,Store Pickup,Yes,True,Debit Card,10,New,Annually,365,1.0,96.0,1,Steady mid-tier
184,58,55-64,Male,Ohio,Clothing,Skirt,XL,Beige,Spring,29,3.6,False,Yes,True,2-Day Shipping,Yes,True,Credit Card,26,Established,Weekly,7,52.14,1512.06,0,High-value regulars
185,32,25-34,Male,Hawaii,Footwear,Sneakers,L,Cyan,Spring,33,3.0,False,Yes,True,Express,Yes,True,Cash,40,Established,Fortnightly,14,26.07,860.31,1,Steady mid-tier
186,46,45-54,Male,Wisconsin,Clothing,T-shirt,XL,Silver,Summer,32,4.5,False,Yes,True,Store Pickup,Yes,True,Bank Transfer,34,Established,Fortnightly,14,26.07,834.24,1,Steady mid-tier
187,39,35-44,Male,Minnesota,Accessories,Backpack,S,Lavender,Summer,56,2.9,False,Yes,True,Standard,Yes,True,Debit Card,31,Established,Annually,365,1.0,56.0,1,Steady mid-tier
188,19,18-24,Male,Georgia,Footwear,Shoes,S,Purple,Spring,94,3.3,False,Yes,True,Store Pickup,Yes,True,Bank Transfer,1,New,Bi-Weekly,14,26.07,2450.58,0,High-value regulars
189,50,45-54,Male,Arkansas,Clothing,Hoodie,M,Pink,Spring,53,3.1,False,Yes,True,Express,Yes,True,Bank Transfer,5,New,Bi-Weekly,14,26.07,1381.71,1,Steady mid-tier
190,36,35-44,Male,West Virginia,Clothing,Blouse,M,Maroon,Fall,82,4.4,False,Yes,True,Next Day Air,Yes,True,Credit Card,4,New,Weekly,7,52.14,4275.48,0,High-value regulars
191,65,65+,Male,Indiana,Outerwear,Coat,XL,Beige,Fall,70,3.0,False,Yes,True,Free Shipping,Yes,True,Venmo,48,Loyal,Quarterly,90,4.06,284.2,1,Steady mid-tier
192,64,55-64,Male,Utah,Accessories,Hat,M,Gray,Fall,76,3.9,False,Yes,True,Free Shipping,Yes,True,Cash,29,Established,Every 3 Months,90,4.06,308.56,1,Steady mid-tier
193,46,45-54,Male,Nebraska,Footwear,Shoes,L,Turquoise,Summer,29,2.9,False,Yes,True,Express,Yes,True,PayPal,12,Developing,Bi-Weekly,14,26.07,756.03,1,Steady mid-tier
194,36,35-44,Male,North Dakota,Accessories,Belt,S,Silver,Fall,100,3.0,False,Yes,True,Standard,Yes,True,Venmo,29,Established,Annually,365,1.0,100.0,1,Steady mid-tier
195,51,45-54,Male,Missouri,Accessories,Backpack,M,Olive,Spring,94,3.1,False,Yes,True,Express,Yes,True,Debit Card,15,Developing,Quarterly,90,4.06,381.64,1,Steady mid-tier
196,51,45-54,Male,New York,Outerwear,Jacket,M,Magenta,Fall,25,4.3,False,Yes,True,Free Shipping,Yes,True,Credit Card,34,Established,Monthly,30,12.17,304.25,1,Steady mid-tier
197,38,35-44,Male,Washington,Footwear,Boots,M,Lavender,Summer,88,3.9,False,Yes,True,Next Day Air,Yes,True,Credit Card,41,Loyal,Fortnightly,14,26.07,2294.16,0,High-value regulars
198,59,55-64,Male,South Carolina,Accessories,Scarf,M,Black,Fall,78,3.2,False,Yes,True,2-Day Shipping,Yes,True,Credit Card,41,Loyal,Monthly,30,12.17,949.26,1,Steady mid-tier
199,57,55-64,Male,Utah,Accessories,Jewelry,M,Turquoise,Winter,45,4.8,False,Yes,True,Standard,Yes,True,Credit Card,39,Established,Fortnightly,14,26.07,1173.15,1,Steady mid-tier
200,54,45-54,Male,Idaho,Accessories,Hat,XL,Green,Summer,73,3.8,False,Yes,True,Express,Yes,True,Cash,32,Established,Weekly,7,52.14,3806.22,0,High-value regulars
201,25,25-34,Male,Pennsylvania,Clothing,Dress,S,Teal,Summer,61,3.3,False,Yes,True,Next Day Air,Yes,True,Venmo,29,Established,Monthly,30,12.17,742.37,1,Steady mid-tier
202,69,65+,Male,Missouri,Clothing,Blouse,S,Beige,Fall,22,4.3,False,Yes,True,Free Shipping,Yes,True,Bank Transfer,15,Developing,Annually,365,1.0,22.0,1,Steady mid-tier
203,57,55-64,Male,Nebraska,Accessories,Hat,L,Magenta,Spring,38,2.7,False,Yes,True,Express,Yes,True,Venmo,33,Established,Annually,365,1.0,38.0,1,Steady mid-tier
204,70,65+,Male,Indiana,Accessories,Scarf,S,Yellow,Fall,38,3.2,False,Yes,True,Next Day Air,Yes,True,Bank Transfer,18,Developing,Weekly,7,52.14,1981.32,0,High-value regulars
205,24,18-24,Male,Arizona,Footwear,Sneakers,M,Yellow,Fall,100,4.0,False,Yes,True,Store Pickup,Yes,True,Cash,35,Established,Bi-Weekly,14,26.07,2607.0,0,High-value regulars
206,67,65+,Male,Hawaii,Clothing,Shirt,M,Silver,Winter,64,3.0,False,Yes,True,Standard,Yes,True,PayPal,25,Developing,Weekly,7,52.14,3336.96,0,High-value regulars
207,24,18-24,Male,Wisconsin,Clothing,T-shirt,L,Silver,Summer,55,4.2,False,Yes,True,Free Shipping,Yes,True,Venmo,6,New,Fortnightly,14,26.07,1433.85,0,High-value regulars
208,62,55-64,Male,Rhode Island,Accessories,Gloves,M,Silver,Summer,91,2.9,False,Yes,True,Express,Yes,True,Bank Transfer,17,Developing,Bi-Weekly,14,26.07,2372.37,0,High-value regulars
209,57,55-64,Male,Wisconsin,Clothing,Skirt,M,Gold,Spring,38,4.1,False,Yes,True,Store Pickup,Yes,True,Credit Card,17,Developing,Monthly,30,12.17,462.46,1,Steady mid-tier
210,55,55-64,Male,Minnesota,Footwear,Sandals,S,Olive,Winter,97,3.2,False,Yes,True,Store Pickup,Yes,True,Cash,44,Loyal,Every 3 Months,90,4.06,393.82,1,Steady mid-tier
211,45,45-54,Male,Vermont,Outerwear,Jacket,L,Teal,Fall,22,3.0,False,Yes,True,2-Day Shipping,Yes,True,PayPal,6,New,Fortnightly,14,26.07,573.54,1,Steady mid-tier
212,69,65+,Male,South Dakota,Clothing,Skirt,L,Maroon,Fall,92,4.2,False,Yes,True,2-Day Shipping,Yes,True,Debit Card,45,Loyal,Fortnightly,14,26.07,2398.44,0,High-value regulars
213,67,65+,Male,Virginia,Accessories,Handbag,L,Blue,Fall,84,4.2,False,Yes,True,Express,Yes,True,Debit Card,7,New,Annually,365,1.0,84.0,1,Steady mid-tier
214,30,25-34,Male,Nevada,Accessories,Handbag,L,Peach,Fall,93,4.4,False,Yes,True,Store Pickup,Yes,True,Debit Card,11,Developing,Every 3 Months,90,4.06,377.58,1,Steady mid-tier
215,24,18-24,Male,Hawaii,Outerwear,Jacket,L,Blue,Summer,50,4.2,False,Yes,True,Next Day Air,Yes,True,Cash,41,Loyal,Every 3 Months,90,4.06,203.0,1,Steady mid-tier
216,62,55-64,Male,New Jersey,Accessories,Scarf,S,Orange,Spring,64,2.8,False,Yes,True,2-Day Shipping,Yes,True,PayPal,24,Developing,Bi-Weekly,14,26.07,1668.48,0,High-value regulars
217,43,35-44,Male,Massachusetts,Clothing,Shorts,L,Yellow,Spring,61,3.7,False,Yes,True,Free Shipping,Yes,True,Venmo,21,Developing,Weekly,7,52.14,3180.54,0,High-value regulars
218,35,35-44,Male,Oklahoma,Accessories,Sunglasses,M,Purple,Winter,48,3.5,False,Yes,True,Next Day Air,Yes,True,Bank Transfer,24,Developing,Annually,365,1.0,48.0,1,Steady mid-tier
219,28,25-34,Male,California,Clothing,T-shirt,S,Magenta,Spring,45,2.9,False,Yes,True,Store Pickup,Yes,True,Credit Card,8,New,Quarterly,90,4.06,182.7,1,Steady mid-tier
220,32,25-34,Male,Nevada,Accessories,Belt,M,Cyan,Spring,88,3.0,False,Yes,True,Free Shipping,Yes,True,Cash,12,Developing,Fortnightly,14,26.07,2294.16,0,High-value regulars
221,39,35-44,Male,Arizona,Footwear,Sneakers,S,Indigo,Spring,57,3.7,False,Yes,True,Express,Yes,True,Debit Card,48,Loyal,Fortnightly,14,26.07,1485.99,0,High-value regulars
222,28,25-34,Male,North Carolina,Accessories,Hat,XL,Magenta,Summer,68,4.4,False,Yes,True,Store Pickup,Yes,True,Bank Transfer,6,New,Quarterly,90,4.06,276.08,1,Steady mid-tier
223,47,45-54,Male,New York,Accessories,Gloves,XL,Gray,Spring,94,4.5,False,Yes,True,2-Day Shipping,Yes,True,PayPal,14,Developing,Fortnightly,14,26.07,2450.58,0,High-value regulars
224,20,18-24,Male,Wyoming,Clothing,Pants,M,Turquoise,Spring,41,4.8,False,Yes,True,Free Shipping,Yes,True,PayPal,34,Established,Annually,365,1.0,41.0,1,Steady mid-tier
225,63,55-64,Male,South Dakota,Clothing,Socks,S,Beige,Summer,83,2.9,False,Yes,True,Free Shipping,Yes,True,Cash,12,Developing,Every 3 Months,90,4.06,336.98,1,Steady mid-tier
226,25,25-34,Male,Arkansas,Outerwear,Jacket,M,Olive,Spring,22,3.2,False,Yes,True,Next Day Air,Yes,True,Bank Transfer,11,Developing,Annually,365,1.0,22.0,1,Steady mid-tier
227,29,25-34,Male,Texas,Footwear,Shoes,L,Violet,Spring,74,3.3,False,Yes,True,Free Shipping,Yes,True,PayPal,5,New,Monthly,30,12.17,900.58,1,Steady mid-tier
228,50,45-54,Male,Rhode Island,Clothing,Jeans,M,Turquoise,Winter,90,4.2,False,Yes,True,Standard,Yes,True,Venmo,25,Developing,Fortnightly,14,26.07,2346.3,0,High-value regulars
229,18,18-24,Male,New Hampshire,Clothing,Socks,M,White,Spring,79,2.9,False,Yes,True,Store Pickup,Yes,True,Credit Card,11,Developing,Annually,365,1.0,79.0,1,Steady mid-tier
230,70,65+,Male,Ohio,Footwear,Sandals,S,Silver,Spring,28,4.6,False,Yes,True,Next Day Air,Yes,True,PayPal,27,Established,Every 3 Months,90,4.06,113.68,1,Steady mid-tier
231,66,65+,Male,Utah,Accessories,Scarf,L,Olive,Fall,88,4.1,False,Yes,True,Standard,Yes,True,Credit Card,43,Loyal,Annually,365,1.0,88.0,1,Steady mid-tier
232,28,25-34,Male,Tennessee,Clothing,Blouse,M,Blue,Spring,26,3.1,False,Yes,True,2-Day Shipping,Yes,True,Debit Card,18,Developing,Every 3 Months,90,4.06,105.56,1,Steady mid-tier
233,54,45-54,Male,Hawaii,Accessories,Jewelry,L,Purple,Winter,27,4.2,False,Yes,True,Express,Yes,True,Bank Transfer,32,Established,Bi-Weekly,14,26.07,703.89,1,Steady mid-tier
234,19,18-24,Male,Arizona,Clothing,Sweater,XL,Yellow,Fall,83,4.5,False,Yes,True,Next Day Air,Yes,True,Bank Transfer,27,Established,Every 3 Months,90,4.06,336.98,1,Steady mid-tier
235,20,18-24,Male,South Dakota,Accessories,Gloves,S,Silver,Summer,39,3.7,False,Yes,True,Next Day Air,Yes,True,Credit Card,24,Developing,Weekly,7,52.14,2033.46,0,High-value regulars
236,43,35-44,Male,New Jersey,Accessories,Sunglasses,M,Cyan,Winter,89,3.7,False,Yes,True,Free Shipping,Yes,True,Debit Card,31,Established,Quarterly,90,4.06,361.34,1,Steady mid-tier
237,38,35-44,Male,North Dakota,Outerwear,Coat,L,Green,Winter,68,3.4,False,Yes,True,Next Day Air,Yes,True,PayPal,39,Established,Fortnightly,14,26.07,1772.76,0,High-value regulars
238,50,45-54,Male,Iowa,Clothing,Dress,M,Beige,Summer,90,3.0,False,Yes,True,Store Pickup,Yes,True,Debit Card,36,Established,Fortnightly,14,26.07,2346.3,0,High-value regulars
239,64,55-64,Male,Ohio,Clothing,Skirt,M,Peach,Fall,34,4.2,False,Yes,True,Free Shipping,Yes,True,Cash,5,New,Annually,365,1.0,34.0,1,Steady mid-tier
240,49,45-54,Male,Vermont,Clothing,Pants,L,Yellow,Summer,51,2.9,False,Yes,True,Express,Yes,True,Credit Card,47,Loyal,Bi-Weekly,14,26.07,1329.57,1,Steady mid-tier
241,47,45-54,Male,Montana,Clothing,Sweater,XL,Turquoise,Winter,45,3.5,False,Yes,True,Free Shipping,Yes,True,Bank Transfer,29,Established,Fortnightly,14,26.07,1173.15,1,Steady mid-tier
242,36,35-44,Male,Delaware,Clothing,Hoodie,M,Peach,Winter,88,4.1,False,Yes,True,Free Shipping,Yes,True,Venmo,43,Loyal,Bi-Weekly,14,26.07,2294.16,0,High-value regulars
243,55,55-64,Male,New York,Outerwear,Coat,L,Gray,Summer,85,4.3,False,Yes,True,Store Pickup,Yes,True,Debit Card,40,Established,Every 3 Months,90,4.06,345.1,1,Steady mid-tier
244,25,25-34,Male,Kentucky,Accessories,Jewelry,M,Olive,Winter,100,2.8,False,Yes,True,2-Day Shipping,Yes,True,Debit Card,4,New,Monthly,30,12.17,1217.0,1,Steady mid-tier
245,53,45-54,Male,Oregon,Accessories,Belt,S,Indigo,Spring,42,4.9,False,Yes,True,2-Day Shipping,Yes,True,PayPal,39,Established,Weekly,7,52.14,2189.88,0,High-value regulars
246,49,45-54,Male,Rhode Island,Footwear,Sandals,L,Charcoal,Summer,53,3.3,False,Yes,True,Next Day Air,Yes,True,Venmo,45,Loyal,Fortnightly,14,26.07,1381.71,1,Steady mid-tier
247,35,35-44,Male,Nevada,Accessories,Sunglasses,XL,Beige,Spring,86,3.2,False,Yes,True,Express,Yes,True,Venmo,20,Developing,Bi-Weekly,14,26.07,2242.02,0,High-value regulars
248,29,25-34,Male,Montana,Clothing,Sweater,XL,Brown,Spring,66,4.4,False,Yes,True,Standard,Yes,True,Debit Card,14,Developing,Weekly,7,52.14,3441.24,0,High-value regulars
249,47,45-54,Male,Pennsylvania,Accessories,Belt,M,Blue,Winter,100,4.8,False,Yes,True,Express,Yes,True,PayPal,33,Established,Weekly,7,52.14,5214.0,0,High-value regulars
250,53,45-54,Male,Alaska,Accessories,Handbag,S,Teal,Fall,47,4.2,False,Yes,True,Standard,Yes,True,Credit Card,18,Developing,Annually,365,1.0,47.0,1,Steady mid-tier
251,33,25-34,Male,Mississippi,Clothing,Skirt,L,Black,Fall,25,4.0,False,Yes,True,Express,Yes,True,Bank Transfer,9,New,Weekly,7,52.14,1303.5,0,High-value regulars
252,21,18-24,Male,Wyoming,Accessories,Handbag,XL,Gold,Winter,51,2.5,False,Yes,True,Standard,Yes,True,PayPal,34,Established,Annually,365,1.0,51.0,1,Steady mid-tier
253,32,25-34,Male,Delaware,Clothing,Shorts,M,Violet,Summer,41,3.9,False,Yes,True,Free Shipping,Yes,True,Venmo,33,Established,Fortnightly,14,26.07,1068.87,1,Steady mid-tier
254,52,45-54,Male,Oklahoma,Footwear,Boots,L,Cyan,Winter,73,4.9,False,Yes,True,2-Day Shipping,Yes,True,Bank Transfer,15,Developing,Bi-Weekly,14,26.07,1903.11,0,High-value regulars
255,67,65+,Male,Indiana,Accessories,Sunglasses,M,White,Winter,42,3.5,False,Yes,True,Store Pickup,Yes,True,PayPal,4,New,Bi-Weekly,14,26.07,1094.94,1,Steady mid-tier
256,43,35-44,Male,Maryland,Accessories,Scarf,M,Charcoal,Spring,20,4.2,False,Yes,True,Free Shipping,Yes,True,Debit Card,25,Developing,Annually,365,1.0,20.0,1,Steady mid-tier
257,58,55-64,Male,South Dakota,Accessories,Jewelry,XL,Violet,Spring,30,4.7,False,Yes,True,Express,Yes,True,Credit Card,20,Developing,Every 3 Months,90,4.06,121.8,1,Steady mid-tier
258,20,18-24,Male,West Virginia,Accessories,Handbag,M,Red,Summer,53,4.5,False,Yes,True,Express,Yes,True,Credit Card,5,New,Quarterly,90,4.06,215.18,1,Steady mid-tier
259,61,55-64,Male,Alabama,Accessories,Gloves,S,Lavender,Spring,74,2.8,False,Yes,True,Express,Yes,True,Cash,16,Developing,Quarterly,90,4.06,300.44,1,Steady mid-tier
260,32,25-34,Male,Louisiana,Clothing,Jeans,M,Gold,Fall,57,2.9,False,Yes,True,Standard,Yes,True,Debit Card,13,Developing,Annually,365,1.0,57.0,1,Steady mid-tier
261,38,35-44,Male,Montana,Accessories,Hat,S,Red,Winter,57,3.2,False,Yes,True,2-Day Shipping,Yes,True,Credit Card,11,Developing,Every 3 Months,90,4.06,231.42,1,Steady mid-tier
262,21,18-24,Male,California,Clothing,Jeans,L,Magenta,Winter,77,4.9,False,Yes,True,Standard,Yes,True,Credit Card,21,Developing,Annually,365,1.0,77.0,1,Steady mid-tier
263,37,35-44,Male,Hawaii,Clothing,Pants,M,Teal,Summer,40,3.7,True,Yes,True,Next Day Air,Yes,True,Debit Card,6,New,Annually,365,1.0,40.0,1,Steady mid-tier
264,27,25-34,Male,Iowa,Clothing,Shorts,M,Purple,Summer,46,4.3,False,Yes,True,Store Pickup,Yes,True,Venmo,29,Established,Monthly,30,12.17,559.82,1,Steady mid-tier
265,36,35-44,Male,Colorado,Clothing,Pants,S,Charcoal,Fall,78,3.9,False,Yes,True,Store Pickup,Yes,True,Cash,15,Developing,Annually,365,1.0,78.0,1,Steady mid-tier
266,32,25-34,Male,Michigan,Accessories,Backpack,M,Gray,Spring,59,3.2,False,Yes,True,2-Day Shipping,Yes,True,Bank Transfer,17,Developing,Bi-Weekly,14,26.07,1538.13,0,High-value regulars
267,51,45-54,Male,Louisiana,Accessories,Jewelry,L,White,Summer,75,3.1,False,Yes,True,Express,Yes,True,Credit Card,32,Established,Weekly,7,52.14,3910.5,0,High-value regulars
268,64,55-64,Male,Maryland,Clothing,Sweater,M,Olive,Spring,54,3.9,False,Yes,True,2-Day Shipping,Yes,True,Venmo,42,Loyal,Annually,365,1.0,54.0,1,Steady mid-tier
269,68,65+,Male,Georgia,Footwear,Shoes,M,Charcoal,Spring,42,2.6,False,Yes,True,Store Pickup,Yes,True,Cash,21,Developing,Monthly,30,12.17,511.14,1,Steady mid-tier
270,68,65+,Male,Georgia,Clothing,Blouse,M,Charcoal,Winter,44,3.3,False,Yes,True,Next Day Air,Yes,True,Cash,9,New,Bi-Weekly,14,26.07,1147.08,1,Steady mid-tier
271,33,25-34,Male,North Dakota,Clothing,Jeans,XL,Orange,Fall,52,4.6,False,Yes,True,Free Shipping,Yes,True,Bank Transfer,16,Developing,Annually,365,1.0,52.0,1,Steady mid-tier
272,65,65+,Male,Maryland,Accessories,Sunglasses,XL,Yellow,Summer,69,4.6,False,Yes,True,Express,Yes,True,Credit Card,42,Loyal,Fortnightly,14,26.07,1798.83,0,High-value regulars
273,48,45-54,Male,Oregon,Accessories,Jewelry,M,Beige,Summer,26,4.4,False,Yes,True,2-Day Shipping,Yes,True,Debit Card,37,Established,Bi-Weekly,14,26.07,677.82,1,Steady mid-tier
274,69,65+,Male,North Dakota,Outerwear,Coat,S,Silver,Spring,33,4.2,False,Yes,True,Express,Yes,True,Debit Card,32,Established,Quarterly,90,4.06,133.98,1,Steady mid-tier
275,59,55-64,Male,Maryland,Accessories,Jewelry,M,Indigo,Spring,32,3.0,False,Yes,True,Express,Yes,True,Cash,28,Established,Bi-Weekly,14,26.07,834.24,1,Steady mid-tier
276,48,45-54,Male,Virginia,Accessories,Backpack,XL,Lavender,Winter,85,4.0,False,Yes,True,Express,Yes,True,Credit Card,13,Developing,Weekly,7,52.14,4431.9,0,High-value regulars
277,25,25-34,Male,South Dakota,Clothing,Skirt,XL,Turquoise,Fall,30,3.5,False,Yes,True,Express,Yes,True,Bank Transfer,11,Developing,Fortnightly,14,26.07,782.1,1,Steady mid-tier
278,29,25-34,Male,Georgia,Clothing,Shirt,M,Green,Winter,29,3.0,False,Yes,True,Store Pickup,Yes,True,Bank Transfer,36,Established,Bi-Weekly,14,26.07,756.03,1,Steady mid-tier
279,57,55-64,Male,Hawaii,Clothing,Sweater,M,Orange,Spring,95,3.7,False,Yes,True,Express,Yes,True,Debit Card,23,Developing,Annually,365,1.0,95.0,1,Steady mid-tier
280,23,18-24,Male,Arkansas,Footwear,Sneakers,L,Turquoise,Summer,69,4.0,False,Yes,True,Standard,Yes,True,Bank Transfer,37,Established,Monthly,30,12.17,839.73,1,Steady mid-tier
281,45,45-54,Male,Montana,Footwear,Sandals,S,Cyan,Fall,69,4.2,False,Yes,True,2-Day Shipping,Yes,True,Cash,21,Developing,Bi-Weekly,14,26.07,1798.83,0,High-value regulars
282,38,35-44,Male,Oklahoma,Accessories,Belt,XL,Charcoal,Spring,61,2.5,False,Yes,True,Standard,Yes,True,Debit Card,22,Developing,Bi-Weekly,14,26.07,1590.27,0,High-value regulars
283,21,18-24,Male,Minnesota,Clothing,Skirt,M,Teal,Summer,94,3.0,False,Yes,True,2-Day Shipping,Yes,True,Cash,9,New,Monthly,30,12.17,1143.98,1,Steady mid-tier
284,32,25-34,Male,Montana,Clothing,Sweater,S,Maroon,Fall,30,3.2,False,Yes,True,Next Day Air,Yes,True,Venmo,16,Developing,Annually,365,1.0,30.0,1,Steady mid-tier
285,63,55-64,Male,Ohio,Clothing,Skirt,M,Red,Summer,45,3.5,False,Yes,True,Standard,Yes,True,PayPal,4,New,Quarterly,90,4.06,182.7,1,Steady mid-tier
286,29,25-34,Male,Kentucky,Accessories,Handbag,XL,Yellow,Summer,39,4.8,False,Yes,True,Express,Yes,True,Debit Card,3,New,Bi-Weekly,14,26.07,1016.73,1,Steady mid-tier
287,27,25-34,Male,Nebraska,Accessories,Jewelry,L,Gray,Summer,51,2.6,False,Yes,True,Store Pickup,Yes,True,Debit Card,6,New,Annually,365,1.0,51.0,1,Steady mid-tier
288,56,55-64,Male,Delaware,Accessories,Scarf,L,Blue,Spring,37,3.4,False,Yes,True,2-Day Shipping,Yes,True,Venmo,18,Developing,Fortnightly,14,26.07,964.59,1,Steady mid-tier
289,30,25-34,Male,North Carolina,Clothing,T-shirt,M,Lavender,Winter,62,3.7,False,Yes,True,2-Day Shipping,Yes,True,Venmo,34,Established,Bi-Weekly,14,26.07,1616.34,0,High-value regulars
290,49,45-54,Male,New York,Outerwear,Coat,M,Yellow,Fall,85,4.5,False,Yes,True,2-Day Shipping,Yes,True,Credit Card,26,Established,Monthly,30,12.17,1034.45,1,Steady mid-tier
291,58,55-64,Male,Colorado,Clothing,T-shirt,M,Indigo,Winter,33,3.7,False,Yes,True,Standard,Yes,True,PayPal,50,Loyal,Weekly,7,52.14,1720.62,0,High-value regulars
292,57,55-64,Male,Delaware,Clothing,Dress,XL,Violet,Fall,26,3.3,False,Yes,True,Next Day Air,Yes,True,Bank Transfer,40,Established,Monthly,30,12.17,316.42,1,Steady mid-tier
293,60,55-64,Male,Utah,Footwear,Shoes,M,Green,Spring,99,4.7,False,Yes,True,Free Shipping,Yes,True,Cash,24,Developing,Quarterly,90,4.06,401.94,1,Steady mid-tier
294,69,65+,Male,Connecticut,Accessories,Handbag,M,White,Spring,39,2.7,False,Yes,True,Express,Yes,True,PayPal,33,Established,Annually,365,1.0,39.0,1,Steady mid-tier
295,70,65+,Male,New Jersey,Clothing,Skirt,M,Gold,Spring,20,4.6,False,Yes,True,Store Pickup,Yes,True,Credit Card,19,Developing,Every 3 Months,90,4.06,81.2,1,Steady mid-tier
296,53,45-54,Male,West Virginia,Accessories,Sunglasses,M,Indigo,Winter,42,2.7,False,Yes,True,Store Pickup,Yes,True,Credit Card,24,Developing,Quarterly,90,4.06,170.52,1,Steady mid-tier
297,25,25-34,Male,Indiana,Footwear,Sandals,S,Lavender,Spring,74,4.8,False,Yes,True,2-Day Shipping,Yes,True,Credit Card,19,Developing,Weekly,7,52.14,3858.36,0,High-value regulars
298,48,45-54,Male,Delaware,Footwear,Shoes,XL,Purple,Summer,26,4.4,False,Yes,True,Standard,Yes,True,Credit Card,4,New,Bi-Weekly,14,26.07,677.82,1,Steady mid-tier
299,69,65+,Male,Maryland,Clothing,T-shirt,M,Lavender,Winter,53,4.0,False,Yes,True,Standard,Yes,True,Venmo,11,Developing,Every 3 Months,90,4.06,215.18,1,Steady mid-tier
300,25,25-34,Male,Pennsylvania,Footwear,Sneakers,M,Maroon,Summer,80,3.2,False,Yes,True,Next Day Air,Yes,True,PayPal,28,Established,Fortnightly,14,26.07,2085.6,0,High-value regulars
301,29,25-34,Male,Iowa,Accessories,Hat,M,Teal,Spring,98,4.4,False,Yes,True,Store Pickup,Yes,True,PayPal,24,Developing,Weekly,7,52.14,5109.72,0,High-value regulars
302,46,45-54,Male,Pennsylvania,Clothing,Skirt,M,Green,Spring,95,3.8,False,Yes,True,Standard,Yes,True,Credit Card,25,Developing,Every 3 Months,90,4.06,385.7,1,Steady mid-tier
303,37,35-44,Male,Delaware,Clothing,Sweater,L,Olive,Summer,44,3.6,False,Yes,True,Express,Yes,True,Bank Transfer,27,Established,Every 3 Months,90,4.06,178.64,1,Steady mid-tier
304,20,18-24,Male,Oregon,Footwear,Sandals,M,Turquoise,Summer,60,3.3,False,Yes,True,Next Day Air,Yes,True,Venmo,49,Loyal,Weekly,7,52.14,3128.4,0,High-value regulars
305,40,35-44,Male,Oregon,Clothing,Dress,M,Green,Winter,84,3.4,False,Yes,True,Next Day Air,Yes,True,Credit Card,45,Loyal,Bi-Weekly,14,26.07,2189.88,0,High-value regulars
306,60,55-64,Male,Utah,Clothing,Sweater,M,Teal,Fall,59,3.5,False,Yes,True,2-Day Shipping,Yes,True,PayPal,26,Established,Annually,365,1.0,59.0,1,Steady mid-tier
307,26,25-34,Male,North Dakota,Outerwear,Jacket,S,White,Summer,49,3.6,False,Yes,True,Express,Yes,True,Cash,4,New,Annually,365,1.0,49.0,1,Steady mid-tier
308,29,25-34,Male,Florida,Accessories,Gloves,M,Orange,Winter,32,3.2,False,Yes,True,Free Shipping,Yes,True,Credit Card,3,New,Every 3 Months,90,4.06,129.92,1,Steady mid-tier
309,66,65+,Male,Maryland,Accessories,Handbag,M,Beige,Fall,29,3.7,False,Yes,True,Standard,Yes,True,Venmo,45,Loyal,Bi-Weekly,14,26.07,756.03,1,Steady mid-tier
310,66,65+,Male,Minnesota,Clothing,Dress,M,Yellow,Spring,22,4.5,False,Yes,True,Standard,Yes,True,Cash,21,Developing,Fortnightly,14,26.07,573.54,1,Steady mid-tier
311,56,55-64,Male,Montana,Clothing,Pants,M,Charcoal,Winter,85,4.6,False,Yes,True,Standard,Yes,True,Cash,50,Loyal,Fortnightly,14,26.07,2215.95,0,High-value regulars
312,69,65+,Male,Rhode Island,Clothing,Jeans,L,Silver,Winter,52,4.1,False,Yes,True,Store Pickup,Yes,True,Bank Transfer,19,Developing,Monthly,30,12.17,632.84,1,Steady mid-tier
313,38,35-44,Male,Massachusetts,Clothing,Pants,L,Green,Spring,89,3.4,False,Yes,True,Next Day Air,Yes,True,PayPal,6,New,Annually,365,1.0,89.0,1,Steady mid-tier
314,42,35-44,Male,Vermont,Clothing,Dress,M,Pink,Spring,77,3.7,False,Yes,True,Express,Yes,True,Credit Card,50,Loyal,Every 3 Months,90,4.06,312.62,1,Steady mid-tier
315,30,25-34,Male,New Jersey,Clothing,Pants,M,Purple,Summer,24,3.3,False,Yes,True,Store Pickup,Yes,True,Debit Card,17,Developing,Every 3 Months,90,4.06,97.44,1,Steady mid-tier
316,66,65+,Male,Wisconsin,Accessories,Jewelry,XL,Orange,Spring,24,4.5,False,Yes,True,Express,Yes,True,Debit Card,24,Developing,Annually,365,1.0,24.0,1,Steady mid-tier
317,36,35-44,Male,California,Accessories,Handbag,M,Charcoal,Fall,22,3.3,False,Yes,True,Free Shipping,Yes,True,Venmo,46,Loyal,Monthly,30,12.17,267.74,1,Steady mid-tier
318,58,55-64,Male,West Virginia,Clothing,Sweater,L,Teal,Fall,82,4.3,False,Yes,True,Standard,Yes,True,Cash,42,Loyal,Every 3 Months,90,4.06,332.92,1,Steady mid-tier
319,45,45-54,Male,South Dakota,Accessories,Backpack,M,Beige,Winter,67,2.5,False,Yes,True,Standard,Yes,True,Cash,10,New,Annually,365,1.0,67.0,1,Steady mid-tier
320,47,45-54,Male,Maine,Clothing,Shorts,XL,White,Spring,74,2.6,False,Yes,True,Standard,Yes,True,Cash,1,New,Every 3 Months,90,4.06,300.44,1,Steady mid-tier
321,66,65+,Male,Kansas,Accessories,Jewelry,L,White,Summer,72,4.9,False,Yes,True,Standard,Yes,True,Debit Card,28,Established,Quarterly,90,4.06,292.32,1,Steady mid-tier
322,41,35-44,Male,Vermont,Footwear,Sneakers,L,Orange,Summer,36,4.7,False,Yes,True,Free Shipping,Yes,True,Debit Card,48,Loyal,Quarterly,90,4.06,146.16,1,Steady mid-tier
323,41,35-44,Male,Tennessee,Accessories,Belt,S,Cyan,Winter,95,3.0,False,Yes,True,Standard,Yes,True,Credit Card,47,Loyal,Monthly,30,12.17,1156.15,1,Steady mid-tier
324,66,65+,Male,Tennessee,Clothing,Hoodie,M,Orange,Winter,78,3.5,False,Yes,True,Next Day Air,Yes,True,PayPal,29,Established,Bi-Weekly,14,26.07,2033.46,0,High-value regulars
325,37,35-44,Male,Wyoming,Clothing,Shirt,M,Olive,Summer,82,4.8,False,Yes,True,Standard,Yes,True,Venmo,37,Established,Quarterly,90,4.06,332.92,1,Steady mid-tier
326,70,65+,Male,Vermont,Clothing,Pants,M,Charcoal,Winter,70,4.3,False,Yes,True,Free Shipping,Yes,True,Debit Card,38,Established,Annually,365,1.0,70.0,1,Steady mid-tier
327,62,55-64,Male,New Jersey,Accessories,Scarf,M,White,Fall,41,3.2,False,Yes,True,Store Pickup,Yes,True,Bank Transfer,48,Loyal,Weekly,7,52.14,2137.74,0,High-value regulars
328,61,55-64,Male,Iowa,Outerwear,Coat,M,Teal,Summer,42,3.1,False,Yes,True,Free Shipping,Yes,True,PayPal,36,Established,Weekly,7,52.14,2189.88,0,High-value regulars
329,48,45-54,Male,Florida,Outerwear,Coat,M,Yellow,Fall,50,2.8,False,Yes,True,Free Shipping,Yes,True,Credit Card,9,New,Weekly,7,52.14,2607.0,0,High-value regulars
330,70,65+,Male,Nevada,Clothing,Socks,S,White,Summer,31,2.9,False,Yes,True,2-Day Shipping,Yes,True,Bank Transfer,34,Established,Monthly,30,12.17,377.27,1,Steady mid-tier
331,46,45-54,Male,North Dakota,Clothing,Sweater,M,Beige,Winter,51,3.7,True,Yes,True,Express,Yes,True,Venmo,43,Loyal,Bi-Weekly,14,26.07,1329.57,1,Steady mid-tier
332,31,25-34,Male,Florida,Clothing,Shirt,L,Beige,Fall,98,3.3,False,Yes,True,Store Pickup,Yes,True,PayPal,46,Loyal,Quarterly,90,4.06,397.88,1,Steady mid-tier
333,19,18-24,Male,New York,Clothing,Shirt,M,Maroon,Winter,86,2.8,False,Yes,True,2-Day Shipping,Yes,True,Credit Card,5,New,Monthly,30,12.17,1046.62,1,Steady mid-tier
334,39,35-44,Male,Alaska,Clothing,Sweater,M,Teal,Winter,64,4.5,False,Yes,True,Standard,Yes,True,Bank Transfer,15,Developing,Bi-Weekly,14,26.07,1668.48,0,High-value regulars
335,41,35-44,Male,Kansas,Clothing,Blouse,M,Lavender,Fall,46,2.6,False,Yes,True,Next Day Air,Yes,True,Credit Card,30,Established,Annually,365,1.0,46.0,1,Steady mid-tier
336,20,18-24,Male,Oregon,Clothing,Sweater,L,Maroon,Spring,85,3.7,False,Yes,True,Standard,Yes,True,Venmo,44,Loyal,Every 3 Months,90,4.06,345.1,1,Steady mid-tier
337,36,35-44,Male,Rhode Island,Accessories,Hat,S,Orange,Fall,81,4.4,False,Yes,True,Express,Yes,True,PayPal,16,Developing,Annually,365,1.0,81.0,1,Steady mid-tier
338,32,25-34,Male,New Mexico,Clothing,Sweater,M,Cyan,Winter,59,4.3,False,Yes,True,2-Day Shipping,Yes,True,Bank Transfer,16,Developing,Annually,365,1.0,59.0,1,Steady mid-tier
339,69,65+,Male,Massachusetts,Clothing,Hoodie,M,Silver,Winter,79,3.5,False,Yes,True,Express,Yes,True,Cash,16,Developing,Weekly,7,52.14,4119.06,0,High-value regulars
340,40,35-44,Male,Pennsylvania,Clothing,Shorts,M,Teal,Spring,33,3.8,False,Yes,True,2-Day Shipping,Yes,True,Credit Card,21,Developing,Every 3 Months,90,4.06,133.98,1,Steady mid-tier
341,40,35-44,Male,New Jersey,Clothing,Shorts,L,Blue,Summer,47,3.5,False,Yes,True,Express,Yes,True,Venmo,39,Established,Every 3 Months,90,4.06,190.82,1,Steady mid-tier
342,20,18-24,Male,Utah,Accessories,Hat,S,Blue,Summer,20,4.6,False,Yes,True,Store Pickup,Yes,True,Debit Card,40,Established,Bi-Weekly,14,26.07,521.4,1,Steady mid-tier
343,64,55-64,Male,Kentucky,Outerwear,Coat,M,Olive,Spring,36,2.6,False,Yes,True,Next Day Air,Yes,True,Credit Card,48,Loyal,Every 3 Months,90,4.06,146.16,1,Steady mid-tier
344,27,25-34,Male,Nebraska,Footwear,Sandals,M,Purple,Summer,39,4.4,False,Yes,True,Next Day Air,Yes,True,Venmo,26,Established,Monthly,30,12.17,474.63,1,Steady mid-tier
345,24,18-24,Male,Virginia,Clothing,Skirt,M,Charcoal,Winter,71,4.0,False,Yes,True,Standard,Yes,True,Debit Card,46,Loyal,Monthly,30,12.17,864.07,1,Steady mid-tier
346,48,45-54,Male,Wyoming,Footwear,Shoes,S,Olive,Winter,59,4.4,False,Yes,True,Next Day Air,Yes,True,Bank Transfer,27,Established,Annually,365,1.0,59.0,1,Steady mid-tier
347,49,45-54,Male,New Mexico,Clothing,Jeans,L,Violet,Spring,50,4.7,False,Yes,True,Next Day Air,Yes,True,Cash,5,New,Weekly,7,52.14,2607.0,0,High-value regulars
348,36,35-44,Male,Oregon,Footwear,Sandals,L,Red,Fall,41,3.9,False,Yes,True,Store Pickup,Yes,True,PayPal,43,Loyal,Fortnightly,14,26.07,1068.87,1,Steady mid-tier
349,56,55-64,Male,South Carolina,Clothing,Blouse,M,Beige,Fall,59,2.7,False,Yes,True,Free Shipping,Yes,True,PayPal,17,Developing,Fortnightly,14,26.07,1538.13,0,High-value regulars
350,37,35-44,Male,Arizona,Accessories,Hat,M,Green,Winter,87,3.7,False,Yes,True,2-Day Shipping,Yes,True,Bank Transfer,3,New,Bi-Weekly,14,26.07,2268.09,0,High-value regulars
351,42,35-44,Male,Kentucky,Clothing,Sweater,M,Violet,Spring,68,2.6,False,Yes,True,2-Day Shipping,Yes,True,Bank Transfer,47,Loyal,Fortnightly,14,26.07,1772.76,0,High-value regulars
352,28,25-34,Male,New York,Clothing,Skirt,M,Teal,Winter,90,3.9,False,Yes,True,Standard,Yes,True,Debit Card,24,Developing,Bi-Weekly,14,26.07,2346.3,0,High-value regulars
353,27,25-34,Male,Texas,Clothing,Jeans,XL,Yellow,Fall,71,4.9,False,Yes,True,Next Day Air,Yes,True,Cash,12,Developing,Every 3 Months,90,4.06,288.26,1,Steady mid-tier
354,63,55-64,Male,Missouri,Footwear,Sneakers,L,Yellow,Fall,64,4.1,False,Yes,True,Store Pickup,Yes,True,Debit Card,35,Established,Monthly,30,12.17,778.88,1,Steady mid-tier
355,58,55-64,Male,Pennsylvania,Accessories,Jewelry,S,Olive,Fall,76,3.0,False,Yes,True,Free Shipping,Yes,True,Venmo,42,Loyal,Weekly,7,52.14,3962.64,0,High-value regulars
356,37,35-44,Male,Oregon,Accessories,Jewelry,XL,Magenta,Fall,42,4.1,False,Yes,True,2-Day Shipping,Yes,True,PayPal,1,New,Every 3 Months,90,4.06,170.52,1,Steady mid-tier
357,56,55-64,Male,Nevada,Clothing,Pants,L,Black,Spring,80,3.7,True,Yes,True,Standard,Yes,True,Cash,27,Established,Weekly,7,52.14,4171.2,0,High-value regulars
358,18,18-24,Male,Arkansas,Accessories,Belt,M,Olive,Spring,56,4.0,False,Yes,True,Standard,Yes,True,Credit Card,16,Developing,Bi-Weekly,14,26.07,1459.92,0,High-value regulars
359,48,45-54,Male,Minnesota,Accessories,Hat,XL,Magenta,Summer,25,3.6,False,Yes,True,Express,Yes,True,Credit Card,36,Established,Every 3 Months,90,4.06,101.5,1,Steady mid-tier
360,31,25-34,Male,Georgia,Footwear,Sneakers,M,Olive,Winter,74,3.0,False,Yes,True,Store Pickup,Yes,True,Credit Card,30,Established,Every 3 Months,90,4.06,300.44,1,Steady mid-tier
361,51,45-54,Male,Rhode Island,Clothing,Pants,M,Teal,Summer,30,3.0,False,Yes,True,Standard,Yes,True,Debit Card,18,Developing,Fortnightly,14,26.07,782.1,1,Steady mid-tier
362,65,65+,Male,Nevada,Clothing,T-shirt,M,White,Spring,96,2.6,False,Yes,True,Free Shipping,Yes,True,Cash,45,Loyal,Annually,365,1.0,96.0,1,Steady mid-tier
363,53,45-54,Male,Texas,Footwear,Sneakers,M,Charcoal,Fall,64,3.4,False,Yes,True,Free Shipping,Yes,True,Venmo,1,New,Fortnightly,14,26.07,1668.48,0,High-value regulars
364,55,55-64,Male,Florida,Clothing,Shorts,L,Yellow,Winter,88,3.1,False,Yes,True,Free Shipping,Yes,True,Bank Transfer,42,Loyal,Fortnightly,14,26.07,2294.16,0,High-value regulars
365,62,55-64,Male,North Dakota,Footwear,Shoes,L,Charcoal,Summer,88,3.0,False,Yes,True,Free Shipping,Yes,True,Venmo,7,New,Every 3 Months,90,4.06,357.28,1,Steady mid-tier
366,55,55-64,Male,West Virginia,Accessories,Gloves,XL,Gray,Summer,88,3.7,False,Yes,True,Standard,Yes,True,PayPal,50,Loyal,Quarterly,90,4.06,357.28,1,Steady mid-tier
367,64,55-64,Male,Nebraska,Clothing,Socks,M,Turquoise,Spring,36,3.5,False,Yes,True,Store Pickup,Yes,True,Venmo,37,Established,Fortnightly,14,26.07,938.52,1,Steady mid-tier
368,52,45-54,Male,Tennessee,Clothing,Dress,XL,Cyan,Spring,40,2.8,False,Yes,True,Store Pickup,Yes,True,Bank Transfer,18,Developing,Monthly,30,12.17,486.8,1,Steady mid-tier
369,24,18-24,Male,Oklahoma,Accessories,Handbag,M,Charcoal,Spring,39,4.5,False,Yes,True,Standard,Yes,True,Cash,29,Established,Monthly,30,12.17,474.63,1,Steady mid-tier
370,38,35-44,Male,Wisconsin,Accessories,Belt,M,Silver,Summer,40,3.3,False,Yes,True,Store Pickup,Yes,True,PayPal,45,Loyal,Quarterly,90,4.06,162.4,1,Steady mid-tier
371,59,55-64,Male,Oregon,Accessories,Scarf,M,Olive,Winter,34,3.4,False,Yes,True,Express,Yes,True,PayPal,13,Developing,Weekly,7,52.14,1772.76,0,High-value regulars
372,27,25-34,Male,North Carolina,Footwear,Sneakers,S,Pink,Winter,83,3.2,False,Yes,True,2-Day Shipping,Yes,True,PayPal,47,Loyal,Monthly,30,12.17,1010.11,1,Steady mid-tier
373,24,18-24,Male,Pennsylvania,Clothing,Sweater,L,Orange,Summer,85,3.7,False,Yes,True,Standard,Yes,True,Debit Card,7,New,Weekly,7,52.14,4431.9,0,High-value regulars
374,23,18-24,Male,North Dakota,Outerwear,Coat,L,White,Summer,27,4.6,False,Yes,True,Express,Yes,True,Venmo,11,Developing,Bi-Weekly,14,26.07,703.89,1,Steady mid-tier
375,69,65+,Male,Ohio,Accessories,Jewelry,S,Purple,Spring,78,5.0,False,Yes,True,Store Pickup,Yes,True,Bank Transfer,39,Established,Monthly,30,12.17,949.26,1,Steady mid-tier
376,59,55-64,Male,Oklahoma,Accessories,Sunglasses,M,Olive,Summer,32,4.4,False,Yes,True,Standard,Yes,True,Debit Card,6,New,Quarterly,90,4.06,129.92,1,Steady mid-tier
377,51,45-54,Male,South Carolina,Footwear,Shoes,S,Gray,Fall,51,4.9,False,Yes,True,Express,Yes,True,Venmo,2,New,Bi-Weekly,14,26.07,1329.57,1,Steady mid-tier
378,63,55-64,Male,Maine,Accessories,Scarf,M,Silver,Spring,32,4.1,False,Yes,True,Standard,Yes,True,Credit Card,39,Established,Every 3 Months,90,4.06,129.92,1,Steady mid-tier
379,54,45-54,Male,Nevada,Clothing,Dress,L,Orange,Winter,62,4.9,False,Yes,True,Next Day Air,Yes,True,Credit Card,23,Developing,Monthly,30,12.17,754.54,1,Steady mid-tier
380,32,25-34,Male,Montana,Clothing,T-shirt,S,Magenta,Fall,29,4.7,False,Yes,True,2-Day Shipping,Yes,True,Debit Card,46,Loyal,Bi-Weekly,14,26.07,756.03,1,Steady mid-tier
381,39,35-44,Male,New Hampshire,Accessories,Backpack,XL,Beige,Fall,69,3.0,False,Yes,True,Store Pickup,Yes,True,Bank Transfer,19,Developing,Weekly,7,52.14,3597.66,0,High-value regulars
382,66,65+,Male,Maine,Accessories,Jewelry,L,Lavender,Winter,25,3.4,False,Yes,True,Store Pickup,Yes,True,Credit Card,3,New,Every 3 Months,90,4.06,101.5,1,Steady mid-tier
383,28,25-34,Male,California,Clothing,Jeans,M,Peach,Winter,76,3.2,False,Yes,True,Store Pickup,Yes,True,PayPal,47,Loyal,Quarterly,90,4.06,308.56,1,Steady mid-tier
384,50,45-54,Male,West Virginia,Accessories,Sunglasses,S,Magenta,Fall,77,3.8,True,Yes,True,Standard,Yes,True,PayPal,6,New,Quarterly,90,4.06,312.62,1,Steady mid-tier
385,70,65+,Male,California,Clothing,Sweater,M,Beige,Fall,33,4.5,False,Yes,True,2-Day Shipping,Yes,True,Venmo,6,New,Annually,365,1.0,33.0,1,Steady mid-tier
386,67,65+,Male,West Virginia,Clothing,Shorts,S,Yellow,Fall,93,2.7,False,Yes,True,Next Day Air,Yes,True,Credit Card,12,Developing,Bi-Weekly,14,26.07,2424.51,0,High-value regulars
387,64,55-64,Male,Louisiana,Accessories,Jewelry,L,Brown,Spring,39,3.4,False,Yes,True,Express,Yes,True,PayPal,40,Established,Quarterly,90,4.06,158.34,1,Steady mid-tier
388,45,45-54,Male,Georgia,Outerwear,Coat,L,Silver,Summer,93,4.6,False,Yes,True,Store Pickup,Yes,True,PayPal,38,Established,Fortnightly,14,26.07,2424.51,0,High-value regulars
389,22,18-24,Male,Washington,Accessories,Handbag,M,Orange,Summer,82,2.7,False,Yes,True,Store Pickup,Yes,True,PayPal,10,New,Quarterly,90,4.06,332.92,1,Steady mid-tier
390,27,25-34,Male,Virginia,Footwear,Boots,L,Purple,Spring,42,4.2,False,Yes,True,Standard,Yes,True,Bank Transfer,28,Established,Monthly,30,12.17,511.14,1,Steady mid-tier
391,25,25-34,Male,Indiana,Accessories,Gloves,M,Indigo,Winter,71,3.2,False,Yes,True,2-Day Shipping,Yes,True,PayPal,19,Developing,Annually,365,1.0,71.0,1,Steady mid-tier
392,37,35-44,Male,Minnesota,Clothing,Sweater,L,Gray,Spring,86,4.8,False,Yes,True,Standard,Yes,True,Cash,25,Developing,Fortnightly,14,26.07,2242.02,0,High-value regulars
393,26,25-34,Male,Idaho,Clothing,T-shirt,XL,Black,Spring,82,3.3,False,Yes,True,Next Day Air,Yes,True,Credit Card,38,Established,Annually,365,1.0,82.0,1,Steady mid-tier
394,33,25-34,Male,Vermont,Footwear,Shoes,L,Maroon,Fall,65,4.2,False,Yes,True,Standard,Yes,True,PayPal,6,New,Fortnightly,14,26.07,1694.55,0,High-value regulars
395,43,35-44,Male,North Dakota,Accessories,Scarf,M,Beige,Spring,29,4.8,False,Yes,True,Store Pickup,Yes,True,Debit Card,7,New,Bi-Weekly,14,26.07,756.03,1,Steady mid-tier
396,37,35-44,Male,Rhode Island,Footwear,Sneakers,L,Brown,Winter,65,4.9,False,Yes,True,Store Pickup,Yes,True,PayPal,2,New,Annually,365,1.0,65.0,1,Steady mid-tier
397,46,45-54,Male,South Carolina,Clothing,Dress,S,Black,Fall,88,3.9,False,Yes,True,Standard,Yes,True,Bank Transfer,24,Developing,Annually,365,1.0,88.0,1,Steady mid-tier
398,22,18-24,Male,Mississippi,Accessories,Belt,M,Indigo,Fall,46,3.0,False,Yes,True,Free Shipping,Yes,True,Cash,26,Established,Annually,365,1.0,46.0,1,Steady mid-tier
399,20,18-24,Male,Montana,Footwear,Boots,S,Silver,Winter,67,4.6,False,Yes,True,Free Shipping,Yes,True,Debit Card,25,Developing,Every 3 Months,90,4.06,272.02,1,Steady mid-tier
400,60,55-64,Male,Idaho,Accessories,Scarf,L,Blue,Fall,35,3.5,False,Yes,True,2-Day Shipping,Yes,True,Debit Card,10,New,Monthly,30,12.17,425.95,1,Steady mid-tier
401,39,35-44,Male,Utah,Footwear,Boots,M,Green,Winter,66,4.8,False,Yes,True,Free Shipping,Yes,True,PayPal,14,Developing,Fortnightly,14,26.07,1720.62,0,High-value regulars
402,43,35-44,Male,Oklahoma,Clothing,T-shirt,L,Orange,Fall,91,4.8,False,Yes,True,Standard,Yes,True,Cash,21,Developing,Quarterly,90,4.06,369.46,1,Steady mid-tier
403,31,25-34,Male,California,Accessories,Backpack,L,Cyan,Fall,78,3.0,False,Yes,True,Express,Yes,True,PayPal,26,Established,Monthly,30,12.17,949.26,1,Steady mid-tier
404,19,18-24,Male,Nevada,Footwear,Sneakers,M,Orange,Winter,45,4.5,False,Yes,True,Next Day Air,Yes,True,Bank Transfer,12,Developing,Annually,365,1.0,45.0,1,Steady mid-tier
405,35,35-44,Male,Delaware,Clothing,T-shirt,M,Indigo,Spring,93,4.8,False,Yes,True,Store Pickup,Yes,True,Credit Card,11,Developing,Monthly,30,12.17,1131.81,1,Steady mid-tier
406,41,35-44,Male,South Carolina,Clothing,Jeans,S,Silver,Summer,74,3.8,False,Yes,True,Standard,Yes,True,Cash,15,Developing,Annually,365,1.0,74.0,1,Steady mid-tier
407,52,45-54,Male,Maryland,Accessories,Gloves,M,Peach,Spring,55,4.6,False,Yes,True,Express,Yes,True,Cash,13,Developing,Monthly,30,12.17,669.35,1,Steady mid-tier
408,45,45-54,Male,North Carolina,Clothing,Hoodie,XL,Teal,Spring,76,3.1,False,Yes,True,Next Day Air,Yes,True,Credit Card,5,New,Bi-Weekly,14,26.07,1981.32,0,High-value regulars
409,34,25-34,Male,Alabama,Footwear,Sneakers,L,White,Spring,66,3.4,False,Yes,True,Express,Yes,True,Cash,36,Established,Fortnightly,14,26.07,1720.62,0,High-value regulars
410,35,35-44,Male,Minnesota,Clothing,Shorts,M,Brown,Winter,51,3.3,False,Yes,True,2-Day Shipping,Yes,True,Bank Transfer,32,Established,Monthly,30,12.17,620.67,1,Steady mid-tier
411,29,25-34,Male,Virginia,Clothing,Sweater,L,Lavender,Spring,26,4.8,False,Yes,True,2-Day Shipping,Yes,True,Credit Card,1,New,Quarterly,90,4.06,105.56,1,Steady mid-tier
412,59,55-64,Male,Michigan,Clothing,Jeans,M,Indigo,Summer,29,2.8,False,Yes,True,Express,Yes,True,PayPal,15,Developing,Annually,365,1.0,29.0,1,Steady mid-tier
413,24,18-24,Male,Maine,Outerwear,Jacket,M,Yellow,Summer,74,3.1,False,Yes,True,Store Pickup,Yes,True,Bank Transfer,3,New,Weekly,7,52.14,3858.36,0,High-value regulars
414,70,65+,Male,Nevada,Accessories,Jewelry,S,White,Summer,99,4.6,False,Yes,True,Free Shipping,Yes,True,Cash,48,Loyal,Monthly,30,12.17,1204.83,1,Steady mid-tier
415,29,25-34,Male,Wyoming,Accessories,Backpack,L,Violet,Winter,88,2.6,False,Yes,True,Store Pickup,Yes,True,Debit Card,30,Established,Weekly,7,52.14,4588.32,0,High-value regulars
416,67,65+,Male,Connecticut,Outerwear,Coat,M,Lavender,Winter,31,2.6,False,Yes,True,Express,Yes,True,Bank Transfer,40,Established,Monthly,30,12.17,377.27,1,Steady mid-tier
417,36,35-44,Male,Oregon,Accessories,Belt,L,Olive,Spring,55,3.8,False,Yes,True,Free Shipping,Yes,True,Bank Transfer,24,Developing,Fortnightly,14,26.07,1433.85,0,High-value regulars
418,23,18-24,Male,Mississippi,Footwear,Sandals,L,Beige,Fall,81,4.5,False,Yes,True,Free Shipping,Yes,True,Debit Card,48,Loyal,Quarterly,90,4.06,328.86,1,Steady mid-tier
419,18,18-24,Male,Illinois,Clothing,Sweater,L,Purple,Spring,73,3.0,False,Yes,True,Standard,Yes,True,Venmo,27,Established,Bi-Weekly,14,26.07,1903.11,0,High-value regulars
420,53,45-54,Male,Utah,Clothing,Shorts,S,Teal,Winter,91,3.7,True,Yes,True,Free Shipping,Yes,True,Credit Card,14,Developing,Every 3 Months,90,4.06,369.46,1,Steady mid-tier
421,32,25-34,Male,North Carolina,Clothing,Socks,S,Peach,Spring,54,3.8,False,Yes,True,Free Shipping,Yes,True,Debit Card,18,Developing,Bi-Weekly,14,26.07,1407.78,1,Steady mid-tier
422,38,35-44,Male,Kentucky,Clothing,Shirt,M,Violet,Winter,40,3.5,False,Yes,True,Standard,Yes,True,Cash,48,Loyal,Bi-Weekly,14,26.07,1042.8,1,Steady mid-tier
423,47,45-54,Male,Minnesota,Clothing,Pants,M,Purple,Fall,59,3.1,False,Yes,True,Store Pickup,Yes,True,Debit Card,32,Established,Annually,365,1.0,59.0,1,Steady mid-tier
424,46,45-54,Male,New York,Accessories,Scarf,L,Teal,Spring,26,3.0,False,Yes,True,Store Pickup,Yes,True,Credit Card,21,Developing,Bi-Weekly,14,26.07,677.82,1,Steady mid-tier
425,66,65+,Male,Illinois,Clothing,Sweater,M,Gold,Winter,23,4.3,False,Yes,True,Standard,Yes,True,PayPal,42,Loyal,Fortnightly,14,26.07,599.61,1,Steady mid-tier
426,40,35-44,Male,North Dakota,Clothing,Jeans,S,Teal,Winter,87,3.3,False,Yes,True,Store Pickup,Yes,True,Credit Card,4,New,Quarterly,90,4.06,353.22,1,Steady mid-tier
427,43,35-44,Male,Louisiana,Clothing,Pants,M,Violet,Winter,71,4.7,False,Yes,True,Express,Yes,True,Credit Card,19,Developing,Quarterly,90,4.06,288.26,1,Steady mid-tier
428,58,55-64,Male,Illinois,Accessories,Backpack,L,Black,Winter,91,4.5,False,Yes,True,Store Pickup,Yes,True,Credit Card,6,New,Quarterly,90,4.06,369.46,1,Steady mid-tier
429,21,18-24,Male,Wyoming,Outerwear,Coat,XL,Gold,Winter,64,2.9,False,Yes,True,Free Shipping,Yes,True,Debit Card,2,New,Fortnightly,14,26.07,1668.48,0,High-value regulars
430,42,35-44,Male,Washington,Footwear,Sandals,M,Gold,Winter,94,4.1,False,Yes,True,2-Day Shipping,Yes,True,Cash,21,Developing,Fortnightly,14,26.07,2450.58,0,High-value regulars
431,24,18-24,Male,Texas,Clothing,Shirt,M,Brown,Summer,40,3.5,False,Yes,True,Store Pickup,Yes,True,Debit Card,40,Established,Annually,365,1.0,40.0,1,Steady mid-tier
432,43,35-44,Male,New Hampshire,Accessories,Hat,L,Cyan,Winter,76,3.4,False,Yes,True,Store Pickup,Yes,True,Cash,33,Established,Fortnightly,14,26.07,1981.32,0,High-value regulars
433,47,45-54,Male,Indiana,Clothing,Shirt,S,Indigo,Fall,86,3.3,False,Yes,True,Free Shipping,Yes,True,Venmo,26,Established,Weekly,7,52.14,4484.04,0,High-value regulars
434,49,45-54,Male,Alabama,Clothing,Skirt,M,Orange,Fall,92,3.2,False,Yes,True,Store Pickup,Yes,True,Credit Card,23,Developing,Fortnightly,14,26.07,2398.44,0,High-value regulars
435,50,45-54,Male,Oklahoma,Footwear,Shoes,L,Pink,Spring,52,4.0,False,Yes,True,Store Pickup,Yes,True,PayPal,39,Established,Every 3 Months,90,4.06,211.12,1,Steady mid-tier
436,51,45-54,Male,Montana,Outerwear,Coat,XL,Olive,Winter,28,3.6,False,Yes,True,Next Day Air,Yes,True,Bank Transfer,42,Loyal,Monthly,30,12.17,340.76,1,Steady mid-tier
437,40,35-44,Male,Tennessee,Clothing,Pants,L,Cyan,Summer,46,4.6,False,Yes,True,Free Shipping,Yes,True,Bank Transfer,41,Loyal,Weekly,7,52.14,2398.44,0,High-value regulars
438,45,45-54,Male,New Mexico,Accessories,Jewelry,M,Peach,Summer,50,2.6,False,Yes,True,Next Day Air,Yes,True,PayPal,41,Loyal,Annually,365,1.0,50.0,1,Steady mid-tier
439,52,45-54,Male,Iowa,Accessories,Belt,M,Turquoise,Winter,23,4.3,False,Yes,True,Express,Yes,True,Credit Card,12,Developing,Fortnightly,14,26.07,599.61,1,Steady mid-tier
440,62,55-64,Male,Idaho,Outerwear,Jacket,M,Turquoise,Summer,50,3.4,False,Yes,True,Free Shipping,Yes,True,Cash,31,Established,Monthly,30,12.17,608.5,1,Steady mid-tier
441,20,18-24,Male,Oklahoma,Clothing,Shirt,XL,Maroon,Winter,89,3.5,False,Yes,True,Store Pickup,Yes,True,Debit Card,34,Established,Fortnightly,14,26.07,2320.23,0,High-value regulars
442,43,35-44,Male,Florida,Clothing,Hoodie,M,Maroon,Winter,81,4.2,False,Yes,True,Standard,Yes,True,Credit Card,32,Established,Annually,365,1.0,81.0,1,Steady mid-tier
443,29,25-34,Male,Michigan,Accessories,Sunglasses,M,Olive,Fall,69,3.8,True,Yes,True,Store Pickup,Yes,True,Credit Card,31,Established,Quarterly,90,4.06,280.14,1,Steady mid-tier
444,22,18-24,Male,Hawaii,Accessories,Sunglasses,M,Magenta,Summer,67,3.6,False,Yes,True,Free Shipping,Yes,True,PayPal,24,Developing,Annually,365,1.0,67.0,1,Steady mid-tier
445,48,45-54,Male,California,Clothing,Dress,M,Red,Summer,20,4.3,False,Yes,True,Store Pickup,Yes,True,Debit Card,31,Established,Annually,365,1.0,20.0,1,Steady mid-tier
446,42,35-44,Male,Iowa,Footwear,Boots,M,Olive,Fall,29,4.9,False,Yes,True,Standard,Yes,True,Venmo,18,Developing,Annually,365,1.0,29.0,1,Steady mid-tier
447,19,18-24,Male,West Virginia,Clothing,Shirt,M,Silver,Summer,74,4.1,False,Yes,True,Store Pickup,Yes,True,Venmo,15,Developing,Monthly,30,12.17,900.58,1,Steady mid-tier
448,60,55-64,Male,Washington,Clothing,Shorts,S,Turquoise,Spring,82,3.6,False,Yes,True,Standard,Yes,True,Bank Transfer,7,New,Every 3 Months,90,4.06,332.92,1,Steady mid-tier
449,32,25-34,Male,Missouri,Accessories,Gloves,M,Yellow,Summer,23,3.4,False,Yes,True,Next Day Air,Yes,True,Bank Transfer,35,Established,Fortnightly,14,26.07,599.61,1,Steady mid-tier
450,26,25-34,Male,New York,Accessories,Jewelry,L,Peach,Summer,45,2.9,False,Yes,True,2-Day Shipping,Yes,True,Bank Transfer,35,Established,Monthly,30,12.17,547.65,1,Steady mid-tier
451,25,25-34,Male,Connecticut,Footwear,Boots,L,Beige,Summer,21,2.7,False,Yes,True,Store Pickup,Yes,True,Credit Card,19,Developing,Monthly,30,12.17,255.57,1,Steady mid-tier
452,66,65+,Male,Virginia,Accessories,Jewelry,M,Pink,Summer,31,4.3,False,Yes,True,Express,Yes,True,Credit Card,26,Established,Fortnightly,14,26.07,808.17,1,Steady mid-tier
453,45,45-54,Male,Missouri,Clothing,Pants,M,Violet,Summer,45,3.7,True,Yes,True,Express,Yes,True,PayPal,39,Established,Fortnightly,14,26.07,1173.15,1,Steady mid-tier
454,54,45-54,Male,Nebraska,Accessories,Jewelry,XL,Peach,Winter,56,2.8,False,Yes,True,Next Day Air,Yes,True,Credit Card,22,Developing,Weekly,7,52.14,2919.84,0,High-value regulars
455,37,35-44,Male,New Jersey,Outerwear,Jacket,S,Gold,Summer,97,3.2,False,Yes,True,Next Day Air,Yes,True,Cash,14,Developing,Bi-Weekly,14,26.07,2528.79,0,High-value regulars
456,54,45-54,Male,Utah,Clothing,Blouse,XL,Gold,Fall,100,3.6,False,Yes,True,Store Pickup,Yes,True,Debit Card,50,Loyal,Fortnightly,14,26.07,2607.0,0,High-value regulars
457,50,45-54,Male,North Carolina,Clothing,Blouse,S,Indigo,Fall,96,4.0,False,Yes,True,2-Day Shipping,Yes,True,Credit Card,33,Established,Quarterly,90,4.06,389.76,1,Steady mid-tier
458,25,25-34,Male,Rhode Island,Accessories,Gloves,M,Blue,Spring,99,4.9,False,Yes,True,Next Day Air,Yes,True,Debit Card,48,Loyal,Every 3 Months,90,4.06,401.94,1,Steady mid-tier
459,47,45-54,Male,Arkansas,Clothing,Shorts,L,Black,Winter,91,4.0,False,Yes,True,2-Day Shipping,Yes,True,PayPal,48,Loyal,Monthly,30,12.17,1107.47,1,Steady mid-tier
460,63,55-64,Male,Maryland,Accessories,Hat,L,Black,Winter,30,3.8,False,Yes,True,Standard,Yes,True,PayPal,27,Established,Fortnightly,14,26.07,782.1,1,Steady mid-tier
461,64,55-64,Male,South Carolina,Footwear,Shoes,L,Teal,Summer,65,3.8,True,Yes,True,Store Pickup,Yes,True,Bank Transfer,27,Established,Weekly,7,52.14,3389.1,0,High-value regulars
462,18,18-24,Male,Ohio,Footwear,Boots,M,Yellow,Winter,93,3.9,False,Yes,True,Express,Yes,True,Venmo,20,Developing,Weekly,7,52.14,4849.02,0,High-value regulars
463,59,55-64,Male,Illinois,Outerwear,Jacket,M,White,Fall,81,3.3,False,Yes,True,Express,Yes,True,Venmo,48,Loyal,Every 3 Months,90,4.06,328.86,1,Steady mid-tier
464,37,35-44,Male,Georgia,Accessories,Jewelry,S,Orange,Summer,81,2.7,False,Yes,True,Standard,Yes,True,Venmo,29,Established,Weekly,7,52.14,4223.34,0,High-value regulars
465,23,18-24,Male,Alabama,Accessories,Sunglasses,M,Silver,Winter,52,4.7,False,Yes,True,Next Day Air,Yes,True,PayPal,45,Loyal,Monthly,30,12.17,632.84,1,Steady mid-tier
466,54,45-54,Male,Oklahoma,Clothing,Skirt,M,Pink,Summer,88,2.8,False,Yes,True,Next Day Air,Yes,True,Cash,25,Developing,Quarterly,90,4.06,357.28,1,Steady mid-tier
467,38,35-44,Male,Vermont,Clothing,Jeans,L,Turquoise,Winter,24,4.6,False,Yes,True,Free Shipping,Yes,True,PayPal,25,Developing,Weekly,7,52.14,1251.36,0,High-value regulars
468,19,18-24,Male,Nebraska,Accessories,Backpack,S,Orange,Spring,51,4.5,False,Yes,True,2-Day Shipping,Yes,True,Debit Card,37,Established,Every 3 Months,90,4.06,207.06,1,Steady mid-tier
469,34,25-34,Male,Georgia,Accessories,Backpack,S,Peach,Fall,38,5.0,False,Yes,True,Free Shipping,Yes,True,Cash,16,Developing,Quarterly,90,4.06,154.28,1,Steady mid-tier
470,21,18-24,Male,Alabama,Clothing,Shorts,L,Pink,Fall,46,4.1,False,Yes,True,2-Day Shipping,Yes,True,Debit Card,30,Established,Bi-Weekly,14,26.07,1199.22,1,Steady mid-tier
471,50,45-54,Male,Minnesota,Clothing,Dress,L,Teal,Summer,63,4.6,False,Yes,True,Express,Yes,True,Cash,6,New,Every 3 Months,90,4.06,255.78,1,Steady mid-tier
472,55,55-64,Male,Missouri,Accessories,Scarf,XL,White,Winter,72,4.9,False,Yes,True,2-Day Shipping,Yes,True,Bank Transfer,36,Established,Quarterly,90,4.06,292.32,1,Steady mid-tier
473,20,18-24,Male,Georgia,Clothing,Jeans,L,Gray,Winter,39,3.9,False,Yes,True,Free Shipping,Yes,True,Bank Transfer,3,New,Quarterly,90,4.06,158.34,1,Steady mid-tier
474,34,25-34,Male,West Virginia,Outerwear,Coat,L,Olive,Spring,42,3.9,False,Yes,True,Store Pickup,Yes,True,PayPal,29,Established,Every 3 Months,90,4.06,170.52,1,Steady mid-tier
475,62,55-64,Male,Arkansas,Clothing,Sweater,XL,Maroon,Summer,76,2.6,False,Yes,True,2-Day Shipping,Yes,True,Cash,15,Developing,Quarterly,90,4.06,308.56,1,Steady mid-tier
476,21,18-24,Male,Ohio,Footwear,Sneakers,L,Magenta,Summer,66,2.7,False,Yes,True,Free Shipping,Yes,True,Debit Card,18,Developing,Annually,365,1.0,66.0,1,Steady mid-tier
477,21,18-24,Male,Connecticut,Accessories,Scarf,M,Magenta,Spring,90,3.5,False,Yes,True,Free Shipping,Yes,True,Debit Card,2,New,Fortnightly,14,26.07,2346.3,0,High-value regulars
478,42,35-44,Male,North Dakota,Clothing,Sweater,M,Green,Summer,56,3.7,False,Yes,True,Free Shipping,Yes,True,Debit Card,49,Loyal,Weekly,7,52.14,2919.84,0,High-value regulars
479,35,35-44,Male,Kansas,Accessories,Jewelry,XL,Turquoise,Winter,43,3.2,False,Yes,True,Free Shipping,Yes,True,Venmo,48,Loyal,Annually,365,1.0,43.0,1,Steady mid-tier
480,39,35-44,Male,Iowa,Accessories,Handbag,L,Yellow,Winter,84,3.3,False,Yes,True,Store Pickup,Yes,True,Venmo,43,Loyal,Monthly,30,12.17,1022.28,1,Steady mid-tier
481,68,65+,Male,Vermont,Clothing,Hoodie,M,Gray,Summer,88,4.8,False,Yes,True,Standard,Yes,True,Debit Card,30,Established,Bi-Weekly,14,26.07,2294.16,0,High-value regulars
482,46,45-54,Male,Wisconsin,Accessories,Hat,L,Peach,Fall,88,3.2,False,Yes,True,2-Day Shipping,Yes,True,PayPal,10,New,Fortnightly,14,26.07,2294.16,0,High-value regulars
483,41,35-44,Male,Connecticut,Accessories,Belt,M,Yellow,Winter,42,2.5,False,Yes,True,2-Day Shipping,Yes,True,Venmo,11,Developing,Annually,365,1.0,42.0,1,Steady mid-tier
484,23,18-24,Male,Oklahoma,Clothing,Hoodie,M,White,Fall,73,3.9,False,Yes,True,Store Pickup,Yes,True,Debit Card,12,Developing,Weekly,7,52.14,3806.22,0,High-value regulars
485,68,65+,Male,Missouri,Accessories,Hat,L,Lavender,Summer,73,4.7,False,Yes,True,Free Shipping,Yes,True,Bank Transfer,28,Established,Quarterly,90,4.06,296.38,1,Steady mid-tier
486,48,45-54,Male,Tennessee,Footwear,Shoes,S,Blue,Spring,44,2.6,False,Yes,True,Next Day Air,Yes,True,Debit Card,36,Established,Fortnightly,14,26.07,1147.08,1,Steady mid-tier
487,38,35-44,Male,New Mexico,Footwear,Sandals,M,Charcoal,Fall,63,2.8,False,Yes,True,Store Pickup,Yes,True,Venmo,37,Established,Every 3 Months,90,4.06,255.78,1,Steady mid-tier
488,41,35-44,Male,Iowa,Outerwear,Jacket,L,Red,Winter,68,4.4,False,Yes,True,Store Pickup,Yes,True,Credit Card,22,Developing,Quarterly,90,4.06,276.08,1,Steady mid-tier
489,58,55-64,Male,Maine,Clothing,Sweater,L,Olive,Spring,29,4.6,False,Yes,True,Standard,Yes,True,Venmo,32,Established,Weekly,7,52.14,1512.06,0,High-value regulars
490,49,45-54,Male,South Dakota,Clothing,Socks,M,Green,Summer,85,3.2,False,Yes,True,Standard,Yes,True,PayPal,40,Established,Annually,365,1.0,85.0,1,Steady mid-tier
491,57,55-64,Male,Colorado,Footwear,Sneakers,M,Silver,Winter,42,4.2,False,Yes,True,2-Day Shipping,Yes,True,Cash,47,Loyal,Monthly,30,12.17,511.14,1,Steady mid-tier
492,49,45-54,Male,Vermont,Outerwear,Coat,M,Silver,Summer,69,3.8,True,Yes,True,2-Day Shipping,Yes,True,Credit Card,24,Developing,Bi-Weekly,14,26.07,1798.83,0,High-value regulars
493,50,45-54,Male,Michigan,Clothing,Shirt,M,Black,Fall,62,3.9,False,Yes,True,Standard,Yes,True,Debit Card,11,Developing,Weekly,7,52.14,3232.68,0,High-value regulars
494,28,25-34,Male,Nevada,Accessories,Backpack,XL,Red,Summer,48,4.7,False,Yes,True,Store Pickup,Yes,True,Cash,19,Developing,Bi-Weekly,14,26.07,1251.36,1,Steady mid-tier
495,38,35-44,Male,Indiana,Footwear,Boots,M,Indigo,Winter,68,4.5,False,Yes,True,Express,Yes,True,Debit Card,42,Loyal,Weekly,7,52.14,3545.52,0,High-value regulars
496,33,25-34,Male,Michigan,Accessories,Handbag,XL,Cyan,Fall,36,3.3,False,Yes,True,Free Shipping,Yes,True,Debit Card,6,New,Fortnightly,14,26.07,938.52,1,Steady mid-tier
497,30,25-34,Male,California,Clothing,Dress,S,Maroon,Fall,63,3.3,False,Yes,True,Express,Yes,True,Venmo,31,Established,Fortnightly,14,26.07,1642.41,0,High-value regulars
498,43,35-44,Male,Oklahoma,Footwear,Sneakers,S,Silver,Winter,39,4.6,False,Yes,True,Free Shipping,Yes,True,Cash,31,Established,Weekly,7,52.14,2033.46,0,High-value regulars
499,43,35-44,Male,Iowa,Footwear,Boots,M,Lavender,Spring,78,3.6,False,Yes,True,Free Shipping,Yes,True,Bank Transfer,27,Established,Monthly,30,12.17,949.26,1,Steady mid-tier
500,36,35-44,Male,Rhode Island,Footwear,Shoes,L,Silver,Winter,99,4.8,False,Yes,True,Express,Yes,True,PayPal,24,Developing,Monthly,30,12.17,1204.83,1,Steady mid-tier
501,36,35-44,Male,Washington,Clothing,T-shirt,L,Purple,Fall,31,4.8,False,Yes,True,Next Day Air,Yes,True,Venmo,35,Established,Every 3 Months,90,4.06,125.86,1,Steady mid-tier
502,64,55-64,Male,Florida,Footwear,Boots,M,Cyan,Spring,45,2.9,False,Yes,True,Next Day Air,Yes,True,Venmo,21,Developing,Annually,365,1.0,45.0,1,Steady mid-tier
503,59,55-64,Male,South Carolina,Clothing,Pants,S,Cyan,Fall,30,2.8,False,Yes,True,Express,Yes,True,PayPal,8,New,Fortnightly,14,26.07,782.1,1,Steady mid-tier
504,55,55-64,Male,West Virginia,Footwear,Shoes,M,Lavender,Summer,24,3.2,False,Yes,True,Next Day Air,Yes,True,Bank Transfer,26,Established,Quarterly,90,4.06,97.44,1,Steady mid-tier
505,42,35-44,Male,Missouri,Footwear,Shoes,M,Maroon,Winter,22,3.9,False,Yes,True,Free Shipping,Yes,True,PayPal,26,Established,Annually,365,1.0,22.0,1,Steady mid-tier
506,61,55-64,Male,Maine,Clothing,T-shirt,L,Gray,Spring,63,4.3,False,Yes,True,Express,Yes,True,Cash,9,New,Bi-Weekly,14,26.07,1642.41,0,High-value regulars
507,28,25-34,Male,Georgia,Accessories,Scarf,M,Olive,Fall,40,2.7,False,Yes,True,2-Day Shipping,Yes,True,Debit Card,48,Loyal,Annually,365,1.0,40.0,1,Steady mid-tier
508,65,65+,Male,Maine,Clothing,Shorts,M,Magenta,Spring,20,5.0,False,Yes,True,Store Pickup,Yes,True,Debit Card,33,Established,Fortnightly,14,26.07,521.4,1,Steady mid-tier
509,27,25-34,Male,Illinois,Accessories,Jewelry,S,Yellow,Winter,20,3.7,False,Yes,True,Store Pickup,Yes,True,PayPal,31,Established,Quarterly,90,4.06,81.2,1,Steady mid-tier
510,41,35-44,Male,Delaware,Clothing,T-shirt,L,Cyan,Summer,80,3.9,False,Yes,True,Free Shipping,Yes,True,Debit Card,17,Developing,Weekly,7,52.14,4171.2,0,High-value regulars
511,21,18-24,Male,West Virginia,Clothing,Shirt,M,Teal,Fall,87,3.9,False,Yes,True,2-Day Shipping,Yes,True,Venmo,22,Developing,Annually,365,1.0,87.0,1,Steady mid-tier
512,61,55-64,Male,Hawaii,Clothing,Shirt,L,Yellow,Fall,46,3.1,False,Yes,True,Free Shipping,Yes,True,PayPal,8,New,Annually,365,1.0,46.0,1,Steady mid-tier
513,19,18-24,Male,New York,Accessories,Gloves,L,Peach,Winter,49,3.8,True,Yes,True,Next Day Air,Yes,True,Bank Transfer,2,New,Monthly,30,12.17,596.33,1,Steady mid-tier
514,22,18-24,Male,New Mexico,Accessories,Scarf,M,Peach,Fall,65,3.6,False,Yes,True,Store Pickup,Yes,True,Venmo,45,Loyal,Annually,365,1.0,65.0,1,Steady mid-tier
515,64,55-64,Male,Indiana,Clothing,Skirt,S,Olive,Winter,62,4.3,False,Yes,True,Standard,Yes,True,PayPal,47,Loyal,Quarterly,90,4.06,251.72,1,Steady mid-tier
516,28,25-34,Male,Kentucky,Accessories,Hat,L,Charcoal,Spring,67,4.5,False,Yes,True,Next Day Air,Yes,True,Cash,7,New,Monthly,30,12.17,815.39,1,Steady mid-tier
517,34,25-34,Male,West Virginia,Clothing,Hoodie,L,Indigo,Fall,41,2.8,False,Yes,True,2-Day Shipping,Yes,True,Debit Card,19,Developing,Bi-Weekly,14,26.07,1068.87,1,Steady mid-tier
518,61,55-64,Male,North Dakota,Footwear,Boots,L,Silver,Fall,49,2.7,False,Yes,True,Free Shipping,Yes,True,Cash,44,Loyal,Every 3 Months,90,4.06,198.94,1,Steady mid-tier
519,24,18-24,Male,Oregon,Clothing,Blouse,M,Beige,Fall,100,2.9,False,Yes,True,Next Day Air,Yes,True,Venmo,16,Developing,Every 3 Months,90,4.06,406.0,1,Steady mid-tier
520,19,18-24,Male,Minnesota,Accessories,Belt,L,Blue,Summer,54,4.4,False,Yes,True,2-Day Shipping,Yes,True,Bank Transfer,17,Developing,Quarterly,90,4.06,219.24,1,Steady mid-tier
521,51,45-54,Male,South Carolina,Accessories,Sunglasses,M,White,Spring,84,3.9,False,Yes,True,Free Shipping,Yes,True,Debit Card,20,Developing,Quarterly,90,4.06,341.04,1,Steady mid-tier
522,36,35-44,Male,Vermont,Clothing,Shorts,L,Gold,Winter,41,3.5,False,Yes,True,Standard,Yes,True,Bank Transfer,50,Loyal,Annually,365,1.0,41.0,1,Steady mid-tier
523,65,65+,Male,Minnesota,Accessories,Gloves,M,Blue,Spring,88,2.5,False,Yes,True,Store Pickup,Yes,True,Cash,37,Established,Quarterly,90,4.06,357.28,1,Steady mid-tier
524,46,45-54,Male,Delaware,Footwear,Sandals,M,Orange,Spring,40,4.9,False,Yes,True,Express,Yes,True,PayPal,5,New,Quarterly,90,4.06,162.4,1,Steady mid-tier
525,59,55-64,Male,Pennsylvania,Clothing,Shirt,M,Gold,Summer,39,4.8,False,Yes,True,Free Shipping,Yes,True,PayPal,44,Loyal,Annually,365,1.0,39.0,1,Steady mid-tier
526,51,45-54,Male,Iowa,Outerwear,Coat,M,Cyan,Spring,37,3.2,False,Yes,True,Next Day Air,Yes,True,Debit Card,41,Loyal,Monthly,30,12.17,450.29,1,Steady mid-tier
527,51,45-54,Male,New Jersey,Clothing,Pants,S,Red,Winter,52,4.9,False,Yes,True,Standard,Yes,True,Cash,19,Developing,Monthly,30,12.17,632.84,1,Steady mid-tier
528,21,18-24,Male,South Carolina,Clothing,T-shirt,L,Yellow,Winter,23,4.3,False,Yes,True,Next Day Air,Yes,True,Bank Transfer,47,Loyal,Every 3 Months,90,4.06,93.38,1,Steady mid-tier
529,34,25-34,Male,Maryland,Footwear,Sneakers,S,Beige,Winter,88,3.2,False,Yes,True,Express,Yes,True,Cash,40,Established,Annually,365,1.0,88.0,1,Steady mid-tier
530,32,25-34,Male,California,Clothing,Shorts,M,Orange,Fall,84,3.7,False,Yes,True,Standard,Yes,True,Credit Card,6,New,Monthly,30,12.17,1022.28,1,Steady mid-tier
531,48,45-54,Male,Montana,Outerwear,Coat,XL,Magenta,Winter,37,3.2,False,Yes,True,Store Pickup,Yes,True,Credit Card,25,Developing,Bi-Weekly,14,26.07,964.59,1,Steady mid-tier
532,50,45-54,Male,Vermont,Footwear,Sandals,L,Purple,Fall,51,3.4,False,Yes,True,Next Day Air,Yes,True,Cash,42,Loyal,Weekly,7,52.14,2659.14,0,High-value regulars
533,26,25-34,Male,Texas,Clothing,Pants,L,Black,Winter,76,4.1,False,Yes,True,Express,Yes,True,Bank Transfer,35,Established,Every 3 Months,90,4.06,308.56,1,Steady mid-tier
534,57,55-64,Male,North Carolina,Footwear,Sandals,L,Pink,Spring,60,4.5,False,Yes,True,Next Day Air,Yes,True,Debit Card,17,Developing,Weekly,7,52.14,3128.4,0,High-value regulars
535,65,65+,Male,Florida,Accessories,Gloves,L,Pink,Fall,72,4.5,False,Yes,True,Next Day Air,Yes,True,PayPal,4,New,Quarterly,90,4.06,292.32,1,Steady mid-tier
536,56,55-64,Male,West Virginia,Clothing,T-shirt,L,Maroon,Spring,45,3.2,False,Yes,True,Free Shipping,Yes,True,Bank Transfer,24,Developing,Weekly,7,52.14,2346.3,0,High-value regulars
537,44,35-44,Male,Illinois,Outerwear,Jacket,S,Maroon,Fall,84,4.4,False,Yes,True,Store Pickup,Yes,True,Debit Card,16,Developing,Every 3 Months,90,4.06,341.04,1,Steady mid-tier
538,50,45-54,Male,Virginia,Clothing,Blouse,S,Turquoise,Summer,49,3.0,False,Yes,True,Store Pickup,Yes,True,Debit Card,14,Developing,Annually,365,1.0,49.0,1,Steady mid-tier
539,27,25-34,Male,Virginia,Clothing,Socks,XL,Green,Spring,22,3.2,False,Yes,True,Free Shipping,Yes,True,Cash,43,Loyal,Weekly,7,52.14,1147.08,0,High-value regulars
540,49,45-54,Male,Wyoming,Outerwear,Coat,M,Violet,Winter,48,4.0,False,Yes,True,Store Pickup,Yes,True,Debit Card,49,Loyal,Weekly,7,52.14,2502.72,0,High-value regulars
541,49,45-54,Male,South Carolina,Clothing,Dress,M,Lavender,Spring,37,3.1,False,Yes,True,Next Day Air,Yes,True,Cash,33,Established,Every 3 Months,90,4.06,150.22,1,Steady mid-tier
542,52,45-54,Male,Connecticut,Outerwear,Jacket,L,Gray,Fall,27,2.8,False,Yes,True,Next Day Air,Yes,True,Cash,45,Loyal,Bi-Weekly,14,26.07,703.89,1,Steady mid-tier
543,27,25-34,Male,Illinois,Footwear,Boots,XL,Teal,Spring,79,4.6,False,Yes,True,Next Day Air,Yes,True,Cash,35,Established,Bi-Weekly,14,26.07,2059.53,0,High-value regulars
544,53,45-54,Male,Alabama,Clothing,Skirt,S,Red,Spring,98,4.3,False,Yes,True,Express,Yes,True,Credit Card,11,Developing,Monthly,30,12.17,1192.66,1,Steady mid-tier
545,34,25-34,Male,Washington,Footwear,Sandals,S,Yellow,Summer,64,3.3,False,Yes,True,Standard,Yes,True,Bank Transfer,30,Established,Every 3 Months,90,4.06,259.84,1,Steady mid-tier
546,33,25-34,Male,Alabama,Outerwear,Coat,L,Magenta,Summer,32,3.5,False,Yes,True,2-Day Shipping,Yes,True,Debit Card,48,Loyal,Annually,365,1.0,32.0,1,Steady mid-tier
547,62,55-64,Male,New Mexico,Clothing,Hoodie,M,Brown,Winter,74,3.4,False,Yes,True,Free Shipping,Yes,True,Venmo,45,Loyal,Bi-Weekly,14,26.07,1929.18,0,High-value regulars
548,38,35-44,Male,Nevada,Outerwear,Jacket,M,Blue,Winter,50,2.8,False,Yes,True,Free Shipping,Yes,True,Venmo,26,Established,Weekly,7,52.14,2607.0,0,High-value regulars
549,36,35-44,Male,Nebraska,Accessories,Backpack,M,Black,Winter,64,4.6,False,Yes,True,Store Pickup,Yes,True,Debit Card,41,Loyal,Every 3 Months,90,4.06,259.84,1,Steady mid-tier
550,31,25-34,Male,Arizona,Accessories,Backpack,S,Olive,Fall,29,3.6,False,Yes,True,Express,Yes,True,Venmo,37,Established,Bi-Weekly,14,26.07,756.03,1,Steady mid-tier
551,62,55-64,Male,Georgia,Accessories,Belt,M,Olive,Summer,62,3.3,False,Yes,True,Store Pickup,Yes,True,PayPal,12,Developing,Weekly,7,52.14,3232.68,0,High-value regulars
552,29,25-34,Male,Idaho,Outerwear,Coat,XL,Green,Fall,78,3.1,False,Yes,True,2-Day Shipping,Yes,True,Cash,27,Established,Bi-Weekly,14,26.07,2033.46,0,High-value regulars
553,24,18-24,Male,Missouri,Clothing,T-shirt,M,Peach,Fall,94,3.5,False,Yes,True,Express,Yes,True,Bank Transfer,18,Developing,Weekly,7,52.14,4901.16,0,High-value regulars
554,63,55-64,Male,Florida,Accessories,Sunglasses,M,White,Winter,59,3.2,False,Yes,True,Express,Yes,True,Credit Card,15,Developing,Quarterly,90,4.06,239.54,1,Steady mid-tier
555,56,55-64,Male,Minnesota,Footwear,Sneakers,M,Red,Summer,47,3.0,False,Yes,True,Express,Yes,True,Bank Transfer,34,Established,Weekly,7,52.14,2450.58,0,High-value regulars
556,63,55-64,Male,Maine,Accessories,Gloves,M,White,Fall,57,4.8,False,Yes,True,Express,Yes,True,Venmo,37,Established,Annually,365,1.0,57.0,1,Steady mid-tier
557,40,35-44,Male,Montana,Outerwear,Coat,L,Indigo,Winter,90,5.0,False,Yes,True,Store Pickup,Yes,True,Cash,21,Developing,Fortnightly,14,26.07,2346.3,0,High-value regulars
558,18,18-24,Male,Alaska,Clothing,Shirt,M,White,Spring,60,2.9,False,Yes,True,Free Shipping,Yes,True,Debit Card,31,Established,Weekly,7,52.14,3128.4,0,High-value regulars
559,50,45-54,Male,Iowa,Footwear,Sneakers,L,Teal,Fall,77,3.2,False,Yes,True,Express,Yes,True,Debit Card,43,Loyal,Every 3 Months,90,4.06,312.62,1,Steady mid-tier
560,66,65+,Male,Arizona,Accessories,Scarf,M,Indigo,Fall,41,2.9,False,Yes,True,Store Pickup,Yes,True,Bank Transfer,22,Developing,Monthly,30,12.17,498.97,1,Steady mid-tier
561,25,25-34,Male,Louisiana,Accessories,Jewelry,L,Red,Fall,48,3.8,True,Yes,True,Free Shipping,Yes,True,Debit Card,12,Developing,Annually,365,1.0,48.0,1,Steady mid-tier
562,65,65+,Male,Alabama,Outerwear,Jacket,M,Blue,Fall,65,2.6,False,Yes,True,Next Day Air,Yes,True,PayPal,25,Developing,Fortnightly,14,26.07,1694.55,0,High-value regulars
563,53,45-54,Male,Missouri,Clothing,Jeans,M,Blue,Summer,62,3.5,False,Yes,True,Standard,Yes,True,Debit Card,40,Established,Annually,365,1.0,62.0,1,Steady mid-tier
564,61,55-64,Male,Idaho,Footwear,Shoes,M,Black,Fall,99,4.4,False,Yes,True,Standard,Yes,True,Debit Card,16,Developing,Quarterly,90,4.06,401.94,1,Steady mid-tier
565,67,65+,Male,Florida,Clothing,Hoodie,M,Olive,Winter,58,3.4,False,Yes,True,Next Day Air,Yes,True,Bank Transfer,30,Established,Weekly,7,52.14,3024.12,0,High-value regulars
566,59,55-64,Male,Idaho,Accessories,Backpack,L,Lavender,Fall,43,4.2,False,Yes,True,Store Pickup,Yes,True,Venmo,10,New,Weekly,7,52.14,2242.02,0,High-value regulars
567,55,55-64,Male,Alabama,Footwear,Sneakers,M,Indigo,Spring,93,3.6,False,Yes,True,Store Pickup,Yes,True,Debit Card,1,New,Fortnightly,14,26.07,2424.51,0,High-value regulars
568,21,18-24,Male,New Hampshire,Clothing,Blouse,S,Red,Winter,50,3.0,False,Yes,True,Next Day Air,Yes,True,Venmo,24,Developing,Fortnightly,14,26.07,1303.5,1,Steady mid-tier
569,44,35-44,Male,Utah,Clothing,Pants,L,Red,Summer,88,4.0,False,Yes,True,Free Shipping,Yes,True,PayPal,36,Established,Monthly,30,12.17,1070.96,1,Steady mid-tier
570,65,65+,Male,Alabama,Clothing,Skirt,M,Pink,Fall,33,4.4,False,Yes,True,Express,Yes,True,Credit Card,46,Loyal,Every 3 Months,90,4.06,133.98,1,Steady mid-tier
571,65,65+,Male,Iowa,Clothing,T-shirt,XL,Purple,Fall,99,4.1,False,Yes,True,Standard,Yes,True,Cash,20,Developing,Annually,365,1.0,99.0,1,Steady mid-tier
572,54,45-54,Male,Kentucky,Outerwear,Jacket,XL,Cyan,Spring,76,3.6,False,Yes,True,Free Shipping,Yes,True,Venmo,37,Established,Weekly,7,52.14,3962.64,0,High-value regulars
573,56,55-64,Male,South Carolina,Accessories,Scarf,XL,Cyan,Summer,97,4.6,False,Yes,True,Next Day Air,Yes,True,Bank Transfer,26,Established,Annually,365,1.0,97.0,1,Steady mid-tier
574,58,55-64,Male,California,Clothing,Pants,M,Charcoal,Summer,68,3.2,False,Yes,True,2-Day Shipping,Yes,True,Credit Card,23,Developing,Bi-Weekly,14,26.07,1772.76,0,High-value regulars
575,54,45-54,Male,Maine,Footwear,Sneakers,L,Red,Fall,79,4.8,False,Yes,True,Free Shipping,Yes,True,Bank Transfer,20,Developing,Bi-Weekly,14,26.07,2059.53,0,High-value regulars
576,58,55-64,Male,Nebraska,Clothing,Jeans,M,Peach,Fall,86,4.8,False,Yes,True,Express,Yes,True,PayPal,38,Established,Monthly,30,12.17,1046.62,1,Steady mid-tier
577,48,45-54,Male,Washington,Accessories,Hat,M,Black,Winter,68,5.0,False,Yes,True,2-Day Shipping,Yes,True,Credit Card,5,New,Every 3 Months,90,4.06,276.08,1,Steady mid-tier
578,19,18-24,Male,Alabama,Clothing,Skirt,M,Black,Fall,52,3.7,False,Yes,True,Store Pickup,Yes,True,Venmo,41,Loyal,Annually,365,1.0,52.0,1,Steady mid-tier
579,69,65+,Male,Maine,Footwear,Sandals,M,Purple,Fall,90,4.6,False,Yes,True,Next Day Air,Yes,True,Credit Card,22,Developing,Fortnightly,14,26.07,2346.3,0,High-value regulars
580,58,55-64,Male,California,Footwear,Sandals,M,Violet,Winter,41,3.7,False,Yes,True,Free Shipping,Yes,True,Credit Card,48,Loyal,Annually,365,1.0,41.0,1,Steady mid-tier
581,49,45-54,Male,Iowa,Clothing,Sweater,M,Orange,Spring,80,4.1,False,Yes,True,Free Shipping,Yes,True,PayPal,10,New,Weekly,7,52.14,4171.2,0,High-value regulars
582,32,25-34,Male,Iowa,Clothing,Sweater,XL,Charcoal,Winter,100,2.7,False,Yes,True,Store Pickup,Yes,True,Bank Transfer,12,Developing,Every 3 Months,90,4.06,406.0,1,Steady mid-tier
583,40,35-44,Male,Colorado,Outerwear,Jacket,L,Turquoise,Spring,77,4.9,False,Yes,True,Store Pickup,Yes,True,Bank Transfer,2,New,Quarterly,90,4.06,312.62,1,Steady mid-tier
584,25,25-34,Male,California,Clothing,Shorts,L,Yellow,Spring,78,4.0,False,Yes,True,Store Pickup,Yes,True,PayPal,38,Established,Monthly,30,12.17,949.26,1,Steady mid-tier
585,70,65+,Male,Indiana,Clothing,Socks,M,White,Spring,94,4.7,False,Yes,True,Free Shipping,Yes,True,Debit Card,20,Developing,Monthly,30,12.17,1143.98,1,Steady mid-tier
586,69,65+,Male,South Carolina,Clothing,Socks,M,Gray,Fall,23,2.8,False,Yes,True,Next Day Air,Yes,True,Cash,5,New,Every 3 Months,90,4.06,93.38,1,Steady mid-tier
587,45,45-54,Male,Wisconsin,Clothing,Hoodie,S,Blue,Winter,20,4.9,False,Yes,True,2-Day Shipping,Yes,True,Venmo,9,New,Annually,365,1.0,20.0,1,Steady mid-tier
588,29,25-34,Male,Washington,Clothing,Socks,S,Maroon,Fall,86,4.2,False,Yes,True,Express,Yes,True,Debit Card,48,Loyal,Every 3 Months,90,4.06,349.16,1,Steady mid-tier
589,47,45-54,Male,South Dakota,Footwear,Boots,M,Violet,Fall,60,3.0,False,Yes,True,Standard,Yes,True,Debit Card,9,New,Quarterly,90,4.06,243.6,1,Steady mid-tier
590,28,25-34,Male,Minnesota,Clothing,Shirt,M,Orange,Fall,70,3.4,False,Yes,True,2-Day Shipping,Yes,True,PayPal,40,Established,Annually,365,1.0,70.0,1,Steady mid-tier
591,64,55-64,Male,Alaska,Accessories,Belt,S,Turquoise,Fall,39,4.6,False,Yes,True,Standard,Yes,True,Venmo,30,Established,Fortnightly,14,26.07,1016.73,1,Steady mid-tier
592,47,45-54,Male,Kentucky,Accessories,Backpack,L,Olive,Fall,37,4.2,False,Yes,True,Store Pickup,Yes,True,Debit Card,6,New,Bi-Weekly,14,26.07,964.59,1,Steady mid-tier
593,60,55-64,Male,North Dakota,Footwear,Boots,M,Brown,Fall,29,3.2,False,Yes,True,Free Shipping,Yes,True,Venmo,42,Loyal,Every 3 Months,90,4.06,117.74,1,Steady mid-tier
594,67,65+,Male,Alaska,Outerwear,Coat,S,Green,Winter,35,4.4,False,Yes,True,Store Pickup,Yes,True,PayPal,9,New,Every 3 Months,90,4.06,142.1,1,Steady mid-tier
595,35,35-44,Male,Oklahoma,Clothing,Hoodie,S,Brown,Winter,83,2.5,False,Yes,True,Next Day Air,Yes,True,Debit Card,6,New,Monthly,30,12.17,1010.11,1,Steady mid-tier
596,30,25-34,Male,Delaware,Footwear,Shoes,M,Silver,Summer,77,3.6,False,Yes,True,Next Day Air,Yes,True,PayPal,47,Loyal,Quarterly,90,4.06,312.62,1,Steady mid-tier
597,23,18-24,Male,Montana,Footwear,Shoes,XL,White,Summer,37,4.5,False,Yes,True,Store Pickup,Yes,True,Venmo,36,Established,Annually,365,1.0,37.0,1,Steady mid-tier
598,70,65+,Male,Alaska,Accessories,Jewelry,L,Gold,Summer,69,3.4,False,Yes,True,Standard,Yes,True,Bank Transfer,19,Developing,Fortnightly,14,26.07,1798.83,0,High-value regulars
599,21,18-24,Male,California,Clothing,Dress,L,Green,Winter,66,3.2,False,Yes,True,2-Day Shipping,Yes,True,Cash,30,Established,Every 3 Months,90,4.06,267.96,1,Steady mid-tier
600,51,45-54,Male,Massachusetts,Footwear,Boots,L,Teal,Spring,26,4.2,False,Yes,True,Standard,Yes,True,Debit Card,27,Established,Every 3 Months,90,4.06,105.56,1,Steady mid-tier
601,22,18-24,Male,South Carolina,Accessories,Hat,M,Charcoal,Spring,63,5.0,False,Yes,True,2-Day Shipping,Yes,True,Venmo,25,Developing,Monthly,30,12.17,766.71,1,Steady mid-tier
602,32,25-34,Male,West Virginia,Accessories,Backpack,M,Maroon,Summer,38,4.7,False,Yes,True,Store Pickup,Yes,True,Cash,5,New,Fortnightly,14,26.07,990.66,1,Steady mid-tier
603,37,35-44,Male,Oregon,Footwear,Shoes,L,Lavender,Summer,58,4.2,False,Yes,True,Next Day Air,Yes,True,Cash,10,New,Every 3 Months,90,4.06,235.48,1,Steady mid-tier
604,31,25-34,Male,Massachusetts,Accessories,Handbag,L,Green,Winter,46,3.4,False,Yes,True,2-Day Shipping,Yes,True,PayPal,26,Established,Every 3 Months,90,4.06,186.76,1,Steady mid-tier
605,44,35-44,Male,West Virginia,Accessories,Sunglasses,S,Pink,Fall,92,4.4,False,Yes,True,Store Pickup,Yes,True,Credit Card,11,Developing,Every 3 Months,90,4.06,373.52,1,Steady mid-tier
606,40,35-44,Male,California,Accessories,Hat,XL,Charcoal,Winter,32,4.2,False,Yes,True,Standard,Yes,True,Bank Transfer,17,Developing,Weekly,7,52.14,1668.48,0,High-value regulars
607,27,25-34,Male,Colorado,Accessories,Scarf,M,Blue,Spring,90,4.5,False,Yes,True,Standard,Yes,True,PayPal,44,Loyal,Monthly,30,12.17,1095.3,1,Steady mid-tier
608,47,45-54,Male,Indiana,Clothing,Hoodie,L,Purple,Fall,23,2.8,False,Yes,True,Next Day Air,Yes,True,Cash,44,Loyal,Monthly,30,12.17,279.91,1,Steady mid-tier
609,41,35-44,Male,Delaware,Accessories,Backpack,S,Gold,Fall,25,3.3,False,Yes,True,Next Day Air,Yes,True,Venmo,21,Developing,Every 3 Months,90,4.06,101.5,1,Steady mid-tier
610,51,45-54,Male,Ohio,Clothing,Sweater,L,Purple,Fall,54,4.6,False,Yes,True,Next Day Air,Yes,True,Credit Card,49,Loyal,Fortnightly,14,26.07,1407.78,1,Steady mid-tier
611,53,45-54,Male,Oklahoma,Clothing,Shorts,M,Charcoal,Summer,72,2.5,False,Yes,True,Free Shipping,Yes,True,Bank Transfer,27,Established,Every 3 Months,90,4.06,292.32,1,Steady mid-tier
612,43,35-44,Male,California,Accessories,Scarf,M,Black,Winter,33,4.7,False,Yes,True,Store Pickup,Yes,True,Cash,19,Developing,Monthly,30,12.17,401.61,1,Steady mid-tier
613,67,65+,Male,New Hampshire,Accessories,Hat,L,Lavender,Fall,43,4.6,False,Yes,True,Express,Yes,True,Credit Card,33,Established,Quarterly,90,4.06,174.58,1,Steady mid-tier
614,61,55-64,Male,Pennsylvania,Outerwear,Coat,L,Lavender,Fall,51,2.6,False,Yes,True,Standard,Yes,True,Cash,46,Loyal,Bi-Weekly,14,26.07,1329.57,1,Steady mid-tier
615,68,65+,Male,Idaho,Accessories,Jewelry,M,Lavender,Winter,85,4.0,False,Yes,True,Standard,Yes,True,Credit Card,21,Developing,Bi-Weekly,14,26.07,2215.95,0,High-value regulars
616,67,65+,Male,Maryland,Footwear,Sandals,L,Olive,Summer,100,2.6,False,Yes,True,Next Day Air,Yes,True,Venmo,23,Developing,Annually,365,1.0,100.0,1,Steady mid-tier
617,29,25-34,Male,Pennsylvania,Accessories,Gloves,L,Teal,Spring,72,4.6,False,Yes,True,Free Shipping,Yes,True,Credit Card,38,Established,Every 3 Months,90,4.06,292.32,1,Steady mid-tier
618,50,45-54,Male,Colorado,Accessories,Backpack,M,Maroon,Fall,57,2.6,False,Yes,True,Standard,Yes,True,Bank Transfer,2,New,Quarterly,90,4.06,231.42,1,Steady mid-tier
619,61,55-64,Male,Indiana,Outerwear,Jacket,L,Cyan,Spring,94,4.0,False,Yes,True,Express,Yes,True,Debit Card,21,Developing,Bi-Weekly,14,26.07,2450.58,0,High-value regulars
620,19,18-24,Male,Nebraska,Accessories,Backpack,M,Charcoal,Summer,34,4.6,False,Yes,True,Store Pickup,Yes,True,Debit Card,1,New,Every 3 Months,90,4.06,138.04,1,Steady mid-tier
621,33,25-34,Male,Rhode Island,Accessories,Backpack,M,Black,Fall,89,3.7,False,Yes,True,2-Day Shipping,Yes,True,Venmo,10,New,Every 3 Months,90,4.06,361.34,1,Steady mid-tier
622,51,45-54,Male,Kansas,Accessories,Sunglasses,S,Red,Fall,27,4.4,False,Yes,True,Store Pickup,Yes,True,Credit Card,45,Loyal,Weekly,7,52.14,1407.78,0,High-value regulars
623,69,65+,Male,Georgia,Clothing,Socks,S,Peach,Spring,63,4.0,False,Yes,True,Next Day Air,Yes,True,Bank Transfer,44,Loyal,Fortnightly,14,26.07,1642.41,0,High-value regulars
624,19,18-24,Male,Nevada,Footwear,Shoes,M,White,Fall,70,4.7,False,Yes,True,Standard,Yes,True,PayPal,48,Loyal,Bi-Weekly,14,26.07,1824.9,0,High-value regulars
625,55,55-64,Male,South Carolina,Clothing,Pants,XL,Pink,Fall,87,3.4,False,Yes,True,Express,Yes,True,PayPal,21,Developing,Annually,365,1.0,87.0,1,Steady mid-tier
626,49,45-54,Male,Delaware,Accessories,Jewelry,M,Red,Fall,79,4.0,False,Yes,True,Next Day Air,Yes,True,Venmo,1,New,Weekly,7,52.14,4119.06,0,High-value regulars
627,31,25-34,Male,New Hampshire,Accessories,Sunglasses,M,Indigo,Spring,79,3.9,False,Yes,True,Standard,Yes,True,Venmo,10,New,Annually,365,1.0,79.0,1,Steady mid-tier
628,42,35-44,Male,Oregon,Footwear,Sandals,L,Black,Winter,44,4.1,False,Yes,True,Express,Yes,True,PayPal,24,Developing,Monthly,30,12.17,535.48,1,Steady mid-tier
629,69,65+,Male,Massachusetts,Clothing,Sweater,M,White,Fall,85,3.7,True,Yes,True,2-Day Shipping,Yes,True,Credit Card,29,Established,Monthly,30,12.17,1034.45,1,Steady mid-tier
630,26,25-34,Male,Vermont,Footwear,Shoes,L,Beige,Spring,90,4.7,False,Yes,True,Standard,Yes,True,Debit Card,11,Developing,Annually,365,1.0,90.0,1,Steady mid-tier
631,41,35-44,Male,Mississippi,Accessories,Jewelry,S,Silver,Fall,94,4.3,False,Yes,True,2-Day Shipping,Yes,True,Debit Card,33,Established,Annually,365,1.0,94.0,1,Steady mid-tier
632,55,55-64,Male,Washington,Footwear,Boots,S,Violet,Summer,68,4.1,False,Yes,True,Store Pickup,Yes,True,Cash,27,Established,Fortnightly,14,26.07,1772.76,0,High-value regulars
633,35,35-44,Male,Wyoming,Accessories,Backpack,M,Red,Winter,51,3.9,False,Yes,True,Next Day Air,Yes,True,Venmo,19,Developing,Fortnightly,14,26.07,1329.57,1,Steady mid-tier
634,66,65+,Male,Minnesota,Footwear,Sandals,M,Orange,Spring,33,2.9,False,Yes,True,Express,Yes,True,Debit Card,50,Loyal,Quarterly,90,4.06,133.98,1,Steady mid-tier
635,36,35-44,Male,Ohio,Footwear,Sneakers,M,Teal,Summer,60,3.9,False,Yes,True,Standard,Yes,True,PayPal,46,Loyal,Weekly,7,52.14,3128.4,0,High-value regulars
636,27,25-34,Male,South Carolina,Clothing,Hoodie,M,Brown,Fall,59,4.3,False,Yes,True,2-Day Shipping,Yes,True,Cash,28,Established,Quarterly,90,4.06,239.54,1,Steady mid-tier
637,41,35-44,Male,Wisconsin,Accessories,Handbag,M,Indigo,Summer,30,2.8,False,Yes,True,Store Pickup,Yes,True,Bank Transfer,14,Developing,Every 3 Months,90,4.06,121.8,1,Steady mid-tier
638,21,18-24,Male,Tennessee,Clothing,Sweater,M,Cyan,Winter,20,3.4,False,Yes,True,2-Day Shipping,Yes,True,Cash,46,Loyal,Fortnightly,14,26.07,521.4,1,Steady mid-tier
639,53,45-54,Male,Maryland,Footwear,Sandals,S,Blue,Summer,20,2.7,False,Yes,True,Express,Yes,True,PayPal,41,Loyal,Monthly,30,12.17,243.4,1,Steady mid-tier
640,54,45-54,Male,Mississippi,Clothing,Dress,L,Olive,Spring,24,4.0,False,Yes,True,2-Day Shipping,Yes,True,Credit Card,50,Loyal,Annually,365,1.0,24.0,1,Steady mid-tier
641,53,45-54,Male,Minnesota,Clothing,Skirt,M,Gray,Summer,88,4.4,False,Yes,True,Store Pickup,Yes,True,Debit Card,28,Established,Fortnightly,14,26.07,2294.16,0,High-value regulars
642,47,45-54,Male,Alaska,Clothing,Blouse,M,Red,Winter,78,3.9,False,Yes,True,2-Day Shipping,Yes,True,Credit Card,23,Developing,Every 3 Months,90,4.06,316.68,1,Steady mid-tier
643,64,55-64,Male,Arkansas,Clothing,Skirt,L,Red,Spring,25,2.8,False,Yes,True,2-Day Shipping,Yes,True,Debit Card,14,Developing,Bi-Weekly,14,26.07,651.75,1,Steady mid-tier
644,18,18-24,Male,Oregon,Clothing,Sweater,XL,Green,Winter,57,3.2,False,Yes,True,Next Day Air,Yes,True,Bank Transfer,10,New,Every 3 Months,90,4.06,231.42,1,Steady mid-tier
645,68,65+,Male,Louisiana,Accessories,Backpack,S,Blue,Summer,93,4.3,False,Yes,True,Next Day Air,Yes,True,Cash,37,Established,Weekly,7,52.14,4849.02,0,High-value regulars
646,62,55-64,Male,Oklahoma,Clothing,Hoodie,S,Purple,Summer,42,4.2,False,Yes,True,Express,Yes,True,Venmo,15,Developing,Bi-Weekly,14,26.07,1094.94,1,Steady mid-tier
647,51,45-54,Male,Indiana,Footwear,Boots,XL,Pink,Spring,54,4.9,False,Yes,True,Standard,Yes,True,Venmo,19,Developing,Bi-Weekly,14,26.07,1407.78,1,Steady mid-tier
648,54,45-54,Male,Mississippi,Clothing,Blouse,XL,Charcoal,Summer,70,3.7,False,Yes,True,Express,Yes,True,Credit Card,23,Developing,Fortnightly,14,26.07,1824.9,0,High-value regulars
649,22,18-24,Male,Michigan,Clothing,Hoodie,M,Brown,Winter,31,4.1,False,Yes,True,Store Pickup,Yes,True,Credit Card,35,Established,Weekly,7,52.14,1616.34,0,High-value regulars
650,53,45-54,Male,Delaware,Clothing,Pants,L,Orange,Spring,93,4.2,False,Yes,True,Store Pickup,Yes,True,PayPal,33,Established,Every 3 Months,90,4.06,377.58,1,Steady mid-tier
651,34,25-34,Male,Florida,Accessories,Gloves,M,Magenta,Spring,40,3.9,False,Yes,True,Next Day Air,Yes,True,Bank Transfer,12,Developing,Annually,365,1.0,40.0,1,Steady mid-tier
652,32,25-34,Male,Arkansas,Accessories,Hat,L,Yellow,Summer,32,2.9,False,Yes,True,Next Day Air,Yes,True,Venmo,41,Loyal,Fortnightly,14,26.07,834.24,1,Steady mid-tier
653,64,55-64,Male,Minnesota,Accessories,Sunglasses,M,Beige,Winter,27,3.1,False,Yes,True,Free Shipping,Yes,True,Venmo,27,Established,Weekly,7,52.14,1407.78,0,High-value regulars
654,20,18-24,Male,North Dakota,Accessories,Scarf,M,Olive,Winter,68,3.6,False,Yes,True,2-Day Shipping,Yes,True,Cash,45,Loyal,Fortnightly,14,26.07,1772.76,0,High-value regulars
655,24,18-24,Male,California,Accessories,Handbag,L,Gray,Summer,59,4.4,False,Yes,True,2-Day Shipping,Yes,True,Venmo,23,Developing,Annually,365,1.0,59.0,1,Steady mid-tier
656,20,18-24,Male,Mississippi,Accessories,Handbag,S,Purple,Fall,36,3.1,False,Yes,True,Free Shipping,Yes,True,Venmo,19,Developing,Monthly,30,12.17,438.12,1,Steady mid-tier
657,42,35-44,Male,Pennsylvania,Clothing,Jeans,M,Beige,Summer,23,3.9,False,Yes,True,Standard,Yes,True,PayPal,6,New,Quarterly,90,4.06,93.38,1,Steady mid-tier
658,48,45-54,Male,Arizona,Outerwear,Jacket,M,White,Winter,80,4.3,False,Yes,True,Free Shipping,Yes,True,PayPal,6,New,Quarterly,90,4.06,324.8,1,Steady mid-tier
659,62,55-64,Male,Louisiana,Accessories,Backpack,S,White,Fall,37,4.9,False,Yes,True,Store Pickup,Yes,True,Venmo,20,Developing,Weekly,7,52.14,1929.18,0,High-value regulars
660,62,55-64,Male,Virginia,Clothing,Shorts,S,Gold,Spring,52,3.6,False,Yes,True,2-Day Shipping,Yes,True,Cash,8,New,Weekly,7,52.14,2711.28,0,High-value regulars
661,50,45-54,Male,Montana,Outerwear,Coat,M,Olive,Fall,79,5.0,False,Yes,True,2-Day Shipping,Yes,True,Credit Card,39,Established,Quarterly,90,4.06,320.74,1,Steady mid-tier
662,57,55-64,Male,Iowa,Clothing,Shirt,XL,Green,Fall,68,4.1,False,Yes,True,Store Pickup,Yes,True,Credit Card,39,Established,Quarterly,90,4.06,276.08,1,Steady mid-tier
663,24,18-24,Male,Illinois,Accessories,Gloves,L,Magenta,Fall,98,2.8,False,Yes,True,Express,Yes,True,Venmo,39,Established,Bi-Weekly,14,26.07,2554.86,0,High-value regulars
664,59,55-64,Male,Alaska,Clothing,Dress,M,Charcoal,Fall,83,4.7,False,Yes,True,Express,Yes,True,Credit Card,23,Developing,Monthly,30,12.17,1010.11,1,Steady mid-tier
665,63,55-64,Male,Colorado,Clothing,Pants,M,Indigo,Winter,83,4.4,False,Yes,True,Express,Yes,True,PayPal,41,Loyal,Bi-Weekly,14,26.07,2163.81,0,High-value regulars
666,41,35-44,Male,New Mexico,Clothing,Pants,M,Peach,Spring,55,4.9,False,Yes,True,2-Day Shipping,Yes,True,Credit Card,50,Loyal,Annually,365,1.0,55.0,1,Steady mid-tier
667,35,35-44,Male,Colorado,Clothing,Hoodie,L,Turquoise,Winter,26,3.1,False,Yes,True,Free Shipping,Yes,True,Debit Card,30,Established,Quarterly,90,4.06,105.56,1,Steady mid-tier
668,34,25-34,Male,Arizona,Accessories,Sunglasses,S,Blue,Winter,76,2.6,False,Yes,True,Standard,Yes,True,Bank Transfer,32,Established,Quarterly,90,4.06,308.56,1,Steady mid-tier
669,49,45-54,Male,Hawaii,Clothing,T-shirt,S,Turquoise,Fall,85,2.9,False,Yes,True,Express,Yes,True,Bank Transfer,35,Established,Monthly,30,12.17,1034.45,1,Steady mid-tier
670,43,35-44,Male,Illinois,Outerwear,Jacket,M,Gray,Spring,89,3.3,False,Yes,True,Free Shipping,Yes,True,Venmo,45,Loyal,Bi-Weekly,14,26.07,2320.23,0,High-value regulars
671,63,55-64,Male,Louisiana,Clothing,Sweater,XL,Purple,Spring,41,4.8,False,Yes,True,Next Day Air,Yes,True,Cash,37,Established,Bi-Weekly,14,26.07,1068.87,1,Steady mid-tier
672,38,35-44,Male,Iowa,Outerwear,Jacket,L,Black,Winter,30,4.7,False,Yes,True,Express,Yes,True,Cash,45,Loyal,Weekly,7,52.14,1564.2,0,High-value regulars
673,59,55-64,Male,Washington,Clothing,Socks,M,Peach,Winter,53,3.3,False,Yes,True,2-Day Shipping,Yes,True,Cash,29,Established,Quarterly,90,4.06,215.18,1,Steady mid-tier
674,35,35-44,Male,Oklahoma,Clothing,Shirt,M,Indigo,Spring,66,4.2,False,Yes,True,Free Shipping,Yes,True,Venmo,27,Established,Bi-Weekly,14,26.07,1720.62,0,High-value regulars
675,48,45-54,Male,Washington,Accessories,Jewelry,XL,Beige,Winter,33,4.7,False,Yes,True,Store Pickup,Yes,True,Bank Transfer,36,Established,Annually,365,1.0,33.0,1,Steady mid-tier
676,64,55-64,Male,Arkansas,Accessories,Sunglasses,M,Yellow,Spring,86,2.6,False,Yes,True,2-Day Shipping,Yes,True,Cash,9,New,Annually,365,1.0,86.0,1,Steady mid-tier
677,28,25-34,Male,Connecticut,Clothing,Pants,M,Peach,Winter,60,2.9,False,Yes,True,2-Day Shipping,Yes,True,Venmo,38,Established,Bi-Weekly,14,26.07,1564.2,0,High-value regulars
678,60,55-64,Male,Washington,Clothing,Socks,S,Turquoise,Summer,62,2.7,False,Yes,True,Express,Yes,True,PayPal,41,Loyal,Annually,365,1.0,62.0,1,Steady mid-tier
679,27,25-34,Male,Maine,Clothing,Blouse,M,Teal,Fall,74,3.3,False,Yes,True,Store Pickup,Yes,True,Debit Card,25,Developing,Every 3 Months,90,4.06,300.44,1,Steady mid-tier
680,56,55-64,Male,Michigan,Footwear,Sandals,M,Turquoise,Fall,95,3.4,False,Yes,True,Express,Yes,True,Venmo,37,Established,Fortnightly,14,26.07,2476.65,0,High-value regulars
681,58,55-64,Male,Tennessee,Footwear,Sneakers,M,Magenta,Spring,25,4.2,False,Yes,True,Express,Yes,True,PayPal,3,New,Annually,365,1.0,25.0,1,Steady mid-tier
682,30,25-34,Male,Louisiana,Clothing,Shirt,XL,Purple,Winter,59,3.8,False,Yes,True,2-Day Shipping,Yes,True,Credit Card,24,Developing,Every 3 Months,90,4.06,239.54,1,Steady mid-tier
683,23,18-24,Male,Missouri,Outerwear,Jacket,M,Brown,Summer,29,4.0,False,Yes,True,Standard,Yes,True,Credit Card,49,Loyal,Bi-Weekly,14,26.07,756.03,1,Steady mid-tier
684,33,25-34,Male,Michigan,Footwear,Sandals,S,Violet,Winter,36,2.7,False,Yes,True,Free Shipping,Yes,True,Bank Transfer,3,New,Monthly,30,12.17,438.12,1,Steady mid-tier
685,63,55-64,Male,Alabama,Accessories,Hat,M,Yellow,Summer,82,4.7,False,Yes,True,Express,Yes,True,Debit Card,42,Loyal,Monthly,30,12.17,997.94,1,Steady mid-tier
686,70,65+,Male,Massachusetts,Clothing,Blouse,XL,Magenta,Winter,71,3.5,False,Yes,True,Standard,Yes,True,Cash,32,Established,Fortnightly,14,26.07,1850.97,0,High-value regulars
687,70,65+,Male,Indiana,Clothing,Sweater,L,Beige,Fall,35,3.0,False,Yes,True,2-Day Shipping,Yes,True,Venmo,33,Established,Fortnightly,14,26.07,912.45,1,Steady mid-tier
688,19,18-24,Male,West Virginia,Accessories,Gloves,XL,Turquoise,Winter,38,3.3,False,Yes,True,Free Shipping,Yes,True,Bank Transfer,46,Loyal,Quarterly,90,4.06,154.28,1,Steady mid-tier
689,25,25-34,Male,Michigan,Accessories,Scarf,S,Peach,Summer,59,4.7,False,Yes,True,Store Pickup,Yes,True,Venmo,44,Loyal,Monthly,30,12.17,718.03,1,Steady mid-tier
690,19,18-24,Male,Pennsylvania,Clothing,Hoodie,M,Orange,Summer,91,4.7,False,Yes,True,Express,Yes,True,Credit Card,35,Established,Every 3 Months,90,4.06,369.46,1,Steady mid-tier
691,25,25-34,Male,Alaska,Clothing,Shorts,XL,Red,Spring,68,4.8,False,Yes,True,Standard,Yes,True,Bank Transfer,45,Loyal,Weekly,7,52.14,3545.52,0,High-value regulars
692,60,55-64,Male,Massachusetts,Accessories,Backpack,L,Silver,Summer,21,2.9,False,Yes,True,Standard,Yes,True,PayPal,37,Established,Bi-Weekly,14,26.07,547.47,1,Steady mid-tier
693,35,35-44,Male,North Dakota,Accessories,Sunglasses,M,Cyan,Spring,95,4.0,False,Yes,True,2-Day Shipping,Yes,True,Debit Card,40,Established,Every 3 Months,90,4.06,385.7,1,Steady mid-tier
694,46,45-54,Male,Vermont,Clothing,Shorts,L,Turquoise,Spring,52,3.1,False,Yes,True,Free Shipping,Yes,True,Cash,30,Established,Every 3 Months,90,4.06,211.12,1,Steady mid-tier
695,41,35-44,Male,Kentucky,Clothing,Dress,S,Charcoal,Fall,21,3.5,False,Yes,True,2-Day Shipping,Yes,True,Venmo,38,Established,Every 3 Months,90,4.06,85.26,1,Steady mid-tier
696,30,25-34,Male,Nevada,Clothing,Shorts,XL,Peach,Summer,67,3.7,False,Yes,True,Next Day Air,Yes,True,Debit Card,15,Developing,Every 3 Months,90,4.06,272.02,1,Steady mid-tier
697,44,35-44,Male,Utah,Accessories,Belt,L,Green,Fall,42,2.8,False,Yes,True,Standard,Yes,True,Cash,49,Loyal,Monthly,30,12.17,511.14,1,Steady mid-tier
698,61,55-64,Male,North Dakota,Accessories,Scarf,XL,Brown,Summer,63,4.6,False,Yes,True,Free Shipping,Yes,True,Debit Card,40,Established,Quarterly,90,4.06,255.78,1,Steady mid-tier
699,55,55-64,Male,Iowa,Footwear,Boots,M,Yellow,Winter,41,3.8,False,Yes,True,Standard,Yes,True,Debit Card,40,Established,Weekly,7,52.14,2137.74,0,High-value regulars
700,50,45-54,Male,Connecticut,Accessories,Handbag,M,Charcoal,Fall,46,2.6,False,Yes,True,2-Day Shipping,Yes,True,PayPal,5,New,Weekly,7,52.14,2398.44,0,High-value regulars
701,57,55-64,Male,Wisconsin,Clothing,Pants,L,Olive,Winter,79,4.1,False,Yes,True,Standard,Yes,True,PayPal,5,New,Monthly,30,12.17,961.43,1,Steady mid-tier
702,51,45-54,Male,Idaho,Footwear,Boots,L,Red,Fall,90,3.3,False,Yes,True,Next Day Air,Yes,True,Debit Card,5,New,Every 3 Months,90,4.06,365.4,1,Steady mid-tier
703,18,18-24,Male,Montana,Clothing,Shirt,M,White,Winter,71,3.4,False,Yes,True,Store Pickup,Yes,True,Cash,1,New,Weekly,7,52.14,3701.94,0,High-value regulars
704,63,55-64,Male,Connecticut,Clothing,Dress,L,Pink,Summer,87,3.0,False,Yes,True,Standard,Yes,True,Venmo,21,Developing,Weekly,7,52.14,4536.18,0,High-value regulars
705,34,25-34,Male,Idaho,Clothing,Hoodie,S,Black,Spring,66,3.2,False,Yes,True,Express,Yes,True,PayPal,18,Developing,Annually,365,1.0,66.0,1,Steady mid-tier
706,25,25-34,Male,Arkansas,Clothing,Pants,XL,Indigo,Summer,90,4.5,False,Yes,True,Free Shipping,Yes,True,Cash,49,Loyal,Quarterly,90,4.06,365.4,1,Steady mid-tier
707,46,45-54,Male,Iowa,Clothing,Jeans,L,Turquoise,Summer,47,4.8,False,Yes,True,Express,Yes,True,Debit Card,27,Established,Weekly,7,52.14,2450.58,0,High-value regulars
708,59,55-64,Male,Louisiana,Clothing,Shirt,L,Purple,Spring,38,3.7,False,Yes,True,Next Day Air,Yes,True,Venmo,21,Developing,Annually,365,1.0,38.0,1,Steady mid-tier
709,37,35-44,Male,Kentucky,Accessories,Backpack,L,Beige,Summer,50,3.4,False,Yes,True,Store Pickup,Yes,True,Cash,19,Developing,Fortnightly,14,26.07,1303.5,1,Steady mid-tier
710,49,45-54,Male,Massachusetts,Outerwear,Jacket,L,Charcoal,Summer,79,4.6,False,Yes,True,Standard,Yes,True,Debit Card,23,Developing,Monthly,30,12.17,961.43,1,Steady mid-tier
711,22,18-24,Male,Virginia,Accessories,Scarf,L,Turquoise,Spring,91,4.1,False,Yes,True,Standard,Yes,True,PayPal,26,Established,Fortnightly,14,26.07,2372.37,0,High-value regulars
712,64,55-64,Male,New Hampshire,Footwear,Boots,M,Maroon,Spring,60,3.5,False,Yes,True,2-Day Shipping,Yes,True,Bank Transfer,13,Developing,Bi-Weekly,14,26.07,1564.2,0,High-value regulars
713,42,35-44,Male,New Hampshire,Clothing,Blouse,XL,Black,Summer,81,3.8,False,Yes,True,Next Day Air,Yes,True,Bank Transfer,36,Established,Quarterly,90,4.06,328.86,1,Steady mid-tier
714,37,35-44,Male,Oregon,Clothing,Hoodie,M,Lavender,Summer,90,2.6,False,Yes,True,Express,Yes,True,Bank Transfer,39,Established,Bi-Weekly,14,26.07,2346.3,0,High-value regulars
715,26,25-34,Male,South Dakota,Outerwear,Jacket,M,Magenta,Fall,70,4.4,False,Yes,True,Store Pickup,Yes,True,Debit Card,40,Established,Fortnightly,14,26.07,1824.9,0,High-value regulars
716,33,25-34,Male,Delaware,Clothing,Jeans,L,Green,Spring,63,2.6,False,Yes,True,Express,Yes,True,Debit Card,37,Established,Quarterly,90,4.06,255.78,1,Steady mid-tier
717,30,25-34,Male,Missouri,Accessories,Jewelry,M,Olive,Spring,29,3.6,False,Yes,True,Express,Yes,True,Venmo,9,New,Bi-Weekly,14,26.07,756.03,1,Steady mid-tier
718,21,18-24,Male,Alaska,Clothing,Socks,L,Green,Spring,90,4.2,False,Yes,True,Express,Yes,True,Venmo,7,New,Every 3 Months,90,4.06,365.4,1,Steady mid-tier
719,22,18-24,Male,Florida,Clothing,Shirt,M,Peach,Summer,22,4.6,False,Yes,True,Standard,Yes,True,Bank Transfer,25,Developing,Annually,365,1.0,22.0,1,Steady mid-tier
720,63,55-64,Male,Mississippi,Clothing,Shorts,L,Turquoise,Summer,22,3.3,False,Yes,True,Next Day Air,Yes,True,Venmo,42,Loyal,Bi-Weekly,14,26.07,573.54,1,Steady mid-tier
721,33,25-34,Male,New Mexico,Accessories,Jewelry,L,Orange,Fall,62,3.4,False,Yes,True,Free Shipping,Yes,True,Debit Card,19,Developing,Weekly,7,52.14,3232.68,0,High-value regulars
722,43,35-44,Male,California,Clothing,Blouse,L,Silver,Summer,57,4.4,False,Yes,True,Next Day Air,Yes,True,Debit Card,41,Loyal,Every 3 Months,90,4.06,231.42,1,Steady mid-tier
723,27,25-34,Male,Wyoming,Clothing,Sweater,S,Blue,Summer,32,4.3,False,Yes,True,Store Pickup,Yes,True,Cash,50,Loyal,Bi-Weekly,14,26.07,834.24,1,Steady mid-tier
724,35,35-44,Male,Missouri,Accessories,Jewelry,L,Cyan,Fall,53,3.5,False,Yes,True,Express,Yes,True,PayPal,43,Loyal,Monthly,30,12.17,645.01,1,Steady mid-tier
725,37,35-44,Male,New Hampshire,Clothing,T-shirt,XL,Green,Fall,79,4.7,False,Yes,True,Store Pickup,Yes,True,Venmo,36,Established,Every 3 Months,90,4.06,320.74,1,Steady mid-tier
726,61,55-64,Male,Texas,Accessories,Hat,L,Silver,Winter,61,3.1,False,Yes,True,Standard,Yes,True,Debit Card,33,Established,Fortnightly,14,26.07,1590.27,0,High-value regulars
727,32,25-34,Male,North Dakota,Clothing,Shorts,L,Yellow,Summer,78,3.6,False,Yes,True,Next Day Air,Yes,True,Bank Transfer,20,Developing,Every 3 Months,90,4.06,316.68,1,Steady mid-tier
728,62,55-64,Male,Arkansas,Clothing,Sweater,S,Gray,Winter,97,4.8,False,Yes,True,Next Day Air,Yes,True,Venmo,37,Established,Every 3 Months,90,4.06,393.82,1,Steady mid-tier
729,29,25-34,Male,Nebraska,Clothing,Jeans,M,Pink,Winter,78,3.7,False,Yes,True,Next Day Air,Yes,True,PayPal,12,Developing,Every 3 Months,90,4.06,316.68,1,Steady mid-tier
730,41,35-44,Male,Minnesota,Accessories,Sunglasses,L,Beige,Summer,56,3.2,False,Yes,True,Express,Yes,True,PayPal,46,Loyal,Every 3 Months,90,4.06,227.36,1,Steady mid-tier
731,48,45-54,Male,Massachusetts,Footwear,Boots,M,Indigo,Summer,25,3.9,False,Yes,True,Standard,Yes,True,Venmo,28,Established,Fortnightly,14,26.07,651.75,1,Steady mid-tier
732,43,35-44,Male,Arkansas,Outerwear,Coat,M,Red,Spring,28,3.5,False,Yes,True,Free Shipping,Yes,True,PayPal,30,Established,Fortnightly,14,26.07,729.96,1,Steady mid-tier
733,34,25-34,Male,New Hampshire,Clothing,Shirt,L,Blue,Spring,57,2.8,False,Yes,True,Express,Yes,True,Cash,28,Established,Bi-Weekly,14,26.07,1485.99,0,High-value regulars
734,45,45-54,Male,Rhode Island,Clothing,Dress,L,Cyan,Fall,36,2.7,False,Yes,True,2-Day Shipping,Yes,True,Debit Card,20,Developing,Bi-Weekly,14,26.07,938.52,1,Steady mid-tier
735,65,65+,Male,New Jersey,Clothing,Shirt,S,Violet,Winter,69,3.1,False,Yes,True,Express,Yes,True,Bank Transfer,39,Established,Every 3 Months,90,4.06,280.14,1,Steady mid-tier
736,61,55-64,Male,Montana,Accessories,Sunglasses,M,Orange,Fall,48,3.6,False,Yes,True,2-Day Shipping,Yes,True,Cash,48,Loyal,Bi-Weekly,14,26.07,1251.36,1,Steady mid-tier
737,18,18-24,Male,Colorado,Clothing,Dress,L,Maroon,Spring,58,2.9,False,Yes,True,2-Day Shipping,Yes,True,Credit Card,32,Established,Every 3 Months,90,4.06,235.48,1,Steady mid-tier
738,47,45-54,Male,Nebraska,Accessories,Sunglasses,M,Teal,Spring,24,3.6,False,Yes,True,Store Pickup,Yes,True,PayPal,28,Established,Annually,365,1.0,24.0,1,Steady mid-tier
739,56,55-64,Male,Minnesota,Accessories,Sunglasses,L,Orange,Winter,31,3.5,False,Yes,True,2-Day Shipping,Yes,True,Venmo,27,Established,Quarterly,90,4.06,125.86,1,Steady mid-tier
740,64,55-64,Male,Minnesota,Clothing,Shorts,S,Purple,Summer,29,3.5,False,Yes,True,Free Shipping,Yes,True,Venmo,26,Established,Bi-Weekly,14,26.07,756.03,1,Steady mid-tier
741,26,25-34,Male,South Dakota,Clothing,Jeans,M,Orange,Summer,69,2.8,False,Yes,True,Next Day Air,Yes,True,Credit Card,22,Developing,Fortnightly,14,26.07,1798.83,0,High-value regulars
742,22,18-24,Male,West Virginia,Clothing,T-shirt,XL,Yellow,Summer,79,4.7,False,Yes,True,Free Shipping,Yes,True,Bank Transfer,23,Developing,Every 3 Months,90,4.06,320.74,1,Steady mid-tier
743,64,55-64,Male,Nevada,Clothing,Pants,M,Charcoal,Summer,39,3.1,False,Yes,True,Express,Yes,True,Debit Card,21,Developing,Quarterly,90,4.06,158.34,1,Steady mid-tier
744,21,18-24,Male,North Carolina,Accessories,Sunglasses,L,Gray,Fall,84,4.9,False,Yes,True,Free Shipping,Yes,True,Cash,36,Established,Weekly,7,52.14,4379.76,0,High-value regulars
745,67,65+,Male,Illinois,Footwear,Boots,S,Charcoal,Spring,66,4.1,False,Yes,True,Next Day Air,Yes,True,Debit Card,42,Loyal,Bi-Weekly,14,26.07,1720.62,0,High-value regulars
746,46,45-54,Male,Michigan,Clothing,T-shirt,L,Orange,Fall,92,4.7,False,Yes,True,Standard,Yes,True,Venmo,4,New,Monthly,30,12.17,1119.64,1,Steady mid-tier
747,40,35-44,Male,Michigan,Footwear,Sandals,M,Red,Winter,45,2.5,False,Yes,True,Free Shipping,Yes,True,Credit Card,47,Loyal,Annually,365,1.0,45.0,1,Steady mid-tier
748,51,45-54,Male,Oklahoma,Clothing,Shorts,L,Gold,Spring,74,4.4,False,Yes,True,Next Day Air,Yes,True,Bank Transfer,13,Developing,Weekly,7,52.14,3858.36,0,High-value regulars
749,35,35-44,Male,South Dakota,Accessories,Hat,L,Brown,Fall,39,3.9,False,Yes,True,Free Shipping,Yes,True,Bank Transfer,8,New,Quarterly,90,4.06,158.34,1,Steady mid-tier
750,56,55-64,Male,Oklahoma,Accessories,Scarf,M,Olive,Winter,71,3.7,False,Yes,True,Standard,Yes,True,Debit Card,11,Developing,Quarterly,90,4.06,288.26,1,Steady mid-tier
751,25,25-34,Male,Maryland,Clothing,T-shirt,L,Violet,Fall,95,3.4,False,Yes,True,Free Shipping,Yes,True,Venmo,5,New,Annually,365,1.0,95.0,1,Steady mid-tier
752,65,65+,Male,Ohio,Accessories,Gloves,L,Indigo,Fall,72,4.8,False,Yes,True,Free Shipping,Yes,True,Credit Card,1,New,Monthly,30,12.17,876.24,1,Steady mid-tier
753,39,35-44,Male,Ohio,Accessories,Scarf,L,Yellow,Fall,85,4.2,False,Yes,True,2-Day Shipping,Yes,True,PayPal,17,Developing,Every 3 Months,90,4.06,345.1,1,Steady mid-tier
754,47,45-54,Male,Massachusetts,Footwear,Boots,M,Teal,Fall,54,3.4,False,Yes,True,Store Pickup,Yes,True,Venmo,27,Established,Quarterly,90,4.06,219.24,1,Steady mid-tier
755,36,35-44,Male,North Carolina,Accessories,Gloves,L,Pink,Spring,41,2.9,False,Yes,True,Store Pickup,Yes,True,Debit Card,3,New,Quarterly,90,4.06,166.46,1,Steady mid-tier
756,66,65+,Male,Florida,Outerwear,Coat,M,Violet,Spring,24,3.3,False,Yes,True,Free Shipping,Yes,True,PayPal,22,Developing,Weekly,7,52.14,1251.36,0,High-value regulars
757,62,55-64,Male,Montana,Accessories,Belt,S,Orange,Summer,99,4.8,False,Yes,True,Standard,Yes,True,Cash,24,Developing,Fortnightly,14,26.07,2580.93,0,High-value regulars
758,41,35-44,Male,Minnesota,Clothing,Hoodie,M,Red,Fall,32,3.8,False,Yes,True,Store Pickup,Yes,True,Debit Card,18,Developing,Quarterly,90,4.06,129.92,1,Steady mid-tier
759,66,65+,Male,Massachusetts,Footwear,Shoes,L,Peach,Summer,71,4.6,False,Yes,True,2-Day Shipping,Yes,True,Bank Transfer,39,Established,Every 3 Months,90,4.06,288.26,1,Steady mid-tier
760,51,45-54,Male,Rhode Island,Clothing,Dress,XL,Green,Winter,49,2.6,False,Yes,True,Next Day Air,Yes,True,Credit Card,25,Developing,Fortnightly,14,26.07,1277.43,1,Steady mid-tier
761,33,25-34,Male,Minnesota,Accessories,Gloves,XL,Violet,Fall,50,3.4,False,Yes,True,Free Shipping,Yes,True,Cash,6,New,Annually,365,1.0,50.0,1,Steady mid-tier
762,57,55-64,Male,Nevada,Accessories,Jewelry,L,Yellow,Fall,91,4.2,False,Yes,True,Express,Yes,True,Bank Transfer,26,Established,Weekly,7,52.14,4744.74,0,High-value regulars
763,45,45-54,Male,New Mexico,Accessories,Belt,M,Pink,Fall,46,3.9,False,Yes,True,Standard,Yes,True,Debit Card,43,Loyal,Fortnightly,14,26.07,1199.22,1,Steady mid-tier
764,61,55-64,Male,North Carolina,Clothing,Sweater,M,Brown,Spring,50,2.9,False,Yes,True,2-Day Shipping,Yes,True,Credit Card,6,New,Monthly,30,12.17,608.5,1,Steady mid-tier
765,55,55-64,Male,Virginia,Clothing,Skirt,XL,Silver,Fall,39,4.2,False,Yes,True,Free Shipping,Yes,True,Debit Card,6,New,Quarterly,90,4.06,158.34,1,Steady mid-tier
766,54,45-54,Male,Alaska,Footwear,Sneakers,M,Pink,Summer,99,3.0,False,Yes,True,Store Pickup,Yes,True,Cash,13,Developing,Quarterly,90,4.06,401.94,1,Steady mid-tier
767,57,55-64,Male,Nevada,Accessories,Gloves,M,Cyan,Winter,48,3.6,False,Yes,True,Next Day Air,Yes,True,PayPal,13,Developing,Monthly,30,12.17,584.16,1,Steady mid-tier
768,27,25-34,Male,Pennsylvania,Outerwear,Coat,M,Brown,Fall,77,2.5,False,Yes,True,Next Day Air,Yes,True,Cash,11,Developing,Annually,365,1.0,77.0,1,Steady mid-tier
769,64,55-64,Male,Illinois,Accessories,Backpack,XL,Red,Spring,95,2.6,False,Yes,True,Express,Yes,True,Venmo,45,Loyal,Weekly,7,52.14,4953.3,0,High-value regulars
770,52,45-54,Male,Delaware,Clothing,Socks,M,Silver,Spring,100,4.3,False,Yes,True,Store Pickup,Yes,True,PayPal,8,New,Monthly,30,12.17,1217.0,1,Steady mid-tier
771,19,18-24,Male,Vermont,Footwear,Sneakers,M,Gray,Spring,54,3.3,False,Yes,True,Express,Yes,True,Credit Card,8,New,Annually,365,1.0,54.0,1,Steady mid-tier
772,22,18-24,Male,Hawaii,Clothing,Sweater,L,Cyan,Fall,68,2.6,False,Yes,True,Next Day Air,Yes,True,Bank Transfer,34,Established,Fortnightly,14,26.07,1772.76,0,High-value regulars
773,18,18-24,Male,Illinois,Clothing,Jeans,L,Teal,Fall,22,3.6,False,Yes,True,Free Shipping,Yes,True,Debit Card,40,Established,Bi-Weekly,14,26.07,573.54,1,Steady mid-tier
774,29,25-34,Male,California,Accessories,Hat,L,Indigo,Winter,84,2.6,False,Yes,True,Express,Yes,True,Debit Card,14,Developing,Bi-Weekly,14,26.07,2189.88,0,High-value regulars
775,42,35-44,Male,Nevada,Accessories,Hat,M,Yellow,Summer,46,3.5,False,Yes,True,Standard,Yes,True,Credit Card,11,Developing,Quarterly,90,4.06,186.76,1,Steady mid-tier
776,49,45-54,Male,Kentucky,Accessories,Handbag,S,Gold,Winter,53,3.0,False,Yes,True,Store Pickup,Yes,True,PayPal,8,New,Monthly,30,12.17,645.01,1,Steady mid-tier
777,49,45-54,Male,Alabama,Clothing,Shirt,M,Maroon,Spring,60,5.0,False,Yes,True,Standard,Yes,True,Venmo,8,New,Every 3 Months,90,4.06,243.6,1,Steady mid-tier
778,55,55-64,Male,Wyoming,Clothing,Socks,XL,Silver,Spring,32,2.5,False,Yes,True,Express,Yes,True,Venmo,37,Established,Weekly,7,52.14,1668.48,0,High-value regulars
779,29,25-34,Male,Massachusetts,Clothing,Socks,M,Yellow,Summer,50,2.9,False,Yes,True,Store Pickup,Yes,True,Debit Card,23,Developing,Annually,365,1.0,50.0,1,Steady mid-tier
780,60,55-64,Male,Utah,Clothing,Dress,M,Blue,Spring,94,4.6,False,Yes,True,Express,Yes,True,Cash,38,Established,Annually,365,1.0,94.0,1,Steady mid-tier
781,34,25-34,Male,New York,Footwear,Shoes,M,Turquoise,Spring,26,3.6,False,Yes,True,Free Shipping,Yes,True,Cash,38,Established,Quarterly,90,4.06,105.56,1,Steady mid-tier
782,30,25-34,Male,Vermont,Accessories,Scarf,L,Indigo,Winter,44,3.0,False,Yes,True,Store Pickup,Yes,True,Credit Card,12,Developing,Fortnightly,14,26.07,1147.08,1,Steady mid-tier
783,28,25-34,Male,Hawaii,Clothing,Hoodie,M,Green,Summer,57,4.5,False,Yes,True,Standard,Yes,True,Cash,15,Developing,Weekly,7,52.14,2971.98,0,High-value regulars
784,63,55-64,Male,Louisiana,Clothing,T-shirt,L,Purple,Winter,65,4.5,False,Yes,True,Next Day Air,Yes,True,PayPal,38,Established,Fortnightly,14,26.07,1694.55,0,High-value regulars
785,31,25-34,Male,Alabama,Clothing,Jeans,M,Peach,Winter,72,3.2,False,Yes,True,Store Pickup,Yes,True,Bank Transfer,41,Loyal,Every 3 Months,90,4.06,292.32,1,Steady mid-tier
786,46,45-54,Male,Louisiana,Clothing,Shorts,S,Purple,Spring,62,4.0,False,Yes,True,Next Day Air,Yes,True,PayPal,37,Established,Fortnightly,14,26.07,1616.34,0,High-value regulars
787,70,65+,Male,Indiana,Accessories,Hat,S,Teal,Winter,21,4.8,False,Yes,True,Express,Yes,True,Bank Transfer,16,Developing,Every 3 Months,90,4.06,85.26,1,Steady mid-tier
788,53,45-54,Male,Michigan,Accessories,Handbag,S,Green,Spring,85,3.7,False,Yes,True,Free Shipping,Yes,True,Venmo,25,Developing,Weekly,7,52.14,4431.9,0,High-value regulars
789,50,45-54,Male,Rhode Island,Clothing,Pants,XL,Yellow,Summer,51,3.8,False,Yes,True,Store Pickup,Yes,True,Bank Transfer,18,Developing,Quarterly,90,4.06,207.06,1,Steady mid-tier
790,33,25-34,Male,Idaho,Accessories,Handbag,S,Purple,Fall,84,2.7,False,Yes,True,Standard,Yes,True,Credit Card,4,New,Bi-Weekly,14,26.07,2189.88,0,High-value regulars
791,22,18-24,Male,Louisiana,Clothing,Sweater,M,Indigo,Summer,37,4.9,False,Yes,True,Store Pickup,Yes,True,Bank Transfer,12,Developing,Quarterly,90,4.06,150.22,1,Steady mid-tier
792,50,45-54,Male,North Carolina,Accessories,Scarf,S,Magenta,Summer,44,3.1,False,Yes,True,2-Day Shipping,Yes,True,PayPal,35,Established,Fortnightly,14,26.07,1147.08,1,Steady mid-tier
793,34,25-34,Male,New Jersey,Footwear,Sneakers,M,Violet,Spring,45,4.2,False,Yes,True,Next Day Air,Yes,True,Venmo,45,Loyal,Weekly,7,52.14,2346.3,0,High-value regulars
794,24,18-24,Male,Alabama,Clothing,Pants,L,Maroon,Summer,35,3.8,False,Yes,True,Free Shipping,Yes,True,Credit Card,16,Developing,Monthly,30,12.17,425.95,1,Steady mid-tier
795,69,65+,Male,Kentucky,Accessories,Backpack,XL,Yellow,Winter,50,4.2,False,Yes,True,Store Pickup,Yes,True,Debit Card,10,New,Fortnightly,14,26.07,1303.5,1,Steady mid-tier
796,39,35-44,Male,New York,Footwear,Sandals,M,Beige,Summer,26,4.6,False,Yes,True,Store Pickup,Yes,True,Venmo,34,Established,Annually,365,1.0,26.0,1,Steady mid-tier
797,42,35-44,Male,Arizona,Clothing,Socks,XL,Black,Fall,78,4.0,False,Yes,True,2-Day Shipping,Yes,True,Credit Card,43,Loyal,Annually,365,1.0,78.0,1,Steady mid-tier
798,42,35-44,Male,Maryland,Outerwear,Coat,M,Violet,Fall,82,4.0,False,Yes,True,2-Day Shipping,Yes,True,Debit Card,38,Established,Weekly,7,52.14,4275.48,0,High-value regulars
799,29,25-34,Male,Alaska,Clothing,Socks,M,Violet,Spring,39,3.8,False,Yes,True,2-Day Shipping,Yes,True,PayPal,48,Loyal,Every 3 Months,90,4.06,158.34,1,Steady mid-tier
800,55,55-64,Male,Nevada,Accessories,Belt,L,Brown,Summer,55,3.8,True,Yes,True,Free Shipping,Yes,True,PayPal,31,Established,Annually,365,1.0,55.0,1,Steady mid-tier
801,32,25-34,Male,Utah,Clothing,Socks,S,Gold,Summer,20,2.6,False,Yes,True,Free Shipping,Yes,True,Cash,20,Developing,Every 3 Months,90,4.06,81.2,1,Steady mid-tier
802,25,25-34,Male,New Mexico,Accessories,Belt,L,Blue,Fall,29,4.9,False,Yes,True,Express,Yes,True,Credit Card,12,Developing,Fortnightly,14,26.07,756.03,1,Steady mid-tier
803,38,35-44,Male,Delaware,Clothing,Pants,M,Teal,Winter,41,3.5,False,Yes,True,Next Day Air,Yes,True,Bank Transfer,2,New,Weekly,7,52.14,2137.74,0,High-value regulars
804,32,25-34,Male,Connecticut,Clothing,Shorts,L,Silver,Winter,38,2.8,False,Yes,True,Express,Yes,True,Venmo,30,Established,Every 3 Months,90,4.06,154.28,1,Steady mid-tier
805,43,35-44,Male,Mississippi,Footwear,Boots,M,Maroon,Summer,47,2.6,False,Yes,True,Store Pickup,Yes,True,Venmo,28,Established,Quarterly,90,4.06,190.82,1,Steady mid-tier
806,41,35-44,Male,Connecticut,Clothing,Dress,L,White,Summer,30,3.7,False,Yes,True,Next Day Air,Yes,True,Debit Card,40,Established,Monthly,30,12.17,365.1,1,Steady mid-tier
807,56,55-64,Male,Florida,Clothing,Jeans,L,Charcoal,Summer,56,2.7,False,Yes,True,Standard,Yes,True,PayPal,46,Loyal,Quarterly,90,4.06,227.36,1,Steady mid-tier
808,27,25-34,Male,New York,Clothing,T-shirt,S,Brown,Winter,89,3.3,False,Yes,True,Express,Yes,True,Credit Card,15,Developing,Weekly,7,52.14,4640.46,0,High-value regulars
809,46,45-54,Male,Wisconsin,Footwear,Shoes,L,Lavender,Fall,96,4.6,False,Yes,True,Next Day Air,Yes,True,Cash,38,Established,Every 3 Months,90,4.06,389.76,1,Steady mid-tier
810,48,45-54,Male,South Carolina,Footwear,Boots,M,Violet,Fall,81,4.9,False,Yes,True,Next Day Air,Yes,True,PayPal,30,Established,Bi-Weekly,14,26.07,2111.67,0,High-value regulars
811,52,45-54,Male,South Dakota,Accessories,Scarf,S,Lavender,Fall,83,4.9,False,Yes,True,Store Pickup,Yes,True,Debit Card,32,Established,Bi-Weekly,14,26.07,2163.81,0,High-value regulars
812,18,18-24,Male,Illinois,Footwear,Sneakers,M,Green,Winter,35,2.7,False,Yes,True,Free Shipping,Yes,True,Venmo,36,Established,Quarterly,90,4.06,142.1,1,Steady mid-tier
813,64,55-64,Male,Alaska,Footwear,Boots,M,Olive,Summer,56,3.2,False,Yes,True,Standard,Yes,True,Credit Card,32,Established,Weekly,7,52.14,2919.84,0,High-value regulars
814,54,45-54,Male,Montana,Accessories,Handbag,S,Olive,Summer,45,2.9,False,Yes,True,Store Pickup,Yes,True,Debit Card,14,Developing,Annually,365,1.0,45.0,1,Steady mid-tier
815,31,25-34,Male,Minnesota,Clothing,Shirt,M,Pink,Winter,62,3.8,False,Yes,True,Express,Yes,True,PayPal,8,New,Monthly,30,12.17,754.54,1,Steady mid-tier
816,30,25-34,Male,West Virginia,Accessories,Hat,L,Teal,Spring,84,3.0,False,Yes,True,Next Day Air,Yes,True,Venmo,27,Established,Bi-Weekly,14,26.07,2189.88,0,High-value regulars
817,26,25-34,Male,Illinois,Clothing,Sweater,L,Cyan,Summer,24,3.9,False,Yes,True,Store Pickup,Yes,True,Debit Card,24,Developing,Monthly,30,12.17,292.08,1,Steady mid-tier
818,25,25-34,Male,Nevada,Accessories,Handbag,S,Gray,Spring,21,4.7,False,Yes,True,Store Pickup,Yes,True,PayPal,30,Established,Fortnightly,14,26.07,547.47,1,Steady mid-tier
819,59,55-64,Male,Idaho,Clothing,Shirt,M,Peach,Winter,91,4.9,False,Yes,True,Store Pickup,Yes,True,Debit Card,34,Established,Monthly,30,12.17,1107.47,1,Steady mid-tier
820,55,55-64,Male,Colorado,Accessories,Sunglasses,S,Teal,Winter,36,4.8,False,Yes,True,Next Day Air,Yes,True,Debit Card,28,Established,Quarterly,90,4.06,146.16,1,Steady mid-tier
821,56,55-64,Male,Louisiana,Footwear,Sneakers,M,Turquoise,Spring,39,2.5,False,Yes,True,2-Day Shipping,Yes,True,Debit Card,27,Established,Monthly,30,12.17,474.63,1,Steady mid-tier
822,62,55-64,Male,Vermont,Clothing,Hoodie,M,Green,Spring,39,3.9,False,Yes,True,Standard,Yes,True,Credit Card,31,Established,Bi-Weekly,14,26.07,1016.73,1,Steady mid-tier
823,35,35-44,Male,Mississippi,Clothing,Shirt,L,Magenta,Winter,59,3.4,False,Yes,True,Standard,Yes,True,Bank Transfer,23,Developing,Annually,365,1.0,59.0,1,Steady mid-tier
824,51,45-54,Male,Georgia,Accessories,Sunglasses,M,Green,Winter,27,2.5,False,Yes,True,Free Shipping,Yes,True,Credit Card,11,Developing,Quarterly,90,4.06,109.62,1,Steady mid-tier
825,61,55-64,Male,Georgia,Clothing,Blouse,M,White,Spring,94,3.0,False,Yes,True,Store Pickup,Yes,True,Cash,48,Loyal,Quarterly,90,4.06,381.64,1,Steady mid-tier
826,27,25-34,Male,Nebraska,Accessories,Belt,XL,Brown,Fall,94,3.6,False,Yes,True,Next Day Air,Yes,True,Cash,17,Developing,Monthly,30,12.17,1143.98,1,Steady mid-tier
827,54,45-54,Male,Massachusetts,Clothing,Dress,M,Purple,Winter,94,3.6,False,Yes,True,Standard,Yes,True,PayPal,36,Established,Weekly,7,52.14,4901.16,0,High-value regulars
828,31,25-34,Male,Colorado,Footwear,Shoes,S,Green,Fall,51,4.1,False,Yes,True,Free Shipping,Yes,True,Bank Transfer,33,Established,Fortnightly,14,26.07,1329.57,1,Steady mid-tier
829,24,18-24,Male,Nevada,Clothing,Socks,M,Peach,Fall,62,3.7,False,Yes,True,2-Day Shipping,Yes,True,PayPal,27,Established,Bi-Weekly,14,26.07,1616.34,0,High-value regulars
830,42,35-44,Male,Idaho,Clothing,Socks,S,Silver,Spring,57,3.7,True,Yes,True,2-Day Shipping,Yes,True,Credit Card,14,Developing,Fortnightly,14,26.07,1485.99,0,High-value regulars
831,41,35-44,Male,Wyoming,Clothing,Shorts,M,Maroon,Fall,76,4.2,False,Yes,True,Express,Yes,True,Credit Card,5,New,Annually,365,1.0,76.0,1,Steady mid-tier
832,66,65+,Male,Washington,Accessories,Gloves,M,Red,Summer,63,4.3,False,Yes,True,Express,Yes,True,Cash,47,Loyal,Every 3 Months,90,4.06,255.78,1,Steady mid-tier
833,58,55-64,Male,California,Outerwear,Jacket,L,Blue,Fall,80,2.5,False,Yes,True,Express,Yes,True,Cash,28,Established,Bi-Weekly,14,26.07,2085.6,0,High-value regulars
834,43,35-44,Male,Oklahoma,Accessories,Handbag,M,Purple,Fall,68,3.5,False,Yes,True,Standard,Yes,True,Credit Card,11,Developing,Annually,365,1.0,68.0,1,Steady mid-tier
835,52,45-54,Male,Nevada,Accessories,Backpack,M,Indigo,Summer,89,3.1,False,Yes,True,Free Shipping,Yes,True,Credit Card,18,Developing,Weekly,7,52.14,4640.46,0,High-value regulars
836,35,35-44,Male,Maryland,Footwear,Boots,L,Indigo,Summer,26,2.5,False,Yes,True,Next Day Air,Yes,True,Debit Card,21,Developing,Weekly,7,52.14,1355.64,0,High-value regulars
837,23,18-24,Male,West Virginia,Accessories,Gloves,L,Violet,Winter,90,3.9,False,Yes,True,Store Pickup,Yes,True,Cash,22,Developing,Bi-Weekly,14,26.07,2346.3,0,High-value regulars
838,25,25-34,Male,Illinois,Clothing,Hoodie,L,Brown,Spring,28,4.9,False,Yes,True,Express,Yes,True,Cash,33,Established,Every 3 Months,90,4.06,113.68,1,Steady mid-tier
839,33,25-34,Male,Kentucky,Outerwear,Coat,M,Gray,Spring,29,4.3,False,Yes,True,Express,Yes,True,Credit Card,49,Loyal,Annually,365,1.0,29.0,1,Steady mid-tier
840,48,45-54,Male,Illinois,Clothing,Shirt,L,Teal,Spring,31,2.6,False,Yes,True,Free Shipping,Yes,True,Debit Card,10,New,Every 3 Months,90,4.06,125.86,1,Steady mid-tier
841,42,35-44,Male,Alabama,Clothing,Shirt,L,Teal,Summer,24,4.2,False,Yes,True,2-Day Shipping,Yes,True,PayPal,18,Developing,Weekly,7,52.14,1251.36,0,High-value regulars
842,55,55-64,Male,Texas,Clothing,Sweater,M,Beige,Summer,88,2.6,False,Yes,True,Store Pickup,Yes,True,PayPal,28,Established,Fortnightly,14,26.07,2294.16,0,High-value regulars
843,59,55-64,Male,Missouri,Clothing,Shirt,M,Violet,Spring,87,3.6,False,Yes,True,Express,Yes,True,PayPal,25,Developing,Weekly,7,52.14,4536.18,0,High-value regulars
844,65,65+,Male,Pennsylvania,Clothing,Hoodie,S,Beige,Summer,80,3.2,False,Yes,True,Express,Yes,True,PayPal,6,New,Weekly,7,52.14,4171.2,0,High-value regulars
845,59,55-64,Male,Missouri,Footwear,Sandals,L,Purple,Winter,48,4.4,False,Yes,True,Express,Yes,True,Venmo,44,Loyal,Bi-Weekly,14,26.07,1251.36,1,Steady mid-tier
846,31,25-34,Male,Michigan,Accessories,Belt,XL,Charcoal,Winter,21,3.7,False,Yes,True,Standard,Yes,True,Venmo,30,Established,Monthly,30,12.17,255.57,1,Steady mid-tier
847,49,45-54,Male,Kentucky,Footwear,Boots,M,Pink,Spring,72,3.7,False,Yes,True,Express,Yes,True,Debit Card,42,Loyal,Quarterly,90,4.06,292.32,1,Steady mid-tier
848,53,45-54,Male,New Jersey,Clothing,Hoodie,L,Blue,Fall,44,4.1,False,Yes,True,Standard,Yes,True,PayPal,30,Established,Monthly,30,12.17,535.48,1,Steady mid-tier
849,48,45-54,Male,Delaware,Footwear,Sandals,M,Lavender,Fall,73,3.6,False,Yes,True,Store Pickup,Yes,True,Credit Card,33,Established,Bi-Weekly,14,26.07,1903.11,0,High-value regulars
850,23,18-24,Male,Missouri,Clothing,Jeans,S,Charcoal,Spring,61,4.3,False,Yes,True,Express,Yes,True,PayPal,24,Developing,Quarterly,90,4.06,247.66,1,Steady mid-tier
851,68,65+,Male,Connecticut,Footwear,Shoes,L,Turquoise,Winter,20,2.6,False,Yes,True,Store Pickup,Yes,True,Venmo,13,Developing,Monthly,30,12.17,243.4,1,Steady mid-tier
852,35,35-44,Male,Massachusetts,Footwear,Sandals,M,Red,Summer,86,2.9,False,Yes,True,Express,Yes,True,Debit Card,19,Developing,Monthly,30,12.17,1046.62,1,Steady mid-tier
853,34,25-34,Male,Florida,Clothing,Dress,L,Yellow,Spring,60,4.2,False,Yes,True,Next Day Air,Yes,True,Debit Card,23,Developing,Every 3 Months,90,4.06,243.6,1,Steady mid-tier
854,62,55-64,Male,Delaware,Accessories,Hat,L,Orange,Winter,43,4.0,False,Yes,True,Free Shipping,Yes,True,Cash,35,Established,Monthly,30,12.17,523.31,1,Steady mid-tier
855,21,18-24,Male,California,Clothing,Pants,L,Blue,Spring,44,4.3,False,Yes,True,Free Shipping,Yes,True,Venmo,22,Developing,Monthly,30,12.17,535.48,1,Steady mid-tier
856,70,65+,Male,Oregon,Clothing,Socks,L,Gold,Spring,76,3.0,False,Yes,True,2-Day Shipping,Yes,True,Credit Card,14,Developing,Quarterly,90,4.06,308.56,1,Steady mid-tier
857,55,55-64,Male,Alaska,Clothing,Shirt,M,Gold,Summer,33,3.5,False,Yes,True,Express,Yes,True,Debit Card,47,Loyal,Fortnightly,14,26.07,860.31,1,Steady mid-tier
858,43,35-44,Male,Missouri,Clothing,Shorts,L,Cyan,Fall,60,3.0,False,Yes,True,Standard,Yes,True,Debit Card,50,Loyal,Every 3 Months,90,4.06,243.6,1,Steady mid-tier
859,19,18-24,Male,Oklahoma,Outerwear,Jacket,L,Olive,Fall,26,3.1,False,Yes,True,Free Shipping,Yes,True,PayPal,33,Established,Weekly,7,52.14,1355.64,0,High-value regulars
860,47,45-54,Male,Wisconsin,Clothing,Hoodie,M,Teal,Winter,73,4.0,False,Yes,True,Next Day Air,Yes,True,Debit Card,7,New,Monthly,30,12.17,888.41,1,Steady mid-tier
861,26,25-34,Male,South Carolina,Footwear,Shoes,M,Maroon,Spring,87,4.1,False,Yes,True,Standard,Yes,True,Cash,3,New,Monthly,30,12.17,1058.79,1,Steady mid-tier
862,46,45-54,Male,Virginia,Clothing,Skirt,XL,Green,Spring,100,3.7,True,Yes,True,2-Day Shipping,Yes,True,Credit Card,35,Established,Every 3 Months,90,4.06,406.0,1,Steady mid-tier
863,19,18-24,Male,Arkansas,Outerwear,Coat,M,Charcoal,Winter,84,4.9,False,Yes,True,Standard,Yes,True,PayPal,13,Developing,Fortnightly,14,26.07,2189.88,0,High-value regulars
864,49,45-54,Male,Vermont,Footwear,Sneakers,M,Cyan,Summer,41,3.9,False,Yes,True,Standard,Yes,True,PayPal,42,Loyal,Fortnightly,14,26.07,1068.87,1,Steady mid-tier
865,51,45-54,Male,Kentucky,Clothing,Jeans,S,Charcoal,Winter,59,3.9,False,Yes,True,Next Day Air,Yes,True,PayPal,5,New,Annually,365,1.0,59.0,1,Steady mid-tier
866,64,55-64,Male,Colorado,Clothing,Blouse,L,Charcoal,Winter,26,4.8,False,Yes,True,Store Pickup,Yes,True,Venmo,23,Developing,Annually,365,1.0,26.0,1,Steady mid-tier
867,67,65+,Male,New Mexico,Accessories,Sunglasses,M,Lavender,Summer,69,2.7,False,Yes,True,Free Shipping,Yes,True,PayPal,11,Developing,Bi-Weekly,14,26.07,1798.83,0,High-value regulars
868,37,35-44,Male,Colorado,Outerwear,Jacket,M,Turquoise,Spring,20,3.1,False,Yes,True,Free Shipping,Yes,True,Bank Transfer,23,Developing,Fortnightly,14,26.07,521.4,1,Steady mid-tier
869,40,35-44,Male,North Carolina,Clothing,Dress,M,Green,Summer,83,3.2,False,Yes,True,Next Day Air,Yes,True,Credit Card,2,New,Every 3 Months,90,4.06,336.98,1,Steady mid-tier
870,38,35-44,Male,New Hampshire,Accessories,Hat,M,Silver,Spring,54,2.7,False,Yes,True,2-Day Shipping,Yes,True,PayPal,33,Established,Weekly,7,52.14,2815.56,0,High-value regulars
871,66,65+,Male,West Virginia,Clothing,Hoodie,M,Blue,Fall,66,2.5,False,Yes,True,Standard,Yes,True,Bank Transfer,6,New,Bi-Weekly,14,26.07,1720.62,0,High-value regulars
872,47,45-54,Male,Hawaii,Accessories,Handbag,M,Charcoal,Spring,42,2.6,False,Yes,True,Next Day Air,Yes,True,Debit Card,45,Loyal,Quarterly,90,4.06,170.52,1,Steady mid-tier
873,56,55-64,Male,North Dakota,Clothing,Jeans,M,Pink,Spring,33,2.9,False,Yes,True,Standard,Yes,True,Cash,25,Developing,Quarterly,90,4.06,133.98,1,Steady mid-tier
874,51,45-54,Male,Mississippi,Footwear,Boots,M,Pink,Summer,77,4.2,False,Yes,True,Free Shipping,Yes,True,Venmo,24,Developing,Quarterly,90,4.06,312.62,1,Steady mid-tier
875,25,25-34,Male,Maine,Outerwear,Jacket,M,Magenta,Fall,65,4.4,False,Yes,True,Free Shipping,Yes,True,Venmo,10,New,Every 3 Months,90,4.06,263.9,1,Steady mid-tier
876,37,35-44,Male,North Dakota,Footwear,Sandals,L,Gray,Summer,39,4.1,False,Yes,True,Free Shipping,Yes,True,Bank Transfer,7,New,Every 3 Months,90,4.06,158.34,1,Steady mid-tier
877,41,35-44,Male,Nebraska,Accessories,Belt,L,Gray,Summer,51,3.8,False,Yes,True,2-Day Shipping,Yes,True,Debit Card,1,New,Weekly,7,52.14,2659.14,0,High-value regulars
878,64,55-64,Male,Nebraska,Accessories,Handbag,M,Orange,Winter,65,4.9,False,Yes,True,Next Day Air,Yes,True,Venmo,45,Loyal,Every 3 Months,90,4.06,263.9,1,Steady mid-tier
879,23,18-24,Male,Tennessee,Accessories,Sunglasses,S,Black,Summer,89,4.9,False,Yes,True,Express,Yes,True,Debit Card,37,Established,Weekly,7,52.14,4640.46,0,High-value regulars
880,62,55-64,Male,Wyoming,Clothing,Skirt,S,Lavender,Spring,76,4.1,False,Yes,True,Free Shipping,Yes,True,PayPal,14,Developing,Quarterly,90,4.06,308.56,1,Steady mid-tier
881,39,35-44,Male,Nevada,Accessories,Backpack,L,Red,Spring,75,3.1,False,Yes,True,Express,Yes,True,Debit Card,25,Developing,Monthly,30,12.17,912.75,1,Steady mid-tier
882,52,45-54,Male,South Carolina,Footwear,Sandals,M,Silver,Summer,61,2.7,False,Yes,True,Next Day Air,Yes,True,Venmo,18,Developing,Annually,365,1.0,61.0,1,Steady mid-tier
883,50,45-54,Male,Virginia,Footwear,Boots,M,Cyan,Fall,35,3.8,False,Yes,True,Next Day Air,Yes,True,Cash,37,Established,Every 3 Months,90,4.06,142.1,1,Steady mid-tier
884,28,25-34,Male,Pennsylvania,Footwear,Sneakers,S,Gold,Fall,37,4.3,False,Yes,True,Free Shipping,Yes,True,Bank Transfer,30,Established,Monthly,30,12.17,450.29,1,Steady mid-tier
885,67,65+,Male,Hawaii,Clothing,Skirt,L,Yellow,Winter,91,4.1,False,Yes,True,Express,Yes,True,Bank Transfer,34,Established,Weekly,7,52.14,4744.74,0,High-value regulars
886,41,35-44,Male,Ohio,Clothing,Dress,L,Purple,Fall,99,4.4,False,Yes,True,Free Shipping,Yes,True,Debit Card,49,Loyal,Every 3 Months,90,4.06,401.94,1,Steady mid-tier
887,19,18-24,Male,Utah,Clothing,Shorts,S,Brown,Summer,54,3.6,False,Yes,True,Express,Yes,True,Bank Transfer,48,Loyal,Monthly,30,12.17,657.18,1,Steady mid-tier
888,70,65+,Male,Minnesota,Accessories,Handbag,L,Turquoise,Winter,47,3.3,False,Yes,True,2-Day Shipping,Yes,True,PayPal,33,Established,Fortnightly,14,26.07,1225.29,1,Steady mid-tier
889,49,45-54,Male,New Hampshire,Accessories,Scarf,S,Gold,Spring,77,3.8,True,Yes,True,Express,Yes,True,Cash,44,Loyal,Annually,365,1.0,77.0,1,Steady mid-tier
890,59,55-64,Male,Arizona,Accessories,Belt,S,Olive,Fall,84,2.8,False,Yes,True,Free Shipping,Yes,True,Venmo,50,Loyal,Weekly,7,52.14,4379.76,0,High-value regulars
891,52,45-54,Male,New York,Accessories,Gloves,S,Purple,Spring,51,4.3,False,Yes,True,2-Day Shipping,Yes,True,Credit Card,47,Loyal,Monthly,30,12.17,620.67,1,Steady mid-tier
892,20,18-24,Male,Pennsylvania,Clothing,Skirt,S,Lavender,Summer,26,3.9,False,Yes,True,Store Pickup,Yes,True,PayPal,24,Developing,Every 3 Months,90,4.06,105.56,1,Steady mid-tier
893,31,25-34,Male,New Mexico,Clothing,Shorts,L,Gray,Summer,64,2.7,False,Yes,True,Free Shipping,Yes,True,Debit Card,43,Loyal,Monthly,30,12.17,778.88,1,Steady mid-tier
894,33,25-34,Male,Nebraska,Accessories,Backpack,M,Red,Spring,51,4.7,False,Yes,True,Express,Yes,True,Venmo,14,Developing,Monthly,30,12.17,620.67,1,Steady mid-tier
895,44,35-44,Male,Wyoming,Clothing,Hoodie,L,Purple,Spring,60,3.8,False,Yes,True,Free Shipping,Yes,True,Debit Card,3,New,Quarterly,90,4.06,243.6,1,Steady mid-tier
896,40,35-44,Male,Mississippi,Accessories,Hat,XL,Olive,Spring,69,4.7,False,Yes,True,Next Day Air,Yes,True,Debit Card,33,Established,Quarterly,90,4.06,280.14,1,Steady mid-tier
897,69,65+,Male,Arkansas,Accessories,Jewelry,M,Lavender,Spring,29,4.7,False,Yes,True,Express,Yes,True,Cash,38,Established,Fortnightly,14,26.07,756.03,1,Steady mid-tier
898,29,25-34,Male,Illinois,Clothing,Shirt,M,Gray,Spring,91,3.4,False,Yes,True,Express,Yes,True,Venmo,46,Loyal,Weekly,7,52.14,4744.74,0,High-value regulars
899,54,45-54,Male,Nevada,Accessories,Belt,L,Red,Spring,70,3.5,False,Yes,True,2-Day Shipping,Yes,True,Bank Transfer,19,Developing,Every 3 Months,90,4.06,284.2,1,Steady mid-tier
900,65,65+,Male,Rhode Island,Clothing,Sweater,M,Peach,Summer,58,4.0,False,Yes,True,Standard,Yes,True,PayPal,20,Developing,Annually,365,1.0,58.0,1,Steady mid-tier
901,54,45-54,Male,West Virginia,Accessories,Hat,L,Gray,Fall,98,3.3,False,Yes,True,Free Shipping,Yes,True,Bank Transfer,42,Loyal,Quarterly,90,4.06,397.88,1,Steady mid-tier
902,60,55-64,Male,Missouri,Accessories,Scarf,L,Violet,Summer,68,4.7,False,Yes,True,2-Day Shipping,Yes,True,Cash,34,Established,Monthly,30,12.17,827.56,1,Steady mid-tier
903,43,35-44,Male,Kentucky,Accessories,Hat,M,Beige,Summer,44,2.8,False,Yes,True,Next Day Air,Yes,True,Cash,5,New,Monthly,30,12.17,535.48,1,Steady mid-tier
904,44,35-44,Male,Washington,Outerwear,Jacket,M,Blue,Winter,45,3.3,False,Yes,True,Express,Yes,True,PayPal,3,New,Quarterly,90,4.06,182.7,1,Steady mid-tier
905,69,65+,Male,Alaska,Clothing,T-shirt,L,Magenta,Spring,99,2.9,False,Yes,True,Free Shipping,Yes,True,PayPal,46,Loyal,Every 3 Months,90,4.06,401.94,1,Steady mid-tier
906,46,45-54,Male,Mississippi,Clothing,Dress,S,Cyan,Spring,68,2.8,False,Yes,True,Standard,Yes,True,Venmo,16,Developing,Annually,365,1.0,68.0,1,Steady mid-tier
907,41,35-44,Male,South Carolina,Clothing,Pants,M,Red,Spring,56,4.2,False,Yes,True,Standard,Yes,True,Debit Card,21,Developing,Bi-Weekly,14,26.07,1459.92,0,High-value regulars
908,32,25-34,Male,Missouri,Clothing,Sweater,L,Cyan,Winter,43,4.4,False,Yes,True,Express,Yes,True,Credit Card,34,Established,Bi-Weekly,14,26.07,1121.01,1,Steady mid-tier
909,26,25-34,Male,New Jersey,Accessories,Sunglasses,M,Turquoise,Winter,99,3.6,False,Yes,True,Free Shipping,Yes,True,PayPal,9,New,Every 3 Months,90,4.06,401.94,1,Steady mid-tier
910,61,55-64,Male,Louisiana,Accessories,Belt,L,Silver,Fall,56,2.7,False,Yes,True,Express,Yes,True,PayPal,36,Established,Weekly,7,52.14,2919.84,0,High-value regulars
911,49,45-54,Male,South Carolina,Clothing,Hoodie,S,Pink,Spring,25,3.4,False,Yes,True,Express,Yes,True,Credit Card,22,Developing,Monthly,30,12.17,304.25,1,Steady mid-tier
912,53,45-54,Male,Vermont,Clothing,Pants,M,Black,Winter,74,2.8,False,Yes,True,2-Day Shipping,Yes,True,Bank Transfer,2,New,Quarterly,90,4.06,300.44,1,Steady mid-tier
913,24,18-24,Male,Arkansas,Clothing,Hoodie,M,Green,Winter,56,3.4,False,Yes,True,Next Day Air,Yes,True,Bank Transfer,32,Established,Monthly,30,12.17,681.52,1,Steady mid-tier
914,37,35-44,Male,Utah,Footwear,Sneakers,M,Yellow,Fall,47,2.6,False,Yes,True,Next Day Air,Yes,True,Cash,29,Established,Every 3 Months,90,4.06,190.82,1,Steady mid-tier
915,43,35-44,Male,Washington,Clothing,Dress,L,Purple,Summer,67,4.1,False,Yes,True,Standard,Yes,True,Venmo,27,Established,Every 3 Months,90,4.06,272.02,1,Steady mid-tier
916,31,25-34,Male,Rhode Island,Clothing,Dress,L,Purple,Winter,22,2.9,False,Yes,True,Store Pickup,Yes,True,Credit Card,33,Established,Fortnightly,14,26.07,573.54,1,Steady mid-tier
917,49,45-54,Male,Illinois,Clothing,Jeans,S,Blue,Spring,34,2.7,False,Yes,True,Standard,Yes,True,Venmo,16,Developing,Monthly,30,12.17,413.78,1,Steady mid-tier
918,69,65+,Male,Missouri,Clothing,Sweater,M,Maroon,Spring,64,3.7,False,Yes,True,Standard,Yes,True,Bank Transfer,11,Developing,Quarterly,90,4.06,259.84,1,Steady mid-tier
919,65,65+,Male,North Carolina,Clothing,Shorts,M,Orange,Spring,42,4.3,False,Yes,True,2-Day Shipping,Yes,True,Cash,11,Developing,Fortnightly,14,26.07,1094.94,1,Steady mid-tier
920,41,35-44,Male,Massachusetts,Clothing,Shirt,L,Green,Winter,82,2.6,False,Yes,True,2-Day Shipping,Yes,True,Debit Card,17,Developing,Bi-Weekly,14,26.07,2137.74,0,High-value regulars
921,37,35-44,Male,Arkansas,Accessories,Belt,XL,Gold,Summer,81,4.3,False,Yes,True,Free Shipping,Yes,True,Cash,37,Established,Weekly,7,52.14,4223.34,0,High-value regulars
922,70,65+,Male,South Dakota,Outerwear,Coat,L,Silver,Summer,24,4.1,False,Yes,True,Express,Yes,True,PayPal,18,Developing,Weekly,7,52.14,1251.36,0,High-value regulars
923,63,55-64,Male,Georgia,Footwear,Sneakers,M,Cyan,Fall,60,4.2,False,Yes,True,Standard,Yes,True,Credit Card,13,Developing,Monthly,30,12.17,730.2,1,Steady mid-tier
924,55,55-64,Male,Arkansas,Clothing,Shirt,M,Silver,Spring,24,4.2,False,Yes,True,2-Day Shipping,Yes,True,PayPal,7,New,Weekly,7,52.14,1251.36,0,High-value regulars
925,52,45-54,Male,Kansas,Clothing,Socks,XL,Beige,Winter,78,3.1,False,Yes,True,Standard,Yes,True,Cash,37,Established,Quarterly,90,4.06,316.68,1,Steady mid-tier
926,22,18-24,Male,Arizona,Clothing,Jeans,L,Teal,Winter,88,4.9,False,Yes,True,Express,Yes,True,Cash,8,New,Monthly,30,12.17,1070.96,1,Steady mid-tier
927,54,45-54,Male,Massachusetts,Clothing,Jeans,XL,Green,Spring,63,4.4,False,Yes,True,Express,Yes,True,Cash,11,Developing,Bi-Weekly,14,26.07,1642.41,0,High-value regulars
928,28,25-34,Male,New Mexico,Footwear,Sneakers,L,Black,Summer,78,4.4,False,Yes,True,Standard,Yes,True,Venmo,8,New,Bi-Weekly,14,26.07,2033.46,0,High-value regulars
929,67,65+,Male,Arkansas,Clothing,Dress,XL,Yellow,Winter,37,3.4,False,Yes,True,Store Pickup,Yes,True,Cash,31,Established,Every 3 Months,90,4.06,150.22,1,Steady mid-tier
930,59,55-64,Male,Nebraska,Footwear,Boots,M,White,Fall,94,4.5,False,Yes,True,2-Day Shipping,Yes,True,Debit Card,26,Established,Fortnightly,14,26.07,2450.58,0,High-value regulars
931,26,25-34,Male,Hawaii,Clothing,T-shirt,L,Green,Fall,78,4.5,False,Yes,True,Store Pickup,Yes,True,Credit Card,20,Developing,Bi-Weekly,14,26.07,2033.46,0,High-value regulars
932,24,18-24,Male,Nebraska,Outerwear,Coat,M,Silver,Winter,36,4.1,False,Yes,True,Standard,Yes,True,Bank Transfer,24,Developing,Fortnightly,14,26.07,938.52,1,Steady mid-tier
933,62,55-64,Male,Indiana,Clothing,Skirt,L,Blue,Winter,24,3.2,False,Yes,True,Standard,Yes,True,Debit Card,45,Loyal,Bi-Weekly,14,26.07,625.68,1,Steady mid-tier
934,70,65+,Male,Colorado,Footwear,Sneakers,M,Magenta,Spring,84,2.7,False,Yes,True,Store Pickup,Yes,True,Debit Card,33,Established,Monthly,30,12.17,1022.28,1,Steady mid-tier
935,45,45-54,Male,Oregon,Clothing,Jeans,S,Yellow,Spring,47,3.7,False,Yes,True,Express,Yes,True,Bank Transfer,21,Developing,Monthly,30,12.17,571.99,1,Steady mid-tier
936,58,55-64,Male,Ohio,Clothing,Hoodie,L,White,Fall,51,2.6,False,Yes,True,Store Pickup,Yes,True,Bank Transfer,2,New,Fortnightly,14,26.07,1329.57,1,Steady mid-tier
937,31,25-34,Male,Maine,Footwear,Shoes,M,Pink,Summer,84,2.7,False,Yes,True,Free Shipping,Yes,True,Cash,28,Established,Weekly,7,52.14,4379.76,0,High-value regulars
938,32,25-34,Male,Iowa,Clothing,Shorts,M,Magenta,Summer,24,2.7,False,Yes,True,Express,Yes,True,Venmo,18,Developing,Quarterly,90,4.06,97.44,1,Steady mid-tier
939,36,35-44,Male,Wisconsin,Clothing,Blouse,S,Teal,Fall,97,4.8,False,Yes,True,Free Shipping,Yes,True,Debit Card,21,Developing,Fortnightly,14,26.07,2528.79,0,High-value regulars
940,25,25-34,Male,New York,Clothing,T-shirt,L,Indigo,Winter,89,4.8,False,Yes,True,Next Day Air,Yes,True,Credit Card,24,Developing,Monthly,30,12.17,1083.13,1,Steady mid-tier
941,48,45-54,Male,Colorado,Accessories,Belt,S,Maroon,Spring,44,2.6,False,Yes,True,Store Pickup,Yes,True,PayPal,15,Developing,Every 3 Months,90,4.06,178.64,1,Steady mid-tier
942,39,35-44,Male,Illinois,Accessories,Handbag,L,Black,Winter,35,4.5,False,Yes,True,2-Day Shipping,Yes,True,PayPal,38,Established,Every 3 Months,90,4.06,142.1,1,Steady mid-tier
943,26,25-34,Male,Arizona,Clothing,Dress,M,Cyan,Winter,91,3.2,False,Yes,True,Express,Yes,True,PayPal,38,Established,Bi-Weekly,14,26.07,2372.37,0,High-value regulars
944,32,25-34,Male,Oklahoma,Accessories,Hat,L,Cyan,Winter,63,3.8,False,Yes,True,Next Day Air,Yes,True,Venmo,13,Developing,Fortnightly,14,26.07,1642.41,0,High-value regulars
945,54,45-54,Male,Indiana,Accessories,Belt,S,Gray,Spring,97,4.8,False,Yes,True,Express,Yes,True,Cash,39,Established,Bi-Weekly,14,26.07,2528.79,0,High-value regulars
946,38,35-44,Male,Minnesota,Footwear,Boots,M,Violet,Summer,38,4.1,False,Yes,True,Store Pickup,Yes,True,Venmo,8,New,Every 3 Months,90,4.06,154.28,1,Steady mid-tier
947,46,45-54,Male,Pennsylvania,Outerwear,Coat,XL,Blue,Spring,24,2.8,False,Yes,True,Next Day Air,Yes,True,PayPal,4,New,Quarterly,90,4.06,97.44,1,Steady mid-tier
948,57,55-64,Male,Indiana,Clothing,Blouse,M,Charcoal,Winter,32,3.9,False,Yes,True,Store Pickup,Yes,True,Cash,6,New,Every 3 Months,90,4.06,129.92,1,Steady mid-tier
949,49,45-54,Male,Alabama,Accessories,Hat,L,Olive,Summer,90,4.9,False,Yes,True,Express,Yes,True,Venmo,11,Developing,Every 3 Months,90,4.06,365.4,1,Steady mid-tier
950,33,25-34,Male,Montana,Clothing,Jeans,M,Olive,Summer,36,3.4,False,Yes,True,Standard,Yes,True,Venmo,49,Loyal,Monthly,30,12.17,438.12,1,Steady mid-tier
951,54,45-54,Male,New Mexico,Accessories,Backpack,XL,Turquoise,Winter,37,4.1,False,Yes,True,Free Shipping,Yes,True,PayPal,30,Established,Quarterly,90,4.06,150.22,1,Steady mid-tier
952,47,45-54,Male,Alaska,Clothing,Dress,M,Cyan,Summer,51,2.9,False,Yes,True,Express,Yes,True,Bank Transfer,34,Established,Monthly,30,12.17,620.67,1,Steady mid-tier
953,36,35-44,Male,Idaho,Accessories,Hat,S,Red,Fall,71,3.1,False,Yes,True,2-Day Shipping,Yes,True,PayPal,28,Established,Monthly,30,12.17,864.07,1,Steady mid-tier
954,68,65+,Male,Utah,Accessories,Sunglasses,S,Cyan,Spring,50,3.6,False,Yes,True,2-Day Shipping,Yes,True,Venmo,36,Established,Quarterly,90,4.06,203.0,1,Steady mid-tier
955,60,55-64,Male,Louisiana,Accessories,Hat,S,Turquoise,Fall,74,3.5,False,Yes,True,Standard,Yes,True,Credit Card,18,Developing,Every 3 Months,90,4.06,300.44,1,Steady mid-tier
956,55,55-64,Male,Mississippi,Clothing,Dress,L,Lavender,Summer,75,3.4,False,Yes,True,Free Shipping,Yes,True,PayPal,4,New,Monthly,30,12.17,912.75,1,Steady mid-tier
957,29,25-34,Male,Mississippi,Clothing,Shirt,XL,Cyan,Spring,99,2.9,False,Yes,True,2-Day Shipping,Yes,True,Debit Card,42,Loyal,Quarterly,90,4.06,401.94,1,Steady mid-tier
958,38,35-44,Male,Indiana,Accessories,Scarf,XL,Violet,Spring,23,4.7,False,Yes,True,Store Pickup,Yes,True,Cash,11,Developing,Quarterly,90,4.06,93.38,1,Steady mid-tier
959,70,65+,Male,Washington,Footwear,Sneakers,XL,Beige,Winter,53,4.4,False,Yes,True,Free Shipping,Yes,True,Credit Card,31,Established,Bi-Weekly,14,26.07,1381.71,1,Steady mid-tier
960,36,35-44,Male,Nevada,Clothing,Skirt,M,Cyan,Spring,99,2.6,False,Yes,True,Standard,Yes,True,Cash,12,Developing,Fortnightly,14,26.07,2580.93,0,High-value regulars
961,18,18-24,Male,Louisiana,Accessories,Jewelry,XL,Indigo,Spring,48,4.4,False,Yes,True,Standard,Yes,True,Venmo,20,Developing,Quarterly,90,4.06,194.88,1,Steady mid-tier
962,62,55-64,Male,Pennsylvania,Footwear,Boots,L,Olive,Fall,72,3.7,False,Yes,True,Next Day Air,Yes,True,Debit Card,37,Established,Quarterly,90,4.06,292.32,1,Steady mid-tier
963,29,25-34,Male,Michigan,Accessories,Sunglasses,L,Green,Spring,64,4.4,False,Yes,True,Standard,Yes,True,Debit Card,26,Established,Fortnightly,14,26.07,1668.48,0,High-value regulars
964,21,18-24,Male,South Carolina,Footwear,Boots,L,Green,Spring,63,2.5,False,Yes,True,2-Day Shipping,Yes,True,Credit Card,14,Developing,Weekly,7,52.14,3284.82,0,High-value regulars
965,42,35-44,Male,Arizona,Footwear,Sandals,M,Beige,Spring,51,2.6,False,Yes,True,Next Day Air,Yes,True,Venmo,12,Developing,Bi-Weekly,14,26.07,1329.57,1,Steady mid-tier
966,43,35-44,Male,Delaware,Footwear,Boots,L,Black,Spring,55,5.0,False,Yes,True,Store Pickup,Yes,True,Credit Card,10,New,Annually,365,1.0,55.0,1,Steady mid-tier
967,58,55-64,Male,Kentucky,Clothing,Dress,M,Brown,Spring,55,4.9,False,Yes,True,Express,Yes,True,Cash,19,Developing,Annually,365,1.0,55.0,1,Steady mid-tier
968,27,25-34,Male,Georgia,Clothing,Hoodie,S,Silver,Summer,26,3.7,False,Yes,True,Store Pickup,Yes,True,Cash,4,New,Weekly,7,52.14,1355.64,0,High-value regulars
969,57,55-64,Male,North Carolina,Clothing,Shorts,L,Gray,Summer,67,3.1,False,Yes,True,Next Day Air,Yes,True,Bank Transfer,48,Loyal,Quarterly,90,4.06,272.02,1,Steady mid-tier
970,40,35-44,Male,California,Outerwear,Coat,S,Pink,Fall,31,3.2,False,Yes,True,Express,Yes,True,PayPal,37,Established,Monthly,30,12.17,377.27,1,Steady mid-tier
971,45,45-54,Male,California,Clothing,Jeans,S,Maroon,Winter,66,4.4,False,Yes,True,Free Shipping,Yes,True,Cash,4,New,Monthly,30,12.17,803.22,1,Steady mid-tier
972,47,45-54,Male,Indiana,Accessories,Sunglasses,M,Cyan,Summer,67,4.3,False,Yes,True,Next Day Air,Yes,True,Credit Card,15,Developing,Weekly,7,52.14,3493.38,0,High-value regulars
973,61,55-64,Male,Colorado,Footwear,Sneakers,L,Gold,Winter,61,3.0,False,Yes,True,Standard,Yes,True,Credit Card,33,Established,Weekly,7,52.14,3180.54,0,High-value regulars
974,60,55-64,Male,Colorado,Outerwear,Jacket,M,Teal,Fall,75,3.5,False,Yes,True,2-Day Shipping,Yes,True,Bank Transfer,30,Established,Quarterly,90,4.06,304.5,1,Steady mid-tier
975,69,65+,Male,North Carolina,Clothing,Skirt,M,Beige,Spring,90,3.6,False,Yes,True,2-Day Shipping,Yes,True,Bank Transfer,23,Developing,Monthly,30,12.17,1095.3,1,Steady mid-tier
976,58,55-64,Male,Washington,Clothing,Sweater,M,Olive,Summer,40,3.8,False,Yes,True,2-Day Shipping,Yes,True,Bank Transfer,2,New,Weekly,7,52.14,2085.6,0,High-value regulars
977,34,25-34,Male,Florida,Clothing,T-shirt,M,Gray,Fall,90,3.6,False,Yes,True,Express,Yes,True,Credit Card,50,Loyal,Every 3 Months,90,4.06,365.4,1,Steady mid-tier
978,20,18-24,Male,Washington,Accessories,Belt,M,Black,Spring,20,4.6,False,Yes,True,Express,Yes,True,Cash,34,Established,Bi-Weekly,14,26.07,521.4,1,Steady mid-tier
979,56,55-64,Male,Colorado,Accessories,Gloves,M,Turquoise,Summer,40,2.5,False,Yes,True,Standard,Yes,True,Credit Card,33,Established,Weekly,7,52.14,2085.6,0,High-value regulars
980,64,55-64,Male,New Hampshire,Accessories,Hat,S,Brown,Fall,33,3.5,False,Yes,True,Store Pickup,Yes,True,Debit Card,34,Established,Monthly,30,12.17,401.61,1,Steady mid-tier
981,56,55-64,Male,Maryland,Footwear,Boots,S,Magenta,Spring,98,4.0,False,Yes,True,Free Shipping,Yes,True,PayPal,39,Established,Every 3 Months,90,4.06,397.88,1,Steady mid-tier
982,27,25-34,Male,Maryland,Accessories,Belt,M,Silver,Spring,42,3.5,False,Yes,True,Next Day Air,Yes,True,Credit Card,47,Loyal,Quarterly,90,4.06,170.52,1,Steady mid-tier
983,35,35-44,Male,Texas,Outerwear,Coat,S,Red,Summer,62,3.2,False,Yes,True,Standard,Yes,True,PayPal,37,Established,Monthly,30,12.17,754.54,1,Steady mid-tier
984,24,18-24,Male,New Mexico,Accessories,Hat,L,Indigo,Winter,45,3.5,False,Yes,True,Free Shipping,Yes,True,Venmo,40,Established,Bi-Weekly,14,26.07,1173.15,1,Steady mid-tier
985,26,25-34,Male,Utah,Footwear,Shoes,M,Green,Summer,78,3.4,False,Yes,True,Free Shipping,Yes,True,Credit Card,8,New,Bi-Weekly,14,26.07,2033.46,0,High-value regulars
986,32,25-34,Male,West Virginia,Accessories,Handbag,M,Gray,Fall,80,5.0,False,Yes,True,Express,Yes,True,Bank Transfer,12,Developing,Annually,365,1.0,80.0,1,Steady mid-tier
987,54,45-54,Male,Connecticut,Accessories,Scarf,S,Peach,Spring,96,4.5,False,Yes,True,Store Pickup,Yes,True,Bank Transfer,36,Established,Monthly,30,12.17,1168.32,1,Steady mid-tier
988,62,55-64,Male,West Virginia,Accessories,Handbag,M,Charcoal,Summer,47,2.8,False,Yes,True,Express,Yes,True,PayPal,48,Loyal,Weekly,7,52.14,2450.58,0,High-value regulars
989,50,45-54,Male,Ohio,Clothing,Pants,M,Orange,Winter,84,4.9,False,Yes,True,2-Day Shipping,Yes,True,PayPal,47,Loyal,Fortnightly,14,26.07,2189.88,0,High-value regulars
990,70,65+,Male,Texas,Footwear,Shoes,M,Beige,Spring,31,3.1,False,Yes,True,Store Pickup,Yes,True,Bank Transfer,2,New,Monthly,30,12.17,377.27,1,Steady mid-tier
991,48,45-54,Male,Washington,Accessories,Sunglasses,S,Yellow,Spring,63,4.8,False,Yes,True,Store Pickup,Yes,True,Cash,24,Developing,Weekly,7,52.14,3284.82,0,High-value regulars
992,20,18-24,Male,Wisconsin,Clothing,Shorts,XL,White,Spring,97,2.7,False,Yes,True,Standard,Yes,True,Bank Transfer,40,Established,Bi-Weekly,14,26.07,2528.79,0,High-value regulars
993,46,45-54,Male,Louisiana,Outerwear,Jacket,M,Gray,Winter,99,4.6,False,Yes,True,Express,Yes,True,Debit Card,50,Loyal,Weekly,7,52.14,5161.86,0,High-value regulars
994,51,45-54,Male,Iowa,Footwear,Sandals,M,Peach,Winter,90,4.4,False,Yes,True,Store Pickup,Yes,True,Cash,25,Developing,Weekly,7,52.14,4692.6,0,High-value regulars
995,53,45-54,Male,New York,Footwear,Shoes,L,Violet,Fall,68,3.2,False,Yes,True,Express,Yes,True,Debit Card,20,Developing,Monthly,30,12.17,827.56,1,Steady mid-tier
996,44,35-44,Male,Idaho,Accessories,Jewelry,M,Magenta,Spring,80,3.0,False,Yes,True,2-Day Shipping,Yes,True,Venmo,10,New,Weekly,7,52.14,4171.2,0,High-value regulars
997,29,25-34,Male,Delaware,Footwear,Sandals,L,Maroon,Summer,91,4.9,False,Yes,True,Standard,Yes,True,Bank Transfer,32,Established,Quarterly,90,4.06,369.46,1,Steady mid-tier
998,64,55-64,Male,Kentucky,Clothing,Pants,M,Cyan,Spring,30,3.6,False,Yes,True,Express,Yes,True,Cash,31,Established,Fortnightly,14,26.07,782.1,1,Steady mid-tier
999,51,45-54,Male,Connecticut,Footwear,Shoes,M,White,Spring,90,3.8,False,Yes,True,Next Day Air,Yes,True,Bank Transfer,48,Loyal,Bi-Weekly,14,26.07,2346.3,0,High-value regulars
1000,50,45-54,Male,New Mexico,Clothing,Socks,L,Brown,Spring,28,2.9,False,Yes,True,Standard,Yes,True,Debit Card,23,Developing,Monthly,30,12.17,340.76,1,Steady mid-tier
1001,43,35-44,Male,Georgia,Clothing,Socks,M,Red,Winter,46,3.9,False,Yes,True,Express,Yes,True,Bank Transfer,1,New,Bi-Weekly,14,26.07,1199.22,1,Steady mid-tier
1002,61,55-64,Male,Washington,Clothing,Dress,M,Orange,Fall,60,3.6,False,Yes,True,Standard,Yes,True,Debit Card,4,New,Fortnightly,14,26.07,1564.2,0,High-value regulars
1003,55,55-64,Male,North Dakota,Footwear,Shoes,M,White,Spring,59,3.5,False,Yes,True,Store Pickup,Yes,True,Bank Transfer,3,New,Bi-Weekly,14,26.07,1538.13,0,High-value regulars
1004,56,55-64,Male,Ohio,Accessories,Hat,M,Green,Fall,68,4.0,False,Yes,True,Store Pickup,Yes,True,Cash,3,New,Bi-Weekly,14,26.07,1772.76,0,High-value regulars
1005,33,25-34,Male,Tennessee,Accessories,Backpack,M,Black,Summer,79,4.8,False,Yes,True,2-Day Shipping,Yes,True,Cash,44,Loyal,Annually,365,1.0,79.0,1,Steady mid-tier
1006,43,35-44,Male,New York,Accessories,Backpack,M,Gold,Winter,94,3.9,False,Yes,True,Store Pickup,Yes,True,Debit Card,5,New,Bi-Weekly,14,26.07,2450.58,0,High-value regulars
1007,21,18-24,Male,Michigan,Clothing,Pants,S,Lavender,Summer,83,4.5,False,Yes,True,Next Day Air,Yes,True,Venmo,50,Loyal,Quarterly,90,4.06,336.98,1,Steady mid-tier
1008,58,55-64,Male,Georgia,Accessories,Gloves,XL,Turquoise,Spring,62,4.8,False,Yes,True,Standard,Yes,True,Credit Card,2,New,Annually,365,1.0,62.0,1,Steady mid-tier
1009,41,35-44,Male,New Mexico,Accessories,Scarf,M,Pink,Spring,85,2.6,False,Yes,True,Store Pickup,Yes,True,PayPal,29,Established,Annually,365,1.0,85.0,1,Steady mid-tier
1010,39,35-44,Male,Louisiana,Clothing,Hoodie,M,Silver,Summer,30,3.1,False,Yes,True,Express,Yes,True,Venmo,11,Developing,Annually,365,1.0,30.0,1,Steady mid-tier
1011,54,45-54,Male,South Dakota,Clothing,Jeans,XL,Gray,Spring,24,4.7,False,Yes,True,2-Day Shipping,Yes,True,Credit Card,37,Established,Fortnightly,14,26.07,625.68,1,Steady mid-tier
1012,43,35-44,Male,Montana,Accessories,Backpack,L,Indigo,Spring,25,2.9,False,Yes,True,Next Day Air,Yes,True,Debit Card,32,Established,Fortnightly,14,26.07,651.75,1,Steady mid-tier
1013,28,25-34,Male,New Mexico,Footwear,Sandals,L,Teal,Summer,37,3.8,False,Yes,True,Express,Yes,True,Credit Card,27,Established,Annually,365,1.0,37.0,1,Steady mid-tier
1014,59,55-64,Male,South Carolina,Accessories,Belt,XL,Green,Summer,69,3.8,False,Yes,True,2-Day Shipping,Yes,True,Venmo,31,Established,Bi-Weekly,14,26.07,1798.83,0,High-value regulars
1015,28,25-34,Male,Ohio,Footwear,Shoes,M,Violet,Summer,97,3.0,False,Yes,True,Standard,Yes,True,Debit Card,36,Established,Fortnightly,14,26.07,2528.79,0,High-value regulars
1016,68,65+,Male,North Carolina,Accessories,Gloves,M,Cyan,Summer,24,4.1,False,Yes,True,Standard,Yes,True,Cash,34,Established,Weekly,7,52.14,1251.36,0,High-value regulars
1017,20,18-24,Male,Idaho,Accessories,Belt,XL,Blue,Summer,30,3.4,False,Yes,True,Express,Yes,True,Bank Transfer,15,Developing,Every 3 Months,90,4.06,121.8,1,Steady mid-tier
1018,21,18-24,Male,Oklahoma,Outerwear,Jacket,L,Orange,Fall,53,2.5,False,Yes,True,Express,Yes,True,Credit Card,14,Developing,Annually,365,1.0,53.0,1,Steady mid-tier
1019,50,45-54,Male,Georgia,Clothing,Dress,XL,Charcoal,Spring,70,4.9,False,Yes,True,Next Day Air,Yes,True,Cash,46,Loyal,Weekly,7,52.14,3649.8,0,High-value regulars
1020,32,25-34,Male,Kentucky,Clothing,Shirt,S,Beige,Winter,76,2.8,False,Yes,True,Standard,Yes,True,Venmo,33,Established,Bi-Weekly,14,26.07,1981.32,0,High-value regulars
1021,24,18-24,Male,Delaware,Accessories,Scarf,M,Black,Fall,95,4.5,False,Yes,True,Express,Yes,True,Debit Card,41,Loyal,Annually,365,1.0,95.0,1,Steady mid-tier
1022,55,55-64,Male,Massachusetts,Outerwear,Coat,S,Lavender,Winter,51,4.9,False,Yes,True,2-Day Shipping,Yes,True,PayPal,39,Established,Weekly,7,52.14,2659.14,0,High-value regulars
1023,61,55-64,Male,Nebraska,Accessories,Handbag,M,Lavender,Winter,41,4.9,False,Yes,True,Store Pickup,Yes,True,Cash,7,New,Annually,365,1.0,41.0,1,Steady mid-tier
1024,61,55-64,Male,Maine,Accessories,Sunglasses,S,Turquoise,Winter,71,3.5,False,Yes,True,Free Shipping,Yes,True,Bank Transfer,29,Established,Every 3 Months,90,4.06,288.26,1,Steady mid-tier
1025,28,25-34,Male,Pennsylvania,Clothing,T-shirt,M,Purple,Summer,66,3.5,False,Yes,True,Free Shipping,Yes,True,Venmo,18,Developing,Quarterly,90,4.06,267.96,1,Steady mid-tier
1026,60,55-64,Male,Nebraska,Clothing,Shirt,M,Olive,Winter,84,4.9,False,Yes,True,Free Shipping,Yes,True,Credit Card,15,Developing,Annually,365,1.0,84.0,1,Steady mid-tier
1027,49,45-54,Male,Virginia,Accessories,Handbag,L,Turquoise,Winter,95,3.0,False,Yes,True,Express,Yes,True,PayPal,39,Established,Bi-Weekly,14,26.07,2476.65,0,High-value regulars
1028,33,25-34,Male,Ohio,Accessories,Jewelry,L,Teal,Summer,90,2.8,False,Yes,True,Next Day Air,Yes,True,Cash,11,Developing,Monthly,30,12.17,1095.3,1,Steady mid-tier
1029,45,45-54,Male,Nebraska,Clothing,Hoodie,S,Lavender,Summer,36,3.7,False,Yes,True,Standard,Yes,True,Cash,4,New,Fortnightly,14,26.07,938.52,1,Steady mid-tier
1030,29,25-34,Male,Ohio,Accessories,Gloves,M,Purple,Spring,22,3.6,False,Yes,True,2-Day Shipping,Yes,True,Venmo,33,Established,Bi-Weekly,14,26.07,573.54,1,Steady mid-tier
1031,58,55-64,Male,Kentucky,Outerwear,Coat,L,Blue,Winter,89,3.3,False,Yes,True,Next Day Air,Yes,True,Debit Card,37,Established,Quarterly,90,4.06,361.34,1,Steady mid-tier
1032,22,18-24,Male,Tennessee,Footwear,Sandals,M,Teal,Spring,50,3.4,False,Yes,True,Free Shipping,Yes,True,Cash,32,Established,Quarterly,90,4.06,203.0,1,Steady mid-tier
1033,55,55-64,Male,Maine,Footwear,Boots,M,Lavender,Fall,36,4.0,False,Yes,True,Free Shipping,Yes,True,Credit Card,44,Loyal,Quarterly,90,4.06,146.16,1,Steady mid-tier
1034,19,18-24,Male,Montana,Clothing,Pants,S,Silver,Spring,52,4.6,False,Yes,True,Free Shipping,Yes,True,Bank Transfer,41,Loyal,Quarterly,90,4.06,211.12,1,Steady mid-tier
1035,68,65+,Male,Maryland,Clothing,Socks,M,Olive,Fall,29,4.2,False,Yes,True,Next Day Air,Yes,True,Bank Transfer,44,Loyal,Weekly,7,52.14,1512.06,0,High-value regulars
1036,61,55-64,Male,Georgia,Clothing,Blouse,M,Brown,Fall,89,2.8,False,Yes,True,Express,Yes,True,Venmo,32,Established,Annually,365,1.0,89.0,1,Steady mid-tier
1037,68,65+,Male,Hawaii,Accessories,Handbag,M,Yellow,Fall,47,3.7,False,Yes,True,2-Day Shipping,Yes,True,Bank Transfer,13,Developing,Monthly,30,12.17,571.99,1,Steady mid-tier
1038,52,45-54,Male,Rhode Island,Accessories,Jewelry,XL,Brown,Spring,25,3.4,False,Yes,True,Standard,Yes,True,Debit Card,48,Loyal,Quarterly,90,4.06,101.5,1,Steady mid-tier
1039,41,35-44,Male,Nebraska,Clothing,Pants,XL,Cyan,Fall,74,3.0,False,Yes,True,Express,Yes,True,Bank Transfer,3,New,Weekly,7,52.14,3858.36,0,High-value regulars
1040,29,25-34,Male,Michigan,Accessories,Belt,M,Magenta,Fall,46,4.8,False,Yes,True,Standard,Yes,True,Venmo,39,Established,Monthly,30,12.17,559.82,1,Steady mid-tier
1041,68,65+,Male,North Carolina,Clothing,Jeans,S,Magenta,Fall,22,4.0,False,Yes,True,Next Day Air,Yes,True,Cash,7,New,Fortnightly,14,26.07,573.54,1,Steady mid-tier
1042,36,35-44,Male,Minnesota,Clothing,Shirt,M,Orange,Summer,25,4.9,False,Yes,True,Next Day Air,Yes,True,Cash,11,Developing,Fortnightly,14,26.07,651.75,1,Steady mid-tier
1043,55,55-64,Male,Maryland,Accessories,Belt,M,Maroon,Spring,80,4.9,False,Yes,True,Next Day Air,Yes,True,Credit Card,47,Loyal,Weekly,7,52.14,4171.2,0,High-value regulars
1044,28,25-34,Male,Hawaii,Clothing,Jeans,M,Green,Spring,76,3.3,False,Yes,True,2-Day Shipping,Yes,True,Debit Card,28,Established,Fortnightly,14,26.07,1981.32,0,High-value regulars
1045,39,35-44,Male,Oregon,Clothing,Jeans,L,Teal,Summer,30,4.4,False,Yes,True,Next Day Air,Yes,True,Bank Transfer,17,Developing,Every 3 Months,90,4.06,121.8,1,Steady mid-tier
1046,54,45-54,Male,New Mexico,Clothing,Sweater,L,Black,Fall,79,3.5,False,Yes,True,2-Day Shipping,Yes,True,PayPal,11,Developing,Bi-Weekly,14,26.07,2059.53,0,High-value regulars
1047,40,35-44,Male,Illinois,Footwear,Sneakers,M,Magenta,Winter,22,4.2,False,Yes,True,Standard,Yes,True,Venmo,12,Developing,Annually,365,1.0,22.0,1,Steady mid-tier
1048,31,25-34,Male,Utah,Clothing,Socks,S,Olive,Fall,36,4.2,False,Yes,True,Standard,Yes,True,Credit Card,7,New,Fortnightly,14,26.07,938.52,1,Steady mid-tier
1049,30,25-34,Male,Maine,Clothing,Socks,L,Yellow,Fall,77,2.7,False,Yes,True,Standard,Yes,True,Venmo,19,Developing,Fortnightly,14,26.07,2007.39,0,High-value regulars
1050,45,45-54,Male,Virginia,Accessories,Sunglasses,S,Purple,Fall,33,2.8,False,Yes,True,Store Pickup,Yes,True,Cash,24,Developing,Quarterly,90,4.06,133.98,1,Steady mid-tier
1051,48,45-54,Male,Florida,Footwear,Sneakers,M,Beige,Winter,64,3.8,False,Yes,True,Next Day Air,Yes,True,Venmo,19,Developing,Monthly,30,12.17,778.88,1,Steady mid-tier
1052,45,45-54,Male,Ohio,Clothing,Socks,M,Indigo,Fall,53,2.6,False,Yes,True,Free Shipping,Yes,True,PayPal,39,Established,Annually,365,1.0,53.0,1,Steady mid-tier
1053,60,55-64,Male,Virginia,Footwear,Shoes,XL,Pink,Fall,36,3.0,False,Yes,True,2-Day Shipping,Yes,True,Credit Card,1,New,Fortnightly,14,26.07,938.52,1,Steady mid-tier
1054,59,55-64,Male,Kansas,Clothing,Blouse,M,Blue,Spring,70,3.3,False,No,False,2-Day Shipping,Yes,True,Debit Card,10,New,Bi-Weekly,14,26.07,1824.9,0,High-value regulars
1055,18,18-24,Male,Arkansas,Clothing,Shorts,L,Cyan,Winter,96,4.9,False,No,False,Express,Yes,True,PayPal,48,Loyal,Quarterly,90,4.06,389.76,1,Steady mid-tier
1056,70,65+,Male,Massachusetts,Outerwear,Jacket,M,Orange,Spring,27,3.3,False,No,False,Next Day Air,Yes,True,Debit Card,24,Developing,Annually,365,1.0,27.0,1,Steady mid-tier
1057,20,18-24,Male,Idaho,Clothing,Sweater,L,Black,Winter,64,2.9,False,No,False,2-Day Shipping,Yes,True,Venmo,42,Loyal,Fortnightly,14,26.07,1668.48,0,High-value regulars
1058,65,65+,Male,Wisconsin,Outerwear,Jacket,S,Maroon,Spring,23,4.4,False,No,False,2-Day Shipping,Yes,True,Credit Card,20,Developing,Weekly,7,52.14,1199.22,0,High-value regulars
1059,29,25-34,Male,New Mexico,Accessories,Scarf,L,Violet,Summer,33,3.1,False,No,False,Next Day Air,Yes,True,Bank Transfer,49,Loyal,Every 3 Months,90,4.06,133.98,1,Steady mid-tier
1060,22,18-24,Male,North Carolina,Outerwear,Jacket,M,Beige,Winter,34,2.5,False,No,False,Standard,Yes,True,Debit Card,25,Developing,Monthly,30,12.17,413.78,1,Steady mid-tier
1061,27,25-34,Male,Iowa,Clothing,Sweater,S,Gray,Summer,35,2.6,False,No,False,Next Day Air,Yes,True,Debit Card,21,Developing,Every 3 Months,90,4.06,142.1,1,Steady mid-tier
1062,36,35-44,Male,Idaho,Outerwear,Coat,M,Gray,Summer,62,4.4,False,No,False,Free Shipping,Yes,True,Venmo,12,Developing,Every 3 Months,90,4.06,251.72,1,Steady mid-tier
1063,59,55-64,Male,Ohio,Footwear,Boots,M,Brown,Fall,75,2.6,False,No,False,Next Day Air,Yes,True,Debit Card,21,Developing,Every 3 Months,90,4.06,304.5,1,Steady mid-tier
1064,62,55-64,Male,Alabama,Clothing,Hoodie,S,Indigo,Summer,29,3.3,False,No,False,Free Shipping,Yes,True,Cash,35,Established,Monthly,30,12.17,352.93,1,Steady mid-tier
1065,34,25-34,Male,Wyoming,Accessories,Hat,M,Violet,Spring,28,3.5,False,No,False,Express,Yes,True,Credit Card,42,Loyal,Every 3 Months,90,4.06,113.68,1,Steady mid-tier
1066,59,55-64,Male,Alabama,Clothing,T-shirt,XL,Blue,Spring,20,4.1,False,No,False,Store Pickup,Yes,True,PayPal,3,New,Every 3 Months,90,4.06,81.2,1,Steady mid-tier
1067,49,45-54,Male,Mississippi,Outerwear,Coat,M,Red,Winter,96,4.0,False,No,False,Store Pickup,Yes,True,PayPal,11,Developing,Bi-Weekly,14,26.07,2502.72,0,High-value regulars
1068,18,18-24,Male,Pennsylvania,Clothing,Dress,S,Peach,Summer,43,2.7,False,No,False,2-Day Shipping,Yes,True,PayPal,22,Developing,Quarterly,90,4.06,174.58,1,Steady mid-tier
1069,55,55-64,Male,Wyoming,Clothing,Shirt,M,Olive,Fall,94,2.5,False,No,False,Standard,Yes,True,Credit Card,47,Loyal,Weekly,7,52.14,4901.16,0,High-value regulars
1070,38,35-44,Male,Maryland,Clothing,Skirt,XL,White,Fall,81,4.3,False,No,False,Next Day Air,Yes,True,Venmo,33,Established,Every 3 Months,90,4.06,328.86,1,Steady mid-tier
1071,50,45-54,Male,North Carolina,Accessories,Jewelry,M,Magenta,Summer,75,3.3,False,No,False,Free Shipping,Yes,True,Debit Card,50,Loyal,Weekly,7,52.14,3910.5,0,High-value regulars
1072,61,55-64,Male,Pennsylvania,Accessories,Hat,M,Beige,Summer,81,2.6,False,No,False,Express,Yes,True,Credit Card,46,Loyal,Monthly,30,12.17,985.77,1,Steady mid-tier
1073,48,45-54,Male,Idaho,Clothing,Shorts,L,Gold,Fall,92,3.7,True,No,False,Express,Yes,True,Debit Card,34,Established,Fortnightly,14,26.07,2398.44,0,High-value regulars
1074,22,18-24,Male,California,Accessories,Scarf,XL,Purple,Spring,96,4.0,False,No,False,Store Pickup,Yes,True,Credit Card,33,Established,Monthly,30,12.17,1168.32,1,Steady mid-tier
1075,48,45-54,Male,Tennessee,Accessories,Jewelry,S,White,Fall,71,2.6,False,No,False,Standard,Yes,True,Bank Transfer,45,Loyal,Fortnightly,14,26.07,1850.97,0,High-value regulars
1076,57,55-64,Male,Missouri,Accessories,Sunglasses,L,Indigo,Summer,50,4.9,False,No,False,Next Day Air,Yes,True,Debit Card,32,Established,Bi-Weekly,14,26.07,1303.5,1,Steady mid-tier
1077,33,25-34,Male,North Dakota,Outerwear,Coat,L,Charcoal,Spring,72,2.9,False,No,False,Standard,Yes,True,Venmo,47,Loyal,Bi-Weekly,14,26.07,1877.04,0,High-value regulars
1078,58,55-64,Male,West Virginia,Outerwear,Jacket,M,Pink,Winter,28,3.7,False,No,False,Standard,Yes,True,PayPal,5,New,Quarterly,90,4.06,113.68,1,Steady mid-tier
1079,37,35-44,Male,Arizona,Clothing,Sweater,M,Silver,Fall,59,4.4,False,No,False,Express,Yes,True,Credit Card,49,Loyal,Fortnightly,14,26.07,1538.13,0,High-value regulars
1080,18,18-24,Male,Oklahoma,Outerwear,Coat,S,Blue,Summer,33,4.4,False,No,False,Free Shipping,Yes,True,Bank Transfer,48,Loyal,Monthly,30,12.17,401.61,1,Steady mid-tier
1081,65,65+,Male,Pennsylvania,Accessories,Scarf,L,Blue,Fall,59,3.8,False,No,False,Express,Yes,True,Cash,22,Developing,Every 3 Months,90,4.06,239.54,1,Steady mid-tier
1082,62,55-64,Male,Idaho,Accessories,Belt,XL,Brown,Spring,30,4.5,False,No,False,Standard,Yes,True,Credit Card,45,Loyal,Annually,365,1.0,30.0,1,Steady mid-tier
1083,54,45-54,Male,South Carolina,Accessories,Hat,XL,Cyan,Winter,85,2.6,False,No,False,Next Day Air,Yes,True,Venmo,30,Established,Quarterly,90,4.06,345.1,1,Steady mid-tier
1084,35,35-44,Male,Washington,Accessories,Backpack,L,Teal,Summer,97,3.3,False,No,False,Store Pickup,Yes,True,Cash,43,Loyal,Weekly,7,52.14,5057.58,0,High-value regulars
1085,34,25-34,Male,Arkansas,Clothing,T-shirt,S,Purple,Fall,36,4.1,False,No,False,Next Day Air,Yes,True,Cash,48,Loyal,Quarterly,90,4.06,146.16,1,Steady mid-tier
1086,25,25-34,Male,Utah,Accessories,Jewelry,M,Turquoise,Winter,85,3.0,False,No,False,Store Pickup,Yes,True,Venmo,23,Developing,Fortnightly,14,26.07,2215.95,0,High-value regulars
1087,53,45-54,Male,Alaska,Accessories,Sunglasses,M,Olive,Winter,62,3.0,False,No,False,Free Shipping,Yes,True,PayPal,27,Established,Bi-Weekly,14,26.07,1616.34,0,High-value regulars
1088,45,45-54,Male,West Virginia,Clothing,Jeans,S,White,Winter,71,3.4,False,No,False,Next Day Air,Yes,True,Bank Transfer,7,New,Monthly,30,12.17,864.07,1,Steady mid-tier
1089,49,45-54,Male,Louisiana,Clothing,Pants,M,Turquoise,Winter,21,2.7,False,No,False,Free Shipping,Yes,True,PayPal,2,New,Weekly,7,52.14,1094.94,0,High-value regulars
1090,40,35-44,Male,Arizona,Accessories,Backpack,M,Silver,Spring,61,3.8,False,No,False,Next Day Air,Yes,True,PayPal,33,Established,Bi-Weekly,14,26.07,1590.27,0,High-value regulars
1091,38,35-44,Male,Connecticut,Accessories,Scarf,M,Violet,Spring,58,4.2,False,No,False,Store Pickup,Yes,True,Cash,27,Established,Fortnightly,14,26.07,1512.06,0,High-value regulars
1092,44,35-44,Male,North Carolina,Clothing,Sweater,L,Lavender,Spring,80,4.7,False,No,False,Store Pickup,Yes,True,Credit Card,6,New,Fortnightly,14,26.07,2085.6,0,High-value regulars
1093,68,65+,Male,South Dakota,Accessories,Jewelry,L,Magenta,Spring,50,4.1,False,No,False,2-Day Shipping,Yes,True,Venmo,20,Developing,Quarterly,90,4.06,203.0,1,Steady mid-tier
1094,60,55-64,Male,Delaware,Footwear,Sneakers,S,Indigo,Winter,48,4.2,False,No,False,2-Day Shipping,Yes,True,Venmo,46,Loyal,Every 3 Months,90,4.06,194.88,1,Steady mid-tier
1095,25,25-34,Male,Connecticut,Accessories,Jewelry,M,Black,Winter,40,4.8,False,No,False,Next Day Air,Yes,True,Cash,25,Developing,Quarterly,90,4.06,162.4,1,Steady mid-tier
1096,19,18-24,Male,Tennessee,Outerwear,Coat,S,Peach,Summer,34,3.0,False,No,False,Free Shipping,Yes,True,Bank Transfer,30,Established,Quarterly,90,4.06,138.04,1,Steady mid-tier
1097,57,55-64,Male,New Hampshire,Outerwear,Coat,S,Beige,Fall,46,2.6,False,No,False,Standard,Yes,True,Credit Card,48,Loyal,Annually,365,1.0,46.0,1,Steady mid-tier
1098,58,55-64,Male,Vermont,Accessories,Sunglasses,M,Black,Summer,27,3.2,False,No,False,Store Pickup,Yes,True,Bank Transfer,47,Loyal,Weekly,7,52.14,1407.78,0,High-value regulars
1099,49,45-54,Male,Idaho,Accessories,Handbag,S,Turquoise,Spring,98,3.6,False,No,False,Next Day Air,Yes,True,Credit Card,27,Established,Weekly,7,52.14,5109.72,0,High-value regulars
1100,19,18-24,Male,North Carolina,Clothing,Sweater,M,Peach,Fall,73,2.6,False,No,False,Next Day Air,Yes,True,Bank Transfer,45,Loyal,Fortnightly,14,26.07,1903.11,0,High-value regulars
1101,50,45-54,Male,Nevada,Clothing,Pants,L,Gold,Spring,28,4.4,False,No,False,Express,Yes,True,Credit Card,2,New,Weekly,7,52.14,1459.92,0,High-value regulars
1102,30,25-34,Male,Delaware,Accessories,Gloves,XL,Silver,Fall,76,3.0,False,No,False,Free Shipping,Yes,True,Cash,39,Established,Fortnightly,14,26.07,1981.32,0,High-value regulars
1103,52,45-54,Male,Texas,Clothing,Sweater,M,Peach,Fall,83,2.9,False,No,False,Express,Yes,True,Cash,24,Developing,Fortnightly,14,26.07,2163.81,0,High-value regulars
1104,35,35-44,Male,Tennessee,Clothing,Hoodie,S,Charcoal,Spring,23,4.3,False,No,False,Free Shipping,Yes,True,Debit Card,8,New,Bi-Weekly,14,26.07,599.61,1,Steady mid-tier
1105,35,35-44,Male,Delaware,Accessories,Hat,M,Beige,Fall,28,3.1,False,No,False,Express,Yes,True,Bank Transfer,8,New,Quarterly,90,4.06,113.68,1,Steady mid-tier
1106,33,25-34,Male,Massachusetts,Clothing,T-shirt,S,Olive,Spring,83,3.0,False,No,False,Next Day Air,Yes,True,Venmo,6,New,Every 3 Months,90,4.06,336.98,1,Steady mid-tier
1107,52,45-54,Male,Minnesota,Clothing,Skirt,L,Violet,Winter,96,3.6,False,No,False,Store Pickup,Yes,True,Venmo,12,Developing,Fortnightly,14,26.07,2502.72,0,High-value regulars
1108,69,65+,Male,Texas,Footwear,Sneakers,M,Peach,Fall,62,2.8,False,No,False,Store Pickup,Yes,True,Bank Transfer,26,Established,Weekly,7,52.14,3232.68,0,High-value regulars
1109,27,25-34,Male,Nebraska,Clothing,Shorts,M,Teal,Fall,25,2.8,False,No,False,Standard,Yes,True,Cash,50,Loyal,Fortnightly,14,26.07,651.75,1,Steady mid-tier
1110,66,65+,Male,Oklahoma,Clothing,Hoodie,L,Violet,Winter,97,3.7,True,No,False,Next Day Air,Yes,True,Venmo,2,New,Weekly,7,52.14,5057.58,0,High-value regulars
1111,28,25-34,Male,Texas,Clothing,Hoodie,L,Cyan,Fall,61,3.0,False,No,False,Standard,Yes,True,Cash,31,Established,Bi-Weekly,14,26.07,1590.27,0,High-value regulars
1112,22,18-24,Male,New York,Footwear,Shoes,S,Olive,Summer,66,4.1,False,No,False,Next Day Air,Yes,True,Credit Card,4,New,Bi-Weekly,14,26.07,1720.62,0,High-value regulars
1113,69,65+,Male,Washington,Clothing,Hoodie,XL,Pink,Spring,67,4.6,False,No,False,Free Shipping,Yes,True,PayPal,32,Established,Quarterly,90,4.06,272.02,1,Steady mid-tier
1114,28,25-34,Male,Maryland,Accessories,Sunglasses,M,Purple,Summer,80,4.8,False,No,False,Next Day Air,Yes,True,PayPal,11,Developing,Bi-Weekly,14,26.07,2085.6,0,High-value regulars
1115,55,55-64,Male,New Hampshire,Clothing,Skirt,L,Violet,Fall,25,2.6,False,No,False,Next Day Air,Yes,True,Bank Transfer,47,Loyal,Every 3 Months,90,4.06,101.5,1,Steady mid-tier
1116,30,25-34,Male,New York,Accessories,Hat,S,Peach,Fall,58,4.0,False,No,False,2-Day Shipping,Yes,True,Cash,37,Established,Weekly,7,52.14,3024.12,0,High-value regulars
1117,67,65+,Male,Hawaii,Accessories,Backpack,M,Charcoal,Winter,96,4.2,False,No,False,Express,Yes,True,PayPal,39,Established,Fortnightly,14,26.07,2502.72,0,High-value regulars
1118,25,25-34,Male,California,Accessories,Sunglasses,L,Lavender,Spring,77,4.5,False,No,False,Store Pickup,Yes,True,Credit Card,24,Developing,Monthly,30,12.17,937.09,1,Steady mid-tier
1119,49,45-54,Male,Indiana,Accessories,Belt,M,Purple,Summer,65,4.9,False,No,False,Standard,Yes,True,PayPal,11,Developing,Every 3 Months,90,4.06,263.9,1,Steady mid-tier
1120,34,25-34,Male,Louisiana,Accessories,Jewelry,M,Indigo,Spring,36,3.1,False,No,False,Standard,Yes,True,Credit Card,36,Established,Weekly,7,52.14,1877.04,0,High-value regulars
1121,22,18-24,Male,Pennsylvania,Footwear,Sneakers,M,Magenta,Winter,84,4.0,False,No,False,Next Day Air,Yes,True,Debit Card,40,Established,Monthly,30,12.17,1022.28,1,Steady mid-tier
1122,63,55-64,Male,Florida,Clothing,T-shirt,XL,Peach,Fall,58,3.2,False,No,False,Express,Yes,True,Cash,25,Developing,Quarterly,90,4.06,235.48,1,Steady mid-tier
1123,70,65+,Male,North Carolina,Accessories,Handbag,S,Charcoal,Spring,62,4.3,False,No,False,2-Day Shipping,Yes,True,Credit Card,12,Developing,Annually,365,1.0,62.0,1,Steady mid-tier
1124,36,35-44,Male,Massachusetts,Accessories,Hat,S,Purple,Fall,67,2.5,False,No,False,Store Pickup,Yes,True,Cash,38,Established,Monthly,30,12.17,815.39,1,Steady mid-tier
1125,42,35-44,Male,Iowa,Clothing,Sweater,M,Orange,Spring,20,3.7,True,No,False,Express,Yes,True,Cash,40,Established,Quarterly,90,4.06,81.2,1,Steady mid-tier
1126,27,25-34,Male,North Dakota,Footwear,Sandals,M,Lavender,Summer,90,2.7,False,No,False,2-Day Shipping,Yes,True,Bank Transfer,10,New,Weekly,7,52.14,4692.6,0,High-value regulars
1127,23,18-24,Male,Iowa,Accessories,Scarf,L,Beige,Winter,58,3.4,False,No,False,Standard,Yes,True,Venmo,47,Loyal,Fortnightly,14,26.07,1512.06,0,High-value regulars
1128,50,45-54,Male,Delaware,Clothing,Shirt,XL,Maroon,Spring,53,4.8,False,No,False,Store Pickup,Yes,True,Debit Card,22,Developing,Monthly,30,12.17,645.01,1,Steady mid-tier
1129,56,55-64,Male,New York,Accessories,Gloves,L,Charcoal,Winter,30,4.7,False,No,False,Next Day Air,Yes,True,Debit Card,35,Established,Monthly,30,12.17,365.1,1,Steady mid-tier
1130,37,35-44,Male,New Hampshire,Clothing,Hoodie,XL,White,Winter,65,4.7,False,No,False,Express,Yes,True,Venmo,46,Loyal,Fortnightly,14,26.07,1694.55,0,High-value regulars
1131,67,65+,Male,Kentucky,Accessories,Jewelry,M,Lavender,Summer,41,3.9,False,No,False,Standard,Yes,True,PayPal,30,Established,Bi-Weekly,14,26.07,1068.87,1,Steady mid-tier
1132,67,65+,Male,Illinois,Clothing,Shirt,M,Black,Spring,73,3.7,False,No,False,Express,Yes,True,Bank Transfer,20,Developing,Monthly,30,12.17,888.41,1,Steady mid-tier
1133,50,45-54,Male,North Carolina,Clothing,Hoodie,S,Teal,Spring,98,4.3,False,No,False,Store Pickup,Yes,True,Cash,25,Developing,Fortnightly,14,26.07,2554.86,0,High-value regulars
1134,36,35-44,Male,Connecticut,Footwear,Shoes,XL,Magenta,Winter,36,4.1,False,No,False,2-Day Shipping,Yes,True,Cash,29,Established,Weekly,7,52.14,1877.04,0,High-value regulars
1135,62,55-64,Male,Wisconsin,Clothing,T-shirt,M,Brown,Summer,81,3.7,True,No,False,Express,Yes,True,Venmo,2,New,Every 3 Months,90,4.06,328.86,1,Steady mid-tier
1136,65,65+,Male,Massachusetts,Clothing,Skirt,L,Peach,Winter,90,3.6,False,No,False,2-Day Shipping,Yes,True,Bank Transfer,32,Established,Quarterly,90,4.06,365.4,1,Steady mid-tier
1137,23,18-24,Male,Illinois,Accessories,Handbag,S,Cyan,Summer,83,4.8,False,No,False,Free Shipping,Yes,True,Cash,37,Established,Monthly,30,12.17,1010.11,1,Steady mid-tier
1138,46,45-54,Male,New Mexico,Clothing,Shirt,XL,Pink,Winter,91,2.8,False,No,False,2-Day Shipping,Yes,True,Bank Transfer,16,Developing,Every 3 Months,90,4.06,369.46,1,Steady mid-tier
1139,18,18-24,Male,Iowa,Clothing,Pants,M,Purple,Summer,36,4.7,False,No,False,Express,Yes,True,Venmo,32,Established,Fortnightly,14,26.07,938.52,1,Steady mid-tier
1140,58,55-64,Male,Alabama,Outerwear,Coat,L,Purple,Spring,53,3.9,False,No,False,Standard,Yes,True,Debit Card,42,Loyal,Bi-Weekly,14,26.07,1381.71,1,Steady mid-tier
1141,31,25-34,Male,Maryland,Clothing,Jeans,M,White,Winter,39,2.6,False,No,False,Store Pickup,Yes,True,Credit Card,6,New,Every 3 Months,90,4.06,158.34,1,Steady mid-tier
1142,39,35-44,Male,Ohio,Accessories,Gloves,S,Silver,Winter,33,4.7,False,No,False,Next Day Air,Yes,True,PayPal,23,Developing,Fortnightly,14,26.07,860.31,1,Steady mid-tier
1143,69,65+,Male,Ohio,Clothing,T-shirt,L,Green,Spring,76,3.5,False,No,False,Store Pickup,Yes,True,Venmo,27,Established,Bi-Weekly,14,26.07,1981.32,0,High-value regulars
1144,68,65+,Male,Nevada,Footwear,Boots,L,Teal,Winter,23,4.4,False,No,False,Standard,Yes,True,PayPal,43,Loyal,Quarterly,90,4.06,93.38,1,Steady mid-tier
1145,41,35-44,Male,South Carolina,Clothing,Jeans,S,Indigo,Fall,54,4.4,False,No,False,2-Day Shipping,Yes,True,Bank Transfer,25,Developing,Fortnightly,14,26.07,1407.78,1,Steady mid-tier
1146,31,25-34,Male,Nevada,Footwear,Sneakers,L,Pink,Summer,89,3.0,False,No,False,Express,Yes,True,Cash,30,Established,Every 3 Months,90,4.06,361.34,1,Steady mid-tier
1147,48,45-54,Male,Wisconsin,Footwear,Sneakers,M,Indigo,Summer,38,4.2,False,No,False,Standard,Yes,True,Bank Transfer,7,New,Every 3 Months,90,4.06,154.28,1,Steady mid-tier
1148,59,55-64,Male,Tennessee,Accessories,Hat,XL,Red,Winter,36,4.3,False,No,False,Next Day Air,Yes,True,Debit Card,17,Developing,Annually,365,1.0,36.0,1,Steady mid-tier
1149,34,25-34,Male,Florida,Clothing,Pants,M,Violet,Spring,66,2.6,False,No,False,Store Pickup,Yes,True,PayPal,10,New,Fortnightly,14,26.07,1720.62,0,High-value regulars
1150,21,18-24,Male,Georgia,Accessories,Jewelry,L,Cyan,Spring,42,3.3,False,No,False,Store Pickup,Yes,True,Venmo,40,Established,Annually,365,1.0,42.0,1,Steady mid-tier
1151,29,25-34,Male,Kentucky,Accessories,Jewelry,S,Red,Winter,36,2.7,False,No,False,Next Day Air,Yes,True,Venmo,50,Loyal,Bi-Weekly,14,26.07,938.52,1,Steady mid-tier
1152,41,35-44,Male,Ohio,Clothing,Blouse,M,Gray,Spring,86,3.7,True,No,False,Express,Yes,True,Credit Card,24,Developing,Weekly,7,52.14,4484.04,0,High-value regulars
1153,62,55-64,Male,Connecticut,Accessories,Handbag,M,Gold,Fall,49,4.0,False,No,False,Standard,Yes,True,PayPal,8,New,Every 3 Months,90,4.06,198.94,1,Steady mid-tier
1154,27,25-34,Male,Idaho,Clothing,Shirt,M,Pink,Summer,41,4.0,False,No,False,Free Shipping,Yes,True,Bank Transfer,6,New,Quarterly,90,4.06,166.46,1,Steady mid-tier
1155,49,45-54,Male,Georgia,Clothing,Dress,L,Cyan,Spring,82,2.9,False,No,False,2-Day Shipping,Yes,True,Credit Card,44,Loyal,Bi-Weekly,14,26.07,2137.74,0,High-value regulars
1156,67,65+,Male,Tennessee,Clothing,T-shirt,S,Red,Fall,53,2.6,False,No,False,Express,Yes,True,PayPal,47,Loyal,Quarterly,90,4.06,215.18,1,Steady mid-tier
1157,20,18-24,Male,Hawaii,Footwear,Shoes,M,Gold,Summer,21,4.8,False,No,False,Express,Yes,True,Venmo,6,New,Every 3 Months,90,4.06,85.26,1,Steady mid-tier
1158,37,35-44,Male,Maryland,Accessories,Belt,M,Charcoal,Fall,66,4.4,False,No,False,Standard,Yes,True,Cash,11,Developing,Quarterly,90,4.06,267.96,1,Steady mid-tier
1159,69,65+,Male,Nevada,Accessories,Belt,L,Orange,Summer,89,4.0,False,No,False,2-Day Shipping,Yes,True,Bank Transfer,41,Loyal,Annually,365,1.0,89.0,1,Steady mid-tier
1160,66,65+,Male,New Hampshire,Accessories,Handbag,L,Blue,Fall,55,3.6,False,No,False,2-Day Shipping,Yes,True,Venmo,46,Loyal,Every 3 Months,90,4.06,223.3,1,Steady mid-tier
1161,37,35-44,Male,North Dakota,Accessories,Scarf,S,Blue,Summer,42,3.2,False,No,False,Next Day Air,Yes,True,Venmo,9,New,Bi-Weekly,14,26.07,1094.94,1,Steady mid-tier
1162,63,55-64,Male,Oklahoma,Clothing,Shorts,S,Orange,Fall,52,3.1,False,No,False,2-Day Shipping,Yes,True,PayPal,37,Established,Monthly,30,12.17,632.84,1,Steady mid-tier
1163,47,45-54,Male,North Carolina,Footwear,Sandals,M,Blue,Winter,92,4.2,False,No,False,Express,Yes,True,PayPal,13,Developing,Weekly,7,52.14,4796.88,0,High-value regulars
1164,26,25-34,Male,Tennessee,Clothing,Pants,L,White,Summer,56,3.0,False,No,False,2-Day Shipping,Yes,True,Debit Card,24,Developing,Monthly,30,12.17,681.52,1,Steady mid-tier
1165,68,65+,Male,Montana,Clothing,Dress,M,Green,Winter,96,4.2,False,No,False,Standard,Yes,True,PayPal,47,Loyal,Quarterly,90,4.06,389.76,1,Steady mid-tier
1166,51,45-54,Male,Wisconsin,Clothing,T-shirt,M,Silver,Winter,64,2.9,False,No,False,Next Day Air,Yes,True,Venmo,21,Developing,Every 3 Months,90,4.06,259.84,1,Steady mid-tier
1167,48,45-54,Male,Connecticut,Clothing,Dress,S,Lavender,Winter,48,3.7,False,No,False,Store Pickup,Yes,True,Venmo,22,Developing,Fortnightly,14,26.07,1251.36,1,Steady mid-tier
1168,60,55-64,Male,New Jersey,Clothing,Socks,XL,Beige,Summer,83,3.6,False,No,False,Free Shipping,Yes,True,PayPal,16,Developing,Quarterly,90,4.06,336.98,1,Steady mid-tier
1169,68,65+,Male,Mississippi,Accessories,Scarf,L,Violet,Summer,91,3.6,False,No,False,Standard,Yes,True,Debit Card,37,Established,Fortnightly,14,26.07,2372.37,0,High-value regulars
1170,25,25-34,Male,Wyoming,Accessories,Backpack,S,Gray,Fall,94,4.5,False,No,False,2-Day Shipping,Yes,True,Cash,3,New,Annually,365,1.0,94.0,1,Steady mid-tier
1171,57,55-64,Male,Illinois,Clothing,Skirt,S,Red,Spring,62,3.2,False,No,False,Express,Yes,True,Cash,33,Established,Bi-Weekly,14,26.07,1616.34,0,High-value regulars
1172,41,35-44,Male,Louisiana,Clothing,Socks,M,Lavender,Spring,55,3.9,False,No,False,Next Day Air,Yes,True,Debit Card,15,Developing,Annually,365,1.0,55.0,1,Steady mid-tier
1173,59,55-64,Male,Oregon,Outerwear,Coat,L,Peach,Spring,68,4.6,False,No,False,Store Pickup,Yes,True,Bank Transfer,42,Loyal,Bi-Weekly,14,26.07,1772.76,0,High-value regulars
1174,44,35-44,Male,South Dakota,Accessories,Jewelry,M,Indigo,Winter,76,2.5,False,No,False,Express,Yes,True,Cash,42,Loyal,Bi-Weekly,14,26.07,1981.32,0,High-value regulars
1175,42,35-44,Male,Michigan,Accessories,Backpack,M,Black,Winter,31,4.3,False,No,False,Express,Yes,True,Bank Transfer,19,Developing,Bi-Weekly,14,26.07,808.17,1,Steady mid-tier
1176,35,35-44,Male,New Jersey,Accessories,Belt,M,Beige,Spring,81,4.1,False,No,False,Store Pickup,Yes,True,PayPal,26,Established,Quarterly,90,4.06,328.86,1,Steady mid-tier
1177,36,35-44,Male,Oregon,Clothing,Dress,M,Red,Winter,83,3.7,True,No,False,Free Shipping,Yes,True,PayPal,39,Established,Quarterly,90,4.06,336.98,1,Steady mid-tier
1178,54,45-54,Male,Iowa,Clothing,Skirt,M,Black,Spring,21,4.8,False,No,False,Standard,Yes,True,Debit Card,24,Developing,Monthly,30,12.17,255.57,1,Steady mid-tier
1179,37,35-44,Male,South Carolina,Clothing,Dress,M,Teal,Spring,22,4.9,False,No,False,Express,Yes,True,Debit Card,23,Developing,Annually,365,1.0,22.0,1,Steady mid-tier
1180,20,18-24,Male,Indiana,Clothing,T-shirt,M,Blue,Summer,33,2.8,False,No,False,Free Shipping,Yes,True,Bank Transfer,44,Loyal,Annually,365,1.0,33.0,1,Steady mid-tier
1181,23,18-24,Male,Oregon,Clothing,Skirt,S,Beige,Spring,23,4.9,False,No,False,Standard,Yes,True,Cash,34,Established,Monthly,30,12.17,279.91,1,Steady mid-tier
1182,61,55-64,Male,New York,Clothing,Shorts,L,Teal,Summer,96,3.5,False,No,False,Free Shipping,Yes,True,Bank Transfer,43,Loyal,Quarterly,90,4.06,389.76,1,Steady mid-tier
1183,37,35-44,Male,New Mexico,Accessories,Jewelry,M,Maroon,Spring,21,3.8,False,No,False,Express,Yes,True,PayPal,45,Loyal,Quarterly,90,4.06,85.26,1,Steady mid-tier
1184,23,18-24,Male,Louisiana,Clothing,Pants,M,Yellow,Spring,39,4.5,False,No,False,2-Day Shipping,Yes,True,Credit Card,4,New,Weekly,7,52.14,2033.46,0,High-value regulars
1185,63,55-64,Male,South Carolina,Accessories,Belt,S,Indigo,Fall,73,3.4,False,No,False,Express,Yes,True,Credit Card,19,Developing,Annually,365,1.0,73.0,1,Steady mid-tier
1186,47,45-54,Male,Maine,Clothing,Jeans,M,Magenta,Spring,64,3.9,False,No,False,Standard,Yes,True,Credit Card,29,Established,Monthly,30,12.17,778.88,1,Steady mid-tier
1187,63,55-64,Male,Indiana,Clothing,Jeans,M,Beige,Summer,68,4.1,False,No,False,2-Day Shipping,Yes,True,Credit Card,27,Established,Annually,365,1.0,68.0,1,Steady mid-tier
1188,56,55-64,Male,Iowa,Accessories,Hat,L,Maroon,Fall,89,3.0,False,No,False,Express,Yes,True,Credit Card,37,Established,Every 3 Months,90,4.06,361.34,1,Steady mid-tier
1189,68,65+,Male,Mississippi,Clothing,Blouse,M,Magenta,Summer,29,3.3,False,No,False,Next Day Air,Yes,True,Credit Card,11,Developing,Weekly,7,52.14,1512.06,0,High-value regulars
1190,64,55-64,Male,Arkansas,Clothing,Shirt,XL,Teal,Summer,97,3.7,True,No,False,Free Shipping,Yes,True,Debit Card,28,Established,Annually,365,1.0,97.0,1,Steady mid-tier
1191,62,55-64,Male,South Carolina,Clothing,Shirt,M,Orange,Winter,45,4.3,False,No,False,Next Day Air,Yes,True,Credit Card,31,Established,Weekly,7,52.14,2346.3,0,High-value regulars
1192,34,25-34,Male,Indiana,Clothing,T-shirt,L,Charcoal,Winter,70,4.1,False,No,False,Free Shipping,Yes,True,Venmo,50,Loyal,Quarterly,90,4.06,284.2,1,Steady mid-tier
1193,49,45-54,Male,Florida,Outerwear,Coat,M,Turquoise,Summer,56,4.0,False,No,False,2-Day Shipping,Yes,True,Venmo,42,Loyal,Quarterly,90,4.06,227.36,1,Steady mid-tier
1194,40,35-44,Male,Alaska,Outerwear,Jacket,L,Pink,Fall,55,5.0,False,No,False,2-Day Shipping,Yes,True,Credit Card,18,Developing,Fortnightly,14,26.07,1433.85,0,High-value regulars
1195,50,45-54,Male,New York,Clothing,Hoodie,S,Teal,Winter,46,3.1,False,No,False,2-Day Shipping,Yes,True,Credit Card,6,New,Fortnightly,14,26.07,1199.22,1,Steady mid-tier
1196,25,25-34,Male,Texas,Accessories,Scarf,M,White,Winter,95,4.0,False,No,False,2-Day Shipping,Yes,True,Venmo,33,Established,Monthly,30,12.17,1156.15,1,Steady mid-tier
1197,30,25-34,Male,North Dakota,Accessories,Belt,M,Maroon,Winter,88,3.2,False,No,False,2-Day Shipping,Yes,True,Bank Transfer,13,Developing,Bi-Weekly,14,26.07,2294.16,0,High-value regulars
1198,54,45-54,Male,Vermont,Footwear,Sneakers,L,Violet,Fall,92,3.9,False,No,False,Standard,Yes,True,PayPal,26,Established,Annually,365,1.0,92.0,1,Steady mid-tier
1199,40,35-44,Male,New Jersey,Clothing,Socks,M,Brown,Summer,49,3.9,False,No,False,2-Day Shipping,Yes,True,Cash,17,Developing,Annually,365,1.0,49.0,1,Steady mid-tier
1200,49,45-54,Male,Maryland,Footwear,Sandals,M,Indigo,Fall,89,4.5,False,No,False,Free Shipping,Yes,True,Debit Card,3,New,Weekly,7,52.14,4640.46,0,High-value regulars
1201,27,25-34,Male,Connecticut,Outerwear,Coat,XL,Black,Winter,22,4.4,False,No,False,Store Pickup,Yes,True,PayPal,7,New,Weekly,7,52.14,1147.08,0,High-value regulars
1202,27,25-34,Male,Illinois,Footwear,Shoes,XL,Black,Summer,61,3.1,False,No,False,2-Day Shipping,Yes,True,Venmo,46,Loyal,Fortnightly,14,26.07,1590.27,0,High-value regulars
1203,48,45-54,Male,Maryland,Accessories,Scarf,S,Olive,Spring,29,2.9,False,No,False,Standard,Yes,True,Venmo,14,Developing,Every 3 Months,90,4.06,117.74,1,Steady mid-tier
1204,40,35-44,Male,Minnesota,Footwear,Sneakers,M,Orange,Winter,82,3.7,False,No,False,Free Shipping,Yes,True,Bank Transfer,23,Developing,Annually,365,1.0,82.0,1,Steady mid-tier
1205,67,65+,Male,Florida,Accessories,Belt,M,Pink,Spring,94,3.2,False,No,False,2-Day Shipping,Yes,True,Credit Card,20,Developing,Every 3 Months,90,4.06,381.64,1,Steady mid-tier
1206,52,45-54,Male,California,Accessories,Handbag,M,Olive,Spring,99,3.5,False,No,False,Standard,Yes,True,Bank Transfer,38,Established,Fortnightly,14,26.07,2580.93,0,High-value regulars
1207,22,18-24,Male,Mississippi,Accessories,Handbag,S,Cyan,Fall,59,3.0,False,No,False,Free Shipping,Yes,True,Venmo,16,Developing,Every 3 Months,90,4.06,239.54,1,Steady mid-tier
1208,62,55-64,Male,Washington,Footwear,Boots,M,White,Summer,90,4.1,False,No,False,Next Day Air,Yes,True,Credit Card,48,Loyal,Every 3 Months,90,4.06,365.4,1,Steady mid-tier
1209,20,18-24,Male,Wisconsin,Footwear,Boots,S,Red,Winter,100,3.8,True,No,False,2-Day Shipping,Yes,True,Debit Card,8,New,Annually,365,1.0,100.0,1,Steady mid-tier
1210,41,35-44,Male,Pennsylvania,Clothing,Pants,M,Blue,Winter,62,3.8,False,No,False,Next Day Air,Yes,True,Bank Transfer,16,Developing,Monthly,30,12.17,754.54,1,Steady mid-tier
1211,34,25-34,Male,Missouri,Accessories,Sunglasses,M,Olive,Fall,78,4.1,False,No,False,Next Day Air,Yes,True,Cash,5,New,Quarterly,90,4.06,316.68,1,Steady mid-tier
1212,23,18-24,Male,Oklahoma,Clothing,Hoodie,M,Green,Spring,94,4.6,False,No,False,Store Pickup,Yes,True,Venmo,14,Developing,Every 3 Months,90,4.06,381.64,1,Steady mid-tier
1213,32,25-34,Male,Pennsylvania,Footwear,Shoes,M,Yellow,Summer,74,2.5,False,No,False,Free Shipping,Yes,True,Credit Card,18,Developing,Weekly,7,52.14,3858.36,0,High-value regulars
1214,68,65+,Male,Kentucky,Accessories,Handbag,XL,Black,Spring,52,3.7,False,No,False,Express,Yes,True,Debit Card,14,Developing,Every 3 Months,90,4.06,211.12,1,Steady mid-tier
1215,30,25-34,Male,Vermont,Outerwear,Jacket,M,Blue,Fall,81,3.8,False,No,False,Free Shipping,Yes,True,Cash,5,New,Every 3 Months,90,4.06,328.86,1,Steady mid-tier
1216,66,65+,Male,Oregon,Clothing,Blouse,L,Pink,Winter,20,2.6,False,No,False,2-Day Shipping,Yes,True,Credit Card,15,Developing,Every 3 Months,90,4.06,81.2,1,Steady mid-tier
1217,62,55-64,Male,Utah,Clothing,Pants,XL,Lavender,Summer,32,3.7,False,No,False,Free Shipping,Yes,True,Venmo,3,New,Every 3 Months,90,4.06,129.92,1,Steady mid-tier
1218,50,45-54,Male,Nebraska,Footwear,Boots,XL,Cyan,Fall,63,2.6,False,No,False,Free Shipping,Yes,True,Cash,12,Developing,Every 3 Months,90,4.06,255.78,1,Steady mid-tier
1219,55,55-64,Male,Pennsylvania,Footwear,Boots,M,Cyan,Spring,79,3.1,False,No,False,Store Pickup,Yes,True,Cash,43,Loyal,Every 3 Months,90,4.06,320.74,1,Steady mid-tier
1220,19,18-24,Male,Vermont,Clothing,Sweater,M,Gold,Winter,23,2.5,False,No,False,Next Day Air,Yes,True,Credit Card,35,Established,Bi-Weekly,14,26.07,599.61,1,Steady mid-tier
1221,67,65+,Male,Kentucky,Accessories,Gloves,M,Green,Winter,64,3.8,True,No,False,Express,Yes,True,Bank Transfer,36,Established,Quarterly,90,4.06,259.84,1,Steady mid-tier
1222,18,18-24,Male,Iowa,Clothing,Socks,M,Red,Winter,69,4.5,False,No,False,Standard,Yes,True,Cash,3,New,Quarterly,90,4.06,280.14,1,Steady mid-tier
1223,58,55-64,Male,Indiana,Clothing,Jeans,L,Magenta,Fall,69,3.4,False,No,False,Store Pickup,Yes,True,Bank Transfer,27,Established,Annually,365,1.0,69.0,1,Steady mid-tier
1224,69,65+,Male,Kansas,Clothing,Pants,L,Red,Winter,24,3.9,False,No,False,Free Shipping,Yes,True,Bank Transfer,21,Developing,Weekly,7,52.14,1251.36,0,High-value regulars
1225,62,55-64,Male,Illinois,Clothing,Shorts,M,Yellow,Summer,50,3.7,False,No,False,Store Pickup,Yes,True,Venmo,18,Developing,Weekly,7,52.14,2607.0,0,High-value regulars
1226,28,25-34,Male,North Carolina,Accessories,Gloves,S,Turquoise,Fall,97,2.6,False,No,False,Free Shipping,Yes,True,Debit Card,16,Developing,Weekly,7,52.14,5057.58,0,High-value regulars
1227,53,45-54,Male,Ohio,Footwear,Sandals,S,Cyan,Fall,91,3.4,False,No,False,Store Pickup,Yes,True,Venmo,18,Developing,Bi-Weekly,14,26.07,2372.37,0,High-value regulars
1228,27,25-34,Male,Illinois,Clothing,Blouse,L,Yellow,Spring,37,4.9,False,No,False,Store Pickup,Yes,True,Bank Transfer,19,Developing,Bi-Weekly,14,26.07,964.59,1,Steady mid-tier
1229,55,55-64,Male,Indiana,Outerwear,Jacket,S,Yellow,Winter,55,3.9,False,No,False,Express,Yes,True,Cash,1,New,Annually,365,1.0,55.0,1,Steady mid-tier
1230,34,25-34,Male,Kansas,Accessories,Jewelry,XL,Maroon,Winter,52,3.6,False,No,False,Express,Yes,True,Bank Transfer,39,Established,Annually,365,1.0,52.0,1,Steady mid-tier
1231,25,25-34,Male,Illinois,Accessories,Hat,L,Brown,Spring,80,3.8,True,No,False,Standard,Yes,True,Venmo,49,Loyal,Monthly,30,12.17,973.6,1,Steady mid-tier
1232,66,65+,Male,Pennsylvania,Clothing,Socks,M,Gold,Spring,79,4.0,False,No,False,2-Day Shipping,Yes,True,Credit Card,43,Loyal,Fortnightly,14,26.07,2059.53,0,High-value regulars
1233,57,55-64,Male,New York,Accessories,Handbag,M,Charcoal,Summer,23,3.6,False,No,False,Free Shipping,Yes,True,Debit Card,31,Established,Every 3 Months,90,4.06,93.38,1,Steady mid-tier
1234,46,45-54,Male,Utah,Clothing,Pants,L,Beige,Winter,73,3.5,False,No,False,Next Day Air,Yes,True,Venmo,40,Established,Every 3 Months,90,4.06,296.38,1,Steady mid-tier
1235,38,35-44,Male,New Jersey,Accessories,Gloves,M,Indigo,Fall,99,4.1,False,No,False,Store Pickup,Yes,True,Bank Transfer,2,New,Bi-Weekly,14,26.07,2580.93,0,High-value regulars
1236,23,18-24,Male,Idaho,Clothing,Sweater,M,Red,Spring,22,3.0,False,No,False,Store Pickup,Yes,True,PayPal,46,Loyal,Every 3 Months,90,4.06,89.32,1,Steady mid-tier
1237,42,35-44,Male,New Mexico,Accessories,Hat,M,White,Summer,68,4.4,False,No,False,Store Pickup,Yes,True,Debit Card,35,Established,Every 3 Months,90,4.06,276.08,1,Steady mid-tier
1238,25,25-34,Male,Michigan,Clothing,Dress,S,Charcoal,Spring,92,4.4,False,No,False,2-Day Shipping,Yes,True,Credit Card,42,Loyal,Quarterly,90,4.06,373.52,1,Steady mid-tier
1239,55,55-64,Male,Wyoming,Clothing,Pants,M,Violet,Winter,77,3.7,False,No,False,Express,Yes,True,Venmo,3,New,Fortnightly,14,26.07,2007.39,0,High-value regulars
1240,62,55-64,Male,New Jersey,Outerwear,Coat,XL,Magenta,Spring,37,4.8,False,No,False,Standard,Yes,True,Debit Card,32,Established,Every 3 Months,90,4.06,150.22,1,Steady mid-tier
1241,41,35-44,Male,New Jersey,Accessories,Scarf,L,White,Winter,79,2.9,False,No,False,Store Pickup,Yes,True,Debit Card,48,Loyal,Annually,365,1.0,79.0,1,Steady mid-tier
1242,58,55-64,Male,Hawaii,Clothing,Hoodie,XL,Pink,Winter,51,3.1,False,No,False,Express,Yes,True,Credit Card,34,Established,Weekly,7,52.14,2659.14,0,High-value regulars
1243,56,55-64,Male,Nevada,Clothing,Socks,M,Lavender,Summer,27,4.0,False,No,False,Next Day Air,Yes,True,Bank Transfer,15,Developing,Quarterly,90,4.06,109.62,1,Steady mid-tier
1244,25,25-34,Male,New Hampshire,Clothing,Blouse,S,Pink,Spring,23,3.0,False,No,False,Store Pickup,Yes,True,Debit Card,22,Developing,Annually,365,1.0,23.0,1,Steady mid-tier
1245,70,65+,Male,Indiana,Clothing,Socks,S,Silver,Summer,76,3.9,False,No,False,2-Day Shipping,Yes,True,Cash,2,New,Monthly,30,12.17,924.92,1,Steady mid-tier
1246,42,35-44,Male,New York,Clothing,Dress,M,Violet,Fall,31,3.4,False,No,False,Standard,Yes,True,Bank Transfer,30,Established,Weekly,7,52.14,1616.34,0,High-value regulars
1247,27,25-34,Male,Louisiana,Clothing,Hoodie,M,Charcoal,Winter,60,2.7,False,No,False,Standard,Yes,True,Cash,27,Established,Monthly,30,12.17,730.2,1,Steady mid-tier
1248,65,65+,Male,Virginia,Clothing,T-shirt,M,Charcoal,Spring,99,3.7,True,No,False,Express,Yes,True,Venmo,18,Developing,Bi-Weekly,14,26.07,2580.93,0,High-value regulars
1249,62,55-64,Male,Wisconsin,Accessories,Hat,XL,Red,Winter,37,3.0,False,No,False,Free Shipping,Yes,True,Credit Card,8,New,Annually,365,1.0,37.0,1,Steady mid-tier
1250,62,55-64,Male,Oregon,Footwear,Boots,M,Peach,Winter,50,4.5,False,No,False,Express,Yes,True,Venmo,48,Loyal,Fortnightly,14,26.07,1303.5,1,Steady mid-tier
1251,52,45-54,Male,New Hampshire,Clothing,Jeans,XL,Purple,Winter,26,4.1,False,No,False,Free Shipping,Yes,True,Cash,24,Developing,Monthly,30,12.17,316.42,1,Steady mid-tier
1252,56,55-64,Male,Indiana,Clothing,Shorts,XL,Orange,Spring,86,5.0,False,No,False,Next Day Air,Yes,True,Credit Card,43,Loyal,Monthly,30,12.17,1046.62,1,Steady mid-tier
1253,28,25-34,Male,Massachusetts,Footwear,Sandals,L,Magenta,Fall,41,4.0,False,No,False,Standard,Yes,True,Cash,8,New,Quarterly,90,4.06,166.46,1,Steady mid-tier
1254,39,35-44,Male,Montana,Footwear,Sandals,XL,Red,Winter,23,4.9,False,No,False,Express,Yes,True,PayPal,49,Loyal,Annually,365,1.0,23.0,1,Steady mid-tier
1255,54,45-54,Male,California,Footwear,Sneakers,XL,Black,Spring,56,3.3,False,No,False,2-Day Shipping,Yes,True,Credit Card,2,New,Bi-Weekly,14,26.07,1459.92,0,High-value regulars
1256,30,25-34,Male,Indiana,Accessories,Hat,M,Peach,Fall,68,4.1,False,No,False,Standard,Yes,True,Cash,38,Established,Fortnightly,14,26.07,1772.76,0,High-value regulars
1257,45,45-54,Male,West Virginia,Outerwear,Coat,S,Olive,Winter,48,3.6,False,No,False,Express,Yes,True,Cash,4,New,Fortnightly,14,26.07,1251.36,1,Steady mid-tier
1258,68,65+,Male,Minnesota,Clothing,Dress,L,Gold,Spring,67,3.0,False,No,False,Free Shipping,Yes,True,Cash,31,Established,Every 3 Months,90,4.06,272.02,1,Steady mid-tier
1259,47,45-54,Male,Ohio,Footwear,Boots,XL,Gold,Spring,87,4.1,False,No,False,2-Day Shipping,Yes,True,Debit Card,34,Established,Every 3 Months,90,4.06,353.22,1,Steady mid-tier
1260,68,65+,Male,Minnesota,Clothing,Skirt,M,Turquoise,Fall,64,3.9,False,No,False,Standard,Yes,True,Credit Card,45,Loyal,Monthly,30,12.17,778.88,1,Steady mid-tier
1261,63,55-64,Male,Virginia,Clothing,Shirt,XL,Green,Spring,93,4.1,False,No,False,Store Pickup,Yes,True,Debit Card,30,Established,Quarterly,90,4.06,377.58,1,Steady mid-tier
1262,20,18-24,Male,Connecticut,Clothing,Shirt,L,Maroon,Summer,29,2.8,False,No,False,Next Day Air,Yes,True,Credit Card,2,New,Fortnightly,14,26.07,756.03,1,Steady mid-tier
1263,29,25-34,Male,Tennessee,Footwear,Boots,L,Brown,Winter,62,4.8,False,No,False,Store Pickup,Yes,True,Venmo,44,Loyal,Monthly,30,12.17,754.54,1,Steady mid-tier
1264,41,35-44,Male,Delaware,Clothing,Hoodie,L,Brown,Winter,70,4.6,False,No,False,2-Day Shipping,Yes,True,Credit Card,1,New,Bi-Weekly,14,26.07,1824.9,0,High-value regulars
1265,52,45-54,Male,Vermont,Clothing,Sweater,S,Blue,Winter,92,2.5,False,No,False,Next Day Air,Yes,True,Venmo,1,New,Bi-Weekly,14,26.07,2398.44,0,High-value regulars
1266,32,25-34,Male,Louisiana,Clothing,Shirt,M,Lavender,Spring,79,2.7,False,No,False,Next Day Air,Yes,True,Bank Transfer,27,Established,Weekly,7,52.14,4119.06,0,High-value regulars
1267,20,18-24,Male,North Dakota,Clothing,Blouse,M,Peach,Fall,31,4.0,False,No,False,Standard,Yes,True,Debit Card,14,Developing,Every 3 Months,90,4.06,125.86,1,Steady mid-tier
1268,47,45-54,Male,Oregon,Clothing,T-shirt,S,Gray,Spring,83,2.7,False,No,False,Standard,Yes,True,Cash,41,Loyal,Weekly,7,52.14,4327.62,0,High-value regulars
1269,23,18-24,Male,Idaho,Outerwear,Jacket,XL,Charcoal,Winter,88,2.9,False,No,False,Next Day Air,Yes,True,Debit Card,25,Developing,Bi-Weekly,14,26.07,2294.16,0,High-value regulars
1270,43,35-44,Male,Vermont,Accessories,Jewelry,M,Lavender,Spring,53,3.0,False,No,False,Standard,Yes,True,PayPal,47,Loyal,Quarterly,90,4.06,215.18,1,Steady mid-tier
1271,67,65+,Male,West Virginia,Clothing,Hoodie,M,Green,Fall,98,3.3,False,No,False,Standard,Yes,True,Cash,20,Developing,Annually,365,1.0,98.0,1,Steady mid-tier
1272,70,65+,Male,Kentucky,Accessories,Jewelry,S,Gray,Spring,57,4.3,False,No,False,Store Pickup,Yes,True,PayPal,42,Loyal,Annually,365,1.0,57.0,1,Steady mid-tier
1273,35,35-44,Male,Wisconsin,Footwear,Sandals,M,Orange,Winter,80,4.4,False,No,False,Express,Yes,True,Bank Transfer,16,Developing,Monthly,30,12.17,973.6,1,Steady mid-tier
1274,41,35-44,Male,Mississippi,Clothing,Jeans,L,Silver,Spring,29,4.1,False,No,False,Next Day Air,Yes,True,Credit Card,32,Established,Every 3 Months,90,4.06,117.74,1,Steady mid-tier
1275,54,45-54,Male,Missouri,Accessories,Hat,M,Olive,Spring,73,3.1,False,No,False,2-Day Shipping,Yes,True,PayPal,37,Established,Quarterly,90,4.06,296.38,1,Steady mid-tier
1276,55,55-64,Male,Arkansas,Clothing,Sweater,S,Turquoise,Fall,32,4.5,False,No,False,Standard,Yes,True,PayPal,1,New,Monthly,30,12.17,389.44,1,Steady mid-tier
1277,51,45-54,Male,Wyoming,Footwear,Boots,L,Turquoise,Spring,68,4.8,False,No,False,Next Day Air,Yes,True,Bank Transfer,37,Established,Weekly,7,52.14,3545.52,0,High-value regulars
1278,19,18-24,Male,Rhode Island,Clothing,Blouse,L,Green,Spring,97,5.0,False,No,False,Express,Yes,True,Venmo,5,New,Quarterly,90,4.06,393.82,1,Steady mid-tier
1279,28,25-34,Male,Utah,Clothing,Shorts,M,Violet,Fall,98,2.8,False,No,False,Next Day Air,Yes,True,Venmo,31,Established,Fortnightly,14,26.07,2554.86,0,High-value regulars
1280,63,55-64,Male,Maryland,Clothing,Hoodie,L,Charcoal,Fall,56,3.7,False,No,False,Express,Yes,True,Debit Card,18,Developing,Annually,365,1.0,56.0,1,Steady mid-tier
1281,30,25-34,Male,Georgia,Clothing,Pants,L,White,Winter,78,4.4,False,No,False,2-Day Shipping,Yes,True,Venmo,39,Established,Every 3 Months,90,4.06,316.68,1,Steady mid-tier
1282,29,25-34,Male,New Jersey,Accessories,Belt,M,Olive,Spring,81,4.5,False,No,False,Store Pickup,Yes,True,Venmo,8,New,Bi-Weekly,14,26.07,2111.67,0,High-value regulars
1283,24,18-24,Male,New Hampshire,Clothing,Shirt,L,Violet,Winter,68,3.0,False,No,False,Free Shipping,Yes,True,Venmo,20,Developing,Monthly,30,12.17,827.56,1,Steady mid-tier
1284,69,65+,Male,Oregon,Clothing,Shirt,M,Violet,Winter,94,3.9,False,No,False,2-Day Shipping,Yes,True,Debit Card,23,Developing,Every 3 Months,90,4.06,381.64,1,Steady mid-tier
1285,65,65+,Male,Arkansas,Clothing,Dress,M,Black,Spring,93,3.9,False,No,False,Express,Yes,True,PayPal,38,Established,Fortnightly,14,26.07,2424.51,0,High-value regulars
1286,64,55-64,Male,North Carolina,Accessories,Gloves,M,Charcoal,Fall,99,3.5,False,No,False,Next Day Air,Yes,True,Bank Transfer,45,Loyal,Fortnightly,14,26.07,2580.93,0,High-value regulars
1287,40,35-44,Male,West Virginia,Accessories,Gloves,L,Yellow,Winter,49,4.9,False,No,False,Next Day Air,Yes,True,Debit Card,44,Loyal,Fortnightly,14,26.07,1277.43,1,Steady mid-tier
1288,24,18-24,Male,Utah,Clothing,Jeans,XL,Blue,Winter,28,3.4,False,No,False,Standard,Yes,True,PayPal,20,Developing,Monthly,30,12.17,340.76,1,Steady mid-tier
1289,66,65+,Male,South Dakota,Accessories,Belt,XL,Charcoal,Winter,93,4.1,False,No,False,Standard,Yes,True,PayPal,34,Established,Bi-Weekly,14,26.07,2424.51,0,High-value regulars
1290,35,35-44,Male,New Hampshire,Outerwear,Jacket,M,Red,Fall,24,2.9,False,No,False,Next Day Air,Yes,True,PayPal,10,New,Weekly,7,52.14,1251.36,0,High-value regulars
1291,67,65+,Male,Maryland,Clothing,Skirt,M,Indigo,Spring,35,3.4,False,No,False,Free Shipping,Yes,True,PayPal,3,New,Annually,365,1.0,35.0,1,Steady mid-tier
1292,69,65+,Male,South Dakota,Footwear,Sandals,S,Beige,Spring,68,3.2,False,No,False,2-Day Shipping,Yes,True,Debit Card,23,Developing,Fortnightly,14,26.07,1772.76,0,High-value regulars
1293,26,25-34,Male,Kentucky,Accessories,Belt,M,Maroon,Summer,61,3.8,True,No,False,Free Shipping,Yes,True,Bank Transfer,42,Loyal,Annually,365,1.0,61.0,1,Steady mid-tier
1294,23,18-24,Male,Florida,Clothing,Sweater,XL,Yellow,Fall,74,4.1,False,No,False,Standard,Yes,True,Debit Card,30,Established,Annually,365,1.0,74.0,1,Steady mid-tier
1295,27,25-34,Male,Texas,Clothing,Shirt,M,Silver,Summer,64,4.5,False,No,False,Standard,Yes,True,Cash,21,Developing,Every 3 Months,90,4.06,259.84,1,Steady mid-tier
1296,30,25-34,Male,New Mexico,Footwear,Sneakers,M,Olive,Fall,60,2.8,False,No,False,Standard,Yes,True,PayPal,50,Loyal,Weekly,7,52.14,3128.4,0,High-value regulars
1297,48,45-54,Male,South Dakota,Clothing,Jeans,S,Teal,Spring,29,2.8,False,No,False,Express,Yes,True,Cash,16,Developing,Bi-Weekly,14,26.07,756.03,1,Steady mid-tier
1298,44,35-44,Male,New Jersey,Footwear,Sandals,M,Silver,Summer,85,4.6,False,No,False,Standard,Yes,True,Venmo,32,Established,Annually,365,1.0,85.0,1,Steady mid-tier
1299,29,25-34,Male,Indiana,Clothing,Pants,S,Indigo,Summer,81,3.0,False,No,False,Free Shipping,Yes,True,Bank Transfer,14,Developing,Fortnightly,14,26.07,2111.67,0,High-value regulars
1300,29,25-34,Male,Louisiana,Accessories,Belt,L,Teal,Fall,23,3.6,False,No,False,2-Day Shipping,Yes,True,Venmo,42,Loyal,Bi-Weekly,14,26.07,599.61,1,Steady mid-tier
1301,67,65+,Male,West Virginia,Clothing,T-shirt,M,Charcoal,Spring,100,4.5,False,No,False,Next Day Air,Yes,True,Credit Card,47,Loyal,Every 3 Months,90,4.06,406.0,1,Steady mid-tier
1302,42,35-44,Male,Maine,Clothing,Shirt,M,Orange,Fall,54,5.0,False,No,False,Express,Yes,True,Debit Card,21,Developing,Weekly,7,52.14,2815.56,0,High-value regulars
1303,23,18-24,Male,Idaho,Footwear,Sneakers,M,Gold,Fall,25,2.9,False,No,False,Next Day Air,Yes,True,Credit Card,37,Established,Monthly,30,12.17,304.25,1,Steady mid-tier
1304,34,25-34,Male,New York,Clothing,Blouse,L,Silver,Summer,32,3.1,False,No,False,Next Day Air,Yes,True,Credit Card,10,New,Annually,365,1.0,32.0,1,Steady mid-tier
1305,64,55-64,Male,Montana,Accessories,Backpack,S,Orange,Spring,63,4.0,False,No,False,2-Day Shipping,Yes,True,PayPal,18,Developing,Every 3 Months,90,4.06,255.78,1,Steady mid-tier
1306,31,25-34,Male,Mississippi,Clothing,Pants,XL,Peach,Spring,56,4.5,False,No,False,Express,Yes,True,PayPal,2,New,Every 3 Months,90,4.06,227.36,1,Steady mid-tier
1307,54,45-54,Male,Alaska,Clothing,Sweater,L,Brown,Winter,33,4.5,False,No,False,Next Day Air,Yes,True,PayPal,40,Established,Annually,365,1.0,33.0,1,Steady mid-tier
1308,23,18-24,Male,Missouri,Outerwear,Coat,L,Black,Summer,32,3.1,False,No,False,Express,Yes,True,PayPal,43,Loyal,Annually,365,1.0,32.0,1,Steady mid-tier
1309,59,55-64,Male,Rhode Island,Clothing,Dress,L,Red,Summer,38,4.4,False,No,False,Next Day Air,Yes,True,Credit Card,14,Developing,Every 3 Months,90,4.06,154.28,1,Steady mid-tier
1310,32,25-34,Male,Hawaii,Clothing,Blouse,L,Lavender,Summer,21,4.7,False,No,False,Store Pickup,Yes,True,Cash,41,Loyal,Quarterly,90,4.06,85.26,1,Steady mid-tier
1311,43,35-44,Male,South Carolina,Clothing,Hoodie,L,Brown,Winter,59,3.1,False,No,False,Store Pickup,Yes,True,Credit Card,38,Established,Every 3 Months,90,4.06,239.54,1,Steady mid-tier
1312,32,25-34,Male,Tennessee,Footwear,Shoes,M,Maroon,Fall,87,4.2,False,No,False,Express,Yes,True,Venmo,12,Developing,Annually,365,1.0,87.0,1,Steady mid-tier
1313,66,65+,Male,Missouri,Clothing,T-shirt,M,Violet,Winter,79,3.0,False,No,False,Store Pickup,Yes,True,Bank Transfer,19,Developing,Monthly,30,12.17,961.43,1,Steady mid-tier
1314,70,65+,Male,Missouri,Footwear,Shoes,M,Lavender,Summer,28,3.8,True,No,False,Free Shipping,Yes,True,Credit Card,23,Developing,Bi-Weekly,14,26.07,729.96,1,Steady mid-tier
1315,42,35-44,Male,Missouri,Footwear,Boots,S,Magenta,Summer,67,3.4,False,No,False,Free Shipping,Yes,True,Debit Card,49,Loyal,Annually,365,1.0,67.0,1,Steady mid-tier
1316,56,55-64,Male,Mississippi,Clothing,Shorts,L,Green,Spring,75,4.2,False,No,False,2-Day Shipping,Yes,True,Debit Card,29,Established,Quarterly,90,4.06,304.5,1,Steady mid-tier
1317,28,25-34,Male,Arkansas,Accessories,Belt,S,Lavender,Spring,32,4.6,False,No,False,Standard,Yes,True,Debit Card,14,Developing,Bi-Weekly,14,26.07,834.24,1,Steady mid-tier
1318,28,25-34,Male,Kentucky,Clothing,Pants,M,Green,Spring,43,2.8,False,No,False,Free Shipping,Yes,True,Cash,19,Developing,Monthly,30,12.17,523.31,1,Steady mid-tier
1319,52,45-54,Male,Connecticut,Clothing,Shorts,M,Maroon,Spring,93,2.7,False,No,False,Express,Yes,True,Credit Card,19,Developing,Bi-Weekly,14,26.07,2424.51,0,High-value regulars
1320,65,65+,Male,Oklahoma,Accessories,Sunglasses,M,Magenta,Spring,24,4.0,False,No,False,Standard,Yes,True,Bank Transfer,48,Loyal,Weekly,7,52.14,1251.36,0,High-value regulars
1321,56,55-64,Male,California,Accessories,Hat,XL,Teal,Fall,31,3.1,False,No,False,Free Shipping,Yes,True,Debit Card,19,Developing,Annually,365,1.0,31.0,1,Steady mid-tier
1322,59,55-64,Male,Missouri,Clothing,T-shirt,L,Orange,Winter,84,3.7,False,No,False,Express,Yes,True,Bank Transfer,45,Loyal,Every 3 Months,90,4.06,341.04,1,Steady mid-tier
1323,23,18-24,Male,Washington,Clothing,Pants,M,Violet,Winter,74,4.0,False,No,False,Next Day Air,Yes,True,Bank Transfer,17,Developing,Quarterly,90,4.06,300.44,1,Steady mid-tier
1324,58,55-64,Male,New York,Clothing,Shorts,M,Yellow,Spring,62,4.6,False,No,False,Standard,Yes,True,Debit Card,15,Developing,Every 3 Months,90,4.06,251.72,1,Steady mid-tier
1325,39,35-44,Male,Indiana,Accessories,Jewelry,S,Orange,Summer,77,3.8,False,No,False,Free Shipping,Yes,True,Credit Card,11,Developing,Fortnightly,14,26.07,2007.39,0,High-value regulars
1326,28,25-34,Male,Oregon,Accessories,Backpack,L,Gold,Summer,73,3.5,False,No,False,Express,Yes,True,Cash,1,New,Monthly,30,12.17,888.41,1,Steady mid-tier
1327,40,35-44,Male,Texas,Footwear,Shoes,M,Indigo,Spring,50,3.8,True,No,False,Free Shipping,Yes,True,Cash,17,Developing,Monthly,30,12.17,608.5,1,Steady mid-tier
1328,52,45-54,Male,Florida,Outerwear,Coat,M,Turquoise,Winter,40,2.8,False,No,False,Standard,Yes,True,Cash,37,Established,Weekly,7,52.14,2085.6,0,High-value regulars
1329,37,35-44,Male,Rhode Island,Clothing,Sweater,M,Orange,Winter,97,3.7,False,No,False,Standard,Yes,True,Bank Transfer,40,Established,Weekly,7,52.14,5057.58,0,High-value regulars
1330,70,65+,Male,Texas,Accessories,Gloves,M,Indigo,Fall,63,3.3,False,No,False,Express,Yes,True,PayPal,50,Loyal,Every 3 Months,90,4.06,255.78,1,Steady mid-tier
1331,30,25-34,Male,Vermont,Accessories,Handbag,M,Charcoal,Fall,65,2.9,False,No,False,Standard,Yes,True,PayPal,20,Developing,Bi-Weekly,14,26.07,1694.55,0,High-value regulars
1332,38,35-44,Male,Maryland,Clothing,Socks,M,Lavender,Spring,91,3.2,False,No,False,Standard,Yes,True,PayPal,8,New,Bi-Weekly,14,26.07,2372.37,0,High-value regulars
1333,66,65+,Male,Alaska,Clothing,Hoodie,S,Gold,Spring,60,4.3,False,No,False,Store Pickup,Yes,True,Bank Transfer,16,Developing,Quarterly,90,4.06,243.6,1,Steady mid-tier
1334,29,25-34,Male,Idaho,Clothing,Pants,M,Lavender,Winter,69,2.7,False,No,False,Next Day Air,Yes,True,Bank Transfer,9,New,Quarterly,90,4.06,280.14,1,Steady mid-tier
1335,46,45-54,Male,West Virginia,Outerwear,Coat,S,White,Spring,52,3.8,True,No,False,Store Pickup,Yes,True,Venmo,12,Developing,Monthly,30,12.17,632.84,1,Steady mid-tier
1336,56,55-64,Male,Nevada,Footwear,Boots,M,Lavender,Fall,49,4.8,False,No,False,2-Day Shipping,Yes,True,Credit Card,26,Established,Weekly,7,52.14,2554.86,0,High-value regulars
1337,23,18-24,Male,Oregon,Footwear,Sneakers,M,Charcoal,Spring,85,4.8,False,No,False,Store Pickup,Yes,True,Debit Card,44,Loyal,Fortnightly,14,26.07,2215.95,0,High-value regulars
1338,37,35-44,Male,Tennessee,Clothing,Sweater,L,Silver,Spring,86,3.4,False,No,False,Express,Yes,True,Credit Card,19,Developing,Bi-Weekly,14,26.07,2242.02,0,High-value regulars
1339,56,55-64,Male,Alabama,Accessories,Handbag,S,Yellow,Winter,51,2.6,False,No,False,Standard,Yes,True,PayPal,43,Loyal,Fortnightly,14,26.07,1329.57,1,Steady mid-tier
1340,36,35-44,Male,Indiana,Accessories,Belt,L,Olive,Winter,56,5.0,False,No,False,Next Day Air,Yes,True,Bank Transfer,5,New,Every 3 Months,90,4.06,227.36,1,Steady mid-tier
1341,40,35-44,Male,Idaho,Accessories,Belt,M,Peach,Fall,72,4.4,False,No,False,Next Day Air,Yes,True,Debit Card,5,New,Every 3 Months,90,4.06,292.32,1,Steady mid-tier
1342,26,25-34,Male,Rhode Island,Clothing,Hoodie,XL,Yellow,Fall,27,3.7,True,No,False,Standard,Yes,True,Bank Transfer,31,Established,Quarterly,90,4.06,109.62,1,Steady mid-tier
1343,57,55-64,Male,Arizona,Accessories,Sunglasses,XL,Yellow,Summer,43,3.4,False,No,False,2-Day Shipping,Yes,True,Bank Transfer,11,Developing,Monthly,30,12.17,523.31,1,Steady mid-tier
1344,68,65+,Male,Florida,Footwear,Sneakers,M,Indigo,Spring,56,3.4,False,No,False,Standard,Yes,True,Bank Transfer,34,Established,Monthly,30,12.17,681.52,1,Steady mid-tier
1345,56,55-64,Male,New York,Clothing,T-shirt,S,Violet,Fall,37,4.9,False,No,False,Next Day Air,Yes,True,Cash,14,Developing,Annually,365,1.0,37.0,1,Steady mid-tier
1346,40,35-44,Male,Nebraska,Clothing,Dress,M,White,Fall,21,3.6,False,No,False,Standard,Yes,True,Venmo,42,Loyal,Weekly,7,52.14,1094.94,0,High-value regulars
1347,44,35-44,Male,Mississippi,Clothing,Hoodie,L,White,Winter,91,3.0,False,No,False,Free Shipping,Yes,True,Venmo,15,Developing,Bi-Weekly,14,26.07,2372.37,0,High-value regulars
1348,44,35-44,Male,Vermont,Clothing,Sweater,M,Cyan,Summer,95,3.9,False,No,False,2-Day Shipping,Yes,True,Bank Transfer,47,Loyal,Monthly,30,12.17,1156.15,1,Steady mid-tier
1349,19,18-24,Male,Nebraska,Accessories,Belt,XL,Purple,Spring,54,3.2,False,No,False,Standard,Yes,True,Credit Card,23,Developing,Fortnightly,14,26.07,1407.78,0,High-value regulars
1350,21,18-24,Male,South Carolina,Clothing,Socks,XL,Black,Spring,36,3.2,False,No,False,Next Day Air,Yes,True,Cash,23,Developing,Bi-Weekly,14,26.07,938.52,1,Steady mid-tier
1351,31,25-34,Male,Delaware,Accessories,Sunglasses,M,Orange,Fall,71,4.3,False,No,False,Next Day Air,Yes,True,Cash,1,New,Every 3 Months,90,4.06,288.26,1,Steady mid-tier
1352,30,25-34,Male,Vermont,Outerwear,Coat,L,Maroon,Summer,31,2.8,False,No,False,2-Day Shipping,Yes,True,Bank Transfer,28,Established,Quarterly,90,4.06,125.86,1,Steady mid-tier
1353,65,65+,Male,Indiana,Accessories,Hat,XL,Orange,Spring,89,4.5,False,No,False,Next Day Air,Yes,True,Credit Card,37,Established,Bi-Weekly,14,26.07,2320.23,0,High-value regulars
1354,39,35-44,Male,Oregon,Clothing,Pants,M,Teal,Winter,83,4.1,False,No,False,Next Day Air,Yes,True,Cash,4,New,Every 3 Months,90,4.06,336.98,1,Steady mid-tier
1355,64,55-64,Male,Maryland,Accessories,Backpack,M,Gray,Spring,42,3.6,False,No,False,2-Day Shipping,Yes,True,Bank Transfer,21,Developing,Quarterly,90,4.06,170.52,1,Steady mid-tier
1356,59,55-64,Male,Florida,Clothing,Shorts,M,Blue,Summer,91,3.0,False,No,False,2-Day Shipping,Yes,True,PayPal,50,Loyal,Bi-Weekly,14,26.07,2372.37,0,High-value regulars
1357,49,45-54,Male,Indiana,Outerwear,Jacket,M,Cyan,Spring,61,4.0,False,No,False,Free Shipping,Yes,True,Bank Transfer,34,Established,Annually,365,1.0,61.0,1,Steady mid-tier
1358,24,18-24,Male,Texas,Accessories,Backpack,S,Red,Summer,66,3.5,False,No,False,Next Day Air,Yes,True,Cash,20,Developing,Quarterly,90,4.06,267.96,1,Steady mid-tier
1359,19,18-24,Male,Nebraska,Accessories,Scarf,XL,Pink,Spring,22,2.5,False,No,False,Store Pickup,Yes,True,Venmo,25,Developing,Every 3 Months,90,4.06,89.32,1,Steady mid-tier
1360,27,25-34,Male,North Carolina,Clothing,Hoodie,S,Cyan,Winter,68,4.3,False,No,False,Store Pickup,Yes,True,Bank Transfer,26,Established,Fortnightly,14,26.07,1772.76,0,High-value regulars
1361,56,55-64,Male,Alabama,Clothing,Skirt,L,Black,Fall,43,2.8,False,No,False,Express,Yes,True,Bank Transfer,4,New,Annually,365,1.0,43.0,1,Steady mid-tier
1362,49,45-54,Male,Alabama,Clothing,Dress,M,Beige,Fall,32,3.7,False,No,False,Next Day Air,Yes,True,Debit Card,39,Established,Monthly,30,12.17,389.44,1,Steady mid-tier
1363,41,35-44,Male,Colorado,Outerwear,Coat,M,Gray,Fall,46,4.3,False,No,False,Express,Yes,True,Cash,29,Established,Weekly,7,52.14,2398.44,0,High-value regulars
1364,36,35-44,Male,Wisconsin,Clothing,Blouse,L,Red,Summer,90,4.0,False,No,False,Express,Yes,True,PayPal,47,Loyal,Quarterly,90,4.06,365.4,1,Steady mid-tier
1365,68,65+,Male,Delaware,Accessories,Hat,L,Yellow,Fall,75,4.7,False,No,False,Express,Yes,True,Cash,5,New,Every 3 Months,90,4.06,304.5,1,Steady mid-tier
1366,28,25-34,Male,Indiana,Accessories,Handbag,M,Magenta,Winter,69,4.5,False,No,False,Store Pickup,Yes,True,Bank Transfer,18,Developing,Fortnightly,14,26.07,1798.83,0,High-value regulars
1367,45,45-54,Male,Iowa,Accessories,Belt,M,Magenta,Fall,40,3.1,False,No,False,Free Shipping,Yes,True,Credit Card,10,New,Fortnightly,14,26.07,1042.8,1,Steady mid-tier
1368,60,55-64,Male,Iowa,Accessories,Belt,S,Black,Fall,63,3.8,False,No,False,Express,Yes,True,Cash,25,Developing,Quarterly,90,4.06,255.78,1,Steady mid-tier
1369,21,18-24,Male,Wisconsin,Clothing,Shirt,L,Orange,Summer,36,4.9,False,No,False,Express,Yes,True,Cash,2,New,Weekly,7,52.14,1877.04,0,High-value regulars
1370,32,25-34,Male,Iowa,Footwear,Shoes,M,Green,Winter,75,3.2,False,No,False,Standard,Yes,True,Venmo,48,Loyal,Fortnightly,14,26.07,1955.25,0,High-value regulars
1371,27,25-34,Male,Montana,Accessories,Scarf,L,Peach,Summer,67,3.8,True,No,False,2-Day Shipping,Yes,True,Bank Transfer,41,Loyal,Every 3 Months,90,4.06,272.02,1,Steady mid-tier
1372,40,35-44,Male,Mississippi,Clothing,Pants,M,Charcoal,Spring,64,2.8,False,No,False,Store Pickup,Yes,True,Credit Card,42,Loyal,Monthly,30,12.17,778.88,1,Steady mid-tier
1373,64,55-64,Male,Michigan,Clothing,Blouse,M,Gray,Fall,61,4.0,False,No,False,2-Day Shipping,Yes,True,PayPal,44,Loyal,Bi-Weekly,14,26.07,1590.27,0,High-value regulars
1374,18,18-24,Male,Virginia,Accessories,Gloves,L,Turquoise,Winter,40,2.6,False,No,False,Store Pickup,Yes,True,Cash,6,New,Quarterly,90,4.06,162.4,1,Steady mid-tier
1375,22,18-24,Male,New York,Accessories,Handbag,M,Red,Fall,97,2.7,False,No,False,Free Shipping,Yes,True,Bank Transfer,5,New,Quarterly,90,4.06,393.82,1,Steady mid-tier
1376,42,35-44,Male,Maine,Footwear,Sneakers,L,Brown,Spring,31,4.1,False,No,False,2-Day Shipping,Yes,True,Credit Card,8,New,Annually,365,1.0,31.0,1,Steady mid-tier
1377,57,55-64,Male,New Jersey,Footwear,Sandals,L,Pink,Spring,65,5.0,False,No,False,Free Shipping,Yes,True,PayPal,24,Developing,Annually,365,1.0,65.0,1,Steady mid-tier
1378,33,25-34,Male,Maryland,Accessories,Sunglasses,L,Olive,Spring,54,3.0,False,No,False,Next Day Air,Yes,True,Venmo,42,Loyal,Monthly,30,12.17,657.18,1,Steady mid-tier
1379,37,35-44,Male,Kentucky,Outerwear,Jacket,XL,Lavender,Fall,49,3.6,False,No,False,Free Shipping,Yes,True,Venmo,24,Developing,Weekly,7,52.14,2554.86,0,High-value regulars
1380,21,18-24,Male,Minnesota,Clothing,T-shirt,L,Purple,Fall,64,2.8,False,No,False,2-Day Shipping,Yes,True,Venmo,38,Established,Bi-Weekly,14,26.07,1668.48,0,High-value regulars
1381,51,45-54,Male,Massachusetts,Footwear,Sneakers,S,Beige,Winter,35,4.6,False,No,False,Standard,Yes,True,Cash,41,Loyal,Fortnightly,14,26.07,912.45,1,Steady mid-tier
1382,30,25-34,Male,Illinois,Footwear,Shoes,L,Green,Winter,86,2.9,False,No,False,Standard,Yes,True,Venmo,48,Loyal,Quarterly,90,4.06,349.16,1,Steady mid-tier
1383,68,65+,Male,Michigan,Outerwear,Jacket,L,Brown,Winter,55,4.8,False,No,False,Express,Yes,True,Bank Transfer,16,Developing,Quarterly,90,4.06,223.3,1,Steady mid-tier
1384,36,35-44,Male,Wisconsin,Accessories,Scarf,M,Beige,Spring,58,3.3,False,No,False,Express,Yes,True,Venmo,4,New,Monthly,30,12.17,705.86,1,Steady mid-tier
1385,46,45-54,Male,Alaska,Footwear,Sneakers,M,Beige,Fall,96,4.6,False,No,False,Standard,Yes,True,Bank Transfer,8,New,Weekly,7,52.14,5005.44,0,High-value regulars
1386,41,35-44,Male,Mississippi,Accessories,Jewelry,M,Indigo,Fall,64,2.6,False,No,False,Store Pickup,Yes,True,Bank Transfer,1,New,Bi-Weekly,14,26.07,1668.48,0,High-value regulars
1387,68,65+,Male,Oregon,Outerwear,Jacket,M,Silver,Fall,56,4.0,False,No,False,Next Day Air,Yes,True,Debit Card,4,New,Quarterly,90,4.06,227.36,1,Steady mid-tier
1388,21,18-24,Male,Maryland,Clothing,Blouse,M,Gold,Winter,85,3.8,False,No,False,Standard,Yes,True,Credit Card,20,Developing,Monthly,30,12.17,1034.45,1,Steady mid-tier
1389,62,55-64,Male,Arkansas,Clothing,Dress,M,Lavender,Spring,23,3.9,False,No,False,Express,Yes,True,Cash,40,Established,Quarterly,90,4.06,93.38,1,Steady mid-tier
1390,59,55-64,Male,Illinois,Accessories,Scarf,L,Orange,Fall,72,2.6,False,No,False,Store Pickup,Yes,True,Debit Card,8,New,Fortnightly,14,26.07,1877.04,0,High-value regulars
1391,25,25-34,Male,Arkansas,Accessories,Hat,M,Maroon,Summer,38,4.3,False,No,False,Standard,Yes,True,Debit Card,42,Loyal,Weekly,7,52.14,1981.32,0,High-value regulars
1392,53,45-54,Male,Mississippi,Clothing,Blouse,S,White,Winter,29,3.6,False,No,False,Express,Yes,True,Credit Card,38,Established,Annually,365,1.0,29.0,1,Steady mid-tier
1393,31,25-34,Male,Arkansas,Accessories,Gloves,M,Yellow,Spring,46,4.2,False,No,False,Express,Yes,True,Venmo,34,Established,Every 3 Months,90,4.06,186.76,1,Steady mid-tier
1394,46,45-54,Male,Idaho,Accessories,Gloves,L,Yellow,Spring,58,3.9,False,No,False,Express,Yes,True,PayPal,14,Developing,Fortnightly,14,26.07,1512.06,0,High-value regulars
1395,26,25-34,Male,Iowa,Outerwear,Coat,L,Magenta,Fall,43,4.7,False,No,False,Next Day Air,Yes,True,Cash,39,Established,Weekly,7,52.14,2242.02,0,High-value regulars
1396,47,45-54,Male,West Virginia,Accessories,Scarf,L,Turquoise,Spring,32,2.8,False,No,False,Next Day Air,Yes,True,PayPal,40,Established,Bi-Weekly,14,26.07,834.24,1,Steady mid-tier
1397,37,35-44,Male,Wisconsin,Clothing,Pants,XL,Lavender,Winter,30,3.0,False,No,False,Next Day Air,Yes,True,Debit Card,49,Loyal,Monthly,30,12.17,365.1,1,Steady mid-tier
1398,55,55-64,Male,Massachusetts,Accessories,Sunglasses,S,Magenta,Summer,67,4.7,False,No,False,Store Pickup,Yes,True,PayPal,33,Established,Annually,365,1.0,67.0,1,Steady mid-tier
1399,30,25-34,Male,Texas,Clothing,Dress,M,Cyan,Summer,45,2.5,False,No,False,Free Shipping,Yes,True,Credit Card,25,Developing,Weekly,7,52.14,2346.3,0,High-value regulars
1400,19,18-24,Male,Nebraska,Accessories,Hat,M,Olive,Winter,81,3.1,False,No,False,Store Pickup,Yes,True,Venmo,48,Loyal,Annually,365,1.0,81.0,1,Steady mid-tier
1401,36,35-44,Male,Nevada,Accessories,Backpack,M,Red,Fall,23,3.6,False,No,False,Next Day Air,Yes,True,Credit Card,22,Developing,Every 3 Months,90,4.06,93.38,1,Steady mid-tier
1402,23,18-24,Male,Indiana,Footwear,Sandals,M,Blue,Fall,59,3.5,False,No,False,2-Day Shipping,Yes,True,PayPal,1,New,Weekly,7,52.14,3076.26,0,High-value regulars
1403,62,55-64,Male,North Dakota,Accessories,Sunglasses,L,White,Summer,21,3.1,False,No,False,Express,Yes,True,PayPal,47,Loyal,Monthly,30,12.17,255.57,1,Steady mid-tier
1404,26,25-34,Male,Georgia,Accessories,Backpack,M,Peach,Spring,20,3.6,False,No,False,Store Pickup,Yes,True,Credit Card,20,Developing,Bi-Weekly,14,26.07,521.4,1,Steady mid-tier
1405,36,35-44,Male,New Mexico,Accessories,Jewelry,M,Charcoal,Winter,28,3.5,False,No,False,Next Day Air,Yes,True,Debit Card,10,New,Weekly,7,52.14,1459.92,0,High-value regulars
1406,33,25-34,Male,New Hampshire,Clothing,Socks,M,Peach,Winter,100,2.7,False,No,False,Store Pickup,Yes,True,Credit Card,39,Established,Monthly,30,12.17,1217.0,1,Steady mid-tier
1407,32,25-34,Male,Washington,Clothing,Shirt,L,Turquoise,Spring,46,3.6,False,No,False,Express,Yes,True,Debit Card,15,Developing,Monthly,30,12.17,559.82,1,Steady mid-tier
1408,56,55-64,Male,Nevada,Accessories,Handbag,XL,Charcoal,Spring,61,4.5,False,No,False,Express,Yes,True,Credit Card,11,Developing,Annually,365,1.0,61.0,1,Steady mid-tier
1409,58,55-64,Male,Maine,Clothing,Blouse,M,Yellow,Winter,58,4.1,False,No,False,Free Shipping,Yes,True,Venmo,38,Established,Weekly,7,52.14,3024.12,0,High-value regulars
1410,34,25-34,Male,Idaho,Accessories,Backpack,M,Blue,Spring,50,4.2,False,No,False,Standard,Yes,True,Cash,41,Loyal,Fortnightly,14,26.07,1303.5,1,Steady mid-tier
1411,61,55-64,Male,Tennessee,Accessories,Hat,M,Purple,Summer,93,4.0,False,No,False,Store Pickup,Yes,True,Debit Card,18,Developing,Annually,365,1.0,93.0,1,Steady mid-tier
1412,48,45-54,Male,Louisiana,Clothing,Skirt,L,Green,Summer,24,2.8,False,No,False,Store Pickup,Yes,True,Venmo,13,Developing,Quarterly,90,4.06,97.44,1,Steady mid-tier
1413,25,25-34,Male,Michigan,Clothing,Shorts,M,Charcoal,Summer,100,2.6,False,No,False,2-Day Shipping,Yes,True,Venmo,43,Loyal,Annually,365,1.0,100.0,1,Steady mid-tier
1414,51,45-54,Male,New Hampshire,Clothing,Blouse,S,Indigo,Fall,79,2.7,False,No,False,Store Pickup,Yes,True,Bank Transfer,12,Developing,Quarterly,90,4.06,320.74,1,Steady mid-tier
1415,29,25-34,Male,Minnesota,Clothing,Socks,M,Black,Summer,51,4.5,False,No,False,Store Pickup,Yes,True,Credit Card,3,New,Bi-Weekly,14,26.07,1329.57,1,Steady mid-tier
1416,54,45-54,Male,Illinois,Accessories,Belt,M,Blue,Winter,90,3.7,False,No,False,Free Shipping,Yes,True,Credit Card,12,Developing,Every 3 Months,90,4.06,365.4,1,Steady mid-tier
1417,48,45-54,Male,Idaho,Footwear,Boots,L,Silver,Summer,56,3.4,False,No,False,Free Shipping,Yes,True,Cash,46,Loyal,Quarterly,90,4.06,227.36,1,Steady mid-tier
1418,62,55-64,Male,Montana,Clothing,Shorts,S,Brown,Spring,25,4.6,False,No,False,Standard,Yes,True,Debit Card,21,Developing,Fortnightly,14,26.07,651.75,1,Steady mid-tier
1419,18,18-24,Male,Alabama,Clothing,Shirt,M,Violet,Summer,75,4.1,False,No,False,2-Day Shipping,Yes,True,Venmo,23,Developing,Every 3 Months,90,4.06,304.5,1,Steady mid-tier
1420,43,35-44,Male,Montana,Accessories,Handbag,M,Orange,Summer,75,2.6,False,No,False,Free Shipping,Yes,True,Debit Card,4,New,Quarterly,90,4.06,304.5,1,Steady mid-tier
1421,22,18-24,Male,California,Clothing,Jeans,XL,Gray,Summer,53,4.6,False,No,False,Store Pickup,Yes,True,PayPal,45,Loyal,Every 3 Months,90,4.06,215.18,1,Steady mid-tier
1422,68,65+,Male,Pennsylvania,Clothing,Dress,S,Gold,Spring,100,3.0,False,No,False,Standard,Yes,True,Bank Transfer,24,Developing,Fortnightly,14,26.07,2607.0,0,High-value regulars
1423,44,35-44,Male,Texas,Clothing,Dress,L,Charcoal,Fall,27,3.4,False,No,False,Free Shipping,Yes,True,PayPal,3,New,Bi-Weekly,14,26.07,703.89,1,Steady mid-tier
1424,51,45-54,Male,Michigan,Footwear,Sandals,S,Black,Fall,60,3.5,False,No,False,Free Shipping,Yes,True,Venmo,12,Developing,Every 3 Months,90,4.06,243.6,1,Steady mid-tier
1425,66,65+,Male,Connecticut,Outerwear,Jacket,S,Indigo,Fall,23,3.5,False,No,False,Standard,Yes,True,Bank Transfer,34,Established,Every 3 Months,90,4.06,93.38,1,Steady mid-tier
1426,59,55-64,Male,Wyoming,Outerwear,Coat,S,White,Winter,40,3.7,False,No,False,Next Day Air,Yes,True,Credit Card,39,Established,Annually,365,1.0,40.0,1,Steady mid-tier
1427,60,55-64,Male,Michigan,Clothing,Pants,M,Yellow,Summer,38,4.8,False,No,False,Free Shipping,Yes,True,PayPal,35,Established,Every 3 Months,90,4.06,154.28,1,Steady mid-tier
1428,31,25-34,Male,South Dakota,Accessories,Backpack,S,Orange,Summer,90,4.9,False,No,False,Store Pickup,Yes,True,Credit Card,8,New,Annually,365,1.0,90.0,1,Steady mid-tier
1429,20,18-24,Male,North Dakota,Clothing,Blouse,S,Green,Summer,97,4.9,False,No,False,Express,Yes,True,PayPal,42,Loyal,Quarterly,90,4.06,393.82,1,Steady mid-tier
1430,24,18-24,Male,Maryland,Clothing,Skirt,L,Gold,Fall,38,4.7,False,No,False,Standard,Yes,True,Credit Card,6,New,Every 3 Months,90,4.06,154.28,1,Steady mid-tier
1431,48,45-54,Male,Michigan,Footwear,Sandals,S,Orange,Summer,30,4.9,False,No,False,Free Shipping,Yes,True,Credit Card,3,New,Fortnightly,14,26.07,782.1,1,Steady mid-tier
1432,39,35-44,Male,South Dakota,Clothing,Pants,M,Cyan,Fall,88,2.9,False,No,False,Express,Yes,True,Venmo,29,Established,Quarterly,90,4.06,357.28,1,Steady mid-tier
1433,34,25-34,Male,Florida,Accessories,Hat,L,Black,Winter,33,4.4,False,No,False,Express,Yes,True,Debit Card,32,Established,Quarterly,90,4.06,133.98,1,Steady mid-tier
1434,70,65+,Male,Minnesota,Clothing,Hoodie,L,Yellow,Winter,60,3.2,False,No,False,Next Day Air,Yes,True,Debit Card,45,Loyal,Weekly,7,52.14,3128.4,0,High-value regulars
1435,59,55-64,Male,New York,Clothing,Sweater,L,Maroon,Summer,64,4.6,False,No,False,Free Shipping,Yes,True,Debit Card,21,Developing,Bi-Weekly,14,26.07,1668.48,0,High-value regulars
1436,45,45-54,Male,Oregon,Accessories,Scarf,XL,Black,Fall,95,4.0,False,No,False,Standard,Yes,True,Cash,41,Loyal,Weekly,7,52.14,4953.3,0,High-value regulars
1437,35,35-44,Male,Minnesota,Footwear,Sneakers,M,Gray,Winter,83,3.7,False,No,False,Free Shipping,Yes,True,PayPal,23,Developing,Fortnightly,14,26.07,2163.81,0,High-value regulars
1438,69,65+,Male,Montana,Footwear,Boots,XL,Orange,Winter,97,4.2,False,No,False,Free Shipping,Yes,True,Cash,14,Developing,Annually,365,1.0,97.0,1,Steady mid-tier
1439,58,55-64,Male,Washington,Outerwear,Coat,M,Cyan,Spring,38,2.9,False,No,False,Standard,Yes,True,Debit Card,24,Developing,Monthly,30,12.17,462.46,1,Steady mid-tier
1440,25,25-34,Male,New Mexico,Footwear,Boots,M,Magenta,Summer,48,4.8,False,No,False,Next Day Air,Yes,True,Cash,25,Developing,Fortnightly,14,26.07,1251.36,1,Steady mid-tier
1441,27,25-34,Male,Arizona,Footwear,Sandals,M,Pink,Spring,76,4.4,False,No,False,Standard,Yes,True,Venmo,13,Developing,Monthly,30,12.17,924.92,1,Steady mid-tier
1442,34,25-34,Male,Nebraska,Clothing,Pants,S,Turquoise,Summer,25,3.4,False,No,False,Free Shipping,Yes,True,Venmo,3,New,Every 3 Months,90,4.06,101.5,1,Steady mid-tier
1443,53,45-54,Male,Idaho,Clothing,Hoodie,S,Violet,Spring,92,2.8,False,No,False,2-Day Shipping,Yes,True,Credit Card,42,Loyal,Annually,365,1.0,92.0,1,Steady mid-tier
1444,58,55-64,Male,Idaho,Footwear,Sandals,L,Teal,Fall,47,4.2,False,No,False,Next Day Air,Yes,True,Cash,2,New,Monthly,30,12.17,571.99,1,Steady mid-tier
1445,32,25-34,Male,Vermont,Clothing,Sweater,L,Pink,Fall,36,3.8,False,No,False,Express,Yes,True,Cash,26,Established,Quarterly,90,4.06,146.16,1,Steady mid-tier
1446,64,55-64,Male,Arkansas,Accessories,Belt,M,Gold,Fall,51,3.1,False,No,False,2-Day Shipping,Yes,True,Credit Card,24,Developing,Annually,365,1.0,51.0,1,Steady mid-tier
1447,63,55-64,Male,Wyoming,Clothing,Jeans,XL,Red,Summer,35,3.2,False,No,False,Express,Yes,True,Credit Card,6,New,Quarterly,90,4.06,142.1,1,Steady mid-tier
1448,23,18-24,Male,New Mexico,Clothing,Hoodie,S,Beige,Summer,57,3.0,False,No,False,Next Day Air,Yes,True,PayPal,25,Developing,Monthly,30,12.17,693.69,1,Steady mid-tier
1449,64,55-64,Male,West Virginia,Footwear,Boots,M,Black,Summer,95,3.6,False,No,False,Free Shipping,Yes,True,Credit Card,11,Developing,Every 3 Months,90,4.06,385.7,1,Steady mid-tier
1450,18,18-24,Male,New York,Clothing,Socks,L,Lavender,Winter,41,2.5,False,No,False,Store Pickup,Yes,True,Cash,20,Developing,Every 3 Months,90,4.06,166.46,1,Steady mid-tier
1451,25,25-34,Male,Illinois,Clothing,Dress,S,Teal,Winter,44,3.4,False,No,False,Free Shipping,Yes,True,Cash,25,Developing,Quarterly,90,4.06,178.64,1,Steady mid-tier
1452,54,45-54,Male,Utah,Outerwear,Jacket,M,Maroon,Fall,34,2.5,False,No,False,Next Day Air,Yes,True,PayPal,35,Established,Quarterly,90,4.06,138.04,1,Steady mid-tier
1453,60,55-64,Male,Colorado,Outerwear,Jacket,L,Blue,Spring,25,4.7,False,No,False,2-Day Shipping,Yes,True,Bank Transfer,11,Developing,Quarterly,90,4.06,101.5,1,Steady mid-tier
1454,36,35-44,Male,Virginia,Footwear,Boots,S,Teal,Winter,93,3.2,False,No,False,2-Day Shipping,Yes,True,Bank Transfer,41,Loyal,Fortnightly,14,26.07,2424.51,0,High-value regulars
1455,66,65+,Male,Georgia,Footwear,Sneakers,L,Maroon,Winter,50,2.9,False,No,False,Free Shipping,Yes,True,Credit Card,17,Developing,Annually,365,1.0,50.0,1,Steady mid-tier
1456,60,55-64,Male,Alabama,Clothing,Pants,L,Silver,Fall,79,4.9,False,No,False,Express,Yes,True,PayPal,1,New,Every 3 Months,90,4.06,320.74,1,Steady mid-tier
1457,59,55-64,Male,Montana,Outerwear,Coat,S,Olive,Spring,100,2.7,False,No,False,Store Pickup,Yes,True,PayPal,30,Established,Every 3 Months,90,4.06,406.0,1,Steady mid-tier
1458,58,55-64,Male,Pennsylvania,Clothing,Shirt,S,Gray,Spring,57,4.7,False,No,False,Express,Yes,True,Venmo,47,Loyal,Fortnightly,14,26.07,1485.99,0,High-value regulars
1459,35,35-44,Male,Missouri,Clothing,Sweater,M,Peach,Spring,28,2.9,False,No,False,2-Day Shipping,Yes,True,Venmo,34,Established,Weekly,7,52.14,1459.92,0,High-value regulars
1460,20,18-24,Male,Maine,Footwear,Shoes,L,Yellow,Winter,35,4.8,False,No,False,Express,Yes,True,Venmo,18,Developing,Fortnightly,14,26.07,912.45,1,Steady mid-tier
1461,70,65+,Male,Pennsylvania,Footwear,Boots,L,Violet,Fall,85,4.6,False,No,False,Standard,Yes,True,Venmo,33,Established,Bi-Weekly,14,26.07,2215.95,0,High-value regulars
1462,54,45-54,Male,Oregon,Accessories,Sunglasses,S,Red,Summer,95,5.0,False,No,False,2-Day Shipping,Yes,True,Venmo,42,Loyal,Quarterly,90,4.06,385.7,1,Steady mid-tier
1463,38,35-44,Male,Utah,Footwear,Sneakers,S,Charcoal,Summer,90,4.8,False,No,False,2-Day Shipping,Yes,True,Venmo,2,New,Quarterly,90,4.06,365.4,1,Steady mid-tier
1464,54,45-54,Male,Oklahoma,Accessories,Jewelry,M,Beige,Summer,49,4.9,False,No,False,Store Pickup,Yes,True,Bank Transfer,1,New,Monthly,30,12.17,596.33,1,Steady mid-tier
1465,33,25-34,Male,Montana,Accessories,Belt,M,Peach,Winter,92,4.6,False,No,False,2-Day Shipping,Yes,True,Bank Transfer,23,Developing,Quarterly,90,4.06,373.52,1,Steady mid-tier
1466,46,45-54,Male,Nebraska,Accessories,Gloves,XL,Violet,Winter,72,3.9,False,No,False,Store Pickup,Yes,True,Cash,42,Loyal,Bi-Weekly,14,26.07,1877.04,0,High-value regulars
1467,58,55-64,Male,Alabama,Clothing,Shorts,M,Green,Summer,71,4.5,False,No,False,Store Pickup,Yes,True,PayPal,3,New,Annually,365,1.0,71.0,1,Steady mid-tier
1468,30,25-34,Male,Ohio,Accessories,Jewelry,XL,Olive,Winter,27,4.7,False,No,False,Store Pickup,Yes,True,Debit Card,16,Developing,Fortnightly,14,26.07,703.89,1,Steady mid-tier
1469,42,35-44,Male,Arkansas,Accessories,Gloves,S,Silver,Fall,39,3.9,False,No,False,Express,Yes,True,Cash,46,Loyal,Fortnightly,14,26.07,1016.73,1,Steady mid-tier
1470,28,25-34,Male,Mississippi,Accessories,Jewelry,M,Purple,Winter,98,4.4,False,No,False,Standard,Yes,True,PayPal,31,Established,Every 3 Months,90,4.06,397.88,1,Steady mid-tier
1471,43,35-44,Male,California,Footwear,Sandals,M,Silver,Spring,27,3.9,False,No,False,Next Day Air,Yes,True,Cash,15,Developing,Every 3 Months,90,4.06,109.62,1,Steady mid-tier
1472,31,25-34,Male,Alaska,Accessories,Jewelry,S,Gray,Spring,71,2.8,False,No,False,2-Day Shipping,Yes,True,Venmo,48,Loyal,Every 3 Months,90,4.06,288.26,1,Steady mid-tier
1473,39,35-44,Male,Indiana,Accessories,Hat,L,Turquoise,Spring,24,3.5,False,No,False,Store Pickup,Yes,True,Cash,11,Developing,Weekly,7,52.14,1251.36,0,High-value regulars
1474,69,65+,Male,Wisconsin,Clothing,Shorts,M,Violet,Fall,63,4.3,False,No,False,Express,Yes,True,Credit Card,20,Developing,Every 3 Months,90,4.06,255.78,1,Steady mid-tier
1475,31,25-34,Male,New Jersey,Clothing,Sweater,S,Pink,Fall,72,3.9,False,No,False,Next Day Air,Yes,True,Credit Card,6,New,Monthly,30,12.17,876.24,1,Steady mid-tier
1476,44,35-44,Male,Rhode Island,Clothing,Blouse,M,Teal,Spring,61,4.0,False,No,False,Express,Yes,True,Cash,24,Developing,Monthly,30,12.17,742.37,1,Steady mid-tier
1477,39,35-44,Male,Wyoming,Accessories,Hat,M,Magenta,Fall,56,4.1,False,No,False,Next Day Air,Yes,True,Credit Card,18,Developing,Monthly,30,12.17,681.52,1,Steady mid-tier
1478,24,18-24,Male,Oregon,Accessories,Belt,XL,Silver,Summer,32,4.3,False,No,False,Standard,Yes,True,PayPal,1,New,Every 3 Months,90,4.06,129.92,1,Steady mid-tier
1479,28,25-34,Male,Washington,Accessories,Gloves,M,Blue,Summer,23,4.2,False,No,False,Free Shipping,Yes,True,Venmo,13,Developing,Bi-Weekly,14,26.07,599.61,1,Steady mid-tier
1480,48,45-54,Male,Washington,Outerwear,Coat,L,Black,Spring,100,4.0,False,No,False,Standard,Yes,True,Bank Transfer,2,New,Weekly,7,52.14,5214.0,0,High-value regulars
1481,39,35-44,Male,New Hampshire,Accessories,Jewelry,M,Gold,Fall,74,3.6,False,No,False,Express,Yes,True,Cash,26,Established,Quarterly,90,4.06,300.44,1,Steady mid-tier
1482,64,55-64,Male,Maryland,Clothing,Skirt,S,Gray,Spring,33,3.3,False,No,False,Standard,Yes,True,PayPal,31,Established,Quarterly,90,4.06,133.98,1,Steady mid-tier
1483,28,25-34,Male,Wisconsin,Accessories,Gloves,S,Magenta,Spring,67,4.1,False,No,False,2-Day Shipping,Yes,True,Bank Transfer,43,Loyal,Weekly,7,52.14,3493.38,0,High-value regulars
1484,39,35-44,Male,Massachusetts,Accessories,Jewelry,S,Yellow,Summer,61,4.7,False,No,False,Next Day Air,Yes,True,Debit Card,12,Developing,Bi-Weekly,14,26.07,1590.27,0,High-value regulars
1485,49,45-54,Male,Nebraska,Clothing,Shorts,M,Teal,Summer,46,4.4,False,No,False,Store Pickup,Yes,True,Venmo,22,Developing,Every 3 Months,90,4.06,186.76,1,Steady mid-tier
1486,22,18-24,Male,Nebraska,Accessories,Gloves,L,Red,Spring,56,3.4,False,No,False,Standard,Yes,True,Cash,3,New,Fortnightly,14,26.07,1459.92,0,High-value regulars
1487,25,25-34,Male,Idaho,Footwear,Sneakers,S,Yellow,Spring,73,5.0,False,No,False,Free Shipping,Yes,True,Venmo,23,Developing,Every 3 Months,90,4.06,296.38,1,Steady mid-tier
1488,40,35-44,Male,Arizona,Clothing,Skirt,L,Black,Summer,44,4.6,False,No,False,Store Pickup,Yes,True,PayPal,26,Established,Annually,365,1.0,44.0,1,Steady mid-tier
1489,23,18-24,Male,Hawaii,Accessories,Hat,L,Pink,Winter,44,4.0,False,No,False,Standard,Yes,True,Credit Card,37,Established,Weekly,7,52.14,2294.16,0,High-value regulars
1490,24,18-24,Male,Missouri,Accessories,Jewelry,XL,Magenta,Summer,26,4.1,False,No,False,Next Day Air,Yes,True,Venmo,42,Loyal,Quarterly,90,4.06,105.56,1,Steady mid-tier
1491,66,65+,Male,Louisiana,Footwear,Sneakers,L,Olive,Spring,52,4.9,False,No,False,Express,Yes,True,Venmo,15,Developing,Bi-Weekly,14,26.07,1355.64,1,Steady mid-tier
1492,27,25-34,Male,Arkansas,Clothing,Shirt,S,Black,Summer,54,2.7,False,No,False,Free Shipping,Yes,True,Bank Transfer,10,New,Quarterly,90,4.06,219.24,1,Steady mid-tier
1493,62,55-64,Male,North Carolina,Outerwear,Jacket,M,Maroon,Summer,38,4.5,False,No,False,Free Shipping,Yes,True,Venmo,3,New,Quarterly,90,4.06,154.28,1,Steady mid-tier
1494,70,65+,Male,North Dakota,Accessories,Belt,S,Gold,Fall,44,2.7,False,No,False,Standard,Yes,True,Credit Card,44,Loyal,Quarterly,90,4.06,178.64,1,Steady mid-tier
1495,43,35-44,Male,Montana,Clothing,T-shirt,M,Gray,Spring,76,3.0,False,No,False,Next Day Air,Yes,True,Bank Transfer,23,Developing,Fortnightly,14,26.07,1981.32,0,High-value regulars
1496,45,45-54,Male,Rhode Island,Accessories,Jewelry,M,Brown,Winter,23,4.5,False,No,False,Next Day Air,Yes,True,PayPal,6,New,Weekly,7,52.14,1199.22,0,High-value regulars
1497,63,55-64,Male,Idaho,Clothing,T-shirt,M,Purple,Winter,98,5.0,False,No,False,Standard,Yes,True,Venmo,9,New,Bi-Weekly,14,26.07,2554.86,0,High-value regulars
1498,69,65+,Male,Michigan,Outerwear,Jacket,S,Magenta,Spring,33,3.8,False,No,False,2-Day Shipping,Yes,True,Debit Card,16,Developing,Every 3 Months,90,4.06,133.98,1,Steady mid-tier
1499,59,55-64,Male,Illinois,Clothing,Sweater,M,Teal,Summer,32,3.1,False,No,False,Standard,Yes,True,Venmo,46,Loyal,Fortnightly,14,26.07,834.24,1,Steady mid-tier
1500,19,18-24,Male,Georgia,Footwear,Boots,S,Olive,Fall,85,3.4,False,No,False,Free Shipping,Yes,True,Credit Card,24,Developing,Every 3 Months,90,4.06,345.1,1,Steady mid-tier
1501,63,55-64,Male,Alabama,Clothing,Jeans,L,Maroon,Summer,69,4.8,False,No,False,Next Day Air,Yes,True,Debit Card,22,Developing,Monthly,30,12.17,839.73,1,Steady mid-tier
1502,37,35-44,Male,Alaska,Clothing,Jeans,XL,Silver,Spring,55,2.7,False,No,False,Standard,Yes,True,Debit Card,13,Developing,Every 3 Months,90,4.06,223.3,1,Steady mid-tier
1503,37,35-44,Male,Massachusetts,Clothing,Pants,M,Black,Summer,66,3.2,False,No,False,Store Pickup,Yes,True,Cash,20,Developing,Fortnightly,14,26.07,1720.62,0,High-value regulars
1504,50,45-54,Male,Michigan,Outerwear,Jacket,M,Maroon,Fall,30,3.9,False,No,False,2-Day Shipping,Yes,True,Cash,46,Loyal,Quarterly,90,4.06,121.8,1,Steady mid-tier
1505,60,55-64,Male,Alaska,Outerwear,Jacket,M,Teal,Winter,80,4.2,False,No,False,Next Day Air,Yes,True,Bank Transfer,10,New,Monthly,30,12.17,973.6,1,Steady mid-tier
1506,46,45-54,Male,North Dakota,Accessories,Belt,M,Teal,Summer,20,3.0,False,No,False,Express,Yes,True,Cash,39,Established,Monthly,30,12.17,243.4,1,Steady mid-tier
1507,35,35-44,Male,South Carolina,Clothing,Shirt,L,Beige,Fall,30,3.0,False,No,False,2-Day Shipping,Yes,True,PayPal,44,Loyal,Quarterly,90,4.06,121.8,1,Steady mid-tier
1508,66,65+,Male,Pennsylvania,Clothing,Dress,S,Maroon,Winter,86,3.7,False,No,False,2-Day Shipping,Yes,True,Venmo,7,New,Annually,365,1.0,86.0,1,Steady mid-tier
1509,35,35-44,Male,Colorado,Clothing,Blouse,L,Beige,Spring,84,4.4,False,No,False,Store Pickup,Yes,True,Cash,3,New,Every 3 Months,90,4.06,341.04,1,Steady mid-tier
1510,20,18-24,Male,New Hampshire,Clothing,Dress,XL,White,Summer,54,4.6,False,No,False,Free Shipping,Yes,True,Debit Card,44,Loyal,Annually,365,1.0,54.0,1,Steady mid-tier
1511,55,55-64,Male,Maryland,Clothing,Blouse,XL,Gray,Fall,30,3.0,False,No,False,Free Shipping,Yes,True,Venmo,31,Established,Annually,365,1.0,30.0,1,Steady mid-tier
1512,34,25-34,Male,Georgia,Clothing,Dress,M,Violet,Winter,91,3.6,False,No,False,Express,Yes,True,Credit Card,48,Loyal,Weekly,7,52.14,4744.74,0,High-value regulars
1513,60,55-64,Male,Wisconsin,Footwear,Sneakers,L,Silver,Winter,23,3.9,False,No,False,Standard,Yes,True,PayPal,18,Developing,Bi-Weekly,14,26.07,599.61,1,Steady mid-tier
1514,22,18-24,Male,Texas,Clothing,Socks,M,Red,Spring,35,4.1,False,No,False,Free Shipping,Yes,True,Cash,27,Established,Monthly,30,12.17,425.95,1,Steady mid-tier
1515,26,25-34,Male,Utah,Footwear,Shoes,L,Brown,Winter,90,3.9,False,No,False,2-Day Shipping,Yes,True,Venmo,1,New,Weekly,7,52.14,4692.6,0,High-value regulars
1516,39,35-44,Male,Indiana,Clothing,Jeans,S,Turquoise,Fall,93,3.9,False,No,False,2-Day Shipping,Yes,True,Cash,34,Established,Weekly,7,52.14,4849.02,0,High-value regulars
1517,20,18-24,Male,Nevada,Clothing,Jeans,L,Indigo,Winter,68,4.5,False,No,False,Express,Yes,True,Bank Transfer,5,New,Bi-Weekly,14,26.07,1772.76,0,High-value regulars
1518,57,55-64,Male,New Hampshire,Accessories,Gloves,M,Violet,Spring,41,3.4,False,No,False,Standard,Yes,True,Cash,12,Developing,Quarterly,90,4.06,166.46,1,Steady mid-tier
1519,68,65+,Male,New York,Accessories,Belt,M,Yellow,Winter,73,4.1,False,No,False,Next Day Air,Yes,True,Venmo,14,Developing,Fortnightly,14,26.07,1903.11,0,High-value regulars
1520,50,45-54,Male,Texas,Accessories,Sunglasses,L,Cyan,Fall,73,4.9,False,No,False,Next Day Air,Yes,True,PayPal,40,Established,Weekly,7,52.14,3806.22,0,High-value regulars
1521,21,18-24,Male,Iowa,Accessories,Hat,M,Brown,Summer,66,4.4,False,No,False,2-Day Shipping,Yes,True,Cash,39,Established,Quarterly,90,4.06,267.96,1,Steady mid-tier
1522,29,25-34,Male,Washington,Accessories,Backpack,M,White,Summer,59,2.7,False,No,False,2-Day Shipping,Yes,True,Bank Transfer,50,Loyal,Weekly,7,52.14,3076.26,0,High-value regulars
1523,38,35-44,Male,Tennessee,Clothing,Shorts,L,Yellow,Spring,72,4.8,False,No,False,Free Shipping,Yes,True,Debit Card,5,New,Monthly,30,12.17,876.24,1,Steady mid-tier
1524,54,45-54,Male,Georgia,Clothing,Socks,M,White,Summer,88,3.3,False,No,False,2-Day Shipping,Yes,True,Debit Card,35,Established,Annually,365,1.0,88.0,1,Steady mid-tier
1525,22,18-24,Male,Massachusetts,Clothing,Socks,L,Pink,Summer,76,4.4,False,No,False,Free Shipping,Yes,True,Cash,6,New,Bi-Weekly,14,26.07,1981.32,0,High-value regulars
1526,29,25-34,Male,Oregon,Accessories,Belt,M,Indigo,Winter,31,4.6,False,No,False,2-Day Shipping,Yes,True,Cash,22,Developing,Fortnightly,14,26.07,808.17,1,Steady mid-tier
1527,41,35-44,Male,Oklahoma,Outerwear,Jacket,L,White,Summer,22,3.1,False,No,False,Next Day Air,Yes,True,PayPal,27,Established,Monthly,30,12.17,267.74,1,Steady mid-tier
1528,26,25-34,Male,Wisconsin,Accessories,Hat,L,Red,Fall,75,4.5,False,No,False,2-Day Shipping,Yes,True,Debit Card,33,Established,Fortnightly,14,26.07,1955.25,0,High-value regulars
1529,69,65+,Male,Oregon,Clothing,T-shirt,S,Red,Spring,75,4.0,False,No,False,Store Pickup,Yes,True,Venmo,47,Loyal,Bi-Weekly,14,26.07,1955.25,0,High-value regulars
1530,20,18-24,Male,Georgia,Accessories,Backpack,M,Lavender,Winter,63,3.1,False,No,False,Free Shipping,Yes,True,Credit Card,48,Loyal,Bi-Weekly,14,26.07,1642.41,0,High-value regulars
1531,59,55-64,Male,New Mexico,Outerwear,Coat,M,Teal,Spring,21,3.9,False,No,False,Next Day Air,Yes,True,Bank Transfer,22,Developing,Quarterly,90,4.06,85.26,1,Steady mid-tier
1532,63,55-64,Male,Mississippi,Accessories,Backpack,S,Violet,Spring,83,4.5,False,No,False,Next Day Air,Yes,True,PayPal,8,New,Bi-Weekly,14,26.07,2163.81,0,High-value regulars
1533,68,65+,Male,Wisconsin,Outerwear,Jacket,S,Silver,Winter,46,4.4,False,No,False,Next Day Air,Yes,True,PayPal,5,New,Every 3 Months,90,4.06,186.76,1,Steady mid-tier
1534,50,45-54,Male,New Hampshire,Footwear,Shoes,M,Gold,Summer,59,3.6,False,No,False,2-Day Shipping,Yes,True,Bank Transfer,16,Developing,Quarterly,90,4.06,239.54,1,Steady mid-tier
1535,55,55-64,Male,Wyoming,Clothing,Blouse,M,Green,Summer,66,3.4,False,No,False,Free Shipping,Yes,True,Venmo,26,Established,Fortnightly,14,26.07,1720.62,0,High-value regulars
1536,36,35-44,Male,West Virginia,Footwear,Sandals,S,Turquoise,Fall,74,4.0,False,No,False,2-Day Shipping,Yes,True,Venmo,8,New,Monthly,30,12.17,900.58,1,Steady mid-tier
1537,18,18-24,Male,Michigan,Accessories,Sunglasses,M,Indigo,Summer,82,2.6,False,No,False,Store Pickup,Yes,True,Cash,17,Developing,Quarterly,90,4.06,332.92,1,Steady mid-tier
1538,68,65+,Male,Alaska,Footwear,Shoes,L,Black,Spring,89,3.2,False,No,False,Next Day Air,Yes,True,Venmo,50,Loyal,Annually,365,1.0,89.0,1,Steady mid-tier
1539,56,55-64,Male,Illinois,Clothing,Dress,L,Charcoal,Fall,65,3.2,False,No,False,Standard,Yes,True,Venmo,22,Developing,Bi-Weekly,14,26.07,1694.55,0,High-value regulars
1540,32,25-34,Male,Hawaii,Accessories,Belt,M,Turquoise,Spring,55,5.0,False,No,False,2-Day Shipping,Yes,True,Cash,19,Developing,Every 3 Months,90,4.06,223.3,1,Steady mid-tier
1541,28,25-34,Male,Colorado,Clothing,Shorts,M,Red,Winter,95,2.9,False,No,False,Next Day Air,Yes,True,Bank Transfer,14,Developing,Monthly,30,12.17,1156.15,1,Steady mid-tier
1542,24,18-24,Male,Illinois,Accessories,Handbag,S,Indigo,Winter,77,2.9,False,No,False,Store Pickup,Yes,True,Cash,35,Established,Bi-Weekly,14,26.07,2007.39,0,High-value regulars
1543,59,55-64,Male,Hawaii,Clothing,Blouse,M,Maroon,Winter,44,3.5,False,No,False,Next Day Air,Yes,True,PayPal,43,Loyal,Weekly,7,52.14,2294.16,0,High-value regulars
1544,56,55-64,Male,Wisconsin,Clothing,Jeans,M,Indigo,Fall,89,4.0,False,No,False,Standard,Yes,True,Venmo,24,Developing,Annually,365,1.0,89.0,1,Steady mid-tier
1545,30,25-34,Male,Arkansas,Accessories,Jewelry,M,Maroon,Spring,24,3.9,False,No,False,Standard,Yes,True,Debit Card,17,Developing,Bi-Weekly,14,26.07,625.68,1,Steady mid-tier
1546,48,45-54,Male,Delaware,Accessories,Belt,M,Black,Winter,43,4.9,False,No,False,Store Pickup,Yes,True,Bank Transfer,49,Loyal,Annually,365,1.0,43.0,1,Steady mid-tier
1547,60,55-64,Male,Oregon,Footwear,Sneakers,XL,Purple,Summer,51,3.8,False,No,False,Express,Yes,True,Bank Transfer,17,Developing,Annually,365,1.0,51.0,1,Steady mid-tier
1548,46,45-54,Male,South Carolina,Accessories,Hat,L,Teal,Summer,46,3.5,False,No,False,Standard,Yes,True,Cash,40,Established,Quarterly,90,4.06,186.76,1,Steady mid-tier
1549,69,65+,Male,Maryland,Clothing,Dress,M,Silver,Summer,32,3.7,False,No,False,Store Pickup,Yes,True,Bank Transfer,43,Loyal,Weekly,7,52.14,1668.48,0,High-value regulars
1550,19,18-24,Male,Kansas,Footwear,Sneakers,M,Black,Spring,55,2.9,False,No,False,2-Day Shipping,Yes,True,Debit Card,19,Developing,Every 3 Months,90,4.06,223.3,1,Steady mid-tier
1551,66,65+,Male,Arkansas,Accessories,Sunglasses,S,Black,Summer,26,2.8,False,No,False,Free Shipping,Yes,True,Bank Transfer,40,Established,Quarterly,90,4.06,105.56,1,Steady mid-tier
1552,64,55-64,Male,Minnesota,Accessories,Handbag,M,Olive,Summer,29,3.7,False,No,False,2-Day Shipping,Yes,True,Credit Card,13,Developing,Monthly,30,12.17,352.93,1,Steady mid-tier
1553,54,45-54,Male,New Mexico,Clothing,Blouse,L,Purple,Spring,49,3.0,False,No,False,Express,Yes,True,Credit Card,20,Developing,Monthly,30,12.17,596.33,1,Steady mid-tier
1554,27,25-34,Male,Delaware,Clothing,Blouse,M,Indigo,Spring,45,4.8,False,No,False,Free Shipping,Yes,True,Debit Card,21,Developing,Quarterly,90,4.06,182.7,1,Steady mid-tier
1555,64,55-64,Male,Utah,Clothing,Shorts,S,Lavender,Winter,48,2.7,False,No,False,Standard,Yes,True,Cash,18,Developing,Bi-Weekly,14,26.07,1251.36,1,Steady mid-tier
1556,43,35-44,Male,Ohio,Clothing,Shorts,S,Cyan,Winter,47,4.5,False,No,False,Free Shipping,Yes,True,Cash,44,Loyal,Quarterly,90,4.06,190.82,1,Steady mid-tier
1557,43,35-44,Male,Alabama,Clothing,Hoodie,M,Gold,Fall,57,2.7,False,No,False,Standard,Yes,True,Credit Card,26,Established,Quarterly,90,4.06,231.42,1,Steady mid-tier
1558,27,25-34,Male,South Dakota,Accessories,Backpack,L,Magenta,Fall,34,3.5,False,No,False,Next Day Air,Yes,True,PayPal,34,Established,Quarterly,90,4.06,138.04,1,Steady mid-tier
1559,35,35-44,Male,New Mexico,Accessories,Sunglasses,XL,Teal,Fall,75,3.5,False,No,False,Express,Yes,True,Credit Card,24,Developing,Every 3 Months,90,4.06,304.5,1,Steady mid-tier
1560,43,35-44,Male,Oregon,Accessories,Scarf,L,Beige,Fall,94,4.5,False,No,False,Store Pickup,Yes,True,PayPal,23,Developing,Fortnightly,14,26.07,2450.58,0,High-value regulars
1561,57,55-64,Male,Oregon,Accessories,Hat,M,Teal,Winter,84,3.8,False,No,False,Free Shipping,Yes,True,Debit Card,3,New,Weekly,7,52.14,4379.76,0,High-value regulars
1562,50,45-54,Male,Mississippi,Accessories,Scarf,M,Indigo,Summer,38,3.8,False,No,False,Standard,Yes,True,Bank Transfer,2,New,Quarterly,90,4.06,154.28,1,Steady mid-tier
1563,37,35-44,Male,Alabama,Accessories,Scarf,M,Purple,Winter,75,3.2,False,No,False,Next Day Air,Yes,True,Venmo,23,Developing,Bi-Weekly,14,26.07,1955.25,0,High-value regulars
1564,68,65+,Male,Kansas,Clothing,Pants,M,Teal,Fall,44,4.3,False,No,False,Next Day Air,Yes,True,Cash,8,New,Weekly,7,52.14,2294.16,0,High-value regulars
1565,22,18-24,Male,California,Accessories,Backpack,XL,Turquoise,Summer,33,4.5,False,No,False,Next Day Air,Yes,True,Debit Card,30,Established,Every 3 Months,90,4.06,133.98,1,Steady mid-tier
1566,58,55-64,Male,Idaho,Accessories,Sunglasses,L,Peach,Fall,93,4.2,False,No,False,Free Shipping,Yes,True,PayPal,48,Loyal,Annually,365,1.0,93.0,1,Steady mid-tier
1567,48,45-54,Male,Wyoming,Footwear,Sneakers,S,Green,Winter,99,3.0,False,No,False,Free Shipping,Yes,True,Cash,21,Developing,Bi-Weekly,14,26.07,2580.93,0,High-value regulars
1568,30,25-34,Male,Minnesota,Accessories,Backpack,M,Turquoise,Spring,33,4.1,False,No,False,Standard,Yes,True,Cash,9,New,Monthly,30,12.17,401.61,1,Steady mid-tier
1569,51,45-54,Male,Washington,Footwear,Sneakers,L,Yellow,Spring,76,4.6,False,No,False,Store Pickup,Yes,True,Debit Card,8,New,Monthly,30,12.17,924.92,1,Steady mid-tier
1570,20,18-24,Male,Hawaii,Clothing,Skirt,M,Orange,Summer,63,2.9,False,No,False,Standard,Yes,True,Debit Card,29,Established,Weekly,7,52.14,3284.82,0,High-value regulars
1571,30,25-34,Male,Missouri,Clothing,Pants,L,Brown,Winter,41,4.8,False,No,False,Next Day Air,Yes,True,Bank Transfer,3,New,Every 3 Months,90,4.06,166.46,1,Steady mid-tier
1572,28,25-34,Male,Colorado,Accessories,Jewelry,L,Silver,Winter,88,4.5,False,No,False,Next Day Air,Yes,True,Bank Transfer,11,Developing,Fortnightly,14,26.07,2294.16,0,High-value regulars
1573,37,35-44,Male,Washington,Clothing,Skirt,L,White,Summer,92,3.4,False,No,False,2-Day Shipping,Yes,True,Debit Card,16,Developing,Monthly,30,12.17,1119.64,1,Steady mid-tier
1574,36,35-44,Male,North Dakota,Clothing,T-shirt,L,Indigo,Summer,31,4.3,False,No,False,2-Day Shipping,Yes,True,Debit Card,25,Developing,Weekly,7,52.14,1616.34,0,High-value regulars
1575,18,18-24,Male,Minnesota,Clothing,Skirt,S,Magenta,Spring,25,4.2,False,No,False,Free Shipping,Yes,True,PayPal,32,Established,Bi-Weekly,14,26.07,651.75,1,Steady mid-tier
1576,52,45-54,Male,California,Clothing,Shirt,M,Turquoise,Spring,28,3.6,False,No,False,Next Day Air,Yes,True,Cash,28,Established,Fortnightly,14,26.07,729.96,1,Steady mid-tier
1577,56,55-64,Male,Michigan,Clothing,Dress,M,White,Spring,75,3.7,False,No,False,2-Day Shipping,Yes,True,PayPal,36,Established,Monthly,30,12.17,912.75,1,Steady mid-tier
1578,68,65+,Male,Delaware,Footwear,Boots,S,Olive,Spring,34,4.0,False,No,False,Standard,Yes,True,Venmo,7,New,Fortnightly,14,26.07,886.38,1,Steady mid-tier
1579,62,55-64,Male,California,Clothing,Pants,S,Maroon,Winter,97,4.9,False,No,False,2-Day Shipping,Yes,True,PayPal,2,New,Quarterly,90,4.06,393.82,1,Steady mid-tier
1580,35,35-44,Male,Oklahoma,Outerwear,Jacket,M,Violet,Summer,80,3.1,False,No,False,Free Shipping,Yes,True,Bank Transfer,6,New,Monthly,30,12.17,973.6,1,Steady mid-tier
1581,65,65+,Male,North Dakota,Footwear,Sneakers,L,Cyan,Summer,71,3.7,False,No,False,Standard,Yes,True,Cash,30,Established,Annually,365,1.0,71.0,1,Steady mid-tier
1582,69,65+,Male,Ohio,Accessories,Jewelry,L,Teal,Fall,77,4.2,False,No,False,Free Shipping,Yes,True,Cash,46,Loyal,Quarterly,90,4.06,312.62,1,Steady mid-tier
1583,28,25-34,Male,Hawaii,Accessories,Belt,L,Red,Spring,41,2.5,False,No,False,Next Day Air,Yes,True,Cash,39,Established,Monthly,30,12.17,498.97,1,Steady mid-tier
1584,37,35-44,Male,Maryland,Accessories,Scarf,XL,Yellow,Summer,92,4.3,False,No,False,Next Day Air,Yes,True,Venmo,8,New,Annually,365,1.0,92.0,1,Steady mid-tier
1585,41,35-44,Male,Hawaii,Clothing,Blouse,S,Silver,Spring,95,3.1,False,No,False,Store Pickup,Yes,True,Credit Card,46,Loyal,Quarterly,90,4.06,385.7,1,Steady mid-tier
1586,37,35-44,Male,Alabama,Clothing,Sweater,M,Charcoal,Fall,25,3.0,False,No,False,Next Day Air,Yes,True,Debit Card,40,Established,Fortnightly,14,26.07,651.75,1,Steady mid-tier
1587,25,25-34,Male,Oklahoma,Footwear,Boots,M,Purple,Fall,77,4.0,False,No,False,Express,Yes,True,Bank Transfer,21,Developing,Weekly,7,52.14,4014.78,0,High-value regulars
1588,41,35-44,Male,Alabama,Clothing,Socks,M,Beige,Summer,99,3.5,False,No,False,Free Shipping,Yes,True,Credit Card,33,Established,Fortnightly,14,26.07,2580.93,0,High-value regulars
1589,48,45-54,Male,Vermont,Accessories,Belt,L,Cyan,Winter,24,3.2,False,No,False,Next Day Air,Yes,True,Venmo,3,New,Monthly,30,12.17,292.08,1,Steady mid-tier
1590,42,35-44,Male,Ohio,Footwear,Sneakers,M,Silver,Summer,72,2.7,False,No,False,Store Pickup,Yes,True,Cash,48,Loyal,Weekly,7,52.14,3754.08,0,High-value regulars
1591,54,45-54,Male,Wisconsin,Clothing,Jeans,S,Pink,Winter,80,3.0,False,No,False,Free Shipping,Yes,True,PayPal,8,New,Annually,365,1.0,80.0,1,Steady mid-tier
1592,18,18-24,Male,South Dakota,Clothing,Skirt,L,Gold,Winter,100,2.9,False,No,False,Next Day Air,Yes,True,PayPal,24,Developing,Annually,365,1.0,100.0,1,Steady mid-tier
1593,56,55-64,Male,Iowa,Footwear,Shoes,M,Cyan,Summer,83,3.3,False,No,False,Free Shipping,Yes,True,Bank Transfer,10,New,Every 3 Months,90,4.06,336.98,1,Steady mid-tier
1594,61,55-64,Male,Maryland,Clothing,Dress,M,Black,Spring,95,4.9,False,No,False,2-Day Shipping,Yes,True,Bank Transfer,25,Developing,Monthly,30,12.17,1156.15,1,Steady mid-tier
1595,40,35-44,Male,Colorado,Accessories,Handbag,XL,Charcoal,Summer,41,3.7,False,No,False,Store Pickup,Yes,True,Cash,3,New,Fortnightly,14,26.07,1068.87,1,Steady mid-tier
1596,34,25-34,Male,Wisconsin,Accessories,Backpack,S,Magenta,Spring,35,3.5,False,No,False,Standard,Yes,True,Debit Card,45,Loyal,Fortnightly,14,26.07,912.45,1,Steady mid-tier
1597,42,35-44,Male,Mississippi,Accessories,Jewelry,S,Pink,Fall,30,4.7,False,No,False,Store Pickup,Yes,True,Debit Card,15,Developing,Monthly,30,12.17,365.1,1,Steady mid-tier
1598,43,35-44,Male,Mississippi,Accessories,Hat,XL,Maroon,Winter,21,2.6,False,No,False,Store Pickup,Yes,True,Bank Transfer,34,Established,Quarterly,90,4.06,85.26,1,Steady mid-tier
1599,47,45-54,Male,California,Accessories,Jewelry,M,Teal,Fall,85,4.1,False,No,False,Express,Yes,True,Venmo,21,Developing,Bi-Weekly,14,26.07,2215.95,0,High-value regulars
1600,48,45-54,Male,Delaware,Clothing,Shirt,M,Orange,Winter,54,2.8,False,No,False,2-Day Shipping,Yes,True,Debit Card,22,Developing,Bi-Weekly,14,26.07,1407.78,1,Steady mid-tier
1601,20,18-24,Male,Montana,Footwear,Boots,S,Yellow,Spring,26,4.7,False,No,False,Next Day Air,Yes,True,PayPal,24,Developing,Weekly,7,52.14,1355.64,0,High-value regulars
1602,65,65+,Male,Indiana,Clothing,Shirt,XL,Red,Spring,59,2.9,False,No,False,Store Pickup,Yes,True,Credit Card,33,Established,Monthly,30,12.17,718.03,1,Steady mid-tier
1603,54,45-54,Male,West Virginia,Accessories,Sunglasses,S,Charcoal,Winter,48,2.8,False,No,False,Free Shipping,Yes,True,Venmo,13,Developing,Fortnightly,14,26.07,1251.36,1,Steady mid-tier
1604,23,18-24,Male,Iowa,Clothing,Shorts,L,Black,Summer,98,4.3,False,No,False,Next Day Air,Yes,True,Debit Card,17,Developing,Bi-Weekly,14,26.07,2554.86,0,High-value regulars
1605,18,18-24,Male,Maine,Clothing,Sweater,M,White,Summer,92,4.8,False,No,False,2-Day Shipping,Yes,True,Credit Card,25,Developing,Every 3 Months,90,4.06,373.52,1,Steady mid-tier
1606,70,65+,Male,Connecticut,Accessories,Belt,M,Lavender,Winter,46,3.4,False,No,False,Next Day Air,Yes,True,Credit Card,15,Developing,Bi-Weekly,14,26.07,1199.22,1,Steady mid-tier
1607,55,55-64,Male,Kansas,Clothing,T-shirt,S,White,Spring,21,4.3,False,No,False,Standard,Yes,True,PayPal,4,New,Fortnightly,14,26.07,547.47,1,Steady mid-tier
1608,49,45-54,Male,Vermont,Clothing,Shorts,S,Gray,Fall,72,2.7,False,No,False,Free Shipping,Yes,True,Debit Card,43,Loyal,Quarterly,90,4.06,292.32,1,Steady mid-tier
1609,26,25-34,Male,Nebraska,Footwear,Sandals,XL,Cyan,Fall,58,4.6,False,No,False,Next Day Air,Yes,True,Bank Transfer,12,Developing,Bi-Weekly,14,26.07,1512.06,0,High-value regulars
1610,33,25-34,Male,Nevada,Clothing,Shirt,S,Brown,Fall,93,4.1,False,No,False,Standard,Yes,True,Venmo,3,New,Monthly,30,12.17,1131.81,1,Steady mid-tier
1611,20,18-24,Male,Tennessee,Clothing,Socks,L,Purple,Spring,31,3.4,False,No,False,2-Day Shipping,Yes,True,PayPal,1,New,Annually,365,1.0,31.0,1,Steady mid-tier
1612,41,35-44,Male,Arkansas,Clothing,Pants,L,Yellow,Winter,26,4.5,False,No,False,Next Day Air,Yes,True,Debit Card,6,New,Monthly,30,12.17,316.42,1,Steady mid-tier
1613,18,18-24,Male,Wisconsin,Clothing,Skirt,M,Indigo,Summer,68,4.4,False,No,False,Standard,Yes,True,Venmo,26,Established,Monthly,30,12.17,827.56,1,Steady mid-tier
1614,26,25-34,Male,Illinois,Accessories,Jewelry,S,Black,Summer,31,4.0,False,No,False,Next Day Air,Yes,True,Credit Card,6,New,Fortnightly,14,26.07,808.17,1,Steady mid-tier
1615,30,25-34,Male,Kansas,Clothing,T-shirt,S,Gray,Summer,41,3.4,False,No,False,Free Shipping,Yes,True,Cash,22,Developing,Bi-Weekly,14,26.07,1068.87,1,Steady mid-tier
1616,64,55-64,Male,New York,Accessories,Jewelry,M,Indigo,Fall,62,3.2,False,No,False,Standard,Yes,True,Cash,45,Loyal,Bi-Weekly,14,26.07,1616.34,0,High-value regulars
1617,26,25-34,Male,Colorado,Accessories,Hat,M,Green,Spring,41,3.4,False,No,False,Standard,Yes,True,Cash,50,Loyal,Quarterly,90,4.06,166.46,1,Steady mid-tier
1618,43,35-44,Male,Wisconsin,Clothing,Blouse,M,Peach,Winter,64,4.3,False,No,False,Standard,Yes,True,Credit Card,50,Loyal,Fortnightly,14,26.07,1668.48,0,High-value regulars
1619,63,55-64,Male,Michigan,Footwear,Sandals,L,Purple,Summer,72,5.0,False,No,False,Standard,Yes,True,Debit Card,39,Established,Quarterly,90,4.06,292.32,1,Steady mid-tier
1620,57,55-64,Male,Hawaii,Accessories,Handbag,L,Beige,Winter,78,3.5,False,No,False,Store Pickup,Yes,True,Venmo,50,Loyal,Bi-Weekly,14,26.07,2033.46,0,High-value regulars
1621,25,25-34,Male,Virginia,Accessories,Hat,M,Charcoal,Winter,47,3.1,False,No,False,2-Day Shipping,Yes,True,PayPal,27,Established,Every 3 Months,90,4.06,190.82,1,Steady mid-tier
1622,68,65+,Male,Ohio,Accessories,Scarf,L,Gray,Summer,46,3.9,False,No,False,2-Day Shipping,Yes,True,Debit Card,38,Established,Fortnightly,14,26.07,1199.22,1,Steady mid-tier
1623,31,25-34,Male,Missouri,Clothing,Shorts,S,Brown,Winter,43,4.0,False,No,False,Store Pickup,Yes,True,Bank Transfer,37,Established,Every 3 Months,90,4.06,174.58,1,Steady mid-tier
1624,64,55-64,Male,Indiana,Accessories,Backpack,M,Cyan,Summer,58,3.5,False,No,False,Next Day Air,Yes,True,Debit Card,50,Loyal,Annually,365,1.0,58.0,1,Steady mid-tier
1625,38,35-44,Male,Florida,Clothing,Sweater,M,White,Winter,32,3.6,False,No,False,Free Shipping,Yes,True,PayPal,40,Established,Every 3 Months,90,4.06,129.92,1,Steady mid-tier
1626,34,25-34,Male,Minnesota,Clothing,Skirt,L,Beige,Winter,45,3.0,False,No,False,Next Day Air,Yes,True,PayPal,3,New,Bi-Weekly,14,26.07,1173.15,1,Steady mid-tier
1627,32,25-34,Male,Nevada,Footwear,Sneakers,L,Orange,Summer,35,2.6,False,No,False,Next Day Air,Yes,True,Credit Card,45,Loyal,Bi-Weekly,14,26.07,912.45,1,Steady mid-tier
1628,69,65+,Male,Maine,Accessories,Sunglasses,M,Olive,Winter,21,2.9,False,No,False,Next Day Air,Yes,True,Credit Card,8,New,Annually,365,1.0,21.0,1,Steady mid-tier
1629,45,45-54,Male,Massachusetts,Clothing,Dress,S,Teal,Winter,64,3.1,False,No,False,Next Day Air,Yes,True,Cash,7,New,Monthly,30,12.17,778.88,1,Steady mid-tier
1630,35,35-44,Male,North Dakota,Clothing,Blouse,S,Silver,Spring,88,3.3,False,No,False,Next Day Air,Yes,True,Venmo,13,Developing,Quarterly,90,4.06,357.28,1,Steady mid-tier
1631,63,55-64,Male,New Jersey,Footwear,Shoes,M,Gold,Summer,48,2.9,False,No,False,Store Pickup,Yes,True,Venmo,29,Established,Every 3 Months,90,4.06,194.88,1,Steady mid-tier
1632,65,65+,Male,Indiana,Clothing,Sweater,L,Violet,Summer,36,3.9,False,No,False,2-Day Shipping,Yes,True,Bank Transfer,7,New,Fortnightly,14,26.07,938.52,1,Steady mid-tier
1633,35,35-44,Male,Oregon,Accessories,Gloves,S,White,Summer,28,4.7,False,No,False,2-Day Shipping,Yes,True,Debit Card,50,Loyal,Every 3 Months,90,4.06,113.68,1,Steady mid-tier
1634,54,45-54,Male,North Dakota,Clothing,Socks,M,Peach,Spring,80,4.4,False,No,False,2-Day Shipping,Yes,True,Debit Card,33,Established,Bi-Weekly,14,26.07,2085.6,0,High-value regulars
1635,28,25-34,Male,South Carolina,Outerwear,Coat,S,Orange,Summer,23,3.6,False,No,False,Store Pickup,Yes,True,Cash,30,Established,Every 3 Months,90,4.06,93.38,1,Steady mid-tier
1636,68,65+,Male,North Carolina,Accessories,Sunglasses,L,Violet,Summer,24,3.2,False,No,False,Standard,Yes,True,Cash,40,Established,Annually,365,1.0,24.0,1,Steady mid-tier
1637,58,55-64,Male,North Dakota,Footwear,Boots,L,Green,Fall,22,4.0,False,No,False,Free Shipping,Yes,True,Cash,49,Loyal,Fortnightly,14,26.07,573.54,1,Steady mid-tier
1638,35,35-44,Male,Massachusetts,Clothing,Dress,M,Peach,Spring,21,3.5,False,No,False,Next Day Air,Yes,True,Venmo,32,Established,Fortnightly,14,26.07,547.47,1,Steady mid-tier
1639,68,65+,Male,Tennessee,Outerwear,Jacket,M,Black,Spring,51,4.6,False,No,False,Free Shipping,Yes,True,Venmo,18,Developing,Weekly,7,52.14,2659.14,0,High-value regulars
1640,41,35-44,Male,Missouri,Accessories,Gloves,L,Blue,Summer,65,3.3,False,No,False,Free Shipping,Yes,True,PayPal,50,Loyal,Annually,365,1.0,65.0,1,Steady mid-tier
1641,65,65+,Male,Tennessee,Accessories,Scarf,S,Magenta,Spring,51,4.0,False,No,False,2-Day Shipping,Yes,True,PayPal,13,Developing,Weekly,7,52.14,2659.14,0,High-value regulars
1642,50,45-54,Male,Colorado,Clothing,Hoodie,L,Violet,Summer,32,3.4,False,No,False,Free Shipping,Yes,True,Bank Transfer,1,New,Every 3 Months,90,4.06,129.92,1,Steady mid-tier
1643,18,18-24,Male,Mississippi,Outerwear,Coat,M,Beige,Spring,70,4.2,False,No,False,Store Pickup,Yes,True,PayPal,16,Developing,Fortnightly,14,26.07,1824.9,0,High-value regulars
1644,38,35-44,Male,Ohio,Accessories,Scarf,L,Pink,Summer,77,3.9,False,No,False,2-Day Shipping,Yes,True,PayPal,6,New,Monthly,30,12.17,937.09,1,Steady mid-tier
1645,68,65+,Male,North Carolina,Outerwear,Coat,S,Beige,Summer,90,3.9,False,No,False,Next Day Air,Yes,True,Debit Card,21,Developing,Monthly,30,12.17,1095.3,1,Steady mid-tier
1646,53,45-54,Male,Ohio,Accessories,Scarf,L,Green,Summer,36,2.8,False,No,False,Standard,Yes,True,Venmo,36,Established,Every 3 Months,90,4.06,146.16,1,Steady mid-tier
1647,58,55-64,Male,Nebraska,Accessories,Handbag,S,Silver,Summer,77,3.7,False,No,False,Standard,Yes,True,Bank Transfer,20,Developing,Every 3 Months,90,4.06,312.62,1,Steady mid-tier
1648,34,25-34,Male,Hawaii,Footwear,Boots,M,Purple,Summer,78,4.9,False,No,False,Store Pickup,Yes,True,Debit Card,8,New,Quarterly,90,4.06,316.68,1,Steady mid-tier
1649,36,35-44,Male,Oklahoma,Clothing,Pants,M,Gray,Summer,69,2.6,False,No,False,Express,Yes,True,Credit Card,22,Developing,Monthly,30,12.17,839.73,1,Steady mid-tier
1650,58,55-64,Male,Wisconsin,Clothing,T-shirt,M,White,Summer,63,4.9,False,No,False,Free Shipping,Yes,True,Credit Card,3,New,Quarterly,90,4.06,255.78,1,Steady mid-tier
1651,60,55-64,Male,Arkansas,Accessories,Scarf,M,Silver,Winter,36,3.4,False,No,False,Next Day Air,Yes,True,Credit Card,46,Loyal,Fortnightly,14,26.07,938.52,1,Steady mid-tier
1652,59,55-64,Male,Texas,Outerwear,Coat,M,Blue,Winter,80,3.9,False,No,False,Standard,Yes,True,Debit Card,42,Loyal,Monthly,30,12.17,973.6,1,Steady mid-tier
1653,65,65+,Male,New Mexico,Clothing,Sweater,M,Orange,Summer,35,4.0,False,No,False,Next Day Air,Yes,True,Bank Transfer,1,New,Fortnightly,14,26.07,912.45,1,Steady mid-tier
1654,31,25-34,Male,Colorado,Accessories,Belt,L,Silver,Winter,93,3.0,False,No,False,2-Day Shipping,Yes,True,Debit Card,29,Established,Bi-Weekly,14,26.07,2424.51,0,High-value regulars
1655,43,35-44,Male,Indiana,Accessories,Belt,L,Gray,Spring,25,2.6,False,No,False,Store Pickup,Yes,True,Credit Card,14,Developing,Quarterly,90,4.06,101.5,1,Steady mid-tier
1656,37,35-44,Male,Arizona,Clothing,Sweater,L,Gold,Spring,81,3.2,False,No,False,Next Day Air,Yes,True,PayPal,4,New,Monthly,30,12.17,985.77,1,Steady mid-tier
1657,21,18-24,Male,Indiana,Clothing,Blouse,L,Brown,Spring,42,2.6,False,No,False,2-Day Shipping,Yes,True,PayPal,41,Loyal,Every 3 Months,90,4.06,170.52,1,Steady mid-tier
1658,69,65+,Male,Indiana,Clothing,Skirt,L,Turquoise,Spring,36,3.2,False,No,False,Store Pickup,Yes,True,Debit Card,4,New,Bi-Weekly,14,26.07,938.52,1,Steady mid-tier
1659,32,25-34,Male,Alaska,Accessories,Jewelry,S,Pink,Spring,66,4.1,False,No,False,Store Pickup,Yes,True,Cash,47,Loyal,Weekly,7,52.14,3441.24,0,High-value regulars
1660,53,45-54,Male,Utah,Accessories,Gloves,M,Black,Fall,37,3.9,False,No,False,Next Day Air,Yes,True,Venmo,44,Loyal,Annually,365,1.0,37.0,1,Steady mid-tier
1661,59,55-64,Male,Louisiana,Clothing,T-shirt,L,Yellow,Winter,45,4.1,False,No,False,Standard,Yes,True,Venmo,37,Established,Monthly,30,12.17,547.65,1,Steady mid-tier
1662,64,55-64,Male,Iowa,Accessories,Gloves,S,Beige,Summer,86,2.7,False,No,False,2-Day Shipping,Yes,True,Debit Card,21,Developing,Quarterly,90,4.06,349.16,1,Steady mid-tier
1663,63,55-64,Male,New Mexico,Accessories,Sunglasses,M,Olive,Winter,24,4.6,False,No,False,Free Shipping,Yes,True,Debit Card,46,Loyal,Fortnightly,14,26.07,625.68,1,Steady mid-tier
1664,43,35-44,Male,Maine,Clothing,Shirt,XL,Gold,Summer,22,3.5,False,No,False,Standard,Yes,True,Cash,1,New,Bi-Weekly,14,26.07,573.54,1,Steady mid-tier
1665,19,18-24,Male,Minnesota,Accessories,Handbag,M,Purple,Spring,53,5.0,False,No,False,Next Day Air,Yes,True,PayPal,35,Established,Weekly,7,52.14,2763.42,0,High-value regulars
1666,40,35-44,Male,New Mexico,Outerwear,Jacket,L,Pink,Fall,41,3.4,False,No,False,Next Day Air,Yes,True,Venmo,49,Loyal,Monthly,30,12.17,498.97,1,Steady mid-tier
1667,51,45-54,Male,Arkansas,Clothing,Skirt,M,Blue,Summer,64,3.1,False,No,False,Store Pickup,Yes,True,PayPal,47,Loyal,Annually,365,1.0,64.0,1,Steady mid-tier
1668,51,45-54,Male,Oklahoma,Accessories,Handbag,L,Brown,Winter,40,3.4,False,No,False,2-Day Shipping,Yes,True,Bank Transfer,24,Developing,Every 3 Months,90,4.06,162.4,1,Steady mid-tier
1669,66,65+,Male,Utah,Clothing,Blouse,L,Charcoal,Summer,33,4.0,False,No,False,Standard,Yes,True,Debit Card,28,Established,Fortnightly,14,26.07,860.31,1,Steady mid-tier
1670,42,35-44,Male,Wisconsin,Clothing,T-shirt,L,Maroon,Winter,59,2.7,False,No,False,Store Pickup,Yes,True,Bank Transfer,22,Developing,Quarterly,90,4.06,239.54,1,Steady mid-tier
1671,22,18-24,Male,Utah,Clothing,Pants,L,Cyan,Fall,73,3.6,False,No,False,Free Shipping,Yes,True,Cash,20,Developing,Weekly,7,52.14,3806.22,0,High-value regulars
1672,31,25-34,Male,Utah,Clothing,Hoodie,M,Olive,Winter,22,4.0,False,No,False,Free Shipping,Yes,True,Bank Transfer,25,Developing,Weekly,7,52.14,1147.08,0,High-value regulars
1673,18,18-24,Male,South Carolina,Footwear,Boots,L,Gold,Fall,73,3.8,False,No,False,Free Shipping,Yes,True,Venmo,15,Developing,Quarterly,90,4.06,296.38,1,Steady mid-tier
1674,21,18-24,Male,Hawaii,Clothing,Blouse,M,Violet,Fall,62,3.4,False,No,False,Next Day Air,Yes,True,Venmo,49,Loyal,Bi-Weekly,14,26.07,1616.34,0,High-value regulars
1675,35,35-44,Male,Alaska,Outerwear,Coat,M,Peach,Winter,56,3.2,False,No,False,Free Shipping,Yes,True,Debit Card,10,New,Fortnightly,14,26.07,1459.92,0,High-value regulars
1676,35,35-44,Male,Colorado,Clothing,Pants,M,Beige,Spring,90,4.7,False,No,False,Next Day Air,Yes,True,Credit Card,21,Developing,Annually,365,1.0,90.0,1,Steady mid-tier
1677,27,25-34,Male,West Virginia,Accessories,Sunglasses,M,Cyan,Winter,44,3.1,False,No,False,Next Day Air,Yes,True,Bank Transfer,34,Established,Weekly,7,52.14,2294.16,0,High-value regulars
1678,65,65+,Male,Oregon,Clothing,Jeans,L,Silver,Summer,35,3.3,False,No,False,Next Day Air,No,False,Debit Card,41,Loyal,Weekly,7,52.14,1824.9,0,High-value regulars
1679,41,35-44,Male,Ohio,Clothing,Pants,S,Magenta,Summer,71,4.8,False,No,False,2-Day Shipping,No,False,Venmo,30,Established,Fortnightly,14,26.07,1850.97,0,High-value regulars
1680,60,55-64,Male,Massachusetts,Clothing,Dress,S,Black,Fall,52,4.5,False,No,False,Next Day Air,No,False,Debit Card,24,Developing,Bi-Weekly,14,26.07,1355.64,1,Steady mid-tier
1681,61,55-64,Male,Louisiana,Footwear,Shoes,M,Olive,Summer,37,3.4,False,No,False,Store Pickup,No,False,Credit Card,6,New,Annually,365,1.0,37.0,1,Steady mid-tier
1682,24,18-24,Male,Virginia,Footwear,Sneakers,L,Green,Winter,95,3.7,False,No,False,2-Day Shipping,No,False,Credit Card,14,Developing,Bi-Weekly,14,26.07,2476.65,0,High-value regulars
1683,65,65+,Male,New York,Clothing,Socks,M,Yellow,Fall,97,4.9,False,No,False,2-Day Shipping,No,False,Credit Card,37,Established,Bi-Weekly,14,26.07,2528.79,0,High-value regulars
1684,23,18-24,Male,Arkansas,Outerwear,Coat,S,Lavender,Spring,57,3.5,False,No,False,Next Day Air,No,False,Venmo,37,Established,Quarterly,90,4.06,231.42,1,Steady mid-tier
1685,30,25-34,Male,New Mexico,Clothing,Shirt,M,Indigo,Spring,93,4.6,False,No,False,Standard,No,False,PayPal,28,Established,Weekly,7,52.14,4849.02,0,High-value regulars
1686,33,25-34,Male,Minnesota,Clothing,Blouse,M,Pink,Winter,48,4.6,False,No,False,Standard,No,False,PayPal,43,Loyal,Bi-Weekly,14,26.07,1251.36,1,Steady mid-tier
1687,22,18-24,Male,Illinois,Accessories,Gloves,L,Red,Fall,75,4.2,False,No,False,Store Pickup,No,False,Cash,25,Developing,Annually,365,1.0,75.0,1,Steady mid-tier
1688,67,65+,Male,Georgia,Clothing,Skirt,S,Magenta,Winter,70,3.7,False,No,False,Free Shipping,No,False,PayPal,4,New,Annually,365,1.0,70.0,1,Steady mid-tier
1689,28,25-34,Male,Mississippi,Accessories,Handbag,S,Peach,Winter,26,3.0,False,No,False,Next Day Air,No,False,Venmo,13,Developing,Fortnightly,14,26.07,677.82,1,Steady mid-tier
1690,32,25-34,Male,North Carolina,Clothing,Shirt,L,Turquoise,Winter,73,4.6,False,No,False,Store Pickup,No,False,Bank Transfer,32,Established,Monthly,30,12.17,888.41,1,Steady mid-tier
1691,40,35-44,Male,Nevada,Outerwear,Coat,M,Black,Summer,30,3.2,False,No,False,Free Shipping,No,False,Cash,1,New,Annually,365,1.0,30.0,1,Steady mid-tier
1692,64,55-64,Male,Connecticut,Footwear,Shoes,L,Blue,Summer,61,3.5,False,No,False,Next Day Air,No,False,Cash,4,New,Annually,365,1.0,61.0,1,Steady mid-tier
1693,56,55-64,Male,Utah,Accessories,Handbag,M,Beige,Winter,75,2.6,False,No,False,Standard,No,False,Cash,33,Established,Bi-Weekly,14,26.07,1955.25,0,High-value regulars
1694,63,55-64,Male,Tennessee,Outerwear,Jacket,XL,Olive,Fall,88,4.9,False,No,False,Standard,No,False,Bank Transfer,45,Loyal,Fortnightly,14,26.07,2294.16,0,High-value regulars
1695,20,18-24,Male,Mississippi,Clothing,Shirt,M,Turquoise,Summer,67,2.7,False,No,False,Express,No,False,Debit Card,20,Developing,Fortnightly,14,26.07,1746.69,0,High-value regulars
1696,54,45-54,Male,Nebraska,Accessories,Hat,S,Yellow,Fall,95,4.7,False,No,False,2-Day Shipping,No,False,PayPal,1,New,Fortnightly,14,26.07,2476.65,0,High-value regulars
1697,31,25-34,Male,West Virginia,Accessories,Sunglasses,S,Turquoise,Spring,69,4.0,False,No,False,Free Shipping,No,False,Credit Card,7,New,Bi-Weekly,14,26.07,1798.83,0,High-value regulars
1698,36,35-44,Male,South Carolina,Clothing,Shirt,L,Lavender,Fall,87,3.5,False,No,False,Next Day Air,No,False,Credit Card,48,Loyal,Every 3 Months,90,4.06,353.22,1,Steady mid-tier
1699,25,25-34,Male,Iowa,Accessories,Belt,XL,Turquoise,Winter,41,4.8,False,No,False,Standard,No,False,Bank Transfer,46,Loyal,Quarterly,90,4.06,166.46,1,Steady mid-tier
1700,20,18-24,Male,North Dakota,Clothing,Sweater,L,Teal,Spring,67,4.0,False,No,False,Free Shipping,No,False,Debit Card,34,Established,Annually,365,1.0,67.0,1,Steady mid-tier
1701,62,55-64,Male,West Virginia,Clothing,Hoodie,L,Black,Fall,70,4.1,False,No,False,Express,No,False,Bank Transfer,36,Established,Monthly,30,12.17,851.9,1,Steady mid-tier
1702,69,65+,Male,Mississippi,Accessories,Handbag,XL,Blue,Winter,41,3.8,False,No,False,Next Day Air,No,False,Debit Card,44,Loyal,Every 3 Months,90,4.06,166.46,1,Steady mid-tier
1703,54,45-54,Male,Alabama,Clothing,Jeans,XL,Yellow,Summer,83,5.0,False,No,False,Express,No,False,Bank Transfer,48,Loyal,Weekly,7,52.14,4327.62,0,High-value regulars
1704,39,35-44,Male,California,Accessories,Backpack,M,Black,Spring,22,4.0,False,No,False,Next Day Air,No,False,Bank Transfer,12,Developing,Annually,365,1.0,22.0,1,Steady mid-tier
1705,56,55-64,Male,Idaho,Footwear,Sneakers,M,Lavender,Summer,20,3.9,False,No,False,Store Pickup,No,False,Cash,19,Developing,Every 3 Months,90,4.06,81.2,1,Steady mid-tier
1706,39,35-44,Male,South Dakota,Accessories,Jewelry,L,Cyan,Summer,29,3.4,False,No,False,2-Day Shipping,No,False,Venmo,49,Loyal,Bi-Weekly,14,26.07,756.03,1,Steady mid-tier
1707,37,35-44,Male,North Dakota,Accessories,Sunglasses,M,Brown,Spring,87,3.0,False,No,False,Standard,No,False,Venmo,25,Developing,Fortnightly,14,26.07,2268.09,0,High-value regulars
1708,25,25-34,Male,Nevada,Clothing,Shorts,L,Maroon,Fall,81,4.9,False,No,False,2-Day Shipping,No,False,Cash,25,Developing,Bi-Weekly,14,26.07,2111.67,0,High-value regulars
1709,35,35-44,Male,Florida,Footwear,Boots,L,Cyan,Spring,58,3.2,False,No,False,Express,No,False,Credit Card,1,New,Quarterly,90,4.06,235.48,1,Steady mid-tier
1710,45,45-54,Male,Indiana,Clothing,Skirt,M,Pink,Winter,83,3.8,False,No,False,Standard,No,False,Bank Transfer,19,Developing,Annually,365,1.0,83.0,1,Steady mid-tier
1711,19,18-24,Male,Arkansas,Clothing,Pants,XL,Orange,Fall,59,3.8,False,No,False,Store Pickup,No,False,Credit Card,7,New,Quarterly,90,4.06,239.54,1,Steady mid-tier
1712,21,18-24,Male,North Carolina,Clothing,T-shirt,M,Lavender,Spring,93,4.7,False,No,False,Express,No,False,Credit Card,19,Developing,Monthly,30,12.17,1131.81,1,Steady mid-tier
1713,65,65+,Male,Illinois,Clothing,T-shirt,S,Beige,Fall,87,3.8,False,No,False,2-Day Shipping,No,False,Cash,9,New,Fortnightly,14,26.07,2268.09,0,High-value regulars
1714,49,45-54,Male,Missouri,Outerwear,Jacket,M,Pink,Winter,22,4.6,False,No,False,Free Shipping,No,False,PayPal,37,Established,Quarterly,90,4.06,89.32,1,Steady mid-tier
1715,30,25-34,Male,South Dakota,Clothing,Jeans,S,Charcoal,Summer,71,4.4,False,No,False,Standard,No,False,Cash,15,Developing,Monthly,30,12.17,864.07,1,Steady mid-tier
1716,23,18-24,Male,Idaho,Clothing,Dress,XL,Gray,Spring,69,3.4,False,No,False,2-Day Shipping,No,False,PayPal,30,Established,Bi-Weekly,14,26.07,1798.83,0,High-value regulars
1717,69,65+,Male,Connecticut,Clothing,Blouse,M,Cyan,Winter,47,4.7,False,No,False,Standard,No,False,Cash,30,Established,Every 3 Months,90,4.06,190.82,1,Steady mid-tier
1718,29,25-34,Male,Hawaii,Clothing,Hoodie,L,Orange,Summer,50,2.9,False,No,False,Express,No,False,Debit Card,16,Developing,Bi-Weekly,14,26.07,1303.5,1,Steady mid-tier
1719,54,45-54,Male,Maryland,Clothing,T-shirt,L,Pink,Winter,96,3.4,False,No,False,2-Day Shipping,No,False,PayPal,14,Developing,Every 3 Months,90,4.06,389.76,1,Steady mid-tier
1720,45,45-54,Male,Maryland,Clothing,Sweater,M,White,Winter,39,3.2,False,No,False,Free Shipping,No,False,Venmo,8,New,Quarterly,90,4.06,158.34,1,Steady mid-tier
1721,25,25-34,Male,Massachusetts,Clothing,Shorts,S,Beige,Winter,84,2.8,False,No,False,Express,No,False,Debit Card,40,Established,Bi-Weekly,14,26.07,2189.88,0,High-value regulars
1722,34,25-34,Male,Delaware,Accessories,Jewelry,S,Magenta,Spring,28,4.3,False,No,False,Free Shipping,No,False,Credit Card,24,Developing,Monthly,30,12.17,340.76,1,Steady mid-tier
1723,46,45-54,Male,Massachusetts,Clothing,T-shirt,L,Violet,Summer,51,3.3,False,No,False,Standard,No,False,Cash,14,Developing,Fortnightly,14,26.07,1329.57,1,Steady mid-tier
1724,70,65+,Male,New York,Accessories,Scarf,XL,Gold,Spring,20,3.3,False,No,False,Standard,No,False,PayPal,39,Established,Annually,365,1.0,20.0,1,Steady mid-tier
1725,42,35-44,Male,Delaware,Footwear,Shoes,S,Teal,Winter,72,3.3,False,No,False,Free Shipping,No,False,PayPal,21,Developing,Weekly,7,52.14,3754.08,0,High-value regulars
1726,45,45-54,Male,Massachusetts,Accessories,Sunglasses,M,Indigo,Spring,33,3.0,False,No,False,Next Day Air,No,False,Venmo,32,Established,Quarterly,90,4.06,133.98,1,Steady mid-tier
1727,57,55-64,Male,Indiana,Outerwear,Coat,S,Olive,Summer,28,2.8,False,No,False,Express,No,False,Debit Card,45,Loyal,Weekly,7,52.14,1459.92,0,High-value regulars
1728,49,45-54,Male,Virginia,Clothing,Blouse,S,Violet,Spring,53,4.0,False,No,False,Express,No,False,PayPal,19,Developing,Monthly,30,12.17,645.01,1,Steady mid-tier
1729,23,18-24,Male,Wyoming,Clothing,Jeans,L,Black,Fall,48,4.3,False,No,False,Express,No,False,Debit Card,1,New,Every 3 Months,90,4.06,194.88,1,Steady mid-tier
1730,47,45-54,Male,Illinois,Clothing,Shorts,M,Brown,Winter,21,3.8,False,No,False,Store Pickup,No,False,Venmo,12,Developing,Fortnightly,14,26.07,547.47,1,Steady mid-tier
1731,23,18-24,Male,Alabama,Clothing,Shirt,S,Silver,Fall,22,4.2,False,No,False,Free Shipping,No,False,Credit Card,26,Established,Weekly,7,52.14,1147.08,0,High-value regulars
1732,21,18-24,Male,Idaho,Accessories,Backpack,M,Gray,Fall,87,3.1,False,No,False,Next Day Air,No,False,Cash,12,Developing,Monthly,30,12.17,1058.79,1,Steady mid-tier
1733,45,45-54,Male,Rhode Island,Accessories,Belt,S,Charcoal,Winter,50,2.6,False,No,False,Free Shipping,No,False,Cash,36,Established,Every 3 Months,90,4.06,203.0,1,Steady mid-tier
1734,67,65+,Male,New York,Clothing,Blouse,L,Black,Summer,85,3.4,False,No,False,Express,No,False,Credit Card,22,Developing,Annually,365,1.0,85.0,1,Steady mid-tier
1735,31,25-34,Male,Missouri,Clothing,Jeans,L,Brown,Spring,98,3.1,False,No,False,Next Day Air,No,False,PayPal,16,Developing,Quarterly,90,4.06,397.88,1,Steady mid-tier
1736,58,55-64,Male,Texas,Clothing,Dress,M,Purple,Winter,34,3.6,False,No,False,Express,No,False,Venmo,31,Established,Annually,365,1.0,34.0,1,Steady mid-tier
1737,57,55-64,Male,Tennessee,Clothing,Shorts,M,Purple,Summer,61,2.6,False,No,False,2-Day Shipping,No,False,Cash,43,Loyal,Quarterly,90,4.06,247.66,1,Steady mid-tier
1738,42,35-44,Male,Ohio,Accessories,Jewelry,L,Gray,Summer,98,4.2,False,No,False,Store Pickup,No,False,Venmo,50,Loyal,Bi-Weekly,14,26.07,2554.86,0,High-value regulars
1739,60,55-64,Male,Tennessee,Accessories,Handbag,M,Green,Spring,61,2.9,False,No,False,2-Day Shipping,No,False,Credit Card,37,Established,Weekly,7,52.14,3180.54,0,High-value regulars
1740,21,18-24,Male,Minnesota,Accessories,Jewelry,L,Silver,Winter,98,4.2,False,No,False,Express,No,False,Cash,23,Developing,Weekly,7,52.14,5109.72,0,High-value regulars
1741,69,65+,Male,Wisconsin,Clothing,Pants,L,Charcoal,Fall,21,3.3,False,No,False,Next Day Air,No,False,Bank Transfer,10,New,Every 3 Months,90,4.06,85.26,1,Steady mid-tier
1742,41,35-44,Male,Delaware,Clothing,Pants,XL,Teal,Winter,51,3.6,False,No,False,Next Day Air,No,False,Bank Transfer,20,Developing,Monthly,30,12.17,620.67,1,Steady mid-tier
1743,51,45-54,Male,Kansas,Footwear,Sandals,XL,White,Spring,80,4.3,False,No,False,Express,No,False,Venmo,18,Developing,Every 3 Months,90,4.06,324.8,1,Steady mid-tier
1744,23,18-24,Male,Missouri,Clothing,Skirt,XL,Brown,Winter,72,3.3,False,No,False,Standard,No,False,Bank Transfer,3,New,Weekly,7,52.14,3754.08,0,High-value regulars
1745,57,55-64,Male,Michigan,Accessories,Sunglasses,L,Teal,Winter,63,3.0,False,No,False,Standard,No,False,PayPal,23,Developing,Weekly,7,52.14,3284.82,0,High-value regulars
1746,40,35-44,Male,West Virginia,Clothing,Skirt,L,Red,Winter,27,3.6,False,No,False,Store Pickup,No,False,Cash,27,Established,Weekly,7,52.14,1407.78,0,High-value regulars
1747,65,65+,Male,Alabama,Accessories,Handbag,L,Brown,Summer,44,3.1,False,No,False,Store Pickup,No,False,Bank Transfer,44,Loyal,Fortnightly,14,26.07,1147.08,1,Steady mid-tier
1748,61,55-64,Male,New Hampshire,Outerwear,Coat,M,Yellow,Winter,23,2.9,False,No,False,Express,No,False,Venmo,41,Loyal,Quarterly,90,4.06,93.38,1,Steady mid-tier
1749,34,25-34,Male,Montana,Clothing,Skirt,L,Teal,Winter,93,3.9,False,No,False,2-Day Shipping,No,False,Bank Transfer,41,Loyal,Annually,365,1.0,93.0,1,Steady mid-tier
1750,43,35-44,Male,Wyoming,Clothing,Hoodie,L,Pink,Fall,70,3.2,False,No,False,2-Day Shipping,No,False,Debit Card,36,Established,Every 3 Months,90,4.06,284.2,1,Steady mid-tier
1751,31,25-34,Male,Missouri,Accessories,Sunglasses,M,White,Fall,85,3.1,False,No,False,Express,No,False,Venmo,38,Established,Every 3 Months,90,4.06,345.1,1,Steady mid-tier
1752,57,55-64,Male,Ohio,Clothing,Sweater,M,Silver,Winter,40,3.2,False,No,False,2-Day Shipping,No,False,Cash,34,Established,Annually,365,1.0,40.0,1,Steady mid-tier
1753,34,25-34,Male,South Dakota,Footwear,Boots,L,Blue,Winter,29,3.3,False,No,False,Store Pickup,No,False,Venmo,14,Developing,Quarterly,90,4.06,117.74,1,Steady mid-tier
1754,25,25-34,Male,Colorado,Clothing,Skirt,L,Black,Fall,27,4.8,False,No,False,Next Day Air,No,False,Credit Card,23,Developing,Fortnightly,14,26.07,703.89,1,Steady mid-tier
1755,66,65+,Male,Massachusetts,Clothing,Dress,S,Beige,Fall,93,3.8,False,No,False,2-Day Shipping,No,False,Credit Card,18,Developing,Fortnightly,14,26.07,2424.51,0,High-value regulars
1756,56,55-64,Male,Delaware,Accessories,Belt,XL,Charcoal,Spring,20,4.6,False,No,False,Next Day Air,No,False,Cash,45,Loyal,Monthly,30,12.17,243.4,1,Steady mid-tier
1757,49,45-54,Male,New Hampshire,Accessories,Jewelry,S,Cyan,Fall,55,2.8,False,No,False,Free Shipping,No,False,Bank Transfer,14,Developing,Weekly,7,52.14,2867.7,0,High-value regulars
1758,19,18-24,Male,Michigan,Clothing,Dress,L,Yellow,Fall,94,3.6,False,No,False,Standard,No,False,Debit Card,48,Loyal,Annually,365,1.0,94.0,1,Steady mid-tier
1759,27,25-34,Male,Pennsylvania,Accessories,Hat,M,Silver,Winter,56,4.3,False,No,False,Free Shipping,No,False,Venmo,17,Developing,Bi-Weekly,14,26.07,1459.92,0,High-value regulars
1760,68,65+,Male,Louisiana,Clothing,Sweater,L,Green,Spring,58,4.0,False,No,False,Next Day Air,No,False,PayPal,1,New,Weekly,7,52.14,3024.12,0,High-value regulars
1761,20,18-24,Male,Minnesota,Clothing,Skirt,XL,Peach,Spring,44,3.5,False,No,False,Standard,No,False,PayPal,39,Established,Weekly,7,52.14,2294.16,0,High-value regulars
1762,21,18-24,Male,Hawaii,Clothing,Hoodie,S,Green,Fall,95,4.9,False,No,False,2-Day Shipping,No,False,Cash,24,Developing,Weekly,7,52.14,4953.3,0,High-value regulars
1763,36,35-44,Male,Idaho,Footwear,Sandals,M,Brown,Summer,42,3.1,False,No,False,Express,No,False,Bank Transfer,41,Loyal,Fortnightly,14,26.07,1094.94,1,Steady mid-tier
1764,37,35-44,Male,Vermont,Accessories,Jewelry,M,Lavender,Winter,93,3.9,False,No,False,Store Pickup,No,False,PayPal,28,Established,Annually,365,1.0,93.0,1,Steady mid-tier
1765,61,55-64,Male,Delaware,Clothing,Dress,M,Charcoal,Summer,56,3.0,False,No,False,Store Pickup,No,False,Venmo,34,Established,Quarterly,90,4.06,227.36,1,Steady mid-tier
1766,68,65+,Male,New Mexico,Clothing,Hoodie,M,Orange,Spring,88,4.1,False,No,False,2-Day Shipping,No,False,Venmo,41,Loyal,Quarterly,90,4.06,357.28,1,Steady mid-tier
1767,60,55-64,Male,Alaska,Clothing,Sweater,S,Cyan,Winter,54,4.3,False,No,False,2-Day Shipping,No,False,Cash,27,Established,Bi-Weekly,14,26.07,1407.78,1,Steady mid-tier
1768,69,65+,Male,Minnesota,Accessories,Jewelry,L,Lavender,Fall,89,3.8,False,No,False,2-Day Shipping,No,False,Debit Card,46,Loyal,Fortnightly,14,26.07,2320.23,0,High-value regulars
1769,25,25-34,Male,Nebraska,Footwear,Sandals,M,Indigo,Summer,45,3.9,False,No,False,2-Day Shipping,No,False,PayPal,2,New,Every 3 Months,90,4.06,182.7,1,Steady mid-tier
1770,32,25-34,Male,Alaska,Clothing,Socks,L,Brown,Winter,75,4.3,False,No,False,Free Shipping,No,False,Cash,45,Loyal,Monthly,30,12.17,912.75,1,Steady mid-tier
1771,53,45-54,Male,Michigan,Accessories,Backpack,M,Pink,Fall,22,4.3,False,No,False,Express,No,False,Bank Transfer,34,Established,Weekly,7,52.14,1147.08,0,High-value regulars
1772,46,45-54,Male,Indiana,Clothing,Shirt,XL,Turquoise,Fall,82,4.7,False,No,False,Store Pickup,No,False,Credit Card,9,New,Annually,365,1.0,82.0,1,Steady mid-tier
1773,58,55-64,Male,Hawaii,Footwear,Shoes,M,Gold,Summer,34,3.1,False,No,False,2-Day Shipping,No,False,Bank Transfer,1,New,Annually,365,1.0,34.0,1,Steady mid-tier
1774,21,18-24,Male,West Virginia,Outerwear,Coat,M,Blue,Summer,92,2.7,False,No,False,Free Shipping,No,False,PayPal,17,Developing,Annually,365,1.0,92.0,1,Steady mid-tier
1775,46,45-54,Male,New York,Clothing,Sweater,M,Lavender,Spring,78,3.7,False,No,False,Express,No,False,PayPal,6,New,Weekly,7,52.14,4066.92,0,High-value regulars
1776,18,18-24,Male,Iowa,Outerwear,Jacket,M,Violet,Spring,47,3.3,False,No,False,2-Day Shipping,No,False,Cash,12,Developing,Bi-Weekly,14,26.07,1225.29,1,Steady mid-tier
1777,56,55-64,Male,Arizona,Outerwear,Jacket,L,Cyan,Summer,64,3.4,False,No,False,Free Shipping,No,False,Venmo,10,New,Every 3 Months,90,4.06,259.84,1,Steady mid-tier
1778,18,18-24,Male,Minnesota,Footwear,Sneakers,L,Purple,Winter,44,4.7,False,No,False,Free Shipping,No,False,Cash,4,New,Fortnightly,14,26.07,1147.08,1,Steady mid-tier
1779,49,45-54,Male,Texas,Accessories,Belt,M,Red,Winter,94,4.9,False,No,False,Store Pickup,No,False,Debit Card,8,New,Bi-Weekly,14,26.07,2450.58,0,High-value regulars
1780,29,25-34,Male,Virginia,Accessories,Scarf,M,Charcoal,Winter,62,4.3,False,No,False,Free Shipping,No,False,Venmo,41,Loyal,Weekly,7,52.14,3232.68,0,High-value regulars
1781,67,65+,Male,North Dakota,Accessories,Jewelry,S,Gray,Summer,81,4.2,False,No,False,Next Day Air,No,False,Credit Card,49,Loyal,Weekly,7,52.14,4223.34,0,High-value regulars
1782,31,25-34,Male,Iowa,Clothing,T-shirt,M,Pink,Fall,33,3.7,False,No,False,Express,No,False,Bank Transfer,49,Loyal,Quarterly,90,4.06,133.98,1,Steady mid-tier
1783,52,45-54,Male,Utah,Clothing,Pants,M,Lavender,Fall,88,2.7,False,No,False,Next Day Air,No,False,Bank Transfer,40,Established,Fortnightly,14,26.07,2294.16,0,High-value regulars
1784,42,35-44,Male,Ohio,Accessories,Handbag,L,Lavender,Winter,49,3.3,False,No,False,Free Shipping,No,False,Credit Card,30,Established,Monthly,30,12.17,596.33,1,Steady mid-tier
1785,32,25-34,Male,Louisiana,Accessories,Backpack,L,Yellow,Summer,31,4.8,False,No,False,Standard,No,False,Debit Card,4,New,Quarterly,90,4.06,125.86,1,Steady mid-tier
1786,47,45-54,Male,Iowa,Accessories,Gloves,S,Peach,Fall,29,4.1,False,No,False,Next Day Air,No,False,Venmo,22,Developing,Monthly,30,12.17,352.93,1,Steady mid-tier
1787,45,45-54,Male,Maryland,Outerwear,Jacket,M,Brown,Spring,34,4.6,False,No,False,2-Day Shipping,No,False,Venmo,22,Developing,Monthly,30,12.17,413.78,1,Steady mid-tier
1788,20,18-24,Male,Montana,Clothing,Sweater,L,Gold,Fall,38,4.9,False,No,False,2-Day Shipping,No,False,Bank Transfer,10,New,Quarterly,90,4.06,154.28,1,Steady mid-tier
1789,66,65+,Male,Illinois,Clothing,Blouse,L,Pink,Summer,41,3.1,False,No,False,Store Pickup,No,False,Cash,23,Developing,Bi-Weekly,14,26.07,1068.87,1,Steady mid-tier
1790,52,45-54,Male,Arizona,Clothing,Blouse,L,Peach,Spring,34,3.0,False,No,False,2-Day Shipping,No,False,Debit Card,43,Loyal,Quarterly,90,4.06,138.04,1,Steady mid-tier
1791,50,45-54,Male,North Carolina,Accessories,Gloves,S,Violet,Summer,26,3.7,False,No,False,Store Pickup,No,False,PayPal,31,Established,Bi-Weekly,14,26.07,677.82,1,Steady mid-tier
1792,62,55-64,Male,Montana,Clothing,Jeans,S,Purple,Winter,98,4.0,False,No,False,Store Pickup,No,False,Cash,38,Established,Annually,365,1.0,98.0,1,Steady mid-tier
1793,38,35-44,Male,Iowa,Footwear,Sneakers,M,Peach,Fall,59,3.0,False,No,False,Express,No,False,Debit Card,22,Developing,Every 3 Months,90,4.06,239.54,1,Steady mid-tier
1794,65,65+,Male,Iowa,Accessories,Hat,S,White,Fall,92,3.8,False,No,False,Store Pickup,No,False,Cash,45,Loyal,Every 3 Months,90,4.06,373.52,1,Steady mid-tier
1795,60,55-64,Male,Ohio,Accessories,Backpack,L,Indigo,Spring,40,3.7,False,No,False,Express,No,False,Debit Card,21,Developing,Fortnightly,14,26.07,1042.8,1,Steady mid-tier
1796,68,65+,Male,Wisconsin,Clothing,Jeans,S,Violet,Fall,20,4.0,False,No,False,2-Day Shipping,No,False,Debit Card,9,New,Fortnightly,14,26.07,521.4,1,Steady mid-tier
1797,62,55-64,Male,South Carolina,Clothing,Skirt,S,Brown,Spring,35,3.1,False,No,False,Store Pickup,No,False,Venmo,34,Established,Weekly,7,52.14,1824.9,0,High-value regulars
1798,62,55-64,Male,Oregon,Accessories,Belt,L,Maroon,Spring,35,3.9,False,No,False,2-Day Shipping,No,False,Venmo,26,Established,Weekly,7,52.14,1824.9,0,High-value regulars
1799,40,35-44,Male,North Dakota,Clothing,Dress,L,Magenta,Winter,82,3.7,False,No,False,Express,No,False,Cash,1,New,Weekly,7,52.14,4275.48,0,High-value regulars
1800,32,25-34,Male,California,Clothing,Hoodie,M,Charcoal,Fall,48,3.9,False,No,False,Express,No,False,Venmo,47,Loyal,Weekly,7,52.14,2502.72,0,High-value regulars
1801,22,18-24,Male,Mississippi,Outerwear,Coat,XL,Indigo,Winter,58,2.7,False,No,False,Express,No,False,Credit Card,30,Established,Weekly,7,52.14,3024.12,0,High-value regulars
1802,33,25-34,Male,New Jersey,Clothing,Sweater,M,Turquoise,Spring,57,3.9,False,No,False,Express,No,False,Debit Card,48,Loyal,Fortnightly,14,26.07,1485.99,0,High-value regulars
1803,57,55-64,Male,Rhode Island,Clothing,Shorts,L,Turquoise,Winter,96,2.6,False,No,False,Store Pickup,No,False,Venmo,31,Established,Bi-Weekly,14,26.07,2502.72,0,High-value regulars
1804,60,55-64,Male,New Hampshire,Footwear,Sneakers,S,Gray,Summer,97,3.5,False,No,False,Free Shipping,No,False,Venmo,33,Established,Fortnightly,14,26.07,2528.79,0,High-value regulars
1805,30,25-34,Male,Louisiana,Clothing,Sweater,L,Peach,Winter,42,4.4,False,No,False,Next Day Air,No,False,Credit Card,39,Established,Weekly,7,52.14,2189.88,0,High-value regulars
1806,41,35-44,Male,Arizona,Clothing,T-shirt,L,Gold,Spring,62,4.9,False,No,False,Store Pickup,No,False,Debit Card,46,Loyal,Weekly,7,52.14,3232.68,0,High-value regulars
1807,58,55-64,Male,Rhode Island,Accessories,Handbag,M,Green,Fall,67,3.9,False,No,False,Standard,No,False,Venmo,24,Developing,Annually,365,1.0,67.0,1,Steady mid-tier
1808,34,25-34,Male,Vermont,Footwear,Sneakers,L,Gold,Summer,46,3.5,False,No,False,Standard,No,False,Venmo,37,Established,Fortnightly,14,26.07,1199.22,1,Steady mid-tier
1809,67,65+,Male,Tennessee,Outerwear,Jacket,M,Lavender,Spring,71,4.3,False,No,False,Next Day Air,No,False,Debit Card,7,New,Monthly,30,12.17,864.07,1,Steady mid-tier
1810,58,55-64,Male,Alaska,Accessories,Backpack,S,Blue,Fall,99,3.4,False,No,False,Free Shipping,No,False,Debit Card,6,New,Fortnightly,14,26.07,2580.93,0,High-value regulars
1811,41,35-44,Male,Maryland,Clothing,Jeans,M,Magenta,Fall,28,2.7,False,No,False,Standard,No,False,Cash,16,Developing,Bi-Weekly,14,26.07,729.96,1,Steady mid-tier
1812,42,35-44,Male,Wisconsin,Accessories,Belt,L,Blue,Summer,77,3.6,False,No,False,Standard,No,False,Bank Transfer,33,Established,Annually,365,1.0,77.0,1,Steady mid-tier
1813,50,45-54,Male,Nevada,Footwear,Boots,S,Blue,Summer,63,4.9,False,No,False,Express,No,False,PayPal,18,Developing,Bi-Weekly,14,26.07,1642.41,0,High-value regulars
1814,40,35-44,Male,Illinois,Clothing,Shorts,M,Olive,Spring,62,3.5,False,No,False,Free Shipping,No,False,PayPal,24,Developing,Weekly,7,52.14,3232.68,0,High-value regulars
1815,32,25-34,Male,Montana,Clothing,Jeans,M,White,Summer,92,3.8,False,No,False,Free Shipping,No,False,Cash,24,Developing,Quarterly,90,4.06,373.52,1,Steady mid-tier
1816,51,45-54,Male,New Mexico,Footwear,Shoes,L,White,Winter,72,4.5,False,No,False,2-Day Shipping,No,False,Credit Card,48,Loyal,Every 3 Months,90,4.06,292.32,1,Steady mid-tier
1817,26,25-34,Male,Virginia,Accessories,Hat,M,Purple,Summer,79,4.0,False,No,False,Express,No,False,Cash,4,New,Weekly,7,52.14,4119.06,0,High-value regulars
1818,32,25-34,Male,Delaware,Clothing,T-shirt,M,White,Summer,27,4.7,False,No,False,Free Shipping,No,False,Cash,20,Developing,Weekly,7,52.14,1407.78,0,High-value regulars
1819,58,55-64,Male,North Carolina,Accessories,Sunglasses,M,White,Fall,39,3.8,False,No,False,Express,No,False,Debit Card,47,Loyal,Every 3 Months,90,4.06,158.34,1,Steady mid-tier
1820,51,45-54,Male,Nevada,Clothing,Socks,S,Peach,Spring,86,4.5,False,No,False,Next Day Air,No,False,Cash,50,Loyal,Quarterly,90,4.06,349.16,1,Steady mid-tier
1821,19,18-24,Male,Washington,Clothing,Shirt,XL,Gold,Fall,94,5.0,False,No,False,Express,No,False,PayPal,31,Established,Monthly,30,12.17,1143.98,1,Steady mid-tier
1822,57,55-64,Male,Maine,Clothing,Shorts,M,Teal,Spring,53,2.8,False,No,False,Express,No,False,PayPal,29,Established,Quarterly,90,4.06,215.18,1,Steady mid-tier
1823,66,65+,Male,Connecticut,Clothing,Shirt,S,Cyan,Summer,85,4.4,False,No,False,Standard,No,False,Cash,4,New,Annually,365,1.0,85.0,1,Steady mid-tier
1824,62,55-64,Male,Louisiana,Clothing,Socks,L,Pink,Fall,50,4.7,False,No,False,Free Shipping,No,False,Bank Transfer,40,Established,Bi-Weekly,14,26.07,1303.5,1,Steady mid-tier
1825,58,55-64,Male,Illinois,Clothing,Pants,XL,Magenta,Winter,47,3.8,False,No,False,Express,No,False,Cash,31,Established,Monthly,30,12.17,571.99,1,Steady mid-tier
1826,23,18-24,Male,South Dakota,Footwear,Boots,M,Pink,Winter,75,4.9,False,No,False,Next Day Air,No,False,Credit Card,41,Loyal,Weekly,7,52.14,3910.5,0,High-value regulars
1827,45,45-54,Male,Indiana,Clothing,T-shirt,M,Turquoise,Winter,60,4.2,False,No,False,Express,No,False,Debit Card,44,Loyal,Annually,365,1.0,60.0,1,Steady mid-tier
1828,20,18-24,Male,Vermont,Clothing,T-shirt,S,Pink,Spring,36,4.9,False,No,False,2-Day Shipping,No,False,Bank Transfer,31,Established,Weekly,7,52.14,1877.04,0,High-value regulars
1829,33,25-34,Male,New Hampshire,Outerwear,Coat,L,Gray,Spring,80,3.9,False,No,False,Express,No,False,Cash,45,Loyal,Every 3 Months,90,4.06,324.8,1,Steady mid-tier
1830,30,25-34,Male,Oregon,Accessories,Hat,M,White,Spring,96,4.9,False,No,False,2-Day Shipping,No,False,Credit Card,50,Loyal,Quarterly,90,4.06,389.76,1,Steady mid-tier
1831,50,45-54,Male,Kansas,Accessories,Sunglasses,M,Blue,Winter,80,4.8,False,No,False,Express,No,False,Venmo,7,New,Annually,365,1.0,80.0,1,Steady mid-tier
1832,62,55-64,Male,Maine,Clothing,Blouse,M,Cyan,Summer,71,3.3,False,No,False,Free Shipping,No,False,Bank Transfer,5,New,Every 3 Months,90,4.06,288.26,1,Steady mid-tier
1833,69,65+,Male,Louisiana,Accessories,Jewelry,M,Blue,Fall,29,4.6,False,No,False,Free Shipping,No,False,Cash,48,Loyal,Monthly,30,12.17,352.93,1,Steady mid-tier
1834,34,25-34,Male,Louisiana,Accessories,Jewelry,M,Yellow,Spring,53,4.5,False,No,False,2-Day Shipping,No,False,PayPal,19,Developing,Fortnightly,14,26.07,1381.71,1,Steady mid-tier
1835,49,45-54,Male,Indiana,Clothing,Skirt,M,Charcoal,Summer,35,4.1,False,No,False,2-Day Shipping,No,False,Venmo,39,Established,Fortnightly,14,26.07,912.45,1,Steady mid-tier
1836,65,65+,Male,Kentucky,Accessories,Scarf,M,Lavender,Fall,75,3.2,False,No,False,2-Day Shipping,No,False,Credit Card,45,Loyal,Quarterly,90,4.06,304.5,1,Steady mid-tier
1837,66,65+,Male,South Carolina,Clothing,Pants,M,Teal,Fall,52,4.2,False,No,False,2-Day Shipping,No,False,Credit Card,35,Established,Monthly,30,12.17,632.84,1,Steady mid-tier
1838,41,35-44,Male,Montana,Accessories,Hat,M,Beige,Winter,77,4.8,False,No,False,Free Shipping,No,False,Venmo,8,New,Monthly,30,12.17,937.09,1,Steady mid-tier
1839,37,35-44,Male,Vermont,Accessories,Gloves,L,Blue,Fall,24,4.1,False,No,False,Next Day Air,No,False,Credit Card,11,Developing,Quarterly,90,4.06,97.44,1,Steady mid-tier
1840,32,25-34,Male,Mississippi,Clothing,Shirt,XL,Purple,Winter,78,3.7,False,No,False,Store Pickup,No,False,Cash,32,Established,Annually,365,1.0,78.0,1,Steady mid-tier
1841,42,35-44,Male,Wyoming,Footwear,Sandals,M,Gold,Winter,98,2.6,False,No,False,Store Pickup,No,False,Bank Transfer,46,Loyal,Every 3 Months,90,4.06,397.88,1,Steady mid-tier
1842,31,25-34,Male,Vermont,Clothing,Socks,L,Blue,Winter,57,3.0,False,No,False,Standard,No,False,PayPal,7,New,Every 3 Months,90,4.06,231.42,1,Steady mid-tier
1843,61,55-64,Male,Alabama,Accessories,Handbag,M,Black,Summer,78,4.4,False,No,False,Express,No,False,Debit Card,1,New,Annually,365,1.0,78.0,1,Steady mid-tier
1844,36,35-44,Male,Kentucky,Outerwear,Jacket,M,Charcoal,Fall,76,4.7,False,No,False,Next Day Air,No,False,Credit Card,32,Established,Monthly,30,12.17,924.92,1,Steady mid-tier
1845,60,55-64,Male,South Dakota,Clothing,Shorts,M,Purple,Spring,26,2.7,False,No,False,2-Day Shipping,No,False,Credit Card,31,Established,Annually,365,1.0,26.0,1,Steady mid-tier
1846,51,45-54,Male,Delaware,Footwear,Sandals,M,Orange,Winter,78,2.8,False,No,False,2-Day Shipping,No,False,Bank Transfer,39,Established,Quarterly,90,4.06,316.68,1,Steady mid-tier
1847,68,65+,Male,Wisconsin,Accessories,Scarf,M,Yellow,Summer,53,2.9,False,No,False,Standard,No,False,Venmo,9,New,Quarterly,90,4.06,215.18,1,Steady mid-tier
1848,46,45-54,Male,Arizona,Footwear,Sandals,XL,Cyan,Summer,100,4.4,False,No,False,Free Shipping,No,False,Credit Card,49,Loyal,Weekly,7,52.14,5214.0,0,High-value regulars
1849,19,18-24,Male,Maine,Clothing,Jeans,XL,Yellow,Winter,73,2.7,False,No,False,Express,No,False,Cash,34,Established,Every 3 Months,90,4.06,296.38,1,Steady mid-tier
1850,30,25-34,Male,New Mexico,Clothing,Skirt,M,Maroon,Winter,40,4.5,False,No,False,Store Pickup,No,False,Bank Transfer,35,Established,Monthly,30,12.17,486.8,1,Steady mid-tier
1851,51,45-54,Male,Wyoming,Accessories,Gloves,S,Black,Winter,76,2.8,False,No,False,Store Pickup,No,False,Debit Card,50,Loyal,Weekly,7,52.14,3962.64,0,High-value regulars
1852,28,25-34,Male,Delaware,Clothing,Skirt,S,Lavender,Fall,80,3.1,False,No,False,Free Shipping,No,False,Bank Transfer,4,New,Fortnightly,14,26.07,2085.6,0,High-value regulars
1853,41,35-44,Male,Pennsylvania,Clothing,Sweater,XL,Violet,Winter,80,3.8,False,No,False,Store Pickup,No,False,Cash,32,Established,Weekly,7,52.14,4171.2,0,High-value regulars
1854,29,25-34,Male,North Dakota,Clothing,Blouse,XL,Olive,Spring,67,2.9,False,No,False,Express,No,False,PayPal,11,Developing,Fortnightly,14,26.07,1746.69,0,High-value regulars
1855,25,25-34,Male,Kentucky,Clothing,Sweater,M,Teal,Spring,61,3.8,False,No,False,Express,No,False,Credit Card,49,Loyal,Annually,365,1.0,61.0,1,Steady mid-tier
1856,60,55-64,Male,Rhode Island,Clothing,Shirt,XL,Teal,Spring,76,4.7,False,No,False,Standard,No,False,Cash,9,New,Annually,365,1.0,76.0,1,Steady mid-tier
1857,63,55-64,Male,Arizona,Accessories,Jewelry,XL,Beige,Summer,55,3.2,False,No,False,Free Shipping,No,False,PayPal,30,Established,Bi-Weekly,14,26.07,1433.85,0,High-value regulars
1858,51,45-54,Male,Colorado,Clothing,T-shirt,L,Maroon,Summer,85,4.0,False,No,False,Next Day Air,No,False,Cash,33,Established,Monthly,30,12.17,1034.45,1,Steady mid-tier
1859,22,18-24,Male,Maine,Accessories,Scarf,S,Peach,Spring,69,4.9,False,No,False,2-Day Shipping,No,False,Debit Card,8,New,Annually,365,1.0,69.0,1,Steady mid-tier
1860,54,45-54,Male,New Jersey,Accessories,Belt,L,Beige,Summer,26,3.7,False,No,False,Store Pickup,No,False,Debit Card,29,Established,Fortnightly,14,26.07,677.82,1,Steady mid-tier
1861,18,18-24,Male,Kansas,Clothing,T-shirt,M,Silver,Summer,64,4.8,False,No,False,Next Day Air,No,False,Credit Card,4,New,Monthly,30,12.17,778.88,1,Steady mid-tier
1862,29,25-34,Male,South Dakota,Footwear,Sneakers,S,Peach,Fall,60,3.6,False,No,False,Standard,No,False,Debit Card,19,Developing,Monthly,30,12.17,730.2,1,Steady mid-tier
1863,59,55-64,Male,New Hampshire,Accessories,Gloves,M,Turquoise,Winter,36,4.6,False,No,False,Express,No,False,PayPal,10,New,Fortnightly,14,26.07,938.52,1,Steady mid-tier
1864,25,25-34,Male,Connecticut,Footwear,Sandals,L,Orange,Spring,21,4.3,False,No,False,2-Day Shipping,No,False,Debit Card,39,Established,Monthly,30,12.17,255.57,1,Steady mid-tier
1865,19,18-24,Male,Wyoming,Accessories,Backpack,S,Cyan,Fall,72,3.2,False,No,False,2-Day Shipping,No,False,Venmo,21,Developing,Quarterly,90,4.06,292.32,1,Steady mid-tier
1866,56,55-64,Male,Missouri,Clothing,Pants,S,Silver,Summer,62,3.8,False,No,False,Store Pickup,No,False,Bank Transfer,12,Developing,Monthly,30,12.17,754.54,1,Steady mid-tier
1867,31,25-34,Male,Alaska,Clothing,T-shirt,XL,Gold,Winter,44,4.2,False,No,False,Standard,No,False,Credit Card,9,New,Fortnightly,14,26.07,1147.08,1,Steady mid-tier
1868,45,45-54,Male,Delaware,Clothing,Skirt,M,Brown,Fall,52,3.4,False,No,False,2-Day Shipping,No,False,Venmo,20,Developing,Quarterly,90,4.06,211.12,1,Steady mid-tier
1869,23,18-24,Male,Indiana,Accessories,Gloves,M,Silver,Spring,58,4.7,False,No,False,Next Day Air,No,False,Cash,44,Loyal,Fortnightly,14,26.07,1512.06,0,High-value regulars
1870,18,18-24,Male,West Virginia,Clothing,Blouse,S,Beige,Spring,77,3.9,False,No,False,2-Day Shipping,No,False,Debit Card,16,Developing,Every 3 Months,90,4.06,312.62,1,Steady mid-tier
1871,43,35-44,Male,Wyoming,Clothing,Blouse,L,Violet,Spring,99,4.3,False,No,False,Store Pickup,No,False,Debit Card,27,Established,Fortnightly,14,26.07,2580.93,0,High-value regulars
1872,56,55-64,Male,Illinois,Clothing,Jeans,XL,Violet,Fall,96,2.7,False,No,False,Standard,No,False,Cash,14,Developing,Every 3 Months,90,4.06,389.76,1,Steady mid-tier
1873,43,35-44,Male,Alaska,Clothing,T-shirt,M,Lavender,Summer,64,4.6,False,No,False,Standard,No,False,Credit Card,24,Developing,Monthly,30,12.17,778.88,1,Steady mid-tier
1874,64,55-64,Male,Wisconsin,Clothing,Sweater,XL,Red,Fall,44,2.9,False,No,False,Express,No,False,Bank Transfer,49,Loyal,Weekly,7,52.14,2294.16,0,High-value regulars
1875,67,65+,Male,Indiana,Clothing,Pants,L,Purple,Fall,33,3.6,False,No,False,Free Shipping,No,False,Cash,14,Developing,Weekly,7,52.14,1720.62,0,High-value regulars
1876,63,55-64,Male,Tennessee,Footwear,Boots,M,Brown,Winter,71,3.9,False,No,False,Next Day Air,No,False,Credit Card,6,New,Quarterly,90,4.06,288.26,1,Steady mid-tier
1877,54,45-54,Male,Illinois,Clothing,Skirt,M,Gray,Fall,36,2.6,False,No,False,Standard,No,False,Venmo,20,Developing,Quarterly,90,4.06,146.16,1,Steady mid-tier
1878,69,65+,Male,Pennsylvania,Accessories,Gloves,L,Pink,Fall,62,3.6,False,No,False,Express,No,False,Credit Card,3,New,Annually,365,1.0,62.0,1,Steady mid-tier
1879,34,25-34,Male,Oklahoma,Clothing,Socks,L,Magenta,Summer,29,3.4,False,No,False,Store Pickup,No,False,Credit Card,5,New,Monthly,30,12.17,352.93,1,Steady mid-tier
1880,56,55-64,Male,Tennessee,Clothing,T-shirt,L,Charcoal,Spring,33,3.5,False,No,False,Express,No,False,Cash,46,Loyal,Bi-Weekly,14,26.07,860.31,1,Steady mid-tier
1881,34,25-34,Male,New Jersey,Clothing,Blouse,L,Yellow,Fall,33,3.1,False,No,False,2-Day Shipping,No,False,Debit Card,8,New,Monthly,30,12.17,401.61,1,Steady mid-tier
1882,58,55-64,Male,New Jersey,Clothing,Blouse,M,Red,Winter,41,4.3,False,No,False,Standard,No,False,Cash,13,Developing,Bi-Weekly,14,26.07,1068.87,1,Steady mid-tier
1883,44,35-44,Male,Tennessee,Accessories,Scarf,L,Blue,Winter,54,5.0,False,No,False,Store Pickup,No,False,Bank Transfer,25,Developing,Quarterly,90,4.06,219.24,1,Steady mid-tier
1884,25,25-34,Male,Georgia,Accessories,Backpack,M,Cyan,Spring,58,4.9,False,No,False,Store Pickup,No,False,Debit Card,39,Established,Fortnightly,14,26.07,1512.06,0,High-value regulars
1885,27,25-34,Male,Arizona,Clothing,Shorts,S,Pink,Summer,30,4.3,False,No,False,Next Day Air,No,False,Bank Transfer,15,Developing,Bi-Weekly,14,26.07,782.1,1,Steady mid-tier
1886,26,25-34,Male,Nevada,Accessories,Jewelry,S,Maroon,Winter,53,4.4,False,No,False,Standard,No,False,Cash,35,Established,Monthly,30,12.17,645.01,1,Steady mid-tier
1887,18,18-24,Male,Arkansas,Accessories,Gloves,L,Beige,Spring,91,4.4,False,No,False,Next Day Air,No,False,Cash,46,Loyal,Bi-Weekly,14,26.07,2372.37,0,High-value regulars
1888,64,55-64,Male,North Dakota,Clothing,Hoodie,XL,Gold,Fall,44,3.5,False,No,False,Express,No,False,PayPal,3,New,Monthly,30,12.17,535.48,1,Steady mid-tier
1889,62,55-64,Male,South Dakota,Clothing,Hoodie,XL,Turquoise,Winter,89,3.4,False,No,False,Free Shipping,No,False,Credit Card,48,Loyal,Weekly,7,52.14,4640.46,0,High-value regulars
1890,59,55-64,Male,North Carolina,Clothing,Skirt,L,Peach,Spring,57,2.5,False,No,False,Next Day Air,No,False,Bank Transfer,27,Established,Weekly,7,52.14,2971.98,0,High-value regulars
1891,36,35-44,Male,Hawaii,Accessories,Sunglasses,M,Lavender,Spring,57,3.4,False,No,False,Store Pickup,No,False,Credit Card,5,New,Weekly,7,52.14,2971.98,0,High-value regulars
1892,69,65+,Male,New Hampshire,Accessories,Jewelry,M,Gray,Summer,74,2.6,False,No,False,Next Day Air,No,False,Debit Card,48,Loyal,Quarterly,90,4.06,300.44,1,Steady mid-tier
1893,39,35-44,Male,California,Outerwear,Jacket,M,Blue,Fall,30,4.6,False,No,False,2-Day Shipping,No,False,Venmo,12,Developing,Weekly,7,52.14,1564.2,0,High-value regulars
1894,28,25-34,Male,Delaware,Clothing,Dress,L,Red,Summer,20,3.7,False,No,False,Express,No,False,PayPal,10,New,Fortnightly,14,26.07,521.4,1,Steady mid-tier
1895,42,35-44,Male,Arizona,Clothing,Hoodie,M,Purple,Fall,90,2.5,False,No,False,Free Shipping,No,False,Debit Card,48,Loyal,Bi-Weekly,14,26.07,2346.3,0,High-value regulars
1896,31,25-34,Male,Washington,Clothing,Jeans,L,Indigo,Fall,61,4.5,False,No,False,Express,No,False,Debit Card,3,New,Monthly,30,12.17,742.37,1,Steady mid-tier
1897,57,55-64,Male,Nevada,Footwear,Sandals,M,Gold,Fall,51,2.9,False,No,False,Standard,No,False,Venmo,19,Developing,Monthly,30,12.17,620.67,1,Steady mid-tier
1898,53,45-54,Male,Alaska,Accessories,Sunglasses,L,Teal,Winter,97,2.9,False,No,False,Free Shipping,No,False,Debit Card,11,Developing,Fortnightly,14,26.07,2528.79,0,High-value regulars
1899,59,55-64,Male,Texas,Clothing,Pants,L,Magenta,Fall,97,3.5,False,No,False,Next Day Air,No,False,Venmo,25,Developing,Monthly,30,12.17,1180.49,1,Steady mid-tier
1900,32,25-34,Male,New York,Clothing,Shorts,L,Maroon,Winter,40,4.2,False,No,False,Store Pickup,No,False,PayPal,42,Loyal,Weekly,7,52.14,2085.6,0,High-value regulars
1901,65,65+,Male,Iowa,Accessories,Jewelry,S,Blue,Summer,85,3.3,False,No,False,Free Shipping,No,False,Cash,34,Established,Quarterly,90,4.06,345.1,1,Steady mid-tier
1902,56,55-64,Male,Arizona,Clothing,Socks,S,Beige,Winter,76,3.9,False,No,False,Store Pickup,No,False,Cash,50,Loyal,Quarterly,90,4.06,308.56,1,Steady mid-tier
1903,31,25-34,Male,New Mexico,Footwear,Sandals,S,Olive,Spring,22,5.0,False,No,False,Store Pickup,No,False,Venmo,21,Developing,Monthly,30,12.17,267.74,1,Steady mid-tier
1904,59,55-64,Male,North Carolina,Clothing,Pants,M,Gold,Summer,63,3.3,False,No,False,Standard,No,False,Bank Transfer,37,Established,Weekly,7,52.14,3284.82,0,High-value regulars
1905,22,18-24,Male,Nevada,Clothing,T-shirt,S,Silver,Spring,71,4.2,False,No,False,Free Shipping,No,False,Cash,46,Loyal,Monthly,30,12.17,864.07,1,Steady mid-tier
1906,47,45-54,Male,Idaho,Footwear,Boots,M,Teal,Summer,35,4.9,False,No,False,2-Day Shipping,No,False,Bank Transfer,14,Developing,Fortnightly,14,26.07,912.45,1,Steady mid-tier
1907,23,18-24,Male,Vermont,Accessories,Backpack,M,Green,Spring,30,4.6,False,No,False,2-Day Shipping,No,False,PayPal,24,Developing,Fortnightly,14,26.07,782.1,1,Steady mid-tier
1908,69,65+,Male,New Mexico,Clothing,Skirt,L,Orange,Fall,74,4.8,False,No,False,Store Pickup,No,False,Credit Card,36,Established,Every 3 Months,90,4.06,300.44,1,Steady mid-tier
1909,18,18-24,Male,Georgia,Accessories,Scarf,XL,Charcoal,Winter,71,2.7,False,No,False,Next Day Air,No,False,Debit Card,19,Developing,Bi-Weekly,14,26.07,1850.97,0,High-value regulars
1910,50,45-54,Male,Kentucky,Clothing,Sweater,S,Black,Spring,84,4.3,False,No,False,Store Pickup,No,False,Credit Card,12,Developing,Monthly,30,12.17,1022.28,1,Steady mid-tier
1911,29,25-34,Male,New York,Footwear,Sandals,S,Yellow,Fall,38,3.8,False,No,False,Express,No,False,Debit Card,13,Developing,Quarterly,90,4.06,154.28,1,Steady mid-tier
1912,65,65+,Male,Arizona,Accessories,Jewelry,M,Gray,Spring,81,4.9,False,No,False,Express,No,False,Debit Card,32,Established,Bi-Weekly,14,26.07,2111.67,0,High-value regulars
1913,29,25-34,Male,Colorado,Clothing,Sweater,S,Charcoal,Winter,56,3.4,False,No,False,2-Day Shipping,No,False,Credit Card,5,New,Bi-Weekly,14,26.07,1459.92,0,High-value regulars
1914,49,45-54,Male,Kentucky,Clothing,Skirt,M,Peach,Winter,48,3.6,False,No,False,Express,No,False,Cash,29,Established,Annually,365,1.0,48.0,1,Steady mid-tier
1915,28,25-34,Male,Alaska,Clothing,Shorts,L,Green,Fall,97,3.4,False,No,False,Standard,No,False,Credit Card,40,Established,Fortnightly,14,26.07,2528.79,0,High-value regulars
1916,51,45-54,Male,Alabama,Accessories,Backpack,M,Magenta,Fall,74,4.7,False,No,False,2-Day Shipping,No,False,Cash,44,Loyal,Weekly,7,52.14,3858.36,0,High-value regulars
1917,26,25-34,Male,Connecticut,Clothing,Hoodie,S,Beige,Winter,50,3.0,False,No,False,Next Day Air,No,False,Debit Card,3,New,Bi-Weekly,14,26.07,1303.5,1,Steady mid-tier
1918,38,35-44,Male,Hawaii,Clothing,Skirt,L,Black,Winter,71,3.4,False,No,False,Free Shipping,No,False,PayPal,35,Established,Bi-Weekly,14,26.07,1850.97,0,High-value regulars
1919,35,35-44,Male,Idaho,Clothing,Skirt,S,Purple,Summer,33,4.6,False,No,False,Standard,No,False,Debit Card,33,Established,Monthly,30,12.17,401.61,1,Steady mid-tier
1920,34,25-34,Male,Virginia,Accessories,Backpack,M,Olive,Summer,56,3.1,False,No,False,Express,No,False,PayPal,20,Developing,Bi-Weekly,14,26.07,1459.92,0,High-value regulars
1921,51,45-54,Male,Connecticut,Clothing,Blouse,M,Purple,Spring,84,2.8,False,No,False,Standard,No,False,Cash,40,Established,Every 3 Months,90,4.06,341.04,1,Steady mid-tier
1922,47,45-54,Male,Michigan,Clothing,Shirt,M,Green,Fall,36,3.5,False,No,False,Store Pickup,No,False,Venmo,13,Developing,Annually,365,1.0,36.0,1,Steady mid-tier
1923,18,18-24,Male,Kentucky,Accessories,Gloves,S,Peach,Summer,63,4.6,False,No,False,Standard,No,False,PayPal,9,New,Monthly,30,12.17,766.71,1,Steady mid-tier
1924,64,55-64,Male,Nebraska,Footwear,Sandals,XL,Blue,Summer,36,4.3,False,No,False,Standard,No,False,Cash,7,New,Annually,365,1.0,36.0,1,Steady mid-tier
1925,30,25-34,Male,Michigan,Outerwear,Jacket,M,Gray,Fall,63,4.8,False,No,False,Free Shipping,No,False,PayPal,42,Loyal,Quarterly,90,4.06,255.78,1,Steady mid-tier
1926,59,55-64,Male,Utah,Footwear,Sneakers,L,Black,Winter,32,2.9,False,No,False,Express,No,False,Credit Card,44,Loyal,Fortnightly,14,26.07,834.24,1,Steady mid-tier
1927,66,65+,Male,New Mexico,Accessories,Backpack,M,Silver,Spring,93,3.0,False,No,False,Express,No,False,PayPal,6,New,Annually,365,1.0,93.0,1,Steady mid-tier
1928,40,35-44,Male,Florida,Clothing,Pants,M,Pink,Summer,29,2.9,False,No,False,Standard,No,False,Cash,8,New,Every 3 Months,90,4.06,117.74,1,Steady mid-tier
1929,25,25-34,Male,Mississippi,Accessories,Sunglasses,S,Lavender,Summer,92,3.7,False,No,False,Standard,No,False,PayPal,10,New,Weekly,7,52.14,4796.88,0,High-value regulars
1930,59,55-64,Male,Hawaii,Clothing,Jeans,L,Brown,Fall,33,4.7,False,No,False,Standard,No,False,Venmo,46,Loyal,Quarterly,90,4.06,133.98,1,Steady mid-tier
1931,66,65+,Male,North Carolina,Clothing,Pants,L,Turquoise,Spring,52,3.5,False,No,False,Store Pickup,No,False,Cash,26,Established,Weekly,7,52.14,2711.28,0,High-value regulars
1932,54,45-54,Male,Illinois,Accessories,Jewelry,S,Olive,Spring,42,2.7,False,No,False,Store Pickup,No,False,Debit Card,6,New,Every 3 Months,90,4.06,170.52,1,Steady mid-tier
1933,42,35-44,Male,Maryland,Clothing,Hoodie,M,White,Spring,36,5.0,False,No,False,Free Shipping,No,False,Credit Card,47,Loyal,Every 3 Months,90,4.06,146.16,1,Steady mid-tier
1934,48,45-54,Male,Montana,Footwear,Sandals,L,Violet,Summer,67,4.1,False,No,False,Next Day Air,No,False,Venmo,28,Established,Annually,365,1.0,67.0,1,Steady mid-tier
1935,34,25-34,Male,Michigan,Outerwear,Jacket,L,Gold,Winter,43,2.7,False,No,False,Free Shipping,No,False,Bank Transfer,23,Developing,Annually,365,1.0,43.0,1,Steady mid-tier
1936,19,18-24,Male,North Carolina,Clothing,Blouse,XL,Violet,Spring,68,4.8,False,No,False,Free Shipping,No,False,Cash,45,Loyal,Fortnightly,14,26.07,1772.76,0,High-value regulars
1937,70,65+,Male,Minnesota,Accessories,Jewelry,S,Teal,Summer,60,4.3,False,No,False,2-Day Shipping,No,False,PayPal,44,Loyal,Every 3 Months,90,4.06,243.6,1,Steady mid-tier
1938,43,35-44,Male,Delaware,Clothing,Socks,M,Olive,Summer,53,4.5,False,No,False,2-Day Shipping,No,False,Bank Transfer,11,Developing,Monthly,30,12.17,645.01,1,Steady mid-tier
1939,46,45-54,Male,Kentucky,Clothing,Jeans,L,Blue,Spring,23,3.8,False,No,False,Standard,No,False,Debit Card,39,Established,Bi-Weekly,14,26.07,599.61,1,Steady mid-tier
1940,66,65+,Male,Ohio,Accessories,Gloves,L,Magenta,Winter,57,3.7,False,No,False,Store Pickup,No,False,PayPal,20,Developing,Every 3 Months,90,4.06,231.42,1,Steady mid-tier
1941,50,45-54,Male,Alaska,Accessories,Hat,L,Gray,Fall,89,3.9,False,No,False,2-Day Shipping,No,False,PayPal,48,Loyal,Fortnightly,14,26.07,2320.23,0,High-value regulars
1942,55,55-64,Male,Vermont,Footwear,Shoes,XL,Peach,Winter,99,3.3,False,No,False,Standard,No,False,Credit Card,46,Loyal,Quarterly,90,4.06,401.94,1,Steady mid-tier
1943,63,55-64,Male,Alabama,Clothing,Pants,M,Cyan,Fall,28,3.4,False,No,False,Express,No,False,PayPal,22,Developing,Monthly,30,12.17,340.76,1,Steady mid-tier
1944,32,25-34,Male,Wisconsin,Clothing,Socks,L,Violet,Summer,53,3.8,False,No,False,Next Day Air,No,False,Cash,45,Loyal,Annually,365,1.0,53.0,1,Steady mid-tier
1945,30,25-34,Male,Arkansas,Clothing,Hoodie,M,Gold,Winter,45,2.7,False,No,False,Free Shipping,No,False,Cash,49,Loyal,Every 3 Months,90,4.06,182.7,1,Steady mid-tier
1946,35,35-44,Male,Georgia,Clothing,Hoodie,M,Gold,Winter,38,2.9,False,No,False,2-Day Shipping,No,False,Credit Card,9,New,Every 3 Months,90,4.06,154.28,1,Steady mid-tier
1947,59,55-64,Male,Louisiana,Clothing,Pants,M,White,Summer,49,4.5,False,No,False,Standard,No,False,Credit Card,41,Loyal,Quarterly,90,4.06,198.94,1,Steady mid-tier
1948,59,55-64,Male,New York,Clothing,Shirt,M,Gray,Summer,32,2.6,False,No,False,Store Pickup,No,False,PayPal,2,New,Monthly,30,12.17,389.44,1,Steady mid-tier
1949,54,45-54,Male,Connecticut,Clothing,T-shirt,L,Brown,Winter,37,3.1,False,No,False,Next Day Air,No,False,PayPal,39,Established,Bi-Weekly,14,26.07,964.59,1,Steady mid-tier
1950,63,55-64,Male,Nebraska,Clothing,Dress,L,Gray,Winter,80,4.7,False,No,False,Store Pickup,No,False,PayPal,12,Developing,Quarterly,90,4.06,324.8,1,Steady mid-tier
1951,43,35-44,Male,Arkansas,Accessories,Backpack,L,Blue,Summer,78,4.6,False,No,False,Free Shipping,No,False,PayPal,26,Established,Every 3 Months,90,4.06,316.68,1,Steady mid-tier
1952,33,25-34,Male,Connecticut,Accessories,Gloves,L,Gold,Summer,53,2.7,False,No,False,Next Day Air,No,False,Bank Transfer,32,Established,Bi-Weekly,14,26.07,1381.71,1,Steady mid-tier
1953,57,55-64,Male,Maryland,Footwear,Shoes,L,Yellow,Summer,82,4.6,False,No,False,2-Day Shipping,No,False,Cash,50,Loyal,Bi-Weekly,14,26.07,2137.74,0,High-value regulars
1954,25,25-34,Male,Colorado,Clothing,Skirt,XL,Green,Spring,33,4.8,False,No,False,Standard,No,False,PayPal,3,New,Fortnightly,14,26.07,860.31,1,Steady mid-tier
1955,26,25-34,Male,Colorado,Accessories,Gloves,M,Pink,Winter,77,4.2,False,No,False,Free Shipping,No,False,Venmo,3,New,Quarterly,90,4.06,312.62,1,Steady mid-tier
1956,50,45-54,Male,Maine,Clothing,Hoodie,M,Pink,Winter,56,4.9,False,No,False,Express,No,False,Cash,37,Established,Monthly,30,12.17,681.52,1,Steady mid-tier
1957,70,65+,Male,Oklahoma,Clothing,Socks,M,Pink,Winter,37,4.9,False,No,False,Express,No,False,Credit Card,20,Developing,Fortnightly,14,26.07,964.59,1,Steady mid-tier
1958,68,65+,Male,South Carolina,Accessories,Gloves,M,Cyan,Spring,54,4.5,False,No,False,Store Pickup,No,False,Cash,26,Established,Bi-Weekly,14,26.07,1407.78,1,Steady mid-tier
1959,39,35-44,Male,Nevada,Clothing,Shorts,M,Gray,Winter,67,2.7,False,No,False,Store Pickup,No,False,Cash,47,Loyal,Quarterly,90,4.06,272.02,1,Steady mid-tier
1960,46,45-54,Male,Colorado,Footwear,Shoes,M,White,Fall,90,3.1,False,No,False,Store Pickup,No,False,Credit Card,7,New,Every 3 Months,90,4.06,365.4,1,Steady mid-tier
1961,57,55-64,Male,Massachusetts,Clothing,Jeans,L,Red,Summer,72,3.3,False,No,False,2-Day Shipping,No,False,Credit Card,40,Established,Annually,365,1.0,72.0,1,Steady mid-tier
1962,47,45-54,Male,Nevada,Footwear,Boots,L,Black,Summer,59,2.6,False,No,False,Free Shipping,No,False,Debit Card,45,Loyal,Quarterly,90,4.06,239.54,1,Steady mid-tier
1963,40,35-44,Male,Iowa,Accessories,Hat,M,Silver,Fall,45,4.4,False,No,False,Standard,No,False,PayPal,20,Developing,Fortnightly,14,26.07,1173.15,1,Steady mid-tier
1964,52,45-54,Male,Michigan,Clothing,Shorts,L,Pink,Spring,30,3.9,False,No,False,Standard,No,False,Credit Card,11,Developing,Weekly,7,52.14,1564.2,0,High-value regulars
1965,40,35-44,Male,West Virginia,Clothing,Pants,S,Cyan,Summer,51,4.6,False,No,False,Express,No,False,Debit Card,50,Loyal,Monthly,30,12.17,620.67,1,Steady mid-tier
1966,67,65+,Male,Indiana,Clothing,Sweater,M,White,Fall,90,4.9,False,No,False,Express,No,False,Debit Card,25,Developing,Quarterly,90,4.06,365.4,1,Steady mid-tier
1967,67,65+,Male,Indiana,Outerwear,Jacket,XL,Purple,Winter,95,3.7,False,No,False,Express,No,False,Credit Card,5,New,Fortnightly,14,26.07,2476.65,0,High-value regulars
1968,37,35-44,Male,Georgia,Clothing,Dress,L,Yellow,Fall,81,3.7,False,No,False,Standard,No,False,Venmo,4,New,Annually,365,1.0,81.0,1,Steady mid-tier
1969,67,65+,Male,Minnesota,Clothing,Shirt,S,Blue,Spring,70,4.2,False,No,False,Standard,No,False,Credit Card,25,Developing,Weekly,7,52.14,3649.8,0,High-value regulars
1970,64,55-64,Male,Louisiana,Clothing,Dress,S,Cyan,Winter,32,3.5,False,No,False,Next Day Air,No,False,Bank Transfer,11,Developing,Fortnightly,14,26.07,834.24,1,Steady mid-tier
1971,28,25-34,Male,Maryland,Accessories,Belt,M,Indigo,Spring,94,2.9,False,No,False,Next Day Air,No,False,Credit Card,4,New,Bi-Weekly,14,26.07,2450.58,0,High-value regulars
1972,54,45-54,Male,Pennsylvania,Accessories,Hat,XL,Indigo,Spring,29,3.4,False,No,False,Next Day Air,No,False,Venmo,1,New,Monthly,30,12.17,352.93,1,Steady mid-tier
1973,54,45-54,Male,Louisiana,Accessories,Backpack,M,Silver,Summer,31,3.3,False,No,False,Express,No,False,PayPal,48,Loyal,Every 3 Months,90,4.06,125.86,1,Steady mid-tier
1974,24,18-24,Male,Maryland,Clothing,Skirt,XL,Red,Fall,20,4.5,False,No,False,Standard,No,False,Venmo,9,New,Every 3 Months,90,4.06,81.2,1,Steady mid-tier
1975,27,25-34,Male,Tennessee,Accessories,Gloves,M,Peach,Winter,44,4.6,False,No,False,2-Day Shipping,No,False,PayPal,2,New,Fortnightly,14,26.07,1147.08,1,Steady mid-tier
1976,53,45-54,Male,Illinois,Outerwear,Jacket,L,Turquoise,Fall,77,2.9,False,No,False,Express,No,False,Cash,4,New,Quarterly,90,4.06,312.62,1,Steady mid-tier
1977,32,25-34,Male,Wyoming,Accessories,Handbag,M,Pink,Spring,51,3.2,False,No,False,Next Day Air,No,False,PayPal,43,Loyal,Fortnightly,14,26.07,1329.57,1,Steady mid-tier
1978,24,18-24,Male,Florida,Footwear,Sandals,M,Teal,Summer,49,2.6,False,No,False,Free Shipping,No,False,Bank Transfer,32,Established,Annually,365,1.0,49.0,1,Steady mid-tier
1979,45,45-54,Male,Massachusetts,Accessories,Sunglasses,L,Magenta,Spring,78,3.8,False,No,False,Store Pickup,No,False,Cash,1,New,Quarterly,90,4.06,316.68,1,Steady mid-tier
1980,49,45-54,Male,Tennessee,Clothing,Jeans,L,Blue,Spring,98,2.8,False,No,False,Store Pickup,No,False,Debit Card,38,Established,Fortnightly,14,26.07,2554.86,0,High-value regulars
1981,51,45-54,Male,Iowa,Footwear,Sandals,M,Green,Winter,94,4.4,False,No,False,Store Pickup,No,False,PayPal,25,Developing,Fortnightly,14,26.07,2450.58,0,High-value regulars
1982,69,65+,Male,Michigan,Footwear,Shoes,L,Violet,Summer,91,4.7,False,No,False,Express,No,False,PayPal,42,Loyal,Quarterly,90,4.06,369.46,1,Steady mid-tier
1983,41,35-44,Male,Kansas,Accessories,Sunglasses,M,Turquoise,Summer,77,2.7,False,No,False,2-Day Shipping,No,False,PayPal,32,Established,Monthly,30,12.17,937.09,1,Steady mid-tier
1984,59,55-64,Male,Georgia,Accessories,Scarf,M,Pink,Summer,97,2.6,False,No,False,Next Day Air,No,False,Debit Card,21,Developing,Quarterly,90,4.06,393.82,1,Steady mid-tier
1985,26,25-34,Male,West Virginia,Clothing,Skirt,M,Black,Summer,58,3.4,False,No,False,2-Day Shipping,No,False,PayPal,26,Established,Fortnightly,14,26.07,1512.06,0,High-value regulars
1986,23,18-24,Male,Tennessee,Accessories,Gloves,M,Gold,Spring,97,3.9,False,No,False,2-Day Shipping,No,False,Credit Card,6,New,Fortnightly,14,26.07,2528.79,0,High-value regulars
1987,62,55-64,Male,Arkansas,Outerwear,Coat,L,Green,Summer,48,3.4,False,No,False,2-Day Shipping,No,False,Venmo,14,Developing,Quarterly,90,4.06,194.88,1,Steady mid-tier
1988,69,65+,Male,Vermont,Accessories,Belt,XL,White,Summer,23,3.4,False,No,False,Express,No,False,Cash,4,New,Quarterly,90,4.06,93.38,1,Steady mid-tier
1989,46,45-54,Male,Virginia,Clothing,Pants,M,Gold,Winter,79,3.9,False,No,False,Free Shipping,No,False,Bank Transfer,26,Established,Weekly,7,52.14,4119.06,0,High-value regulars
1990,35,35-44,Male,Maryland,Accessories,Jewelry,S,Charcoal,Spring,42,4.0,False,No,False,Express,No,False,PayPal,39,Established,Bi-Weekly,14,26.07,1094.94,1,Steady mid-tier
1991,32,25-34,Male,Connecticut,Accessories,Backpack,L,White,Spring,95,3.4,False,No,False,2-Day Shipping,No,False,PayPal,15,Developing,Annually,365,1.0,95.0,1,Steady mid-tier
1992,46,45-54,Male,Missouri,Footwear,Sneakers,M,Brown,Summer,29,3.7,False,No,False,Next Day Air,No,False,Venmo,1,New,Every 3 Months,90,4.06,117.74,1,Steady mid-tier
1993,33,25-34,Male,New Jersey,Clothing,Hoodie,L,Gold,Winter,98,4.9,False,No,False,2-Day Shipping,No,False,Venmo,28,Established,Monthly,30,12.17,1192.66,1,Steady mid-tier
1994,32,25-34,Male,Arkansas,Clothing,Blouse,S,Purple,Spring,96,5.0,False,No,False,Express,No,False,Cash,17,Developing,Weekly,7,52.14,5005.44,0,High-value regulars
1995,33,25-34,Male,Nevada,Accessories,Sunglasses,M,Brown,Fall,66,2.9,False,No,False,Next Day Air,No,False,Credit Card,24,Developing,Weekly,7,52.14,3441.24,0,High-value regulars
1996,67,65+,Male,Missouri,Footwear,Boots,S,Teal,Spring,80,3.0,False,No,False,Standard,No,False,Debit Card,29,Established,Quarterly,90,4.06,324.8,1,Steady mid-tier
1997,67,65+,Male,South Dakota,Footwear,Sneakers,L,Indigo,Summer,27,3.3,False,No,False,Next Day Air,No,False,Cash,18,Developing,Every 3 Months,90,4.06,109.62,1,Steady mid-tier
1998,42,35-44,Male,Connecticut,Accessories,Backpack,M,Purple,Fall,25,4.7,False,No,False,Express,No,False,Debit Card,10,New,Bi-Weekly,14,26.07,651.75,1,Steady mid-tier
1999,20,18-24,Male,Vermont,Clothing,Pants,M,Orange,Fall,45,3.4,False,No,False,2-Day Shipping,No,False,Cash,19,Developing,Quarterly,90,4.06,182.7,1,Steady mid-tier
2000,39,35-44,Male,Tennessee,Clothing,Socks,L,Indigo,Winter,89,4.6,False,No,False,2-Day Shipping,No,False,Debit Card,26,Established,Monthly,30,12.17,1083.13,1,Steady mid-tier
2001,26,25-34,Male,California,Accessories,Belt,M,Lavender,Winter,27,3.6,False,No,False,2-Day Shipping,No,False,Cash,25,Developing,Bi-Weekly,14,26.07,703.89,1,Steady mid-tier
2002,51,45-54,Male,Wyoming,Accessories,Sunglasses,S,Purple,Winter,90,2.6,False,No,False,Free Shipping,No,False,Debit Card,2,New,Fortnightly,14,26.07,2346.3,0,High-value regulars
2003,31,25-34,Male,New York,Clothing,Shirt,M,Red,Summer,65,2.7,False,No,False,Express,No,False,PayPal,19,Developing,Every 3 Months,90,4.06,263.9,1,Steady mid-tier
2004,68,65+,Male,Maine,Footwear,Sneakers,S,Blue,Spring,72,3.1,False,No,False,Express,No,False,Cash,32,Established,Quarterly,90,4.06,292.32,1,Steady mid-tier
2005,44,35-44,Male,Georgia,Footwear,Shoes,L,Blue,Fall,70,3.2,False,No,False,2-Day Shipping,No,False,Cash,13,Developing,Bi-Weekly,14,26.07,1824.9,0,High-value regulars
2006,18,18-24,Male,Tennessee,Footwear,Sandals,M,Cyan,Winter,82,3.4,False,No,False,Store Pickup,No,False,PayPal,30,Established,Fortnightly,14,26.07,2137.74,0,High-value regulars
2007,58,55-64,Male,New Mexico,Accessories,Scarf,S,Pink,Fall,97,4.4,False,No,False,Express,No,False,Credit Card,2,New,Annually,365,1.0,97.0,1,Steady mid-tier
2008,26,25-34,Male,Virginia,Clothing,Shirt,M,Silver,Summer,25,3.2,False,No,False,2-Day Shipping,No,False,PayPal,8,New,Quarterly,90,4.06,101.5,1,Steady mid-tier
2009,57,55-64,Male,Florida,Clothing,Skirt,M,Gray,Spring,48,2.5,False,No,False,Free Shipping,No,False,PayPal,27,Established,Every 3 Months,90,4.06,194.88,1,Steady mid-tier
2010,37,35-44,Male,Alabama,Footwear,Boots,M,Indigo,Summer,99,3.8,False,No,False,Next Day Air,No,False,Venmo,26,Established,Bi-Weekly,14,26.07,2580.93,0,High-value regulars
2011,24,18-24,Male,Texas,Clothing,Sweater,M,Maroon,Summer,21,4.4,False,No,False,2-Day Shipping,No,False,Debit Card,3,New,Bi-Weekly,14,26.07,547.47,1,Steady mid-tier
2012,57,55-64,Male,West Virginia,Footwear,Sandals,M,Beige,Spring,94,3.7,False,No,False,Express,No,False,Bank Transfer,4,New,Monthly,30,12.17,1143.98,1,Steady mid-tier
2013,48,45-54,Male,Nevada,Clothing,Jeans,L,Green,Fall,53,3.2,False,No,False,Store Pickup,No,False,Cash,5,New,Fortnightly,14,26.07,1381.71,1,Steady mid-tier
2014,39,35-44,Male,Virginia,Accessories,Backpack,M,Peach,Winter,70,4.9,False,No,False,Standard,No,False,Debit Card,25,Developing,Quarterly,90,4.06,284.2,1,Steady mid-tier
2015,51,45-54,Male,Wisconsin,Clothing,Skirt,L,Black,Summer,26,3.9,False,No,False,Standard,No,False,PayPal,47,Loyal,Bi-Weekly,14,26.07,677.82,1,Steady mid-tier
2016,57,55-64,Male,Virginia,Accessories,Belt,S,Pink,Summer,82,4.5,False,No,False,Next Day Air,No,False,Credit Card,8,New,Fortnightly,14,26.07,2137.74,0,High-value regulars
2017,53,45-54,Male,Maine,Footwear,Shoes,S,Violet,Winter,47,3.4,False,No,False,Standard,No,False,Debit Card,20,Developing,Fortnightly,14,26.07,1225.29,1,Steady mid-tier
2018,70,65+,Male,Massachusetts,Clothing,Socks,S,Green,Winter,32,4.1,False,No,False,Next Day Air,No,False,Bank Transfer,42,Loyal,Every 3 Months,90,4.06,129.92,1,Steady mid-tier
2019,60,55-64,Male,Arkansas,Accessories,Backpack,S,Gold,Fall,97,4.5,False,No,False,Store Pickup,No,False,Bank Transfer,20,Developing,Weekly,7,52.14,5057.58,0,High-value regulars
2020,31,25-34,Male,Idaho,Clothing,Shirt,S,Red,Winter,68,4.7,False,No,False,Store Pickup,No,False,Cash,23,Developing,Fortnightly,14,26.07,1772.76,0,High-value regulars
2021,41,35-44,Male,Pennsylvania,Clothing,Sweater,M,Beige,Winter,23,4.8,False,No,False,Next Day Air,No,False,Cash,26,Established,Quarterly,90,4.06,93.38,1,Steady mid-tier
2022,62,55-64,Male,Maine,Accessories,Handbag,M,Green,Winter,33,4.4,False,No,False,Standard,No,False,Venmo,48,Loyal,Quarterly,90,4.06,133.98,1,Steady mid-tier
2023,59,55-64,Male,Alabama,Accessories,Jewelry,S,Black,Winter,38,4.0,False,No,False,Store Pickup,No,False,Cash,16,Developing,Bi-Weekly,14,26.07,990.66,1,Steady mid-tier
2024,46,45-54,Male,Idaho,Clothing,Socks,S,Teal,Winter,68,4.1,False,No,False,Store Pickup,No,False,Cash,28,Established,Bi-Weekly,14,26.07,1772.76,0,High-value regulars
2025,62,55-64,Male,Arkansas,Clothing,Socks,L,Silver,Fall,23,3.7,False,No,False,Express,No,False,PayPal,39,Established,Weekly,7,52.14,1199.22,0,High-value regulars
2026,42,35-44,Male,Delaware,Clothing,Shirt,M,Turquoise,Summer,29,3.0,False,No,False,Express,No,False,Debit Card,43,Loyal,Fortnightly,14,26.07,756.03,1,Steady mid-tier
2027,37,35-44,Male,Maine,Accessories,Scarf,M,Orange,Winter,35,3.6,False,No,False,Express,No,False,Bank Transfer,45,Loyal,Every 3 Months,90,4.06,142.1,1,Steady mid-tier
2028,50,45-54,Male,Nebraska,Footwear,Shoes,S,Gold,Fall,73,4.8,False,No,False,Standard,No,False,Credit Card,50,Loyal,Every 3 Months,90,4.06,296.38,1,Steady mid-tier
2029,29,25-34,Male,Ohio,Footwear,Shoes,XL,Purple,Fall,84,3.7,False,No,False,2-Day Shipping,No,False,Venmo,10,New,Bi-Weekly,14,26.07,2189.88,0,High-value regulars
2030,25,25-34,Male,Montana,Accessories,Scarf,M,Pink,Spring,23,4.6,False,No,False,Next Day Air,No,False,PayPal,40,Established,Quarterly,90,4.06,93.38,1,Steady mid-tier
2031,66,65+,Male,New Mexico,Accessories,Sunglasses,S,Green,Summer,67,2.8,False,No,False,Standard,No,False,Credit Card,38,Established,Monthly,30,12.17,815.39,1,Steady mid-tier
2032,21,18-24,Male,North Carolina,Clothing,Socks,L,Charcoal,Spring,51,4.0,False,No,False,Standard,No,False,Credit Card,2,New,Monthly,30,12.17,620.67,1,Steady mid-tier
2033,46,45-54,Male,South Carolina,Clothing,Blouse,M,Maroon,Winter,36,4.2,False,No,False,Next Day Air,No,False,Cash,13,Developing,Annually,365,1.0,36.0,1,Steady mid-tier
2034,57,55-64,Male,Illinois,Clothing,Jeans,L,Olive,Summer,55,3.6,False,No,False,Express,No,False,Venmo,33,Established,Annually,365,1.0,55.0,1,Steady mid-tier
2035,61,55-64,Male,Alabama,Clothing,Shorts,M,Peach,Spring,30,2.9,False,No,False,Store Pickup,No,False,PayPal,27,Established,Monthly,30,12.17,365.1,1,Steady mid-tier
2036,53,45-54,Male,Oklahoma,Clothing,T-shirt,S,Yellow,Summer,70,4.1,False,No,False,Express,No,False,Bank Transfer,43,Loyal,Weekly,7,52.14,3649.8,0,High-value regulars
2037,37,35-44,Male,Minnesota,Clothing,Blouse,S,Lavender,Winter,63,3.1,False,No,False,Next Day Air,No,False,Cash,46,Loyal,Weekly,7,52.14,3284.82,0,High-value regulars
2038,39,35-44,Male,Illinois,Accessories,Belt,S,Green,Summer,87,4.3,False,No,False,Express,No,False,Venmo,7,New,Bi-Weekly,14,26.07,2268.09,0,High-value regulars
2039,53,45-54,Male,Arkansas,Clothing,Blouse,L,Orange,Spring,70,4.4,False,No,False,Next Day Air,No,False,Credit Card,35,Established,Fortnightly,14,26.07,1824.9,0,High-value regulars
2040,35,35-44,Male,Minnesota,Clothing,T-shirt,M,Olive,Spring,51,3.1,False,No,False,Next Day Air,No,False,Debit Card,31,Established,Bi-Weekly,14,26.07,1329.57,1,Steady mid-tier
2041,69,65+,Male,South Carolina,Accessories,Jewelry,XL,Gray,Spring,25,2.9,False,No,False,Free Shipping,No,False,Venmo,42,Loyal,Quarterly,90,4.06,101.5,1,Steady mid-tier
2042,66,65+,Male,New York,Outerwear,Jacket,S,Lavender,Winter,32,3.2,False,No,False,Next Day Air,No,False,PayPal,14,Developing,Bi-Weekly,14,26.07,834.24,1,Steady mid-tier
2043,19,18-24,Male,Alabama,Footwear,Shoes,M,Red,Spring,52,4.0,False,No,False,2-Day Shipping,No,False,Venmo,35,Established,Monthly,30,12.17,632.84,1,Steady mid-tier
2044,47,45-54,Male,New York,Accessories,Gloves,M,Charcoal,Summer,33,2.7,False,No,False,Standard,No,False,PayPal,49,Loyal,Weekly,7,52.14,1720.62,0,High-value regulars
2045,49,45-54,Male,Missouri,Clothing,Jeans,L,Orange,Spring,68,3.0,False,No,False,Free Shipping,No,False,PayPal,17,Developing,Fortnightly,14,26.07,1772.76,0,High-value regulars
2046,31,25-34,Male,Georgia,Accessories,Jewelry,M,Red,Fall,20,4.4,False,No,False,Express,No,False,PayPal,26,Established,Quarterly,90,4.06,81.2,1,Steady mid-tier
2047,39,35-44,Male,Oklahoma,Clothing,Pants,M,Maroon,Winter,32,2.8,False,No,False,Free Shipping,No,False,Cash,30,Established,Every 3 Months,90,4.06,129.92,1,Steady mid-tier
2048,58,55-64,Male,Connecticut,Accessories,Jewelry,M,Silver,Summer,82,3.1,False,No,False,Store Pickup,No,False,Cash,32,Established,Annually,365,1.0,82.0,1,Steady mid-tier
2049,45,45-54,Male,Michigan,Footwear,Sneakers,XL,Pink,Winter,64,3.9,False,No,False,Express,No,False,Bank Transfer,35,Established,Quarterly,90,4.06,259.84,1,Steady mid-tier
2050,68,65+,Male,Rhode Island,Footwear,Boots,L,Blue,Fall,24,2.7,False,No,False,Standard,No,False,Venmo,15,Developing,Annually,365,1.0,24.0,1,Steady mid-tier
2051,35,35-44,Male,Mississippi,Accessories,Hat,M,Teal,Summer,96,3.4,False,No,False,Store Pickup,No,False,Debit Card,10,New,Annually,365,1.0,96.0,1,Steady mid-tier
2052,65,65+,Male,Massachusetts,Clothing,T-shirt,L,Black,Spring,94,3.8,False,No,False,Free Shipping,No,False,Credit Card,14,Developing,Monthly,30,12.17,1143.98,1,Steady mid-tier
2053,45,45-54,Male,New Hampshire,Accessories,Backpack,M,Gray,Winter,48,3.7,False,No,False,2-Day Shipping,No,False,Bank Transfer,30,Established,Annually,365,1.0,48.0,1,Steady mid-tier
2054,19,18-24,Male,Wyoming,Accessories,Sunglasses,S,Purple,Spring,60,4.5,False,No,False,2-Day Shipping,No,False,Credit Card,16,Developing,Fortnightly,14,26.07,1564.2,0,High-value regulars
2055,65,65+,Male,New Jersey,Clothing,Sweater,XL,Gold,Spring,56,2.9,False,No,False,Express,No,False,PayPal,14,Developing,Annually,365,1.0,56.0,1,Steady mid-tier
2056,28,25-34,Male,Texas,Accessories,Handbag,M,Silver,Fall,33,3.4,False,No,False,2-Day Shipping,No,False,Bank Transfer,28,Established,Weekly,7,52.14,1720.62,0,High-value regulars
2057,55,55-64,Male,Minnesota,Accessories,Backpack,L,Blue,Spring,46,4.4,False,No,False,2-Day Shipping,No,False,PayPal,29,Established,Monthly,30,12.17,559.82,1,Steady mid-tier
2058,66,65+,Male,South Dakota,Clothing,Socks,L,Yellow,Spring,37,4.2,False,No,False,Standard,No,False,PayPal,5,New,Every 3 Months,90,4.06,150.22,1,Steady mid-tier
2059,29,25-34,Male,Washington,Clothing,Shirt,M,Brown,Winter,98,3.3,False,No,False,Store Pickup,No,False,Bank Transfer,17,Developing,Quarterly,90,4.06,397.88,1,Steady mid-tier
2060,56,55-64,Male,California,Clothing,Shorts,XL,Beige,Spring,50,3.7,False,No,False,Express,No,False,PayPal,50,Loyal,Weekly,7,52.14,2607.0,0,High-value regulars
2061,21,18-24,Male,Wisconsin,Accessories,Belt,M,Blue,Fall,63,3.2,False,No,False,Next Day Air,No,False,Bank Transfer,23,Developing,Quarterly,90,4.06,255.78,1,Steady mid-tier
2062,32,25-34,Male,Michigan,Clothing,Sweater,S,Magenta,Summer,70,2.6,False,No,False,Store Pickup,No,False,Debit Card,22,Developing,Annually,365,1.0,70.0,1,Steady mid-tier
2063,54,45-54,Male,South Carolina,Outerwear,Coat,L,Silver,Fall,63,2.8,False,No,False,Standard,No,False,Cash,15,Developing,Quarterly,90,4.06,255.78,1,Steady mid-tier
2064,61,55-64,Male,Indiana,Clothing,Shorts,M,Cyan,Fall,86,2.9,False,No,False,Standard,No,False,Cash,32,Established,Monthly,30,12.17,1046.62,1,Steady mid-tier
2065,31,25-34,Male,Arkansas,Footwear,Shoes,M,Green,Summer,99,4.0,False,No,False,2-Day Shipping,No,False,Bank Transfer,5,New,Monthly,30,12.17,1204.83,1,Steady mid-tier
2066,27,25-34,Male,Oregon,Footwear,Sneakers,M,Blue,Spring,40,2.9,False,No,False,Free Shipping,No,False,Bank Transfer,6,New,Bi-Weekly,14,26.07,1042.8,1,Steady mid-tier
2067,64,55-64,Male,Illinois,Footwear,Sneakers,M,Olive,Fall,92,4.7,False,No,False,Store Pickup,No,False,Debit Card,44,Loyal,Fortnightly,14,26.07,2398.44,0,High-value regulars
2068,60,55-64,Male,Maryland,Clothing,Pants,XL,Beige,Fall,21,3.1,False,No,False,2-Day Shipping,No,False,Cash,23,Developing,Fortnightly,14,26.07,547.47,1,Steady mid-tier
2069,70,65+,Male,Vermont,Accessories,Jewelry,XL,Black,Summer,81,3.9,False,No,False,Store Pickup,No,False,Venmo,44,Loyal,Monthly,30,12.17,985.77,1,Steady mid-tier
2070,36,35-44,Male,Texas,Clothing,T-shirt,M,Indigo,Fall,82,3.4,False,No,False,Free Shipping,No,False,Debit Card,3,New,Quarterly,90,4.06,332.92,1,Steady mid-tier
2071,56,55-64,Male,Nebraska,Accessories,Jewelry,XL,Red,Spring,88,3.1,False,No,False,Express,No,False,Cash,14,Developing,Monthly,30,12.17,1070.96,1,Steady mid-tier
2072,69,65+,Male,South Carolina,Outerwear,Jacket,S,Yellow,Fall,100,4.8,False,No,False,Store Pickup,No,False,PayPal,37,Established,Quarterly,90,4.06,406.0,1,Steady mid-tier
2073,39,35-44,Male,Massachusetts,Accessories,Backpack,M,Beige,Winter,66,3.9,False,No,False,Next Day Air,No,False,Bank Transfer,22,Developing,Weekly,7,52.14,3441.24,0,High-value regulars
2074,38,35-44,Male,Texas,Accessories,Belt,S,Green,Winter,25,3.5,False,No,False,Next Day Air,No,False,PayPal,2,New,Every 3 Months,90,4.06,101.5,1,Steady mid-tier
2075,36,35-44,Male,Florida,Accessories,Scarf,M,White,Summer,53,3.1,False,No,False,Free Shipping,No,False,Debit Card,44,Loyal,Fortnightly,14,26.07,1381.71,1,Steady mid-tier
2076,46,45-54,Male,South Carolina,Clothing,Sweater,S,Turquoise,Fall,28,4.7,False,No,False,Express,No,False,Debit Card,49,Loyal,Monthly,30,12.17,340.76,1,Steady mid-tier
2077,59,55-64,Male,Florida,Accessories,Gloves,S,Indigo,Fall,23,4.6,False,No,False,Free Shipping,No,False,Debit Card,22,Developing,Bi-Weekly,14,26.07,599.61,1,Steady mid-tier
2078,64,55-64,Male,Nebraska,Accessories,Scarf,L,Orange,Fall,34,3.3,False,No,False,Free Shipping,No,False,Bank Transfer,26,Established,Annually,365,1.0,34.0,1,Steady mid-tier
2079,49,45-54,Male,Hawaii,Clothing,Dress,M,Blue,Spring,42,3.2,False,No,False,Next Day Air,No,False,Debit Card,40,Established,Weekly,7,52.14,2189.88,0,High-value regulars
2080,32,25-34,Male,Montana,Clothing,Jeans,L,Violet,Summer,24,3.1,False,No,False,Next Day Air,No,False,PayPal,16,Developing,Quarterly,90,4.06,97.44,1,Steady mid-tier
2081,29,25-34,Male,South Dakota,Accessories,Sunglasses,S,Gray,Fall,47,3.5,False,No,False,Free Shipping,No,False,Debit Card,17,Developing,Bi-Weekly,14,26.07,1225.29,1,Steady mid-tier
2082,24,18-24,Male,Alabama,Outerwear,Coat,S,Cyan,Spring,78,4.3,False,No,False,Standard,No,False,Bank Transfer,48,Loyal,Bi-Weekly,14,26.07,2033.46,0,High-value regulars
2083,41,35-44,Male,Arkansas,Clothing,Jeans,M,Yellow,Summer,89,2.9,False,No,False,Free Shipping,No,False,Venmo,28,Established,Every 3 Months,90,4.06,361.34,1,Steady mid-tier
2084,41,35-44,Male,Mississippi,Accessories,Scarf,L,Orange,Fall,59,2.7,False,No,False,Store Pickup,No,False,Credit Card,26,Established,Fortnightly,14,26.07,1538.13,0,High-value regulars
2085,32,25-34,Male,Vermont,Clothing,Blouse,S,Brown,Summer,94,4.0,False,No,False,Standard,No,False,Bank Transfer,43,Loyal,Quarterly,90,4.06,381.64,1,Steady mid-tier
2086,69,65+,Male,New York,Clothing,Jeans,M,Teal,Fall,49,4.6,False,No,False,Free Shipping,No,False,Debit Card,38,Established,Weekly,7,52.14,2554.86,0,High-value regulars
2087,65,65+,Male,North Dakota,Clothing,Dress,L,Beige,Summer,89,4.7,False,No,False,2-Day Shipping,No,False,Cash,36,Established,Every 3 Months,90,4.06,361.34,1,Steady mid-tier
2088,54,45-54,Male,Wisconsin,Accessories,Hat,M,Blue,Summer,91,4.7,False,No,False,Standard,No,False,Credit Card,1,New,Weekly,7,52.14,4744.74,0,High-value regulars
2089,39,35-44,Male,California,Footwear,Sandals,L,Orange,Spring,89,4.0,False,No,False,Standard,No,False,Debit Card,49,Loyal,Annually,365,1.0,89.0,1,Steady mid-tier
2090,37,35-44,Male,Maryland,Outerwear,Jacket,L,Gold,Spring,57,3.6,False,No,False,Free Shipping,No,False,Credit Card,41,Loyal,Every 3 Months,90,4.06,231.42,1,Steady mid-tier
2091,51,45-54,Male,Massachusetts,Clothing,Socks,S,Teal,Winter,71,3.4,False,No,False,Free Shipping,No,False,Debit Card,21,Developing,Monthly,30,12.17,864.07,1,Steady mid-tier
2092,26,25-34,Male,Washington,Clothing,Jeans,XL,Beige,Fall,97,3.0,False,No,False,Next Day Air,No,False,Bank Transfer,24,Developing,Quarterly,90,4.06,393.82,1,Steady mid-tier
2093,42,35-44,Male,Minnesota,Footwear,Sandals,M,Silver,Fall,45,2.6,False,No,False,Next Day Air,No,False,Bank Transfer,27,Established,Weekly,7,52.14,2346.3,0,High-value regulars
2094,21,18-24,Male,Washington,Clothing,Dress,M,Maroon,Spring,91,4.2,False,No,False,Store Pickup,No,False,Debit Card,4,New,Annually,365,1.0,91.0,1,Steady mid-tier
2095,53,45-54,Male,South Carolina,Clothing,Socks,M,Indigo,Spring,25,3.4,False,No,False,Standard,No,False,Venmo,19,Developing,Annually,365,1.0,25.0,1,Steady mid-tier
2096,36,35-44,Male,New Mexico,Clothing,Hoodie,M,Gray,Fall,63,4.0,False,No,False,Store Pickup,No,False,Bank Transfer,1,New,Fortnightly,14,26.07,1642.41,0,High-value regulars
2097,21,18-24,Male,North Carolina,Clothing,Dress,L,Blue,Summer,52,4.7,False,No,False,Free Shipping,No,False,Debit Card,27,Established,Annually,365,1.0,52.0,1,Steady mid-tier
2098,33,25-34,Male,Iowa,Footwear,Sneakers,S,Cyan,Winter,43,3.9,False,No,False,Next Day Air,No,False,Credit Card,5,New,Weekly,7,52.14,2242.02,0,High-value regulars
2099,49,45-54,Male,Louisiana,Clothing,T-shirt,M,White,Summer,28,3.3,False,No,False,2-Day Shipping,No,False,Venmo,20,Developing,Quarterly,90,4.06,113.68,1,Steady mid-tier
2100,31,25-34,Male,Oklahoma,Clothing,T-shirt,L,Green,Summer,78,2.9,False,No,False,Express,No,False,PayPal,50,Loyal,Annually,365,1.0,78.0,1,Steady mid-tier
2101,68,65+,Male,Michigan,Clothing,Sweater,M,Silver,Spring,31,4.4,False,No,False,Free Shipping,No,False,Cash,36,Established,Fortnightly,14,26.07,808.17,1,Steady mid-tier
2102,49,45-54,Male,Oregon,Clothing,Shirt,M,Blue,Winter,23,3.6,False,No,False,Next Day Air,No,False,Bank Transfer,12,Developing,Bi-Weekly,14,26.07,599.61,1,Steady mid-tier
2103,23,18-24,Male,Idaho,Accessories,Hat,M,Brown,Spring,25,4.5,False,No,False,Store Pickup,No,False,Cash,23,Developing,Monthly,30,12.17,304.25,1,Steady mid-tier
2104,30,25-34,Male,Indiana,Clothing,Pants,S,Red,Summer,86,3.7,False,No,False,Store Pickup,No,False,Venmo,21,Developing,Weekly,7,52.14,4484.04,0,High-value regulars
2105,53,45-54,Male,New Mexico,Footwear,Shoes,M,Gold,Spring,88,2.8,False,No,False,Free Shipping,No,False,Venmo,47,Loyal,Weekly,7,52.14,4588.32,0,High-value regulars
2106,65,65+,Male,South Carolina,Accessories,Gloves,M,Silver,Spring,35,4.5,False,No,False,Free Shipping,No,False,Venmo,38,Established,Bi-Weekly,14,26.07,912.45,1,Steady mid-tier
2107,60,55-64,Male,Vermont,Accessories,Jewelry,M,Gray,Fall,34,4.4,False,No,False,Standard,No,False,Credit Card,40,Established,Every 3 Months,90,4.06,138.04,1,Steady mid-tier
2108,46,45-54,Male,Delaware,Clothing,Pants,M,Black,Winter,75,3.3,False,No,False,Standard,No,False,PayPal,35,Established,Quarterly,90,4.06,304.5,1,Steady mid-tier
2109,54,45-54,Male,North Dakota,Clothing,Hoodie,XL,Beige,Winter,46,4.2,False,No,False,Express,No,False,Credit Card,4,New,Quarterly,90,4.06,186.76,1,Steady mid-tier
2110,59,55-64,Male,California,Accessories,Jewelry,L,Peach,Fall,31,2.7,False,No,False,Free Shipping,No,False,Venmo,28,Established,Every 3 Months,90,4.06,125.86,1,Steady mid-tier
2111,52,45-54,Male,Montana,Clothing,Socks,L,Cyan,Spring,93,3.9,False,No,False,Store Pickup,No,False,Debit Card,36,Established,Every 3 Months,90,4.06,377.58,1,Steady mid-tier
2112,41,35-44,Male,Missouri,Accessories,Sunglasses,XL,Pink,Spring,85,2.6,False,No,False,Free Shipping,No,False,Bank Transfer,15,Developing,Annually,365,1.0,85.0,1,Steady mid-tier
2113,43,35-44,Male,Tennessee,Accessories,Belt,M,Lavender,Fall,68,4.5,False,No,False,2-Day Shipping,No,False,Cash,7,New,Fortnightly,14,26.07,1772.76,0,High-value regulars
2114,63,55-64,Male,Virginia,Clothing,Dress,M,Brown,Spring,40,2.7,False,No,False,Store Pickup,No,False,PayPal,29,Established,Every 3 Months,90,4.06,162.4,1,Steady mid-tier
2115,37,35-44,Male,Vermont,Clothing,Shirt,M,Magenta,Winter,51,2.9,False,No,False,Standard,No,False,Debit Card,12,Developing,Annually,365,1.0,51.0,1,Steady mid-tier
2116,44,35-44,Male,Rhode Island,Accessories,Scarf,M,Violet,Winter,85,3.4,False,No,False,Store Pickup,No,False,Bank Transfer,16,Developing,Bi-Weekly,14,26.07,2215.95,0,High-value regulars
2117,67,65+,Male,Kansas,Outerwear,Jacket,M,Teal,Summer,23,2.9,False,No,False,Express,No,False,Debit Card,50,Loyal,Bi-Weekly,14,26.07,599.61,1,Steady mid-tier
2118,27,25-34,Male,Colorado,Clothing,Dress,L,Brown,Summer,28,3.8,False,No,False,Free Shipping,No,False,Debit Card,11,Developing,Annually,365,1.0,28.0,1,Steady mid-tier
2119,60,55-64,Male,Georgia,Clothing,Socks,M,Olive,Fall,44,4.2,False,No,False,2-Day Shipping,No,False,Debit Card,28,Established,Quarterly,90,4.06,178.64,1,Steady mid-tier
2120,58,55-64,Male,Nebraska,Accessories,Jewelry,M,Indigo,Spring,57,3.5,False,No,False,Store Pickup,No,False,Venmo,36,Established,Bi-Weekly,14,26.07,1485.99,0,High-value regulars
2121,53,45-54,Male,Missouri,Accessories,Scarf,S,Red,Fall,98,3.1,False,No,False,Next Day Air,No,False,PayPal,38,Established,Quarterly,90,4.06,397.88,1,Steady mid-tier
2122,43,35-44,Male,Alaska,Accessories,Backpack,M,Olive,Winter,68,3.5,False,No,False,2-Day Shipping,No,False,Bank Transfer,32,Established,Monthly,30,12.17,827.56,1,Steady mid-tier
2123,32,25-34,Male,Virginia,Outerwear,Jacket,L,Teal,Fall,36,4.0,False,No,False,Express,No,False,Debit Card,42,Loyal,Weekly,7,52.14,1877.04,0,High-value regulars
2124,54,45-54,Male,Nebraska,Outerwear,Coat,L,Cyan,Spring,71,3.7,False,No,False,Express,No,False,Debit Card,22,Developing,Bi-Weekly,14,26.07,1850.97,0,High-value regulars
2125,47,45-54,Male,Rhode Island,Clothing,Skirt,M,Teal,Fall,60,4.2,False,No,False,Next Day Air,No,False,Venmo,22,Developing,Quarterly,90,4.06,243.6,1,Steady mid-tier
2126,57,55-64,Male,New Hampshire,Outerwear,Coat,M,Beige,Fall,87,4.8,False,No,False,Store Pickup,No,False,PayPal,31,Established,Quarterly,90,4.06,353.22,1,Steady mid-tier
2127,63,55-64,Male,Alabama,Footwear,Shoes,XL,Magenta,Winter,38,4.1,False,No,False,Express,No,False,Credit Card,28,Established,Monthly,30,12.17,462.46,1,Steady mid-tier
2128,70,65+,Male,North Carolina,Footwear,Boots,M,Indigo,Spring,45,4.5,False,No,False,2-Day Shipping,No,False,Debit Card,40,Established,Weekly,7,52.14,2346.3,0,High-value regulars
2129,62,55-64,Male,New Mexico,Outerwear,Coat,L,Cyan,Fall,47,2.7,False,No,False,2-Day Shipping,No,False,PayPal,21,Developing,Weekly,7,52.14,2450.58,0,High-value regulars
2130,40,35-44,Male,Minnesota,Clothing,Skirt,L,Orange,Fall,57,2.8,False,No,False,Store Pickup,No,False,PayPal,12,Developing,Every 3 Months,90,4.06,231.42,1,Steady mid-tier
2131,25,25-34,Male,Arizona,Accessories,Backpack,L,Violet,Summer,68,3.7,False,No,False,Free Shipping,No,False,Credit Card,33,Established,Annually,365,1.0,68.0,1,Steady mid-tier
2132,19,18-24,Male,Montana,Clothing,Shorts,M,Red,Fall,52,3.6,False,No,False,Express,No,False,Bank Transfer,9,New,Fortnightly,14,26.07,1355.64,1,Steady mid-tier
2133,25,25-34,Male,Vermont,Clothing,Skirt,M,Magenta,Fall,87,4.7,False,No,False,2-Day Shipping,No,False,Debit Card,15,Developing,Weekly,7,52.14,4536.18,0,High-value regulars
2134,21,18-24,Male,Maine,Accessories,Hat,M,Olive,Summer,34,3.8,False,No,False,Standard,No,False,Bank Transfer,13,Developing,Annually,365,1.0,34.0,1,Steady mid-tier
2135,55,55-64,Male,Virginia,Footwear,Sandals,XL,Maroon,Winter,41,2.9,False,No,False,Standard,No,False,Credit Card,35,Established,Fortnightly,14,26.07,1068.87,1,Steady mid-tier
2136,34,25-34,Male,California,Accessories,Sunglasses,S,Yellow,Winter,94,4.6,False,No,False,Next Day Air,No,False,Debit Card,1,New,Every 3 Months,90,4.06,381.64,1,Steady mid-tier
2137,47,45-54,Male,New York,Accessories,Sunglasses,M,Red,Summer,93,2.8,False,No,False,Standard,No,False,Bank Transfer,25,Developing,Fortnightly,14,26.07,2424.51,0,High-value regulars
2138,27,25-34,Male,Indiana,Clothing,Socks,XL,Purple,Winter,51,4.6,False,No,False,2-Day Shipping,No,False,Credit Card,20,Developing,Every 3 Months,90,4.06,207.06,1,Steady mid-tier
2139,67,65+,Male,Mississippi,Clothing,Sweater,M,Teal,Fall,42,2.8,False,No,False,Next Day Air,No,False,Venmo,36,Established,Quarterly,90,4.06,170.52,1,Steady mid-tier
2140,40,35-44,Male,New York,Footwear,Boots,M,Red,Winter,95,3.0,False,No,False,Free Shipping,No,False,Cash,33,Established,Weekly,7,52.14,4953.3,0,High-value regulars
2141,53,45-54,Male,New Mexico,Accessories,Handbag,M,Brown,Fall,90,3.7,False,No,False,Standard,No,False,Cash,36,Established,Fortnightly,14,26.07,2346.3,0,High-value regulars
2142,24,18-24,Male,Kentucky,Clothing,Dress,M,Peach,Winter,98,4.1,False,No,False,2-Day Shipping,No,False,PayPal,32,Established,Annually,365,1.0,98.0,1,Steady mid-tier
2143,47,45-54,Male,North Dakota,Accessories,Hat,M,Maroon,Winter,39,4.3,False,No,False,Next Day Air,No,False,Venmo,21,Developing,Quarterly,90,4.06,158.34,1,Steady mid-tier
2144,53,45-54,Male,Arkansas,Footwear,Sandals,L,Red,Fall,66,3.8,False,No,False,Next Day Air,No,False,Venmo,48,Loyal,Bi-Weekly,14,26.07,1720.62,0,High-value regulars
2145,47,45-54,Male,Maryland,Footwear,Shoes,L,Orange,Winter,23,3.7,False,No,False,Free Shipping,No,False,PayPal,25,Developing,Quarterly,90,4.06,93.38,1,Steady mid-tier
2146,38,35-44,Male,Connecticut,Clothing,Skirt,S,White,Winter,73,4.8,False,No,False,Standard,No,False,PayPal,32,Established,Annually,365,1.0,73.0,1,Steady mid-tier
2147,48,45-54,Male,Utah,Accessories,Sunglasses,XL,White,Summer,23,4.6,False,No,False,Standard,No,False,PayPal,45,Loyal,Every 3 Months,90,4.06,93.38,1,Steady mid-tier
2148,47,45-54,Male,Missouri,Clothing,Skirt,S,Charcoal,Fall,43,4.8,False,No,False,Standard,No,False,Cash,4,New,Fortnightly,14,26.07,1121.01,1,Steady mid-tier
2149,19,18-24,Male,Nebraska,Clothing,T-shirt,XL,Turquoise,Winter,45,4.6,False,No,False,2-Day Shipping,No,False,PayPal,19,Developing,Bi-Weekly,14,26.07,1173.15,1,Steady mid-tier
2150,38,35-44,Male,Hawaii,Footwear,Sandals,L,Orange,Winter,21,4.0,False,No,False,Standard,No,False,Bank Transfer,1,New,Weekly,7,52.14,1094.94,0,High-value regulars
2151,57,55-64,Male,Illinois,Clothing,Shirt,M,Orange,Spring,40,2.6,False,No,False,2-Day Shipping,No,False,Cash,12,Developing,Weekly,7,52.14,2085.6,0,High-value regulars
2152,70,65+,Male,Vermont,Clothing,Jeans,L,Brown,Fall,58,2.6,False,No,False,2-Day Shipping,No,False,Venmo,18,Developing,Monthly,30,12.17,705.86,1,Steady mid-tier
2153,38,35-44,Male,New Jersey,Clothing,Shorts,L,Magenta,Summer,48,4.5,False,No,False,Next Day Air,No,False,Bank Transfer,43,Loyal,Bi-Weekly,14,26.07,1251.36,1,Steady mid-tier
2154,35,35-44,Male,Kentucky,Clothing,Shirt,M,Violet,Fall,94,4.2,False,No,False,Free Shipping,No,False,PayPal,31,Established,Annually,365,1.0,94.0,1,Steady mid-tier
2155,46,45-54,Male,Wyoming,Accessories,Scarf,M,Violet,Spring,74,3.4,False,No,False,Store Pickup,No,False,Cash,33,Established,Every 3 Months,90,4.06,300.44,1,Steady mid-tier
2156,32,25-34,Male,Hawaii,Accessories,Handbag,L,Yellow,Fall,51,3.7,False,No,False,Store Pickup,No,False,PayPal,46,Loyal,Monthly,30,12.17,620.67,1,Steady mid-tier
2157,38,35-44,Male,Missouri,Clothing,Skirt,M,Maroon,Winter,83,3.6,False,No,False,Next Day Air,No,False,Debit Card,41,Loyal,Bi-Weekly,14,26.07,2163.81,0,High-value regulars
2158,41,35-44,Male,Mississippi,Accessories,Handbag,L,Turquoise,Winter,68,4.0,False,No,False,Next Day Air,No,False,Venmo,41,Loyal,Fortnightly,14,26.07,1772.76,0,High-value regulars
2159,19,18-24,Male,Massachusetts,Accessories,Gloves,XL,Olive,Spring,84,4.6,False,No,False,Standard,No,False,Bank Transfer,9,New,Fortnightly,14,26.07,2189.88,0,High-value regulars
2160,18,18-24,Male,Louisiana,Clothing,Shirt,M,Peach,Fall,58,3.0,False,No,False,Free Shipping,No,False,Cash,34,Established,Annually,365,1.0,58.0,1,Steady mid-tier
2161,45,45-54,Male,West Virginia,Clothing,Blouse,L,Charcoal,Winter,92,3.3,False,No,False,Express,No,False,PayPal,21,Developing,Annually,365,1.0,92.0,1,Steady mid-tier
2162,23,18-24,Male,Washington,Clothing,Dress,S,Peach,Summer,69,3.8,False,No,False,Express,No,False,Debit Card,5,New,Fortnightly,14,26.07,1798.83,0,High-value regulars
2163,60,55-64,Male,Oregon,Clothing,Shorts,S,Black,Summer,48,2.7,False,No,False,Free Shipping,No,False,PayPal,32,Established,Weekly,7,52.14,2502.72,0,High-value regulars
2164,52,45-54,Male,New York,Footwear,Shoes,L,Gray,Spring,60,4.5,False,No,False,Express,No,False,Bank Transfer,44,Loyal,Monthly,30,12.17,730.2,1,Steady mid-tier
2165,42,35-44,Male,Iowa,Footwear,Sandals,S,Olive,Winter,20,4.8,False,No,False,Next Day Air,No,False,PayPal,46,Loyal,Bi-Weekly,14,26.07,521.4,1,Steady mid-tier
2166,29,25-34,Male,Idaho,Clothing,Pants,M,Turquoise,Summer,55,4.2,False,No,False,Express,No,False,Credit Card,42,Loyal,Every 3 Months,90,4.06,223.3,1,Steady mid-tier
2167,31,25-34,Male,New Jersey,Outerwear,Jacket,S,Purple,Spring,88,3.5,False,No,False,Express,No,False,Credit Card,50,Loyal,Bi-Weekly,14,26.07,2294.16,0,High-value regulars
2168,30,25-34,Male,Ohio,Clothing,Skirt,L,Green,Winter,48,4.9,False,No,False,Standard,No,False,Venmo,33,Established,Fortnightly,14,26.07,1251.36,1,Steady mid-tier
2169,23,18-24,Male,Connecticut,Accessories,Handbag,M,Beige,Spring,74,4.1,False,No,False,Next Day Air,No,False,Cash,32,Established,Quarterly,90,4.06,300.44,1,Steady mid-tier
2170,31,25-34,Male,Florida,Outerwear,Coat,M,Brown,Fall,42,2.9,False,No,False,Next Day Air,No,False,Bank Transfer,32,Established,Bi-Weekly,14,26.07,1094.94,1,Steady mid-tier
2171,40,35-44,Male,South Carolina,Clothing,Sweater,M,Turquoise,Fall,32,4.0,False,No,False,Next Day Air,No,False,Venmo,37,Established,Every 3 Months,90,4.06,129.92,1,Steady mid-tier
2172,39,35-44,Male,Missouri,Clothing,Shorts,M,Yellow,Summer,98,4.6,False,No,False,Store Pickup,No,False,Cash,9,New,Fortnightly,14,26.07,2554.86,0,High-value regulars
2173,28,25-34,Male,Rhode Island,Clothing,Skirt,S,Lavender,Fall,89,2.8,False,No,False,Store Pickup,No,False,PayPal,6,New,Fortnightly,14,26.07,2320.23,0,High-value regulars
2174,23,18-24,Male,Delaware,Accessories,Gloves,S,Cyan,Summer,97,5.0,False,No,False,2-Day Shipping,No,False,Venmo,36,Established,Quarterly,90,4.06,393.82,1,Steady mid-tier
2175,42,35-44,Male,Colorado,Accessories,Backpack,S,Olive,Spring,49,2.9,False,No,False,Store Pickup,No,False,Cash,1,New,Annually,365,1.0,49.0,1,Steady mid-tier
2176,68,65+,Male,Nebraska,Clothing,Dress,M,Silver,Spring,50,3.3,False,No,False,Free Shipping,No,False,Credit Card,48,Loyal,Fortnightly,14,26.07,1303.5,1,Steady mid-tier
2177,24,18-24,Male,Vermont,Accessories,Belt,S,Red,Winter,91,3.4,False,No,False,2-Day Shipping,No,False,Debit Card,44,Loyal,Quarterly,90,4.06,369.46,1,Steady mid-tier
2178,24,18-24,Male,Montana,Accessories,Gloves,XL,Green,Winter,93,3.0,False,No,False,Express,No,False,PayPal,9,New,Bi-Weekly,14,26.07,2424.51,0,High-value regulars
2179,21,18-24,Male,Florida,Accessories,Jewelry,M,Gold,Summer,98,4.7,False,No,False,Standard,No,False,Venmo,32,Established,Annually,365,1.0,98.0,1,Steady mid-tier
2180,49,45-54,Male,Delaware,Clothing,Socks,L,Lavender,Fall,82,2.9,False,No,False,Next Day Air,No,False,PayPal,14,Developing,Monthly,30,12.17,997.94,1,Steady mid-tier
2181,41,35-44,Male,Connecticut,Outerwear,Coat,M,Yellow,Summer,37,4.1,False,No,False,Store Pickup,No,False,Cash,43,Loyal,Quarterly,90,4.06,150.22,1,Steady mid-tier
2182,22,18-24,Male,Hawaii,Accessories,Handbag,M,Black,Fall,63,3.2,False,No,False,Free Shipping,No,False,Bank Transfer,32,Established,Bi-Weekly,14,26.07,1642.41,0,High-value regulars
2183,42,35-44,Male,New Mexico,Clothing,Blouse,M,Maroon,Winter,99,2.7,False,No,False,Store Pickup,No,False,Venmo,26,Established,Bi-Weekly,14,26.07,2580.93,0,High-value regulars
2184,30,25-34,Male,Kansas,Clothing,Shorts,M,Maroon,Spring,37,4.7,False,No,False,Store Pickup,No,False,Cash,2,New,Monthly,30,12.17,450.29,1,Steady mid-tier
2185,38,35-44,Male,Nevada,Footwear,Shoes,S,Gold,Spring,34,3.2,False,No,False,Free Shipping,No,False,PayPal,16,Developing,Every 3 Months,90,4.06,138.04,1,Steady mid-tier
2186,40,35-44,Male,North Carolina,Clothing,Shorts,M,Violet,Winter,32,2.5,False,No,False,Express,No,False,Debit Card,50,Loyal,Every 3 Months,90,4.06,129.92,1,Steady mid-tier
2187,55,55-64,Male,New Mexico,Footwear,Sandals,XL,Teal,Winter,23,4.3,False,No,False,Next Day Air,No,False,PayPal,6,New,Every 3 Months,90,4.06,93.38,1,Steady mid-tier
2188,37,35-44,Male,Idaho,Clothing,Blouse,M,Violet,Spring,78,4.4,False,No,False,Free Shipping,No,False,PayPal,20,Developing,Annually,365,1.0,78.0,1,Steady mid-tier
2189,41,35-44,Male,California,Outerwear,Coat,M,Brown,Winter,54,4.7,False,No,False,Next Day Air,No,False,Credit Card,9,New,Weekly,7,52.14,2815.56,0,High-value regulars
2190,38,35-44,Male,Wisconsin,Clothing,Blouse,XL,Brown,Fall,94,4.0,False,No,False,Express,No,False,Credit Card,47,Loyal,Bi-Weekly,14,26.07,2450.58,0,High-value regulars
2191,42,35-44,Male,Alaska,Accessories,Belt,S,Maroon,Spring,75,4.6,False,No,False,Express,No,False,Credit Card,33,Established,Annually,365,1.0,75.0,1,Steady mid-tier
2192,26,25-34,Male,Pennsylvania,Clothing,Blouse,S,Maroon,Summer,69,3.8,False,No,False,Next Day Air,No,False,Cash,46,Loyal,Bi-Weekly,14,26.07,1798.83,0,High-value regulars
2193,41,35-44,Male,Virginia,Accessories,Scarf,L,Yellow,Winter,35,3.2,False,No,False,Next Day Air,No,False,Credit Card,9,New,Monthly,30,12.17,425.95,1,Steady mid-tier
2194,27,25-34,Male,California,Clothing,Shirt,L,Turquoise,Spring,78,5.0,False,No,False,Express,No,False,PayPal,8,New,Monthly,30,12.17,949.26,1,Steady mid-tier
2195,61,55-64,Male,Kentucky,Clothing,Socks,M,Silver,Summer,29,3.5,False,No,False,Standard,No,False,Bank Transfer,48,Loyal,Quarterly,90,4.06,117.74,1,Steady mid-tier
2196,58,55-64,Male,New York,Clothing,Jeans,M,Brown,Fall,62,3.7,False,No,False,Next Day Air,No,False,Cash,2,New,Monthly,30,12.17,754.54,1,Steady mid-tier
2197,25,25-34,Male,Vermont,Clothing,Dress,M,Gray,Spring,58,4.8,False,No,False,Next Day Air,No,False,PayPal,31,Established,Weekly,7,52.14,3024.12,0,High-value regulars
2198,33,25-34,Male,Pennsylvania,Footwear,Boots,M,Indigo,Summer,88,3.7,False,No,False,2-Day Shipping,No,False,Venmo,40,Established,Monthly,30,12.17,1070.96,1,Steady mid-tier
2199,57,55-64,Male,New York,Accessories,Scarf,L,Turquoise,Summer,80,3.5,False,No,False,Free Shipping,No,False,Venmo,35,Established,Monthly,30,12.17,973.6,1,Steady mid-tier
2200,39,35-44,Male,North Carolina,Accessories,Scarf,M,Maroon,Summer,47,4.9,False,No,False,Store Pickup,No,False,Debit Card,40,Established,Monthly,30,12.17,571.99,1,Steady mid-tier
2201,60,55-64,Male,Wyoming,Accessories,Gloves,L,Charcoal,Summer,51,4.7,False,No,False,Next Day Air,No,False,Debit Card,27,Established,Every 3 Months,90,4.06,207.06,1,Steady mid-tier
2202,39,35-44,Male,Ohio,Clothing,Pants,L,Peach,Spring,25,4.9,False,No,False,2-Day Shipping,No,False,Venmo,10,New,Annually,365,1.0,25.0,1,Steady mid-tier
2203,42,35-44,Male,Alabama,Clothing,Dress,M,Red,Summer,36,4.3,False,No,False,Next Day Air,No,False,Credit Card,23,Developing,Weekly,7,52.14,1877.04,0,High-value regulars
2204,53,45-54,Male,Rhode Island,Clothing,Dress,M,Indigo,Winter,79,3.1,False,No,False,Free Shipping,No,False,Cash,32,Established,Quarterly,90,4.06,320.74,1,Steady mid-tier
2205,20,18-24,Male,Oregon,Clothing,Jeans,S,Lavender,Winter,41,3.4,False,No,False,2-Day Shipping,No,False,Debit Card,6,New,Monthly,30,12.17,498.97,1,Steady mid-tier
2206,46,45-54,Male,North Dakota,Clothing,Sweater,XL,Red,Fall,68,2.7,False,No,False,Express,No,False,PayPal,27,Established,Weekly,7,52.14,3545.52,0,High-value regulars
2207,46,45-54,Male,Illinois,Footwear,Sandals,L,Green,Spring,51,2.6,False,No,False,Store Pickup,No,False,Bank Transfer,25,Developing,Fortnightly,14,26.07,1329.57,1,Steady mid-tier
2208,69,65+,Male,New Mexico,Accessories,Handbag,M,Gray,Fall,38,2.9,False,No,False,Next Day Air,No,False,Credit Card,11,Developing,Annually,365,1.0,38.0,1,Steady mid-tier
2209,28,25-34,Male,Colorado,Accessories,Scarf,XL,Violet,Summer,46,2.7,False,No,False,2-Day Shipping,No,False,PayPal,23,Developing,Monthly,30,12.17,559.82,1,Steady mid-tier
2210,42,35-44,Male,Utah,Footwear,Sandals,XL,Beige,Summer,20,4.5,False,No,False,2-Day Shipping,No,False,Bank Transfer,44,Loyal,Quarterly,90,4.06,81.2,1,Steady mid-tier
2211,30,25-34,Male,Virginia,Accessories,Sunglasses,M,Orange,Summer,25,3.1,False,No,False,Store Pickup,No,False,PayPal,35,Established,Fortnightly,14,26.07,651.75,1,Steady mid-tier
2212,50,45-54,Male,Maine,Clothing,Sweater,L,Purple,Winter,89,3.2,False,No,False,Free Shipping,No,False,Debit Card,45,Loyal,Every 3 Months,90,4.06,361.34,1,Steady mid-tier
2213,59,55-64,Male,Nebraska,Clothing,Pants,M,Brown,Winter,77,3.3,False,No,False,Next Day Air,No,False,Bank Transfer,22,Developing,Quarterly,90,4.06,312.62,1,Steady mid-tier
2214,54,45-54,Male,Hawaii,Accessories,Hat,M,Maroon,Fall,94,2.9,False,No,False,Express,No,False,Debit Card,18,Developing,Quarterly,90,4.06,381.64,1,Steady mid-tier
2215,50,45-54,Male,Idaho,Accessories,Belt,L,Gold,Fall,100,4.1,False,No,False,Standard,No,False,Debit Card,20,Developing,Weekly,7,52.14,5214.0,0,High-value regulars
2216,25,25-34,Male,West Virginia,Footwear,Sandals,M,Indigo,Winter,96,2.7,False,No,False,Express,No,False,Credit Card,28,Established,Fortnightly,14,26.07,2502.72,0,High-value regulars
2217,41,35-44,Male,Vermont,Clothing,Pants,XL,Silver,Winter,36,4.0,False,No,False,Store Pickup,No,False,Venmo,15,Developing,Bi-Weekly,14,26.07,938.52,1,Steady mid-tier
2218,35,35-44,Male,Indiana,Accessories,Jewelry,XL,Red,Fall,27,2.6,False,No,False,Store Pickup,No,False,Bank Transfer,42,Loyal,Fortnightly,14,26.07,703.89,1,Steady mid-tier
2219,67,65+,Male,Idaho,Accessories,Sunglasses,M,Magenta,Winter,67,3.5,False,No,False,Store Pickup,No,False,Debit Card,20,Developing,Quarterly,90,4.06,272.02,1,Steady mid-tier
2220,33,25-34,Male,Minnesota,Clothing,Blouse,S,Purple,Fall,91,2.8,False,No,False,Store Pickup,No,False,Bank Transfer,16,Developing,Fortnightly,14,26.07,2372.37,0,High-value regulars
2221,19,18-24,Male,Wyoming,Accessories,Belt,XL,Beige,Fall,62,4.5,False,No,False,Store Pickup,No,False,Cash,47,Loyal,Annually,365,1.0,62.0,1,Steady mid-tier
2222,25,25-34,Male,Kansas,Clothing,Shorts,XL,White,Fall,88,3.0,False,No,False,Free Shipping,No,False,Credit Card,34,Established,Annually,365,1.0,88.0,1,Steady mid-tier
2223,32,25-34,Male,Georgia,Clothing,Pants,M,Teal,Summer,66,4.4,False,No,False,Store Pickup,No,False,Credit Card,30,Established,Weekly,7,52.14,3441.24,0,High-value regulars
2224,30,25-34,Male,Kansas,Footwear,Sandals,M,Gray,Fall,65,4.7,False,No,False,Next Day Air,No,False,PayPal,5,New,Quarterly,90,4.06,263.9,1,Steady mid-tier
2225,18,18-24,Male,Nebraska,Accessories,Gloves,L,Charcoal,Winter,25,4.3,False,No,False,Standard,No,False,Cash,38,Established,Quarterly,90,4.06,101.5,1,Steady mid-tier
2226,38,35-44,Male,Washington,Accessories,Belt,S,Olive,Spring,64,4.8,False,No,False,Free Shipping,No,False,Credit Card,18,Developing,Annually,365,1.0,64.0,1,Steady mid-tier
2227,22,18-24,Male,Missouri,Clothing,Shirt,L,Blue,Spring,72,4.8,False,No,False,Store Pickup,No,False,Cash,28,Established,Annually,365,1.0,72.0,1,Steady mid-tier
2228,40,35-44,Male,Washington,Accessories,Scarf,S,Gray,Summer,74,4.4,False,No,False,Next Day Air,No,False,Credit Card,42,Loyal,Fortnightly,14,26.07,1929.18,0,High-value regulars
2229,54,45-54,Male,Kansas,Accessories,Gloves,M,Green,Fall,50,3.7,False,No,False,Free Shipping,No,False,Credit Card,5,New,Weekly,7,52.14,2607.0,0,High-value regulars
2230,70,65+,Male,Minnesota,Clothing,Pants,M,Silver,Fall,97,3.9,False,No,False,Express,No,False,Venmo,50,Loyal,Monthly,30,12.17,1180.49,1,Steady mid-tier
2231,52,45-54,Male,Colorado,Footwear,Sneakers,S,Teal,Spring,36,3.8,False,No,False,Express,No,False,Venmo,33,Established,Fortnightly,14,26.07,938.52,1,Steady mid-tier
2232,34,25-34,Male,Utah,Outerwear,Jacket,M,Beige,Fall,49,4.1,False,No,False,Store Pickup,No,False,Credit Card,1,New,Weekly,7,52.14,2554.86,0,High-value regulars
2233,65,65+,Male,North Carolina,Footwear,Shoes,L,Lavender,Spring,64,4.0,False,No,False,Store Pickup,No,False,Cash,14,Developing,Fortnightly,14,26.07,1668.48,0,High-value regulars
2234,38,35-44,Male,Florida,Clothing,Blouse,XL,Gray,Summer,31,4.5,False,No,False,Express,No,False,Credit Card,48,Loyal,Monthly,30,12.17,377.27,1,Steady mid-tier
2235,35,35-44,Male,New Hampshire,Footwear,Boots,S,Yellow,Winter,66,4.0,False,No,False,Express,No,False,Cash,26,Established,Weekly,7,52.14,3441.24,0,High-value regulars
2236,40,35-44,Male,Illinois,Clothing,Socks,M,Gray,Spring,82,4.5,False,No,False,2-Day Shipping,No,False,Credit Card,44,Loyal,Annually,365,1.0,82.0,1,Steady mid-tier
2237,23,18-24,Male,Louisiana,Clothing,T-shirt,M,Yellow,Winter,88,2.7,False,No,False,Standard,No,False,Debit Card,18,Developing,Fortnightly,14,26.07,2294.16,0,High-value regulars
2238,45,45-54,Male,Alabama,Footwear,Sandals,S,Black,Summer,34,3.8,False,No,False,Next Day Air,No,False,Venmo,31,Established,Every 3 Months,90,4.06,138.04,1,Steady mid-tier
2239,40,35-44,Male,Florida,Footwear,Sneakers,L,Beige,Winter,84,3.8,False,No,False,Standard,No,False,Debit Card,18,Developing,Weekly,7,52.14,4379.76,0,High-value regulars
2240,42,35-44,Male,Alabama,Accessories,Jewelry,L,Indigo,Summer,96,3.8,False,No,False,2-Day Shipping,No,False,Credit Card,41,Loyal,Every 3 Months,90,4.06,389.76,1,Steady mid-tier
2241,57,55-64,Male,California,Footwear,Sandals,L,Green,Winter,71,4.3,False,No,False,Next Day Air,No,False,Debit Card,18,Developing,Every 3 Months,90,4.06,288.26,1,Steady mid-tier
2242,18,18-24,Male,Maryland,Outerwear,Jacket,M,Purple,Summer,77,3.5,False,No,False,Free Shipping,No,False,Bank Transfer,3,New,Bi-Weekly,14,26.07,2007.39,0,High-value regulars
2243,18,18-24,Male,Nevada,Clothing,Skirt,M,Orange,Spring,66,3.8,False,No,False,Next Day Air,No,False,Credit Card,5,New,Bi-Weekly,14,26.07,1720.62,0,High-value regulars
2244,56,55-64,Male,Massachusetts,Clothing,Shirt,M,Teal,Winter,21,3.7,False,No,False,2-Day Shipping,No,False,Debit Card,13,Developing,Annually,365,1.0,21.0,1,Steady mid-tier
2245,35,35-44,Male,South Carolina,Clothing,Shorts,M,Gold,Summer,37,4.8,False,No,False,2-Day Shipping,No,False,PayPal,22,Developing,Annually,365,1.0,37.0,1,Steady mid-tier
2246,49,45-54,Male,Delaware,Clothing,Socks,L,Gray,Fall,90,4.9,False,No,False,Free Shipping,No,False,PayPal,45,Loyal,Fortnightly,14,26.07,2346.3,0,High-value regulars
2247,49,45-54,Male,Hawaii,Outerwear,Jacket,M,Cyan,Fall,96,4.3,False,No,False,Store Pickup,No,False,PayPal,39,Established,Every 3 Months,90,4.06,389.76,1,Steady mid-tier
2248,34,25-34,Male,Florida,Accessories,Jewelry,L,Teal,Summer,37,4.4,False,No,False,Next Day Air,No,False,Venmo,18,Developing,Annually,365,1.0,37.0,1,Steady mid-tier
2249,63,55-64,Male,Rhode Island,Clothing,T-shirt,M,Violet,Winter,66,3.4,False,No,False,Free Shipping,No,False,PayPal,19,Developing,Fortnightly,14,26.07,1720.62,0,High-value regulars
2250,42,35-44,Male,Wyoming,Accessories,Gloves,XL,Indigo,Spring,45,4.3,False,No,False,Next Day Air,No,False,Debit Card,29,Established,Weekly,7,52.14,2346.3,0,High-value regulars
2251,41,35-44,Male,Colorado,Footwear,Shoes,L,Pink,Summer,89,4.6,False,No,False,Store Pickup,No,False,Credit Card,19,Developing,Weekly,7,52.14,4640.46,0,High-value regulars
2252,26,25-34,Male,Virginia,Footwear,Shoes,L,Gold,Fall,94,3.8,False,No,False,Free Shipping,No,False,Debit Card,22,Developing,Monthly,30,12.17,1143.98,1,Steady mid-tier
2253,48,45-54,Male,Nebraska,Footwear,Shoes,S,Maroon,Summer,96,3.9,False,No,False,Express,No,False,Bank Transfer,21,Developing,Annually,365,1.0,96.0,1,Steady mid-tier
2254,62,55-64,Male,Oklahoma,Clothing,Hoodie,M,Brown,Spring,31,2.6,False,No,False,Store Pickup,No,False,PayPal,22,Developing,Monthly,30,12.17,377.27,1,Steady mid-tier
2255,24,18-24,Male,North Dakota,Accessories,Belt,M,Gold,Winter,79,4.2,False,No,False,Store Pickup,No,False,PayPal,44,Loyal,Every 3 Months,90,4.06,320.74,1,Steady mid-tier
2256,48,45-54,Male,Michigan,Outerwear,Coat,L,Teal,Spring,39,4.6,False,No,False,Store Pickup,No,False,Bank Transfer,42,Loyal,Quarterly,90,4.06,158.34,1,Steady mid-tier
2257,31,25-34,Male,California,Clothing,Blouse,M,Turquoise,Fall,22,5.0,False,No,False,Standard,No,False,Credit Card,33,Established,Quarterly,90,4.06,89.32,1,Steady mid-tier
2258,41,35-44,Male,Tennessee,Clothing,Skirt,L,Olive,Fall,32,4.2,False,No,False,Standard,No,False,Bank Transfer,6,New,Annually,365,1.0,32.0,1,Steady mid-tier
2259,24,18-24,Male,Ohio,Clothing,T-shirt,L,Cyan,Winter,71,4.3,False,No,False,Store Pickup,No,False,Credit Card,44,Loyal,Every 3 Months,90,4.06,288.26,1,Steady mid-tier
2260,60,55-64,Male,Florida,Clothing,Jeans,XL,Beige,Spring,96,3.3,False,No,False,Free Shipping,No,False,Cash,24,Developing,Annually,365,1.0,96.0,1,Steady mid-tier
2261,38,35-44,Male,Missouri,Accessories,Scarf,M,Blue,Fall,82,4.9,False,No,False,Express,No,False,PayPal,16,Developing,Quarterly,90,4.06,332.92,1,Steady mid-tier
2262,58,55-64,Male,South Carolina,Accessories,Backpack,L,Gold,Spring,76,4.4,False,No,False,Standard,No,False,Bank Transfer,12,Developing,Fortnightly,14,26.07,1981.32,0,High-value regulars
2263,53,45-54,Male,Arizona,Accessories,Backpack,M,Green,Winter,22,3.1,False,No,False,2-Day Shipping,No,False,PayPal,50,Loyal,Monthly,30,12.17,267.74,1,Steady mid-tier
2264,44,35-44,Male,Indiana,Accessories,Scarf,XL,Green,Winter,40,3.5,False,No,False,Store Pickup,No,False,Cash,42,Loyal,Quarterly,90,4.06,162.4,1,Steady mid-tier
2265,51,45-54,Male,North Dakota,Accessories,Hat,M,Turquoise,Summer,92,3.9,False,No,False,2-Day Shipping,No,False,PayPal,50,Loyal,Monthly,30,12.17,1119.64,1,Steady mid-tier
2266,36,35-44,Male,Montana,Outerwear,Coat,XL,Yellow,Fall,94,3.9,False,No,False,Store Pickup,No,False,PayPal,10,New,Quarterly,90,4.06,381.64,1,Steady mid-tier
2267,20,18-24,Male,Missouri,Clothing,Dress,M,Yellow,Fall,44,4.3,False,No,False,Store Pickup,No,False,Debit Card,32,Established,Weekly,7,52.14,2294.16,0,High-value regulars
2268,32,25-34,Male,Kentucky,Accessories,Gloves,S,Blue,Spring,49,3.8,False,No,False,Express,No,False,Venmo,37,Established,Weekly,7,52.14,2554.86,0,High-value regulars
2269,66,65+,Male,Georgia,Clothing,Sweater,L,Charcoal,Spring,26,2.7,False,No,False,2-Day Shipping,No,False,Bank Transfer,15,Developing,Monthly,30,12.17,316.42,1,Steady mid-tier
2270,49,45-54,Male,Kentucky,Clothing,Skirt,M,Yellow,Fall,38,4.4,False,No,False,Store Pickup,No,False,Credit Card,27,Established,Annually,365,1.0,38.0,1,Steady mid-tier
2271,27,25-34,Male,Georgia,Clothing,Blouse,L,Purple,Spring,72,3.5,False,No,False,Express,No,False,Venmo,7,New,Weekly,7,52.14,3754.08,0,High-value regulars
2272,29,25-34,Male,Alaska,Clothing,Dress,M,Green,Summer,99,3.4,False,No,False,Free Shipping,No,False,PayPal,49,Loyal,Quarterly,90,4.06,401.94,1,Steady mid-tier
2273,29,25-34,Male,Maine,Outerwear,Jacket,L,Charcoal,Spring,38,4.0,False,No,False,Standard,No,False,PayPal,44,Loyal,Monthly,30,12.17,462.46,1,Steady mid-tier
2274,55,55-64,Male,New Mexico,Outerwear,Coat,L,Silver,Winter,96,4.8,False,No,False,Express,No,False,PayPal,13,Developing,Bi-Weekly,14,26.07,2502.72,0,High-value regulars
2275,57,55-64,Male,New York,Clothing,Dress,L,Turquoise,Spring,27,4.5,False,No,False,Next Day Air,No,False,PayPal,38,Established,Fortnightly,14,26.07,703.89,1,Steady mid-tier
2276,29,25-34,Male,Oklahoma,Clothing,Shorts,M,Gray,Winter,24,4.4,False,No,False,Standard,No,False,Debit Card,10,New,Weekly,7,52.14,1251.36,0,High-value regulars
2277,31,25-34,Male,Wyoming,Clothing,Jeans,L,Red,Summer,82,4.1,False,No,False,2-Day Shipping,No,False,Debit Card,25,Developing,Weekly,7,52.14,4275.48,0,High-value regulars
2278,25,25-34,Male,Alabama,Accessories,Hat,M,Beige,Summer,56,4.6,False,No,False,Next Day Air,No,False,Credit Card,18,Developing,Quarterly,90,4.06,227.36,1,Steady mid-tier
2279,61,55-64,Male,Maryland,Accessories,Gloves,M,Maroon,Fall,25,3.8,False,No,False,Store Pickup,No,False,Cash,6,New,Every 3 Months,90,4.06,101.5,1,Steady mid-tier
2280,53,45-54,Male,West Virginia,Footwear,Sneakers,L,Indigo,Spring,67,2.9,False,No,False,Free Shipping,No,False,Bank Transfer,35,Established,Quarterly,90,4.06,272.02,1,Steady mid-tier
2281,22,18-24,Male,Kentucky,Footwear,Shoes,M,Red,Summer,21,2.8,False,No,False,Standard,No,False,Credit Card,31,Established,Fortnightly,14,26.07,547.47,1,Steady mid-tier
2282,28,25-34,Male,Kansas,Clothing,Hoodie,XL,Maroon,Summer,27,3.0,False,No,False,Store Pickup,No,False,Bank Transfer,41,Loyal,Annually,365,1.0,27.0,1,Steady mid-tier
2283,18,18-24,Male,Idaho,Footwear,Sneakers,S,Red,Fall,97,4.2,False,No,False,2-Day Shipping,No,False,Credit Card,8,New,Annually,365,1.0,97.0,1,Steady mid-tier
2284,44,35-44,Male,Ohio,Accessories,Handbag,S,Black,Winter,45,4.1,False,No,False,Free Shipping,No,False,Credit Card,34,Established,Fortnightly,14,26.07,1173.15,1,Steady mid-tier
2285,32,25-34,Male,Iowa,Clothing,Blouse,XL,Black,Fall,63,4.1,False,No,False,Express,No,False,Venmo,20,Developing,Annually,365,1.0,63.0,1,Steady mid-tier
2286,34,25-34,Male,Michigan,Accessories,Belt,L,Pink,Summer,100,4.6,False,No,False,2-Day Shipping,No,False,PayPal,38,Established,Every 3 Months,90,4.06,406.0,1,Steady mid-tier
2287,67,65+,Male,South Dakota,Clothing,Socks,L,Blue,Spring,38,2.5,False,No,False,Store Pickup,No,False,Venmo,35,Established,Quarterly,90,4.06,154.28,1,Steady mid-tier
2288,66,65+,Male,Nebraska,Clothing,Blouse,L,Green,Summer,45,3.0,False,No,False,Store Pickup,No,False,Debit Card,6,New,Annually,365,1.0,45.0,1,Steady mid-tier
2289,28,25-34,Male,California,Accessories,Jewelry,M,Orange,Fall,91,3.8,False,No,False,Next Day Air,No,False,PayPal,50,Loyal,Weekly,7,52.14,4744.74,0,High-value regulars
2290,70,65+,Male,Nevada,Clothing,Shorts,M,Orange,Fall,82,4.1,False,No,False,Free Shipping,No,False,Venmo,47,Loyal,Weekly,7,52.14,4275.48,0,High-value regulars
2291,37,35-44,Male,Kansas,Footwear,Boots,L,Magenta,Winter,48,3.3,False,No,False,Standard,No,False,PayPal,23,Developing,Quarterly,90,4.06,194.88,1,Steady mid-tier
2292,28,25-34,Male,Ohio,Outerwear,Coat,M,Indigo,Spring,30,5.0,False,No,False,2-Day Shipping,No,False,Credit Card,13,Developing,Quarterly,90,4.06,121.8,1,Steady mid-tier
2293,43,35-44,Male,Vermont,Clothing,T-shirt,S,Beige,Spring,34,3.8,False,No,False,Next Day Air,No,False,Debit Card,31,Established,Monthly,30,12.17,413.78,1,Steady mid-tier
2294,37,35-44,Male,Georgia,Clothing,Sweater,L,Green,Fall,68,3.3,False,No,False,Express,No,False,Debit Card,16,Developing,Every 3 Months,90,4.06,276.08,1,Steady mid-tier
2295,54,45-54,Male,Maryland,Accessories,Sunglasses,M,Red,Winter,95,5.0,False,No,False,Express,No,False,Debit Card,40,Established,Annually,365,1.0,95.0,1,Steady mid-tier
2296,50,45-54,Male,Connecticut,Accessories,Hat,L,Beige,Spring,22,2.9,False,No,False,2-Day Shipping,No,False,PayPal,45,Loyal,Quarterly,90,4.06,89.32,1,Steady mid-tier
2297,46,45-54,Male,Washington,Accessories,Gloves,M,Green,Fall,88,2.5,False,No,False,Next Day Air,No,False,Venmo,50,Loyal,Every 3 Months,90,4.06,357.28,1,Steady mid-tier
2298,60,55-64,Male,California,Clothing,Socks,M,Orange,Summer,83,4.7,False,No,False,Standard,No,False,Bank Transfer,1,New,Quarterly,90,4.06,336.98,1,Steady mid-tier
2299,40,35-44,Male,Montana,Accessories,Handbag,L,Cyan,Spring,87,2.9,False,No,False,2-Day Shipping,No,False,Cash,10,New,Every 3 Months,90,4.06,353.22,1,Steady mid-tier
2300,64,55-64,Male,Idaho,Outerwear,Coat,M,Violet,Summer,57,3.7,False,No,False,Store Pickup,No,False,Credit Card,48,Loyal,Every 3 Months,90,4.06,231.42,1,Steady mid-tier
2301,18,18-24,Male,Pennsylvania,Outerwear,Coat,XL,Lavender,Summer,88,4.4,False,No,False,2-Day Shipping,No,False,Credit Card,38,Established,Monthly,30,12.17,1070.96,1,Steady mid-tier
2302,37,35-44,Male,Maine,Clothing,Pants,L,Turquoise,Winter,20,2.9,False,No,False,Next Day Air,No,False,Debit Card,21,Developing,Annually,365,1.0,20.0,1,Steady mid-tier
2303,36,35-44,Male,Montana,Accessories,Belt,L,Pink,Summer,39,3.6,False,No,False,Store Pickup,No,False,Venmo,38,Established,Monthly,30,12.17,474.63,1,Steady mid-tier
2304,51,45-54,Male,New Jersey,Accessories,Sunglasses,S,Beige,Spring,71,4.8,False,No,False,2-Day Shipping,No,False,Credit Card,31,Established,Fortnightly,14,26.07,1850.97,0,High-value regulars
2305,26,25-34,Male,Louisiana,Clothing,Hoodie,L,Silver,Winter,73,4.7,False,No,False,Free Shipping,No,False,Debit Card,9,New,Fortnightly,14,26.07,1903.11,0,High-value regulars
2306,68,65+,Male,Maine,Accessories,Handbag,M,Gold,Summer,63,2.6,False,No,False,Free Shipping,No,False,Cash,47,Loyal,Weekly,7,52.14,3284.82,0,High-value regulars
2307,27,25-34,Male,Florida,Accessories,Gloves,L,Silver,Winter,78,3.4,False,No,False,Standard,No,False,Cash,8,New,Bi-Weekly,14,26.07,2033.46,0,High-value regulars
2308,28,25-34,Male,Missouri,Clothing,Skirt,L,Green,Fall,96,3.5,False,No,False,Next Day Air,No,False,Debit Card,30,Established,Annually,365,1.0,96.0,1,Steady mid-tier
2309,49,45-54,Male,North Dakota,Accessories,Sunglasses,M,Teal,Winter,81,3.4,False,No,False,2-Day Shipping,No,False,Bank Transfer,22,Developing,Quarterly,90,4.06,328.86,1,Steady mid-tier
2310,70,65+,Male,Connecticut,Clothing,Dress,S,Gold,Fall,95,5.0,False,No,False,2-Day Shipping,No,False,Bank Transfer,3,New,Quarterly,90,4.06,385.7,1,Steady mid-tier
2311,30,25-34,Male,Virginia,Accessories,Gloves,M,Cyan,Spring,68,4.6,False,No,False,Standard,No,False,PayPal,15,Developing,Monthly,30,12.17,827.56,1,Steady mid-tier
2312,27,25-34,Male,Montana,Footwear,Sneakers,L,Gold,Spring,28,4.8,False,No,False,2-Day Shipping,No,False,Bank Transfer,10,New,Every 3 Months,90,4.06,113.68,1,Steady mid-tier
2313,19,18-24,Male,Vermont,Clothing,T-shirt,L,Violet,Summer,30,3.7,False,No,False,Free Shipping,No,False,Cash,19,Developing,Every 3 Months,90,4.06,121.8,1,Steady mid-tier
2314,64,55-64,Male,Georgia,Clothing,Dress,M,Black,Summer,31,4.7,False,No,False,Next Day Air,No,False,Bank Transfer,36,Established,Fortnightly,14,26.07,808.17,1,Steady mid-tier
2315,42,35-44,Male,Virginia,Accessories,Handbag,XL,Brown,Winter,95,4.4,False,No,False,Express,No,False,Bank Transfer,12,Developing,Every 3 Months,90,4.06,385.7,1,Steady mid-tier
2316,69,65+,Male,Vermont,Clothing,Socks,M,Indigo,Winter,79,3.5,False,No,False,2-Day Shipping,No,False,Debit Card,49,Loyal,Quarterly,90,4.06,320.74,1,Steady mid-tier
2317,28,25-34,Male,Montana,Footwear,Sneakers,L,Yellow,Winter,39,3.8,False,No,False,Standard,No,False,Debit Card,7,New,Annually,365,1.0,39.0,1,Steady mid-tier
2318,47,45-54,Male,New Jersey,Outerwear,Jacket,M,Purple,Summer,34,4.7,False,No,False,Next Day Air,No,False,Bank Transfer,28,Established,Monthly,30,12.17,413.78,1,Steady mid-tier
2319,69,65+,Male,Wyoming,Clothing,Hoodie,L,White,Spring,28,3.1,False,No,False,Store Pickup,No,False,Credit Card,30,Established,Annually,365,1.0,28.0,1,Steady mid-tier
2320,56,55-64,Male,Maine,Footwear,Sandals,XL,Turquoise,Winter,38,5.0,False,No,False,Free Shipping,No,False,PayPal,29,Established,Monthly,30,12.17,462.46,1,Steady mid-tier
2321,28,25-34,Male,New Mexico,Footwear,Shoes,M,Olive,Spring,55,3.7,False,No,False,Free Shipping,No,False,Debit Card,9,New,Every 3 Months,90,4.06,223.3,1,Steady mid-tier
2322,50,45-54,Male,Colorado,Footwear,Sandals,M,Beige,Winter,31,3.0,False,No,False,Next Day Air,No,False,Debit Card,27,Established,Fortnightly,14,26.07,808.17,1,Steady mid-tier
2323,39,35-44,Male,Connecticut,Outerwear,Coat,S,Lavender,Spring,84,4.5,False,No,False,Store Pickup,No,False,Venmo,21,Developing,Fortnightly,14,26.07,2189.88,0,High-value regulars
2324,35,35-44,Male,Maryland,Accessories,Gloves,L,White,Winter,93,4.7,False,No,False,Express,No,False,Credit Card,36,Established,Monthly,30,12.17,1131.81,1,Steady mid-tier
2325,59,55-64,Male,Oregon,Outerwear,Coat,L,Brown,Winter,28,3.5,False,No,False,Free Shipping,No,False,Debit Card,19,Developing,Annually,365,1.0,28.0,1,Steady mid-tier
2326,44,35-44,Male,New York,Footwear,Boots,M,Charcoal,Summer,55,4.4,False,No,False,2-Day Shipping,No,False,Cash,47,Loyal,Weekly,7,52.14,2867.7,0,High-value regulars
2327,66,65+,Male,Oklahoma,Clothing,Skirt,L,Maroon,Winter,63,2.6,False,No,False,Standard,No,False,Bank Transfer,38,Established,Annually,365,1.0,63.0,1,Steady mid-tier
2328,20,18-24,Male,Alabama,Clothing,Skirt,M,Red,Winter,94,4.2,False,No,False,2-Day Shipping,No,False,Venmo,22,Developing,Bi-Weekly,14,26.07,2450.58,0,High-value regulars
2329,45,45-54,Male,North Dakota,Clothing,Pants,M,Maroon,Fall,36,2.6,False,No,False,Express,No,False,Venmo,29,Established,Bi-Weekly,14,26.07,938.52,1,Steady mid-tier
2330,49,45-54,Male,Nebraska,Accessories,Hat,S,Teal,Spring,97,4.8,False,No,False,Free Shipping,No,False,Bank Transfer,42,Loyal,Annually,365,1.0,97.0,1,Steady mid-tier
2331,60,55-64,Male,Arizona,Accessories,Backpack,L,Orange,Summer,63,2.9,False,No,False,Store Pickup,No,False,PayPal,47,Loyal,Every 3 Months,90,4.06,255.78,1,Steady mid-tier
2332,61,55-64,Male,Illinois,Accessories,Scarf,S,Olive,Spring,77,4.3,False,No,False,2-Day Shipping,No,False,Credit Card,10,New,Bi-Weekly,14,26.07,2007.39,0,High-value regulars
2333,36,35-44,Male,South Carolina,Accessories,Scarf,XL,Olive,Fall,53,2.6,False,No,False,Store Pickup,No,False,Venmo,10,New,Monthly,30,12.17,645.01,1,Steady mid-tier
2334,33,25-34,Male,Kansas,Clothing,Shirt,M,Beige,Spring,77,3.8,False,No,False,Next Day Air,No,False,PayPal,1,New,Every 3 Months,90,4.06,312.62,1,Steady mid-tier
2335,49,45-54,Male,Kansas,Footwear,Boots,L,Green,Summer,79,4.2,False,No,False,Standard,No,False,Credit Card,7,New,Monthly,30,12.17,961.43,1,Steady mid-tier
2336,31,25-34,Male,Idaho,Outerwear,Coat,M,Black,Summer,37,3.9,False,No,False,Store Pickup,No,False,Venmo,10,New,Fortnightly,14,26.07,964.59,1,Steady mid-tier
2337,19,18-24,Male,California,Accessories,Belt,M,Green,Winter,94,3.1,False,No,False,Free Shipping,No,False,Credit Card,11,Developing,Weekly,7,52.14,4901.16,0,High-value regulars
2338,39,35-44,Male,North Dakota,Footwear,Boots,S,Violet,Fall,76,3.6,False,No,False,Store Pickup,No,False,Cash,5,New,Annually,365,1.0,76.0,1,Steady mid-tier
2339,66,65+,Male,Georgia,Footwear,Sneakers,S,Silver,Fall,68,4.0,False,No,False,Express,No,False,PayPal,21,Developing,Quarterly,90,4.06,276.08,1,Steady mid-tier
2340,25,25-34,Male,Illinois,Clothing,Shirt,L,Maroon,Spring,65,3.4,False,No,False,Next Day Air,No,False,Bank Transfer,24,Developing,Quarterly,90,4.06,263.9,1,Steady mid-tier
2341,63,55-64,Male,Delaware,Clothing,Blouse,M,Cyan,Summer,24,2.6,False,No,False,Standard,No,False,Credit Card,37,Established,Fortnightly,14,26.07,625.68,1,Steady mid-tier
2342,56,55-64,Male,Connecticut,Outerwear,Jacket,L,Teal,Summer,31,4.5,False,No,False,Express,No,False,Venmo,22,Developing,Every 3 Months,90,4.06,125.86,1,Steady mid-tier
2343,20,18-24,Male,Tennessee,Clothing,Skirt,M,Olive,Fall,89,4.9,False,No,False,Standard,No,False,Debit Card,16,Developing,Fortnightly,14,26.07,2320.23,0,High-value regulars
2344,58,55-64,Male,Maryland,Clothing,Socks,M,Red,Summer,49,4.4,False,No,False,2-Day Shipping,No,False,PayPal,44,Loyal,Monthly,30,12.17,596.33,1,Steady mid-tier
2345,34,25-34,Male,Rhode Island,Footwear,Sandals,XL,Lavender,Fall,92,3.5,False,No,False,Express,No,False,Venmo,14,Developing,Bi-Weekly,14,26.07,2398.44,0,High-value regulars
2346,28,25-34,Male,New York,Clothing,T-shirt,S,Orange,Winter,32,3.3,False,No,False,Express,No,False,Bank Transfer,23,Developing,Every 3 Months,90,4.06,129.92,1,Steady mid-tier
2347,22,18-24,Male,New Mexico,Outerwear,Jacket,L,Brown,Winter,67,3.1,False,No,False,Standard,No,False,Debit Card,46,Loyal,Fortnightly,14,26.07,1746.69,0,High-value regulars
2348,37,35-44,Male,California,Accessories,Belt,S,Gray,Fall,64,4.2,False,No,False,Express,No,False,Cash,46,Loyal,Every 3 Months,90,4.06,259.84,1,Steady mid-tier
2349,54,45-54,Male,Maine,Footwear,Shoes,M,Orange,Spring,84,4.9,False,No,False,Next Day Air,No,False,PayPal,16,Developing,Every 3 Months,90,4.06,341.04,1,Steady mid-tier
2350,65,65+,Male,New York,Clothing,Blouse,M,Orange,Fall,34,3.9,False,No,False,Standard,No,False,Credit Card,40,Established,Every 3 Months,90,4.06,138.04,1,Steady mid-tier
2351,57,55-64,Male,Hawaii,Footwear,Shoes,M,Turquoise,Winter,26,4.2,False,No,False,Free Shipping,No,False,Cash,21,Developing,Annually,365,1.0,26.0,1,Steady mid-tier
2352,38,35-44,Male,New Hampshire,Clothing,Sweater,S,Cyan,Fall,50,4.9,False,No,False,Store Pickup,No,False,PayPal,25,Developing,Bi-Weekly,14,26.07,1303.5,1,Steady mid-tier
2353,70,65+,Male,Nebraska,Footwear,Boots,M,Yellow,Fall,46,2.8,False,No,False,Store Pickup,No,False,Bank Transfer,25,Developing,Quarterly,90,4.06,186.76,1,Steady mid-tier
2354,56,55-64,Male,Montana,Accessories,Handbag,M,White,Fall,71,4.1,False,No,False,Standard,No,False,Debit Card,25,Developing,Every 3 Months,90,4.06,288.26,1,Steady mid-tier
2355,56,55-64,Male,Wisconsin,Clothing,Blouse,M,Blue,Summer,78,4.8,False,No,False,Next Day Air,No,False,Venmo,27,Established,Monthly,30,12.17,949.26,1,Steady mid-tier
2356,22,18-24,Male,Tennessee,Clothing,Skirt,S,Purple,Winter,35,4.1,False,No,False,Next Day Air,No,False,Cash,12,Developing,Monthly,30,12.17,425.95,1,Steady mid-tier
2357,57,55-64,Male,Montana,Accessories,Backpack,M,Gray,Summer,58,3.0,False,No,False,Free Shipping,No,False,Debit Card,27,Established,Quarterly,90,4.06,235.48,1,Steady mid-tier
2358,53,45-54,Male,Michigan,Clothing,Shirt,L,Cyan,Fall,67,4.2,False,No,False,2-Day Shipping,No,False,Credit Card,40,Established,Bi-Weekly,14,26.07,1746.69,0,High-value regulars
2359,53,45-54,Male,Texas,Clothing,Sweater,L,Pink,Spring,93,3.8,False,No,False,Standard,No,False,Credit Card,38,Established,Quarterly,90,4.06,377.58,1,Steady mid-tier
2360,19,18-24,Male,Pennsylvania,Accessories,Scarf,S,Gold,Spring,81,3.3,False,No,False,2-Day Shipping,No,False,Bank Transfer,44,Loyal,Every 3 Months,90,4.06,328.86,1,Steady mid-tier
2361,49,45-54,Male,New York,Accessories,Handbag,L,Silver,Fall,80,4.7,False,No,False,2-Day Shipping,No,False,Venmo,27,Established,Every 3 Months,90,4.06,324.8,1,Steady mid-tier
2362,44,35-44,Male,Alabama,Accessories,Scarf,M,Gray,Spring,64,4.3,False,No,False,2-Day Shipping,No,False,Credit Card,30,Established,Every 3 Months,90,4.06,259.84,1,Steady mid-tier
2363,27,25-34,Male,Virginia,Clothing,Jeans,M,Brown,Fall,41,2.7,False,No,False,Standard,No,False,Credit Card,24,Developing,Monthly,30,12.17,498.97,1,Steady mid-tier
2364,60,55-64,Male,Pennsylvania,Clothing,Socks,XL,Pink,Winter,79,4.2,False,No,False,Express,No,False,Cash,38,Established,Bi-Weekly,14,26.07,2059.53,0,High-value regulars
2365,62,55-64,Male,Mississippi,Accessories,Sunglasses,L,Maroon,Winter,60,4.2,False,No,False,Free Shipping,No,False,PayPal,4,New,Quarterly,90,4.06,243.6,1,Steady mid-tier
2366,52,45-54,Male,Wyoming,Footwear,Sneakers,S,Peach,Winter,91,2.5,False,No,False,Next Day Air,No,False,Venmo,32,Established,Monthly,30,12.17,1107.47,1,Steady mid-tier
2367,30,25-34,Male,New Mexico,Footwear,Shoes,L,Brown,Winter,66,3.6,False,No,False,Express,No,False,Credit Card,32,Established,Fortnightly,14,26.07,1720.62,0,High-value regulars
2368,66,65+,Male,North Dakota,Clothing,Socks,L,Green,Winter,85,3.4,False,No,False,Standard,No,False,Bank Transfer,28,Established,Bi-Weekly,14,26.07,2215.95,0,High-value regulars
2369,29,25-34,Male,New Jersey,Accessories,Sunglasses,M,Lavender,Summer,38,3.3,False,No,False,Standard,No,False,Debit Card,6,New,Every 3 Months,90,4.06,154.28,1,Steady mid-tier
2370,24,18-24,Male,Vermont,Clothing,Sweater,M,Cyan,Winter,23,4.6,False,No,False,Standard,No,False,PayPal,24,Developing,Monthly,30,12.17,279.91,1,Steady mid-tier
2371,51,45-54,Male,Alaska,Footwear,Shoes,M,Black,Spring,71,3.9,False,No,False,Store Pickup,No,False,Venmo,38,Established,Weekly,7,52.14,3701.94,0,High-value regulars
2372,67,65+,Male,Indiana,Clothing,Socks,M,Charcoal,Winter,25,3.7,False,No,False,Next Day Air,No,False,Debit Card,28,Established,Annually,365,1.0,25.0,1,Steady mid-tier
2373,50,45-54,Male,Alabama,Footwear,Boots,XL,Silver,Spring,39,3.1,False,No,False,Express,No,False,PayPal,9,New,Fortnightly,14,26.07,1016.73,1,Steady mid-tier
2374,37,35-44,Male,Michigan,Clothing,Hoodie,M,Gray,Spring,20,4.9,False,No,False,Express,No,False,Debit Card,21,Developing,Every 3 Months,90,4.06,81.2,1,Steady mid-tier
2375,69,65+,Male,Washington,Accessories,Gloves,L,Peach,Winter,73,4.7,False,No,False,Standard,No,False,Debit Card,31,Established,Monthly,30,12.17,888.41,1,Steady mid-tier
2376,60,55-64,Male,Virginia,Accessories,Backpack,L,Peach,Fall,63,2.9,False,No,False,Next Day Air,No,False,Credit Card,18,Developing,Quarterly,90,4.06,255.78,1,Steady mid-tier
2377,21,18-24,Male,Tennessee,Accessories,Gloves,XL,Cyan,Spring,94,4.1,False,No,False,Express,No,False,Cash,5,New,Weekly,7,52.14,4901.16,0,High-value regulars
2378,44,35-44,Male,South Dakota,Clothing,Blouse,L,Magenta,Fall,94,4.0,False,No,False,Next Day Air,No,False,Cash,22,Developing,Annually,365,1.0,94.0,1,Steady mid-tier
2379,26,25-34,Male,New Hampshire,Accessories,Scarf,L,Teal,Summer,71,2.7,False,No,False,Store Pickup,No,False,PayPal,37,Established,Bi-Weekly,14,26.07,1850.97,0,High-value regulars
2380,40,35-44,Male,South Dakota,Accessories,Hat,M,Peach,Spring,77,4.0,False,No,False,2-Day Shipping,No,False,Debit Card,22,Developing,Monthly,30,12.17,937.09,1,Steady mid-tier
2381,41,35-44,Male,Pennsylvania,Accessories,Scarf,M,Black,Fall,66,2.5,False,No,False,Next Day Air,No,False,PayPal,36,Established,Fortnightly,14,26.07,1720.62,0,High-value regulars
2382,62,55-64,Male,Wisconsin,Footwear,Sandals,M,Teal,Summer,23,4.5,False,No,False,Free Shipping,No,False,PayPal,23,Developing,Annually,365,1.0,23.0,1,Steady mid-tier
2383,39,35-44,Male,California,Clothing,Sweater,M,Turquoise,Spring,60,3.9,False,No,False,Express,No,False,Debit Card,44,Loyal,Weekly,7,52.14,3128.4,0,High-value regulars
2384,53,45-54,Male,Rhode Island,Accessories,Backpack,L,Gold,Spring,72,4.9,False,No,False,2-Day Shipping,No,False,Bank Transfer,25,Developing,Annually,365,1.0,72.0,1,Steady mid-tier
2385,24,18-24,Male,Alabama,Clothing,Blouse,L,Green,Winter,35,3.3,False,No,False,2-Day Shipping,No,False,PayPal,40,Established,Quarterly,90,4.06,142.1,1,Steady mid-tier
2386,41,35-44,Male,Oklahoma,Accessories,Scarf,M,Brown,Fall,31,3.8,False,No,False,Express,No,False,PayPal,12,Developing,Weekly,7,52.14,1616.34,0,High-value regulars
2387,19,18-24,Male,Illinois,Clothing,Socks,L,Blue,Summer,33,2.9,False,No,False,Standard,No,False,Venmo,14,Developing,Monthly,30,12.17,401.61,1,Steady mid-tier
2388,36,35-44,Male,Tennessee,Accessories,Hat,M,Gold,Summer,95,4.0,False,No,False,2-Day Shipping,No,False,Debit Card,14,Developing,Monthly,30,12.17,1156.15,1,Steady mid-tier
2389,21,18-24,Male,Alabama,Clothing,Dress,M,Peach,Fall,68,4.1,False,No,False,Store Pickup,No,False,Debit Card,10,New,Annually,365,1.0,68.0,1,Steady mid-tier
2390,25,25-34,Male,Kansas,Outerwear,Coat,M,Violet,Spring,87,3.1,False,No,False,Store Pickup,No,False,Bank Transfer,17,Developing,Every 3 Months,90,4.06,353.22,1,Steady mid-tier
2391,65,65+,Male,Arizona,Clothing,Shirt,XL,Yellow,Winter,64,4.6,False,No,False,Express,No,False,Debit Card,24,Developing,Fortnightly,14,26.07,1668.48,0,High-value regulars
2392,42,35-44,Male,Michigan,Clothing,Shirt,M,Black,Winter,74,4.6,False,No,False,Next Day Air,No,False,Bank Transfer,31,Established,Quarterly,90,4.06,300.44,1,Steady mid-tier
2393,40,35-44,Male,Missouri,Clothing,Jeans,L,Silver,Spring,62,2.6,False,No,False,2-Day Shipping,No,False,Cash,36,Established,Annually,365,1.0,62.0,1,Steady mid-tier
2394,58,55-64,Male,Louisiana,Clothing,Socks,M,Brown,Winter,97,5.0,False,No,False,2-Day Shipping,No,False,PayPal,38,Established,Every 3 Months,90,4.06,393.82,1,Steady mid-tier
2395,40,35-44,Male,Connecticut,Footwear,Sandals,L,Peach,Fall,47,2.9,False,No,False,2-Day Shipping,No,False,Debit Card,23,Developing,Fortnightly,14,26.07,1225.29,1,Steady mid-tier
2396,62,55-64,Male,Connecticut,Clothing,Blouse,M,Cyan,Winter,83,3.5,False,No,False,2-Day Shipping,No,False,PayPal,47,Loyal,Bi-Weekly,14,26.07,2163.81,0,High-value regulars
2397,38,35-44,Male,Oregon,Clothing,Shirt,M,Olive,Spring,82,3.7,False,No,False,2-Day Shipping,No,False,Venmo,20,Developing,Weekly,7,52.14,4275.48,0,High-value regulars
2398,37,35-44,Male,West Virginia,Accessories,Sunglasses,L,Black,Fall,26,2.9,False,No,False,Store Pickup,No,False,Venmo,41,Loyal,Monthly,30,12.17,316.42,1,Steady mid-tier
2399,65,65+,Male,Florida,Outerwear,Jacket,M,Orange,Winter,81,4.3,False,No,False,Free Shipping,No,False,Bank Transfer,44,Loyal,Fortnightly,14,26.07,2111.67,0,High-value regulars
2400,55,55-64,Male,New Hampshire,Clothing,Dress,L,Beige,Spring,44,3.2,False,No,False,Store Pickup,No,False,Cash,31,Established,Monthly,30,12.17,535.48,1,Steady mid-tier
2401,43,35-44,Male,Oregon,Accessories,Sunglasses,M,Peach,Winter,88,4.2,False,No,False,Next Day Air,No,False,Credit Card,11,Developing,Bi-Weekly,14,26.07,2294.16,0,High-value regulars
2402,43,35-44,Male,Oregon,Footwear,Boots,M,Pink,Winter,76,4.2,False,No,False,Standard,No,False,PayPal,25,Developing,Bi-Weekly,14,26.07,1981.32,0,High-value regulars
2403,45,45-54,Male,Utah,Accessories,Scarf,M,Brown,Winter,89,3.8,False,No,False,Free Shipping,No,False,Cash,31,Established,Weekly,7,52.14,4640.46,0,High-value regulars
2404,64,55-64,Male,Missouri,Clothing,Shorts,M,Magenta,Fall,22,4.4,False,No,False,Standard,No,False,Debit Card,40,Established,Weekly,7,52.14,1147.08,0,High-value regulars
2405,28,25-34,Male,West Virginia,Clothing,Shorts,L,Cyan,Winter,33,3.1,False,No,False,2-Day Shipping,No,False,Credit Card,23,Developing,Bi-Weekly,14,26.07,860.31,1,Steady mid-tier
2406,69,65+,Male,California,Clothing,Jeans,XL,Silver,Fall,97,5.0,False,No,False,Standard,No,False,Debit Card,5,New,Quarterly,90,4.06,393.82,1,Steady mid-tier
2407,54,45-54,Male,California,Accessories,Scarf,M,Indigo,Winter,57,4.7,False,No,False,Standard,No,False,PayPal,26,Established,Weekly,7,52.14,2971.98,0,High-value regulars
2408,52,45-54,Male,Illinois,Clothing,Shorts,M,Beige,Summer,38,3.0,False,No,False,Express,No,False,Credit Card,11,Developing,Bi-Weekly,14,26.07,990.66,1,Steady mid-tier
2409,23,18-24,Male,Hawaii,Footwear,Sneakers,XL,Black,Fall,55,4.2,False,No,False,Next Day Air,No,False,Debit Card,44,Loyal,Every 3 Months,90,4.06,223.3,1,Steady mid-tier
2410,26,25-34,Male,Washington,Accessories,Jewelry,L,Yellow,Spring,37,3.0,False,No,False,Store Pickup,No,False,Cash,47,Loyal,Every 3 Months,90,4.06,150.22,1,Steady mid-tier
2411,48,45-54,Male,Wisconsin,Footwear,Shoes,M,Maroon,Summer,43,3.7,False,No,False,Free Shipping,No,False,PayPal,46,Loyal,Monthly,30,12.17,523.31,1,Steady mid-tier
2412,49,45-54,Male,Virginia,Clothing,Hoodie,M,Cyan,Summer,96,2.7,False,No,False,Free Shipping,No,False,Cash,35,Established,Every 3 Months,90,4.06,389.76,1,Steady mid-tier
2413,53,45-54,Male,Oregon,Outerwear,Jacket,M,Pink,Winter,51,4.3,False,No,False,2-Day Shipping,No,False,Bank Transfer,8,New,Bi-Weekly,14,26.07,1329.57,1,Steady mid-tier
2414,69,65+,Male,Pennsylvania,Clothing,Shorts,XL,Violet,Fall,95,2.7,False,No,False,2-Day Shipping,No,False,Bank Transfer,30,Established,Weekly,7,52.14,4953.3,0,High-value regulars
2415,26,25-34,Male,Virginia,Clothing,Socks,M,Lavender,Summer,26,3.7,False,No,False,Next Day Air,No,False,Credit Card,14,Developing,Bi-Weekly,14,26.07,677.82,1,Steady mid-tier
2416,21,18-24,Male,Hawaii,Outerwear,Coat,XL,Lavender,Fall,34,4.3,False,No,False,Standard,No,False,Bank Transfer,30,Established,Weekly,7,52.14,1772.76,0,High-value regulars
2417,59,55-64,Male,Nebraska,Footwear,Sandals,S,Black,Summer,83,4.0,False,No,False,Next Day Air,No,False,Credit Card,26,Established,Every 3 Months,90,4.06,336.98,1,Steady mid-tier
2418,21,18-24,Male,Alaska,Accessories,Backpack,M,Olive,Fall,24,3.3,False,No,False,Standard,No,False,Venmo,32,Established,Fortnightly,14,26.07,625.68,1,Steady mid-tier
2419,22,18-24,Male,Michigan,Clothing,Pants,S,Indigo,Fall,69,4.0,False,No,False,Next Day Air,No,False,Cash,47,Loyal,Every 3 Months,90,4.06,280.14,1,Steady mid-tier
2420,26,25-34,Male,North Carolina,Clothing,Sweater,M,Blue,Fall,40,2.7,False,No,False,Next Day Air,No,False,Credit Card,11,Developing,Every 3 Months,90,4.06,162.4,1,Steady mid-tier
2421,41,35-44,Male,North Carolina,Outerwear,Jacket,S,Green,Winter,87,4.2,False,No,False,Free Shipping,No,False,PayPal,28,Established,Annually,365,1.0,87.0,1,Steady mid-tier
2422,37,35-44,Male,Minnesota,Footwear,Sneakers,L,Pink,Spring,46,4.6,False,No,False,Standard,No,False,Debit Card,2,New,Every 3 Months,90,4.06,186.76,1,Steady mid-tier
2423,30,25-34,Male,Georgia,Accessories,Jewelry,M,Peach,Winter,82,4.8,False,No,False,Store Pickup,No,False,Credit Card,45,Loyal,Weekly,7,52.14,4275.48,0,High-value regulars
2424,49,45-54,Male,West Virginia,Accessories,Backpack,M,Purple,Summer,81,2.8,False,No,False,Free Shipping,No,False,Credit Card,7,New,Every 3 Months,90,4.06,328.86,1,Steady mid-tier
2425,49,45-54,Male,Delaware,Accessories,Jewelry,M,Peach,Winter,57,4.5,False,No,False,Next Day Air,No,False,Bank Transfer,28,Established,Bi-Weekly,14,26.07,1485.99,0,High-value regulars
2426,58,55-64,Male,North Dakota,Footwear,Shoes,S,Olive,Summer,49,3.0,False,No,False,2-Day Shipping,No,False,Bank Transfer,34,Established,Quarterly,90,4.06,198.94,1,Steady mid-tier
2427,70,65+,Male,Florida,Outerwear,Jacket,M,Olive,Fall,42,4.6,False,No,False,Free Shipping,No,False,Debit Card,26,Established,Every 3 Months,90,4.06,170.52,1,Steady mid-tier
2428,27,25-34,Male,Oregon,Outerwear,Jacket,M,Purple,Spring,26,3.3,False,No,False,Standard,No,False,Cash,45,Loyal,Quarterly,90,4.06,105.56,1,Steady mid-tier
2429,65,65+,Male,Idaho,Clothing,T-shirt,M,Violet,Spring,38,4.4,False,No,False,Next Day Air,No,False,Debit Card,34,Established,Annually,365,1.0,38.0,1,Steady mid-tier
2430,57,55-64,Male,Virginia,Footwear,Sneakers,XL,Maroon,Summer,57,4.4,False,No,False,Standard,No,False,Credit Card,47,Loyal,Fortnightly,14,26.07,1485.99,0,High-value regulars
2431,20,18-24,Male,North Dakota,Outerwear,Jacket,XL,White,Summer,100,4.3,False,No,False,Express,No,False,Cash,42,Loyal,Quarterly,90,4.06,406.0,1,Steady mid-tier
2432,34,25-34,Male,Alabama,Clothing,Hoodie,S,Olive,Fall,73,3.4,False,No,False,Express,No,False,Bank Transfer,27,Established,Every 3 Months,90,4.06,296.38,1,Steady mid-tier
2433,59,55-64,Male,Hawaii,Outerwear,Jacket,M,Peach,Winter,66,2.8,False,No,False,Store Pickup,No,False,Venmo,43,Loyal,Monthly,30,12.17,803.22,1,Steady mid-tier
2434,54,45-54,Male,Oregon,Clothing,T-shirt,M,Blue,Spring,73,3.4,False,No,False,Standard,No,False,Cash,16,Developing,Bi-Weekly,14,26.07,1903.11,0,High-value regulars
2435,36,35-44,Male,Utah,Accessories,Gloves,M,Brown,Spring,45,5.0,False,No,False,Store Pickup,No,False,Credit Card,40,Established,Monthly,30,12.17,547.65,1,Steady mid-tier
2436,21,18-24,Male,Hawaii,Footwear,Sneakers,S,Black,Fall,27,4.5,False,No,False,Free Shipping,No,False,Cash,29,Established,Bi-Weekly,14,26.07,703.89,1,Steady mid-tier
2437,52,45-54,Male,Connecticut,Clothing,T-shirt,M,Yellow,Fall,24,2.7,False,No,False,Store Pickup,No,False,Credit Card,38,Established,Quarterly,90,4.06,97.44,1,Steady mid-tier
2438,43,35-44,Male,Wyoming,Footwear,Sneakers,XL,Magenta,Winter,59,3.4,False,No,False,Store Pickup,No,False,Credit Card,34,Established,Weekly,7,52.14,3076.26,0,High-value regulars
2439,32,25-34,Male,Delaware,Clothing,Jeans,S,Cyan,Winter,20,3.4,False,No,False,Express,No,False,Venmo,30,Established,Weekly,7,52.14,1042.8,0,High-value regulars
2440,55,55-64,Male,Arkansas,Accessories,Handbag,M,Maroon,Summer,44,2.8,False,No,False,Standard,No,False,Bank Transfer,45,Loyal,Annually,365,1.0,44.0,1,Steady mid-tier
2441,31,25-34,Male,Indiana,Clothing,Socks,M,Red,Spring,90,4.7,False,No,False,Standard,No,False,Bank Transfer,47,Loyal,Annually,365,1.0,90.0,1,Steady mid-tier
2442,45,45-54,Male,California,Accessories,Jewelry,M,Black,Fall,36,4.7,False,No,False,Free Shipping,No,False,Credit Card,5,New,Monthly,30,12.17,438.12,1,Steady mid-tier
2443,53,45-54,Male,Wyoming,Clothing,Blouse,L,Violet,Winter,95,4.7,False,No,False,Free Shipping,No,False,Debit Card,50,Loyal,Bi-Weekly,14,26.07,2476.65,0,High-value regulars
2444,24,18-24,Male,South Dakota,Accessories,Backpack,M,Green,Spring,30,3.4,False,No,False,2-Day Shipping,No,False,Bank Transfer,24,Developing,Bi-Weekly,14,26.07,782.1,1,Steady mid-tier
2445,47,45-54,Male,West Virginia,Accessories,Scarf,S,Gold,Fall,65,3.7,False,No,False,Express,No,False,Debit Card,15,Developing,Bi-Weekly,14,26.07,1694.55,0,High-value regulars
2446,63,55-64,Male,Tennessee,Accessories,Scarf,M,Brown,Summer,96,4.1,False,No,False,Store Pickup,No,False,Cash,50,Loyal,Weekly,7,52.14,5005.44,0,High-value regulars
2447,38,35-44,Male,Alaska,Clothing,Shirt,L,Peach,Spring,65,2.9,False,No,False,2-Day Shipping,No,False,Credit Card,7,New,Monthly,30,12.17,791.05,1,Steady mid-tier
2448,59,55-64,Male,South Dakota,Clothing,Pants,L,Peach,Fall,47,3.2,False,No,False,Store Pickup,No,False,Venmo,10,New,Fortnightly,14,26.07,1225.29,1,Steady mid-tier
2449,54,45-54,Male,Tennessee,Accessories,Hat,S,Violet,Fall,25,3.0,False,No,False,Free Shipping,No,False,PayPal,38,Established,Bi-Weekly,14,26.07,651.75,1,Steady mid-tier
2450,26,25-34,Male,Alabama,Outerwear,Coat,S,Violet,Fall,56,4.1,False,No,False,Express,No,False,Venmo,31,Established,Fortnightly,14,26.07,1459.92,0,High-value regulars
2451,68,65+,Male,North Carolina,Clothing,T-shirt,M,Magenta,Fall,76,4.5,False,No,False,Standard,No,False,Venmo,7,New,Quarterly,90,4.06,308.56,1,Steady mid-tier
2452,41,35-44,Male,Oklahoma,Clothing,Socks,M,Purple,Fall,60,3.4,False,No,False,Store Pickup,No,False,Venmo,27,Established,Monthly,30,12.17,730.2,1,Steady mid-tier
2453,68,65+,Male,New York,Clothing,Shirt,L,Purple,Winter,67,4.1,False,No,False,Express,No,False,Bank Transfer,45,Loyal,Every 3 Months,90,4.06,272.02,1,Steady mid-tier
2454,21,18-24,Male,Iowa,Clothing,Sweater,XL,Cyan,Spring,95,4.6,False,No,False,Store Pickup,No,False,Cash,13,Developing,Annually,365,1.0,95.0,1,Steady mid-tier
2455,32,25-34,Male,Alaska,Accessories,Gloves,M,Magenta,Winter,72,4.6,False,No,False,Express,No,False,Venmo,33,Established,Annually,365,1.0,72.0,1,Steady mid-tier
2456,20,18-24,Male,Alaska,Accessories,Belt,L,Lavender,Spring,98,3.4,False,No,False,Express,No,False,Cash,25,Developing,Every 3 Months,90,4.06,397.88,1,Steady mid-tier
2457,59,55-64,Male,Nebraska,Clothing,Jeans,M,Green,Winter,83,3.3,False,No,False,2-Day Shipping,No,False,PayPal,5,New,Monthly,30,12.17,1010.11,1,Steady mid-tier
2458,53,45-54,Male,Delaware,Accessories,Handbag,M,Maroon,Fall,37,3.6,False,No,False,2-Day Shipping,No,False,Cash,23,Developing,Quarterly,90,4.06,150.22,1,Steady mid-tier
2459,66,65+,Male,Texas,Clothing,T-shirt,L,Turquoise,Fall,85,4.6,False,No,False,Free Shipping,No,False,Bank Transfer,17,Developing,Weekly,7,52.14,4431.9,0,High-value regulars
2460,47,45-54,Male,Missouri,Clothing,Socks,L,Violet,Fall,36,4.3,False,No,False,2-Day Shipping,No,False,Cash,14,Developing,Weekly,7,52.14,1877.04,0,High-value regulars
2461,58,55-64,Male,Maine,Clothing,Jeans,S,Lavender,Winter,36,4.0,False,No,False,Store Pickup,No,False,Credit Card,28,Established,Annually,365,1.0,36.0,1,Steady mid-tier
2462,28,25-34,Male,Pennsylvania,Accessories,Scarf,L,Red,Summer,86,4.8,False,No,False,Next Day Air,No,False,Credit Card,19,Developing,Weekly,7,52.14,4484.04,0,High-value regulars
2463,68,65+,Male,Missouri,Clothing,Pants,XL,Orange,Spring,99,4.3,False,No,False,Standard,No,False,Bank Transfer,31,Established,Bi-Weekly,14,26.07,2580.93,0,High-value regulars
2464,60,55-64,Male,Mississippi,Clothing,Blouse,XL,Indigo,Summer,21,3.3,False,No,False,Standard,No,False,Cash,25,Developing,Bi-Weekly,14,26.07,547.47,1,Steady mid-tier
2465,47,45-54,Male,Hawaii,Outerwear,Jacket,L,Teal,Winter,84,2.8,False,No,False,Express,No,False,Cash,4,New,Bi-Weekly,14,26.07,2189.88,0,High-value regulars
2466,18,18-24,Male,Texas,Footwear,Sandals,M,Brown,Spring,63,4.4,False,No,False,Free Shipping,No,False,Bank Transfer,20,Developing,Weekly,7,52.14,3284.82,0,High-value regulars
2467,32,25-34,Male,South Dakota,Clothing,Shorts,S,Pink,Summer,84,3.7,False,No,False,Express,No,False,Cash,37,Established,Annually,365,1.0,84.0,1,Steady mid-tier
2468,27,25-34,Male,New Jersey,Clothing,Shorts,M,Lavender,Spring,72,3.6,False,No,False,Express,No,False,Credit Card,28,Established,Annually,365,1.0,72.0,1,Steady mid-tier
2469,65,65+,Male,Connecticut,Clothing,Skirt,L,Cyan,Winter,21,3.7,False,No,False,2-Day Shipping,No,False,Venmo,6,New,Weekly,7,52.14,1094.94,0,High-value regulars
2470,68,65+,Male,Maryland,Footwear,Sandals,M,Yellow,Fall,92,5.0,False,No,False,Standard,No,False,PayPal,27,Established,Annually,365,1.0,92.0,1,Steady mid-tier
2471,55,55-64,Male,Arizona,Clothing,Blouse,XL,Pink,Fall,72,2.7,False,No,False,Next Day Air,No,False,Credit Card,29,Established,Fortnightly,14,26.07,1877.04,0,High-value regulars
2472,30,25-34,Male,Oklahoma,Footwear,Sandals,M,Gray,Spring,83,4.3,False,No,False,Store Pickup,No,False,Cash,1,New,Annually,365,1.0,83.0,1,Steady mid-tier
2473,24,18-24,Male,Utah,Clothing,Shirt,M,Peach,Summer,73,4.1,False,No,False,Standard,No,False,Credit Card,31,Established,Annually,365,1.0,73.0,1,Steady mid-tier
2474,57,55-64,Male,Arkansas,Clothing,Socks,M,Red,Winter,98,2.6,False,No,False,Next Day Air,No,False,Cash,28,Established,Quarterly,90,4.06,397.88,1,Steady mid-tier
2475,23,18-24,Male,North Carolina,Clothing,T-shirt,M,Olive,Fall,76,3.2,False,No,False,Store Pickup,No,False,Bank Transfer,19,Developing,Quarterly,90,4.06,308.56,1,Steady mid-tier
2476,69,65+,Male,California,Clothing,Dress,S,Lavender,Summer,43,3.5,False,No,False,Next Day Air,No,False,Venmo,36,Established,Monthly,30,12.17,523.31,1,Steady mid-tier
2477,60,55-64,Male,Colorado,Accessories,Hat,M,Turquoise,Summer,60,3.7,False,No,False,Next Day Air,No,False,Cash,28,Established,Monthly,30,12.17,730.2,1,Steady mid-tier
2478,25,25-34,Male,California,Accessories,Gloves,L,Turquoise,Spring,40,3.8,False,No,False,2-Day Shipping,No,False,PayPal,29,Established,Weekly,7,52.14,2085.6,0,High-value regulars
2479,18,18-24,Male,Vermont,Clothing,Socks,S,Maroon,Winter,93,4.8,False,No,False,2-Day Shipping,No,False,Bank Transfer,9,New,Every 3 Months,90,4.06,377.58,1,Steady mid-tier
2480,37,35-44,Male,Kansas,Clothing,Dress,S,Olive,Fall,98,4.2,False,No,False,Standard,No,False,Credit Card,26,Established,Every 3 Months,90,4.06,397.88,1,Steady mid-tier
2481,61,55-64,Male,Ohio,Clothing,Socks,XL,Maroon,Summer,91,2.9,False,No,False,Next Day Air,No,False,Credit Card,7,New,Fortnightly,14,26.07,2372.37,0,High-value regulars
2482,41,35-44,Male,New Jersey,Accessories,Belt,XL,Cyan,Fall,92,2.9,False,No,False,Free Shipping,No,False,Debit Card,35,Established,Weekly,7,52.14,4796.88,0,High-value regulars
2483,69,65+,Male,Arizona,Accessories,Handbag,S,Peach,Winter,87,4.8,False,No,False,Next Day Air,No,False,Credit Card,46,Loyal,Every 3 Months,90,4.06,353.22,1,Steady mid-tier
2484,32,25-34,Male,Arizona,Clothing,Skirt,S,Teal,Fall,96,2.9,False,No,False,Standard,No,False,Debit Card,8,New,Monthly,30,12.17,1168.32,1,Steady mid-tier
2485,60,55-64,Male,New Hampshire,Clothing,Hoodie,M,Green,Summer,97,4.8,False,No,False,2-Day Shipping,No,False,Cash,50,Loyal,Every 3 Months,90,4.06,393.82,1,Steady mid-tier
2486,43,35-44,Male,Louisiana,Clothing,Blouse,M,Beige,Spring,55,4.6,False,No,False,2-Day Shipping,No,False,Bank Transfer,37,Established,Annually,365,1.0,55.0,1,Steady mid-tier
2487,61,55-64,Male,Texas,Clothing,Jeans,L,Magenta,Spring,58,4.4,False,No,False,Store Pickup,No,False,Credit Card,6,New,Fortnightly,14,26.07,1512.06,0,High-value regulars
2488,57,55-64,Male,Montana,Footwear,Boots,L,Violet,Spring,21,3.0,False,No,False,Next Day Air,No,False,PayPal,16,Developing,Bi-Weekly,14,26.07,547.47,1,Steady mid-tier
2489,56,55-64,Male,New Hampshire,Accessories,Handbag,XL,Charcoal,Summer,82,4.4,False,No,False,Express,No,False,PayPal,30,Established,Monthly,30,12.17,997.94,1,Steady mid-tier
2490,66,65+,Male,South Dakota,Outerwear,Coat,M,Green,Winter,34,3.9,False,No,False,Express,No,False,Venmo,50,Loyal,Quarterly,90,4.06,138.04,1,Steady mid-tier
2491,52,45-54,Male,Montana,Clothing,Blouse,M,Gray,Spring,78,4.0,False,No,False,Free Shipping,No,False,Cash,5,New,Every 3 Months,90,4.06,316.68,1,Steady mid-tier
2492,63,55-64,Male,North Carolina,Accessories,Handbag,M,Magenta,Spring,47,2.5,False,No,False,Express,No,False,Bank Transfer,15,Developing,Monthly,30,12.17,571.99,1,Steady mid-tier
2493,50,45-54,Male,South Dakota,Accessories,Sunglasses,S,Silver,Summer,96,4.1,False,No,False,Next Day Air,No,False,Bank Transfer,34,Established,Bi-Weekly,14,26.07,2502.72,0,High-value regulars
2494,21,18-24,Male,Maine,Clothing,Socks,S,Beige,Fall,23,4.8,False,No,False,2-Day Shipping,No,False,Venmo,6,New,Every 3 Months,90,4.06,93.38,1,Steady mid-tier
2495,42,35-44,Male,Oklahoma,Footwear,Shoes,S,Peach,Winter,27,2.6,False,No,False,Store Pickup,No,False,Debit Card,26,Established,Annually,365,1.0,27.0,1,Steady mid-tier
2496,40,35-44,Male,Nebraska,Accessories,Backpack,XL,Orange,Spring,37,3.1,False,No,False,Free Shipping,No,False,Credit Card,34,Established,Every 3 Months,90,4.06,150.22,1,Steady mid-tier
2497,67,65+,Male,Illinois,Accessories,Scarf,S,Yellow,Summer,79,3.2,False,No,False,Store Pickup,No,False,Credit Card,37,Established,Weekly,7,52.14,4119.06,0,High-value regulars
2498,35,35-44,Male,Colorado,Accessories,Backpack,M,Violet,Summer,40,4.2,False,No,False,Standard,No,False,Bank Transfer,28,Established,Annually,365,1.0,40.0,1,Steady mid-tier
2499,18,18-24,Male,Massachusetts,Outerwear,Coat,S,Green,Fall,39,2.6,False,No,False,Next Day Air,No,False,Cash,38,Established,Fortnightly,14,26.07,1016.73,1,Steady mid-tier
2500,52,45-54,Male,Louisiana,Clothing,Hoodie,L,Pink,Summer,73,3.1,False,No,False,Next Day Air,No,False,Cash,2,New,Quarterly,90,4.06,296.38,1,Steady mid-tier
2501,59,55-64,Male,Massachusetts,Accessories,Gloves,M,Violet,Fall,84,2.9,False,No,False,Store Pickup,No,False,Cash,32,Established,Bi-Weekly,14,26.07,2189.88,0,High-value regulars
2502,49,45-54,Male,West Virginia,Clothing,Shorts,M,Violet,Fall,94,4.6,False,No,False,Free Shipping,No,False,Venmo,30,Established,Bi-Weekly,14,26.07,2450.58,0,High-value regulars
2503,46,45-54,Male,Idaho,Clothing,Skirt,L,Pink,Spring,47,4.1,False,No,False,Standard,No,False,PayPal,17,Developing,Every 3 Months,90,4.06,190.82,1,Steady mid-tier
2504,69,65+,Male,Ohio,Footwear,Boots,M,Violet,Summer,77,2.5,False,No,False,Store Pickup,No,False,Debit Card,5,New,Bi-Weekly,14,26.07,2007.39,0,High-value regulars
2505,56,55-64,Male,Rhode Island,Clothing,Shorts,M,Turquoise,Winter,94,4.0,False,No,False,Store Pickup,No,False,Cash,31,Established,Bi-Weekly,14,26.07,2450.58,0,High-value regulars
2506,27,25-34,Male,Illinois,Accessories,Handbag,M,Cyan,Summer,75,3.5,False,No,False,Express,No,False,PayPal,43,Loyal,Quarterly,90,4.06,304.5,1,Steady mid-tier
2507,57,55-64,Male,New York,Clothing,Dress,XL,Orange,Spring,82,4.4,False,No,False,Free Shipping,No,False,Venmo,19,Developing,Annually,365,1.0,82.0,1,Steady mid-tier
2508,58,55-64,Male,Louisiana,Footwear,Shoes,M,Cyan,Fall,36,2.9,False,No,False,Store Pickup,No,False,Credit Card,32,Established,Every 3 Months,90,4.06,146.16,1,Steady mid-tier
2509,23,18-24,Male,California,Footwear,Sneakers,XL,Indigo,Spring,90,3.1,False,No,False,2-Day Shipping,No,False,Debit Card,5,New,Bi-Weekly,14,26.07,2346.3,0,High-value regulars
2510,19,18-24,Male,Washington,Clothing,Socks,M,Black,Spring,48,4.4,False,No,False,Free Shipping,No,False,Bank Transfer,9,New,Quarterly,90,4.06,194.88,1,Steady mid-tier
2511,40,35-44,Male,South Dakota,Outerwear,Jacket,L,Purple,Winter,42,4.4,False,No,False,Standard,No,False,Credit Card,48,Loyal,Weekly,7,52.14,2189.88,0,High-value regulars
2512,54,45-54,Male,Idaho,Accessories,Backpack,M,Cyan,Summer,33,2.7,False,No,False,Store Pickup,No,False,PayPal,1,New,Quarterly,90,4.06,133.98,1,Steady mid-tier
2513,50,45-54,Male,North Dakota,Clothing,Socks,M,Green,Summer,63,4.9,False,No,False,Free Shipping,No,False,Credit Card,20,Developing,Monthly,30,12.17,766.71,1,Steady mid-tier
2514,69,65+,Male,Washington,Accessories,Handbag,L,Teal,Winter,53,3.5,False,No,False,2-Day Shipping,No,False,Cash,42,Loyal,Annually,365,1.0,53.0,1,Steady mid-tier
2515,42,35-44,Male,Alaska,Accessories,Hat,L,Teal,Spring,37,4.8,False,No,False,Free Shipping,No,False,PayPal,45,Loyal,Bi-Weekly,14,26.07,964.59,1,Steady mid-tier
2516,37,35-44,Male,Kansas,Clothing,Blouse,M,Magenta,Summer,92,4.2,False,No,False,2-Day Shipping,No,False,Cash,41,Loyal,Monthly,30,12.17,1119.64,1,Steady mid-tier
2517,46,45-54,Male,Utah,Clothing,Shorts,XL,Brown,Spring,73,4.6,False,No,False,Standard,No,False,Debit Card,36,Established,Quarterly,90,4.06,296.38,1,Steady mid-tier
2518,64,55-64,Male,Wyoming,Clothing,Shirt,L,Orange,Spring,38,2.9,False,No,False,Standard,No,False,Venmo,10,New,Annually,365,1.0,38.0,1,Steady mid-tier
2519,20,18-24,Male,Maine,Footwear,Boots,XL,Blue,Fall,51,4.0,False,No,False,Store Pickup,No,False,Venmo,31,Established,Annually,365,1.0,51.0,1,Steady mid-tier
2520,40,35-44,Male,Michigan,Outerwear,Jacket,L,Magenta,Spring,90,4.9,False,No,False,Standard,No,False,Credit Card,21,Developing,Quarterly,90,4.06,365.4,1,Steady mid-tier
2521,64,55-64,Male,Illinois,Outerwear,Jacket,L,Magenta,Summer,56,3.1,False,No,False,Next Day Air,No,False,Cash,16,Developing,Every 3 Months,90,4.06,227.36,1,Steady mid-tier
2522,29,25-34,Male,Minnesota,Accessories,Handbag,M,Magenta,Fall,33,4.4,False,No,False,Standard,No,False,PayPal,18,Developing,Every 3 Months,90,4.06,133.98,1,Steady mid-tier
2523,20,18-24,Male,Massachusetts,Accessories,Belt,S,Olive,Winter,53,2.5,False,No,False,2-Day Shipping,No,False,Debit Card,20,Developing,Weekly,7,52.14,2763.42,0,High-value regulars
2524,43,35-44,Male,New Jersey,Accessories,Handbag,S,Cyan,Spring,24,3.4,False,No,False,Express,No,False,Bank Transfer,21,Developing,Annually,365,1.0,24.0,1,Steady mid-tier
2525,60,55-64,Male,Kansas,Outerwear,Coat,M,Purple,Spring,59,3.7,False,No,False,Express,No,False,Credit Card,23,Developing,Quarterly,90,4.06,239.54,1,Steady mid-tier
2526,39,35-44,Male,Kentucky,Clothing,Sweater,M,Purple,Winter,72,4.2,False,No,False,Standard,No,False,PayPal,20,Developing,Weekly,7,52.14,3754.08,0,High-value regulars
2527,47,45-54,Male,Rhode Island,Clothing,Shorts,S,Peach,Spring,28,3.4,False,No,False,Express,No,False,PayPal,30,Established,Bi-Weekly,14,26.07,729.96,1,Steady mid-tier
2528,19,18-24,Male,Illinois,Clothing,Pants,M,Gold,Fall,36,3.6,False,No,False,Express,No,False,Bank Transfer,33,Established,Every 3 Months,90,4.06,146.16,1,Steady mid-tier
2529,52,45-54,Male,Alabama,Accessories,Jewelry,S,Peach,Fall,47,4.7,False,No,False,2-Day Shipping,No,False,Debit Card,31,Established,Monthly,30,12.17,571.99,1,Steady mid-tier
2530,34,25-34,Male,Tennessee,Accessories,Gloves,M,Magenta,Spring,62,4.7,False,No,False,Next Day Air,No,False,Bank Transfer,48,Loyal,Monthly,30,12.17,754.54,1,Steady mid-tier
2531,25,25-34,Male,Massachusetts,Clothing,Skirt,S,Cyan,Spring,98,3.6,False,No,False,Free Shipping,No,False,Debit Card,28,Established,Weekly,7,52.14,5109.72,0,High-value regulars
2532,43,35-44,Male,Texas,Footwear,Sandals,M,Violet,Summer,28,4.6,False,No,False,Free Shipping,No,False,Cash,7,New,Every 3 Months,90,4.06,113.68,1,Steady mid-tier
2533,55,55-64,Male,Nebraska,Clothing,Socks,S,Charcoal,Summer,86,2.6,False,No,False,Next Day Air,No,False,Debit Card,4,New,Weekly,7,52.14,4484.04,0,High-value regulars
2534,66,65+,Male,Pennsylvania,Accessories,Jewelry,S,Blue,Summer,46,3.1,False,No,False,Standard,No,False,Cash,49,Loyal,Bi-Weekly,14,26.07,1199.22,1,Steady mid-tier
2535,41,35-44,Male,Virginia,Accessories,Sunglasses,XL,Red,Fall,42,3.2,False,No,False,Free Shipping,No,False,Cash,22,Developing,Weekly,7,52.14,2189.88,0,High-value regulars
2536,47,45-54,Male,Vermont,Outerwear,Coat,S,Purple,Winter,80,3.9,False,No,False,Express,No,False,Bank Transfer,39,Established,Fortnightly,14,26.07,2085.6,0,High-value regulars
2537,51,45-54,Male,Oklahoma,Accessories,Belt,L,Gray,Spring,39,4.9,False,No,False,Express,No,False,PayPal,45,Loyal,Every 3 Months,90,4.06,158.34,1,Steady mid-tier
2538,44,35-44,Male,Maine,Outerwear,Coat,M,Purple,Summer,49,4.1,False,No,False,2-Day Shipping,No,False,PayPal,30,Established,Fortnightly,14,26.07,1277.43,1,Steady mid-tier
2539,18,18-24,Male,New Jersey,Accessories,Scarf,M,Silver,Summer,32,4.2,False,No,False,Next Day Air,No,False,Credit Card,33,Established,Bi-Weekly,14,26.07,834.24,1,Steady mid-tier
2540,33,25-34,Male,Massachusetts,Footwear,Sandals,M,Purple,Fall,73,4.1,False,No,False,Next Day Air,No,False,Cash,24,Developing,Bi-Weekly,14,26.07,1903.11,0,High-value regulars
2541,24,18-24,Male,New Jersey,Accessories,Belt,M,Charcoal,Summer,42,3.9,False,No,False,Free Shipping,No,False,Debit Card,11,Developing,Quarterly,90,4.06,170.52,1,Steady mid-tier
2542,33,25-34,Male,Washington,Accessories,Scarf,M,Silver,Spring,58,2.7,False,No,False,Next Day Air,No,False,Venmo,13,Developing,Every 3 Months,90,4.06,235.48,1,Steady mid-tier
2543,61,55-64,Male,Arkansas,Accessories,Jewelry,M,White,Winter,22,3.7,False,No,False,Express,No,False,PayPal,27,Established,Annually,365,1.0,22.0,1,Steady mid-tier
2544,27,25-34,Male,West Virginia,Accessories,Scarf,L,Peach,Spring,56,2.7,False,No,False,Next Day Air,No,False,PayPal,30,Established,Bi-Weekly,14,26.07,1459.92,0,High-value regulars
2545,46,45-54,Male,Delaware,Clothing,Pants,M,Red,Spring,70,2.5,False,No,False,Next Day Air,No,False,Venmo,39,Established,Quarterly,90,4.06,284.2,1,Steady mid-tier
2546,38,35-44,Male,Texas,Footwear,Shoes,L,Olive,Spring,50,3.9,False,No,False,Free Shipping,No,False,Debit Card,10,New,Annually,365,1.0,50.0,1,Steady mid-tier
2547,63,55-64,Male,Texas,Footwear,Boots,L,Gray,Summer,21,3.0,False,No,False,Express,No,False,Credit Card,4,New,Quarterly,90,4.06,85.26,1,Steady mid-tier
2548,47,45-54,Male,Mississippi,Outerwear,Jacket,M,Beige,Summer,97,3.2,False,No,False,2-Day Shipping,No,False,Cash,16,Developing,Weekly,7,52.14,5057.58,0,High-value regulars
2549,42,35-44,Male,Texas,Accessories,Backpack,L,Pink,Winter,63,3.8,False,No,False,Standard,No,False,Credit Card,34,Established,Monthly,30,12.17,766.71,1,Steady mid-tier
2550,41,35-44,Male,Virginia,Outerwear,Jacket,M,Red,Fall,60,2.7,False,No,False,Standard,No,False,Debit Card,11,Developing,Every 3 Months,90,4.06,243.6,1,Steady mid-tier
2551,53,45-54,Male,New Hampshire,Footwear,Boots,XL,Peach,Fall,52,3.0,False,No,False,Store Pickup,No,False,Debit Card,30,Established,Fortnightly,14,26.07,1355.64,1,Steady mid-tier
2552,29,25-34,Male,Minnesota,Footwear,Shoes,M,Maroon,Winter,32,4.1,False,No,False,Next Day Air,No,False,Debit Card,40,Established,Annually,365,1.0,32.0,1,Steady mid-tier
2553,61,55-64,Male,Maryland,Accessories,Belt,XL,Purple,Spring,48,3.2,False,No,False,2-Day Shipping,No,False,Credit Card,13,Developing,Annually,365,1.0,48.0,1,Steady mid-tier
2554,69,65+,Male,Vermont,Accessories,Jewelry,M,Maroon,Summer,25,4.5,False,No,False,Store Pickup,No,False,Venmo,28,Established,Every 3 Months,90,4.06,101.5,1,Steady mid-tier
2555,51,45-54,Male,Kansas,Accessories,Jewelry,M,Gray,Summer,68,4.3,False,No,False,Store Pickup,No,False,Debit Card,49,Loyal,Bi-Weekly,14,26.07,1772.76,0,High-value regulars
2556,24,18-24,Male,Idaho,Clothing,Pants,M,Gray,Fall,74,3.5,False,No,False,Standard,No,False,Credit Card,23,Developing,Weekly,7,52.14,3858.36,0,High-value regulars
2557,24,18-24,Male,Montana,Clothing,T-shirt,XL,Magenta,Fall,88,3.1,False,No,False,Standard,No,False,Bank Transfer,4,New,Quarterly,90,4.06,357.28,1,Steady mid-tier
2558,70,65+,Male,Oklahoma,Clothing,Shorts,L,Cyan,Spring,23,3.9,False,No,False,Standard,No,False,PayPal,17,Developing,Fortnightly,14,26.07,599.61,1,Steady mid-tier
2559,49,45-54,Male,California,Clothing,Hoodie,M,Silver,Fall,32,2.7,False,No,False,Express,No,False,PayPal,24,Developing,Fortnightly,14,26.07,834.24,1,Steady mid-tier
2560,48,45-54,Male,Mississippi,Accessories,Belt,S,Green,Winter,71,4.0,False,No,False,Free Shipping,No,False,Debit Card,21,Developing,Every 3 Months,90,4.06,288.26,1,Steady mid-tier
2561,58,55-64,Male,California,Footwear,Boots,M,Violet,Spring,62,2.7,False,No,False,Next Day Air,No,False,Debit Card,17,Developing,Bi-Weekly,14,26.07,1616.34,0,High-value regulars
2562,32,25-34,Male,New York,Clothing,Hoodie,L,Magenta,Spring,20,2.7,False,No,False,Free Shipping,No,False,Debit Card,22,Developing,Quarterly,90,4.06,81.2,1,Steady mid-tier
2563,57,55-64,Male,Arizona,Clothing,Shorts,XL,Yellow,Spring,62,4.7,False,No,False,Standard,No,False,Cash,27,Established,Fortnightly,14,26.07,1616.34,0,High-value regulars
2564,69,65+,Male,Massachusetts,Accessories,Backpack,XL,Gray,Winter,81,4.5,False,No,False,Standard,No,False,Venmo,1,New,Every 3 Months,90,4.06,328.86,1,Steady mid-tier
2565,42,35-44,Male,Kentucky,Accessories,Scarf,L,Indigo,Winter,90,3.0,False,No,False,2-Day Shipping,No,False,Bank Transfer,27,Established,Weekly,7,52.14,4692.6,0,High-value regulars
2566,30,25-34,Male,Vermont,Clothing,Socks,S,Indigo,Fall,43,3.6,False,No,False,Store Pickup,No,False,Venmo,8,New,Quarterly,90,4.06,174.58,1,Steady mid-tier
2567,35,35-44,Male,Missouri,Accessories,Handbag,S,Yellow,Fall,38,3.3,False,No,False,Standard,No,False,PayPal,43,Loyal,Quarterly,90,4.06,154.28,1,Steady mid-tier
2568,19,18-24,Male,Michigan,Accessories,Sunglasses,XL,Gold,Spring,25,4.3,False,No,False,Store Pickup,No,False,Cash,24,Developing,Fortnightly,14,26.07,651.75,1,Steady mid-tier
2569,52,45-54,Male,Texas,Clothing,T-shirt,XL,Green,Winter,98,4.3,False,No,False,Express,No,False,PayPal,29,Established,Fortnightly,14,26.07,2554.86,0,High-value regulars
2570,42,35-44,Male,New York,Clothing,Dress,M,Charcoal,Spring,75,4.8,False,No,False,Free Shipping,No,False,Bank Transfer,10,New,Bi-Weekly,14,26.07,1955.25,0,High-value regulars
2571,36,35-44,Male,New Mexico,Footwear,Sneakers,XL,Olive,Spring,27,4.0,False,No,False,Store Pickup,No,False,PayPal,12,Developing,Fortnightly,14,26.07,703.89,1,Steady mid-tier
2572,45,45-54,Male,Mississippi,Accessories,Sunglasses,L,Black,Winter,27,3.5,False,No,False,Standard,No,False,Cash,48,Loyal,Fortnightly,14,26.07,703.89,1,Steady mid-tier
2573,54,45-54,Male,Washington,Clothing,Blouse,M,Silver,Fall,42,3.9,False,No,False,Next Day Air,No,False,Bank Transfer,40,Established,Quarterly,90,4.06,170.52,1,Steady mid-tier
2574,54,45-54,Male,New Mexico,Clothing,T-shirt,M,Red,Summer,90,4.4,False,No,False,Store Pickup,No,False,Bank Transfer,1,New,Annually,365,1.0,90.0,1,Steady mid-tier
2575,27,25-34,Male,Florida,Accessories,Hat,M,Brown,Summer,63,4.6,False,No,False,2-Day Shipping,No,False,Credit Card,26,Established,Fortnightly,14,26.07,1642.41,0,High-value regulars
2576,53,45-54,Male,Minnesota,Clothing,Shorts,M,Silver,Fall,96,4.0,False,No,False,Express,No,False,PayPal,9,New,Annually,365,1.0,96.0,1,Steady mid-tier
2577,20,18-24,Male,New Hampshire,Clothing,Hoodie,M,Silver,Winter,40,4.2,False,No,False,Free Shipping,No,False,Debit Card,19,Developing,Quarterly,90,4.06,162.4,1,Steady mid-tier
2578,52,45-54,Male,Minnesota,Clothing,Socks,L,Black,Fall,39,4.5,False,No,False,Next Day Air,No,False,Bank Transfer,37,Established,Monthly,30,12.17,474.63,1,Steady mid-tier
2579,54,45-54,Male,Vermont,Accessories,Sunglasses,M,Purple,Fall,48,3.9,False,No,False,Free Shipping,No,False,Cash,3,New,Quarterly,90,4.06,194.88,1,Steady mid-tier
2580,65,65+,Male,Minnesota,Clothing,Blouse,M,Purple,Summer,20,3.7,False,No,False,Express,No,False,Venmo,40,Established,Weekly,7,52.14,1042.8,0,High-value regulars
2581,43,35-44,Male,Massachusetts,Clothing,Jeans,S,Turquoise,Summer,29,3.6,False,No,False,Store Pickup,No,False,Bank Transfer,13,Developing,Quarterly,90,4.06,117.74,1,Steady mid-tier
2582,57,55-64,Male,Wyoming,Clothing,Dress,M,Gold,Winter,81,4.7,False,No,False,Express,No,False,Credit Card,48,Loyal,Monthly,30,12.17,985.77,1,Steady mid-tier
2583,19,18-24,Male,South Dakota,Clothing,Dress,S,Indigo,Fall,98,3.6,False,No,False,2-Day Shipping,No,False,Venmo,4,New,Every 3 Months,90,4.06,397.88,1,Steady mid-tier
2584,69,65+,Male,Oklahoma,Clothing,Jeans,M,Lavender,Fall,93,2.5,False,No,False,Next Day Air,No,False,Cash,9,New,Weekly,7,52.14,4849.02,0,High-value regulars
2585,26,25-34,Male,Florida,Clothing,Socks,L,Blue,Summer,30,2.9,False,No,False,Store Pickup,No,False,Bank Transfer,26,Established,Bi-Weekly,14,26.07,782.1,1,Steady mid-tier
2586,57,55-64,Male,Wisconsin,Accessories,Sunglasses,L,Maroon,Fall,37,4.4,False,No,False,Free Shipping,No,False,Debit Card,19,Developing,Weekly,7,52.14,1929.18,0,High-value regulars
2587,20,18-24,Male,Maine,Outerwear,Coat,L,Yellow,Winter,28,4.6,False,No,False,Express,No,False,Credit Card,1,New,Every 3 Months,90,4.06,113.68,1,Steady mid-tier
2588,55,55-64,Male,Connecticut,Accessories,Scarf,M,Purple,Winter,29,3.7,False,No,False,Express,No,False,PayPal,29,Established,Every 3 Months,90,4.06,117.74,1,Steady mid-tier
2589,44,35-44,Male,Delaware,Accessories,Backpack,M,Peach,Summer,49,3.2,False,No,False,Free Shipping,No,False,Venmo,38,Established,Bi-Weekly,14,26.07,1277.43,1,Steady mid-tier
2590,52,45-54,Male,North Dakota,Clothing,Pants,M,Silver,Winter,53,4.9,False,No,False,2-Day Shipping,No,False,PayPal,31,Established,Annually,365,1.0,53.0,1,Steady mid-tier
2591,57,55-64,Male,California,Accessories,Gloves,M,Turquoise,Summer,66,5.0,False,No,False,Free Shipping,No,False,Venmo,35,Established,Annually,365,1.0,66.0,1,Steady mid-tier
2592,40,35-44,Male,New Mexico,Outerwear,Jacket,S,Olive,Spring,61,3.3,False,No,False,Express,No,False,Cash,40,Established,Quarterly,90,4.06,247.66,1,Steady mid-tier
2593,23,18-24,Male,Iowa,Clothing,Shorts,XL,Peach,Summer,23,4.4,False,No,False,Store Pickup,No,False,Venmo,13,Developing,Quarterly,90,4.06,93.38,1,Steady mid-tier
2594,36,35-44,Male,Colorado,Clothing,Pants,S,Indigo,Fall,36,4.7,False,No,False,Store Pickup,No,False,Bank Transfer,9,New,Every 3 Months,90,4.06,146.16,1,Steady mid-tier
2595,59,55-64,Male,Montana,Clothing,Skirt,L,Indigo,Fall,81,3.6,False,No,False,Free Shipping,No,False,Cash,25,Developing,Every 3 Months,90,4.06,328.86,1,Steady mid-tier
2596,29,25-34,Male,Iowa,Clothing,Blouse,XL,Maroon,Summer,56,3.2,False,No,False,Free Shipping,No,False,Bank Transfer,3,New,Bi-Weekly,14,26.07,1459.92,0,High-value regulars
2597,63,55-64,Male,Louisiana,Clothing,Shirt,L,Black,Spring,78,3.0,False,No,False,Next Day Air,No,False,Credit Card,35,Established,Monthly,30,12.17,949.26,1,Steady mid-tier
2598,60,55-64,Male,Alabama,Accessories,Jewelry,XL,Teal,Summer,25,4.4,False,No,False,Store Pickup,No,False,Venmo,13,Developing,Bi-Weekly,14,26.07,651.75,1,Steady mid-tier
2599,64,55-64,Male,Nevada,Accessories,Backpack,XL,Olive,Fall,86,3.3,False,No,False,Express,No,False,Debit Card,31,Established,Annually,365,1.0,86.0,1,Steady mid-tier
2600,63,55-64,Male,Vermont,Accessories,Jewelry,M,Gold,Winter,99,3.4,False,No,False,Express,No,False,Credit Card,48,Loyal,Monthly,30,12.17,1204.83,1,Steady mid-tier
2601,21,18-24,Male,New York,Accessories,Belt,M,Gray,Fall,83,3.9,False,No,False,Express,No,False,Bank Transfer,6,New,Bi-Weekly,14,26.07,2163.81,0,High-value regulars
2602,61,55-64,Male,Mississippi,Clothing,Dress,L,Orange,Winter,33,2.9,False,No,False,Store Pickup,No,False,Cash,43,Loyal,Monthly,30,12.17,401.61,1,Steady mid-tier
2603,65,65+,Male,South Carolina,Outerwear,Coat,M,Black,Fall,44,2.9,False,No,False,Free Shipping,No,False,Venmo,1,New,Quarterly,90,4.06,178.64,1,Steady mid-tier
2604,69,65+,Male,Washington,Clothing,Dress,M,Teal,Spring,58,2.7,False,No,False,2-Day Shipping,No,False,Cash,8,New,Annually,365,1.0,58.0,1,Steady mid-tier
2605,47,45-54,Male,Colorado,Clothing,Sweater,M,Beige,Spring,54,3.4,False,No,False,Store Pickup,No,False,Debit Card,6,New,Weekly,7,52.14,2815.56,0,High-value regulars
2606,41,35-44,Male,Nevada,Clothing,Hoodie,M,White,Spring,93,3.7,False,No,False,2-Day Shipping,No,False,Venmo,32,Established,Fortnightly,14,26.07,2424.51,0,High-value regulars
2607,68,65+,Male,Nevada,Footwear,Shoes,L,Turquoise,Spring,98,4.7,False,No,False,Standard,No,False,Bank Transfer,46,Loyal,Bi-Weekly,14,26.07,2554.86,0,High-value regulars
2608,41,35-44,Male,Oklahoma,Footwear,Shoes,XL,Teal,Spring,36,3.1,False,No,False,Express,No,False,PayPal,38,Established,Every 3 Months,90,4.06,146.16,1,Steady mid-tier
2609,42,35-44,Male,Mississippi,Outerwear,Jacket,L,Orange,Fall,68,4.2,False,No,False,2-Day Shipping,No,False,Credit Card,48,Loyal,Fortnightly,14,26.07,1772.76,0,High-value regulars
2610,66,65+,Male,Arkansas,Accessories,Backpack,M,Black,Summer,95,3.0,False,No,False,Store Pickup,No,False,Debit Card,18,Developing,Bi-Weekly,14,26.07,2476.65,0,High-value regulars
2611,66,65+,Male,West Virginia,Clothing,Jeans,M,Violet,Spring,93,3.1,False,No,False,Express,No,False,Cash,25,Developing,Quarterly,90,4.06,377.58,1,Steady mid-tier
2612,33,25-34,Male,Michigan,Outerwear,Jacket,L,Maroon,Fall,99,4.2,False,No,False,2-Day Shipping,No,False,Cash,4,New,Fortnightly,14,26.07,2580.93,0,High-value regulars
2613,55,55-64,Male,Louisiana,Accessories,Sunglasses,M,Turquoise,Winter,22,3.8,False,No,False,Next Day Air,No,False,Venmo,27,Established,Quarterly,90,4.06,89.32,1,Steady mid-tier
2614,58,55-64,Male,South Dakota,Accessories,Gloves,M,Gold,Fall,88,2.9,False,No,False,Express,No,False,Bank Transfer,14,Developing,Monthly,30,12.17,1070.96,1,Steady mid-tier
2615,18,18-24,Male,North Dakota,Outerwear,Jacket,M,Turquoise,Spring,65,4.2,False,No,False,Express,No,False,Bank Transfer,36,Established,Fortnightly,14,26.07,1694.55,0,High-value regulars
2616,49,45-54,Male,Arizona,Clothing,T-shirt,M,Maroon,Fall,62,3.1,False,No,False,2-Day Shipping,No,False,Debit Card,6,New,Quarterly,90,4.06,251.72,1,Steady mid-tier
2617,61,55-64,Male,Georgia,Footwear,Sandals,XL,Purple,Spring,55,3.6,False,No,False,Express,No,False,Cash,46,Loyal,Annually,365,1.0,55.0,1,Steady mid-tier
2618,31,25-34,Male,Idaho,Clothing,Shorts,S,Maroon,Spring,97,4.8,False,No,False,Standard,No,False,Bank Transfer,29,Established,Annually,365,1.0,97.0,1,Steady mid-tier
2619,70,65+,Male,Louisiana,Accessories,Handbag,L,Brown,Fall,77,4.1,False,No,False,Express,No,False,Venmo,12,Developing,Monthly,30,12.17,937.09,1,Steady mid-tier
2620,68,65+,Male,Connecticut,Clothing,Pants,L,Indigo,Winter,40,3.9,False,No,False,Free Shipping,No,False,Credit Card,47,Loyal,Weekly,7,52.14,2085.6,0,High-value regulars
2621,27,25-34,Male,Ohio,Clothing,Blouse,S,Lavender,Winter,23,3.0,False,No,False,Standard,No,False,Debit Card,28,Established,Annually,365,1.0,23.0,1,Steady mid-tier
2622,48,45-54,Male,Maine,Footwear,Shoes,M,Beige,Winter,46,3.0,False,No,False,Express,No,False,Bank Transfer,21,Developing,Annually,365,1.0,46.0,1,Steady mid-tier
2623,63,55-64,Male,New Hampshire,Accessories,Backpack,M,Yellow,Spring,75,4.9,False,No,False,2-Day Shipping,No,False,Credit Card,15,Developing,Annually,365,1.0,75.0,1,Steady mid-tier
2624,49,45-54,Male,Massachusetts,Footwear,Shoes,M,Gold,Fall,76,4.8,False,No,False,Next Day Air,No,False,Cash,38,Established,Annually,365,1.0,76.0,1,Steady mid-tier
2625,19,18-24,Male,South Dakota,Clothing,Dress,M,Indigo,Summer,59,3.3,False,No,False,Standard,No,False,Credit Card,19,Developing,Annually,365,1.0,59.0,1,Steady mid-tier
2626,30,25-34,Male,Colorado,Clothing,Skirt,L,Cyan,Summer,51,2.7,False,No,False,Standard,No,False,Credit Card,31,Established,Weekly,7,52.14,2659.14,0,High-value regulars
2627,50,45-54,Male,Rhode Island,Outerwear,Jacket,XL,Silver,Fall,46,4.2,False,No,False,Express,No,False,Credit Card,30,Established,Every 3 Months,90,4.06,186.76,1,Steady mid-tier
2628,66,65+,Male,Missouri,Clothing,Shirt,L,Silver,Fall,26,3.6,False,No,False,Next Day Air,No,False,Bank Transfer,40,Established,Quarterly,90,4.06,105.56,1,Steady mid-tier
2629,25,25-34,Male,Wyoming,Clothing,Hoodie,M,Silver,Summer,51,3.8,False,No,False,Next Day Air,No,False,Credit Card,42,Loyal,Bi-Weekly,14,26.07,1329.57,1,Steady mid-tier
2630,61,55-64,Male,New Hampshire,Accessories,Scarf,M,Peach,Winter,44,3.8,False,No,False,Free Shipping,No,False,Venmo,25,Developing,Annually,365,1.0,44.0,1,Steady mid-tier
2631,29,25-34,Male,Maine,Clothing,Skirt,S,Pink,Spring,82,4.2,False,No,False,Free Shipping,No,False,Cash,20,Developing,Quarterly,90,4.06,332.92,1,Steady mid-tier
2632,53,45-54,Male,Connecticut,Clothing,Skirt,S,Violet,Summer,44,2.7,False,No,False,Express,No,False,Cash,3,New,Weekly,7,52.14,2294.16,0,High-value regulars
2633,24,18-24,Male,Alaska,Accessories,Scarf,M,Black,Fall,27,5.0,False,No,False,Next Day Air,No,False,Cash,14,Developing,Annually,365,1.0,27.0,1,Steady mid-tier
2634,51,45-54,Male,Alaska,Accessories,Sunglasses,M,Purple,Fall,90,4.7,False,No,False,Next Day Air,No,False,Credit Card,32,Established,Fortnightly,14,26.07,2346.3,0,High-value regulars
2635,26,25-34,Male,North Carolina,Footwear,Sandals,S,Black,Summer,58,3.2,False,No,False,Store Pickup,No,False,PayPal,20,Developing,Every 3 Months,90,4.06,235.48,1,Steady mid-tier
2636,59,55-64,Male,Colorado,Clothing,Hoodie,XL,Peach,Spring,80,2.9,False,No,False,2-Day Shipping,No,False,PayPal,34,Established,Fortnightly,14,26.07,2085.6,0,High-value regulars
2637,41,35-44,Male,Utah,Outerwear,Jacket,S,Magenta,Winter,40,4.2,False,No,False,Store Pickup,No,False,Venmo,6,New,Annually,365,1.0,40.0,1,Steady mid-tier
2638,20,18-24,Male,Alabama,Clothing,Pants,M,Magenta,Spring,23,3.7,False,No,False,Store Pickup,No,False,PayPal,2,New,Annually,365,1.0,23.0,1,Steady mid-tier
2639,22,18-24,Male,Hawaii,Clothing,Shirt,S,Black,Spring,34,4.2,False,No,False,Store Pickup,No,False,Credit Card,35,Established,Annually,365,1.0,34.0,1,Steady mid-tier
2640,18,18-24,Male,New Hampshire,Clothing,Blouse,XL,Pink,Winter,35,2.6,False,No,False,Free Shipping,No,False,Debit Card,33,Established,Quarterly,90,4.06,142.1,1,Steady mid-tier
2641,30,25-34,Male,Indiana,Clothing,Skirt,L,Olive,Summer,75,4.0,False,No,False,Store Pickup,No,False,Venmo,45,Loyal,Bi-Weekly,14,26.07,1955.25,0,High-value regulars
2642,25,25-34,Male,Vermont,Accessories,Sunglasses,XL,Olive,Winter,60,2.7,False,No,False,Next Day Air,No,False,Bank Transfer,20,Developing,Every 3 Months,90,4.06,243.6,1,Steady mid-tier
2643,39,35-44,Male,Iowa,Accessories,Belt,L,Peach,Summer,87,4.0,False,No,False,Store Pickup,No,False,Bank Transfer,48,Loyal,Annually,365,1.0,87.0,1,Steady mid-tier
2644,49,45-54,Male,Maryland,Accessories,Gloves,S,Silver,Spring,41,2.9,False,No,False,Next Day Air,No,False,Cash,37,Established,Monthly,30,12.17,498.97,1,Steady mid-tier
2645,25,25-34,Male,New Mexico,Clothing,Pants,M,Turquoise,Spring,83,3.3,False,No,False,Standard,No,False,Bank Transfer,4,New,Every 3 Months,90,4.06,336.98,1,Steady mid-tier
2646,23,18-24,Male,Louisiana,Accessories,Scarf,L,Olive,Spring,81,4.0,False,No,False,Store Pickup,No,False,Bank Transfer,24,Developing,Bi-Weekly,14,26.07,2111.67,0,High-value regulars
2647,33,25-34,Male,New Mexico,Clothing,T-shirt,S,Lavender,Summer,56,3.9,False,No,False,Next Day Air,No,False,Debit Card,4,New,Every 3 Months,90,4.06,227.36,1,Steady mid-tier
2648,60,55-64,Male,South Carolina,Footwear,Shoes,M,Red,Summer,58,3.3,False,No,False,2-Day Shipping,No,False,Debit Card,25,Developing,Annually,365,1.0,58.0,1,Steady mid-tier
2649,51,45-54,Male,Illinois,Clothing,Pants,M,Gray,Spring,84,3.9,False,No,False,Next Day Air,No,False,PayPal,14,Developing,Bi-Weekly,14,26.07,2189.88,0,High-value regulars
2650,23,18-24,Male,Minnesota,Accessories,Gloves,M,Magenta,Fall,21,3.9,False,No,False,Store Pickup,No,False,Bank Transfer,14,Developing,Fortnightly,14,26.07,547.47,1,Steady mid-tier
2651,20,18-24,Male,Oregon,Clothing,Socks,L,Maroon,Summer,35,4.2,False,No,False,Standard,No,False,Credit Card,46,Loyal,Every 3 Months,90,4.06,142.1,1,Steady mid-tier
2652,51,45-54,Male,Tennessee,Footwear,Sneakers,M,Cyan,Summer,43,4.6,False,No,False,Store Pickup,No,False,PayPal,27,Established,Quarterly,90,4.06,174.58,1,Steady mid-tier
2653,23,18-24,Female,Maryland,Clothing,Shorts,L,Cyan,Summer,20,3.3,False,No,False,2-Day Shipping,No,False,Credit Card,46,Loyal,Monthly,30,12.17,243.4,1,Steady mid-tier
2654,67,65+,Female,Wisconsin,Clothing,Blouse,L,Lavender,Fall,36,4.8,False,No,False,Express,No,False,Venmo,24,Developing,Every 3 Months,90,4.06,146.16,1,Steady mid-tier
2655,23,18-24,Female,Idaho,Outerwear,Coat,S,Pink,Fall,70,4.1,False,No,False,Next Day Air,No,False,PayPal,4,New,Annually,365,1.0,70.0,1,Steady mid-tier
2656,26,25-34,Female,Wyoming,Accessories,Sunglasses,M,Gray,Summer,83,3.4,False,No,False,Standard,No,False,Credit Card,2,New,Fortnightly,14,26.07,2163.81,0,High-value regulars
2657,52,45-54,Female,Indiana,Clothing,Shorts,L,Yellow,Winter,76,3.6,False,No,False,Express,No,False,Bank Transfer,29,Established,Fortnightly,14,26.07,1981.32,0,High-value regulars
2658,52,45-54,Female,Texas,Clothing,Dress,M,Pink,Summer,81,2.7,False,No,False,Express,No,False,Credit Card,7,New,Fortnightly,14,26.07,2111.67,0,High-value regulars
2659,52,45-54,Female,Ohio,Accessories,Handbag,XL,Indigo,Summer,47,3.2,False,No,False,Next Day Air,No,False,PayPal,39,Established,Monthly,30,12.17,571.99,1,Steady mid-tier
2660,35,35-44,Female,Kansas,Footwear,Boots,L,Gray,Summer,35,4.4,False,No,False,2-Day Shipping,No,False,Credit Card,46,Loyal,Fortnightly,14,26.07,912.45,1,Steady mid-tier
2661,24,18-24,Female,South Carolina,Clothing,Pants,L,Yellow,Spring,85,4.9,False,No,False,Express,No,False,Venmo,44,Loyal,Annually,365,1.0,85.0,1,Steady mid-tier
2662,43,35-44,Female,Michigan,Footwear,Boots,XL,Olive,Fall,96,4.8,False,No,False,Express,No,False,Bank Transfer,20,Developing,Annually,365,1.0,96.0,1,Steady mid-tier
2663,25,25-34,Female,Nebraska,Clothing,Skirt,M,Cyan,Summer,98,2.8,False,No,False,2-Day Shipping,No,False,PayPal,44,Loyal,Fortnightly,14,26.07,2554.86,0,High-value regulars
2664,46,45-54,Female,Wisconsin,Footwear,Sneakers,L,Silver,Fall,52,2.9,False,No,False,Free Shipping,No,False,Bank Transfer,23,Developing,Annually,365,1.0,52.0,1,Steady mid-tier
2665,22,18-24,Female,Illinois,Accessories,Jewelry,L,Silver,Winter,84,3.2,False,No,False,Store Pickup,No,False,PayPal,37,Established,Weekly,7,52.14,4379.76,0,High-value regulars
2666,70,65+,Female,Louisiana,Clothing,T-shirt,L,Red,Winter,71,3.5,False,No,False,Store Pickup,No,False,Venmo,4,New,Weekly,7,52.14,3701.94,0,High-value regulars
2667,49,45-54,Female,Ohio,Footwear,Sandals,S,Brown,Winter,95,4.1,False,No,False,Store Pickup,No,False,Venmo,14,Developing,Fortnightly,14,26.07,2476.65,0,High-value regulars
2668,48,45-54,Female,Maryland,Footwear,Boots,M,Orange,Summer,47,4.1,False,No,False,Free Shipping,No,False,Cash,31,Established,Fortnightly,14,26.07,1225.29,1,Steady mid-tier
2669,59,55-64,Female,Texas,Outerwear,Coat,M,Black,Summer,75,4.8,False,No,False,Next Day Air,No,False,PayPal,9,New,Quarterly,90,4.06,304.5,1,Steady mid-tier
2670,39,35-44,Female,Illinois,Accessories,Belt,L,Teal,Spring,28,2.8,False,No,False,Free Shipping,No,False,Credit Card,31,Established,Weekly,7,52.14,1459.92,0,High-value regulars
2671,30,25-34,Female,Pennsylvania,Accessories,Sunglasses,M,Yellow,Fall,44,4.7,False,No,False,Express,No,False,Bank Transfer,26,Established,Bi-Weekly,14,26.07,1147.08,1,Steady mid-tier
2672,37,35-44,Female,Alabama,Footwear,Sandals,XL,Gray,Winter,64,4.8,False,No,False,2-Day Shipping,No,False,PayPal,41,Loyal,Every 3 Months,90,4.06,259.84,1,Steady mid-tier
2673,56,55-64,Female,West Virginia,Footwear,Boots,M,Maroon,Spring,28,2.9,False,No,False,Standard,No,False,Cash,13,Developing,Annually,365,1.0,28.0,1,Steady mid-tier
2674,67,65+,Female,Nevada,Clothing,Hoodie,M,Olive,Summer,21,2.6,False,No,False,2-Day Shipping,No,False,Cash,4,New,Monthly,30,12.17,255.57,1,Steady mid-tier
2675,40,35-44,Female,Florida,Accessories,Hat,S,Charcoal,Fall,41,3.3,False,No,False,Express,No,False,Cash,15,Developing,Every 3 Months,90,4.06,166.46,1,Steady mid-tier
2676,24,18-24,Female,Virginia,Clothing,Shorts,M,Peach,Winter,38,3.4,False,No,False,Free Shipping,No,False,Cash,38,Established,Bi-Weekly,14,26.07,990.66,1,Steady mid-tier
2677,43,35-44,Female,Kentucky,Accessories,Backpack,M,Maroon,Spring,77,3.6,False,No,False,Free Shipping,No,False,Cash,3,New,Fortnightly,14,26.07,2007.39,0,High-value regulars
2678,45,45-54,Female,Connecticut,Clothing,Shorts,L,Olive,Spring,43,3.8,False,No,False,Next Day Air,No,False,PayPal,6,New,Every 3 Months,90,4.06,174.58,1,Steady mid-tier
2679,33,25-34,Female,Montana,Accessories,Belt,M,Magenta,Spring,91,3.4,False,No,False,2-Day Shipping,No,False,Credit Card,34,Established,Bi-Weekly,14,26.07,2372.37,0,High-value regulars
2680,53,45-54,Female,Montana,Clothing,Shorts,S,Yellow,Spring,68,3.8,False,No,False,Express,No,False,Debit Card,7,New,Quarterly,90,4.06,276.08,1,Steady mid-tier
2681,44,35-44,Female,Nebraska,Clothing,Socks,L,Indigo,Fall,37,3.3,False,No,False,Next Day Air,No,False,Venmo,21,Developing,Annually,365,1.0,37.0,1,Steady mid-tier
2682,23,18-24,Female,Massachusetts,Footwear,Shoes,L,Olive,Summer,23,4.8,False,No,False,Standard,No,False,Debit Card,17,Developing,Monthly,30,12.17,279.91,1,Steady mid-tier
2683,59,55-64,Female,North Carolina,Footwear,Sneakers,L,Maroon,Winter,65,3.9,False,No,False,2-Day Shipping,No,False,Venmo,5,New,Every 3 Months,90,4.06,263.9,1,Steady mid-tier
2684,68,65+,Female,Montana,Accessories,Backpack,M,Indigo,Summer,30,4.2,False,No,False,Next Day Air,No,False,Cash,21,Developing,Fortnightly,14,26.07,782.1,1,Steady mid-tier
2685,46,45-54,Female,Washington,Clothing,Dress,M,Gray,Summer,45,4.7,False,No,False,Free Shipping,No,False,Credit Card,42,Loyal,Bi-Weekly,14,26.07,1173.15,1,Steady mid-tier
2686,56,55-64,Female,Virginia,Footwear,Boots,M,Gray,Winter,25,2.7,False,No,False,Express,No,False,Credit Card,49,Loyal,Quarterly,90,4.06,101.5,1,Steady mid-tier
2687,40,35-44,Female,Georgia,Clothing,Socks,M,Black,Winter,72,3.8,False,No,False,2-Day Shipping,No,False,Cash,33,Established,Fortnightly,14,26.07,1877.04,0,High-value regulars
2688,61,55-64,Female,Delaware,Clothing,Dress,M,White,Fall,75,3.6,False,No,False,2-Day Shipping,No,False,Debit Card,12,Developing,Bi-Weekly,14,26.07,1955.25,0,High-value regulars
2689,53,45-54,Female,West Virginia,Accessories,Handbag,XL,Turquoise,Spring,63,2.9,False,No,False,2-Day Shipping,No,False,Credit Card,18,Developing,Every 3 Months,90,4.06,255.78,1,Steady mid-tier
2690,29,25-34,Female,Wyoming,Clothing,Blouse,M,Orange,Fall,35,3.9,False,No,False,Standard,No,False,PayPal,47,Loyal,Quarterly,90,4.06,142.1,1,Steady mid-tier
2691,44,35-44,Female,New Mexico,Accessories,Belt,L,Yellow,Summer,32,4.7,False,No,False,Free Shipping,No,False,Bank Transfer,18,Developing,Weekly,7,52.14,1668.48,0,High-value regulars
2692,43,35-44,Female,Nebraska,Clothing,Pants,L,Blue,Winter,25,3.3,False,No,False,2-Day Shipping,No,False,Cash,48,Loyal,Monthly,30,12.17,304.25,1,Steady mid-tier
2693,40,35-44,Female,Washington,Footwear,Sneakers,XL,Violet,Spring,90,4.2,False,No,False,Free Shipping,No,False,Debit Card,18,Developing,Every 3 Months,90,4.06,365.4,1,Steady mid-tier
2694,55,55-64,Female,Hawaii,Footwear,Boots,L,Lavender,Summer,70,2.6,False,No,False,Standard,No,False,Cash,46,Loyal,Quarterly,90,4.06,284.2,1,Steady mid-tier
2695,66,65+,Female,Louisiana,Accessories,Sunglasses,M,Olive,Spring,27,4.9,False,No,False,Express,No,False,Credit Card,34,Established,Every 3 Months,90,4.06,109.62,1,Steady mid-tier
2696,50,45-54,Female,Tennessee,Accessories,Hat,M,Orange,Fall,92,3.6,False,No,False,Standard,No,False,PayPal,10,New,Bi-Weekly,14,26.07,2398.44,0,High-value regulars
2697,57,55-64,Female,South Dakota,Outerwear,Coat,M,White,Spring,20,4.7,False,No,False,Free Shipping,No,False,Debit Card,12,Developing,Monthly,30,12.17,243.4,1,Steady mid-tier
2698,42,35-44,Female,Delaware,Outerwear,Jacket,L,Red,Winter,52,3.2,False,No,False,Standard,No,False,Bank Transfer,36,Established,Quarterly,90,4.06,211.12,1,Steady mid-tier
2699,55,55-64,Female,Virginia,Clothing,Hoodie,M,Magenta,Summer,57,3.6,False,No,False,Store Pickup,No,False,Venmo,34,Established,Quarterly,90,4.06,231.42,1,Steady mid-tier
2700,25,25-34,Female,Utah,Footwear,Boots,M,Violet,Fall,96,3.6,False,No,False,2-Day Shipping,No,False,Debit Card,49,Loyal,Annually,365,1.0,96.0,1,Steady mid-tier
2701,22,18-24,Female,California,Clothing,T-shirt,XL,Olive,Winter,68,3.2,False,No,False,Standard,No,False,Cash,36,Established,Weekly,7,52.14,3545.52,0,High-value regulars
2702,49,45-54,Female,Idaho,Clothing,Sweater,L,Silver,Summer,30,2.8,False,No,False,Store Pickup,No,False,Bank Transfer,18,Developing,Fortnightly,14,26.07,782.1,1,Steady mid-tier
2703,70,65+,Female,Texas,Footwear,Shoes,L,Gray,Fall,37,4.0,False,No,False,Next Day Air,No,False,Debit Card,39,Established,Fortnightly,14,26.07,964.59,1,Steady mid-tier
2704,56,55-64,Female,Tennessee,Accessories,Scarf,XL,Olive,Winter,42,4.4,False,No,False,Free Shipping,No,False,PayPal,34,Established,Weekly,7,52.14,2189.88,0,High-value regulars
2705,52,45-54,Female,Tennessee,Clothing,Dress,L,Beige,Spring,54,3.4,False,No,False,Next Day Air,No,False,Debit Card,35,Established,Weekly,7,52.14,2815.56,0,High-value regulars
2706,65,65+,Female,Washington,Outerwear,Jacket,S,Turquoise,Spring,81,5.0,False,No,False,Store Pickup,No,False,Credit Card,1,New,Bi-Weekly,14,26.07,2111.67,0,High-value regulars
2707,24,18-24,Female,Alabama,Footwear,Shoes,S,Blue,Spring,40,3.1,False,No,False,Express,No,False,Debit Card,48,Loyal,Quarterly,90,4.06,162.4,1,Steady mid-tier
2708,32,25-34,Female,Nebraska,Accessories,Backpack,M,Pink,Fall,88,4.2,False,No,False,Standard,No,False,Cash,19,Developing,Weekly,7,52.14,4588.32,0,High-value regulars
2709,57,55-64,Female,Alabama,Clothing,Dress,M,Teal,Summer,94,3.3,False,No,False,Store Pickup,No,False,Debit Card,44,Loyal,Weekly,7,52.14,4901.16,0,High-value regulars
2710,35,35-44,Female,Illinois,Clothing,Shirt,S,Cyan,Winter,54,2.9,False,No,False,Standard,No,False,Credit Card,9,New,Bi-Weekly,14,26.07,1407.78,1,Steady mid-tier
2711,69,65+,Female,Wisconsin,Outerwear,Jacket,L,Purple,Summer,51,4.7,False,No,False,Standard,No,False,Bank Transfer,3,New,Fortnightly,14,26.07,1329.57,1,Steady mid-tier
2712,30,25-34,Female,Nebraska,Accessories,Sunglasses,L,Red,Spring,22,4.0,False,No,False,Standard,No,False,Venmo,50,Loyal,Monthly,30,12.17,267.74,1,Steady mid-tier
2713,37,35-44,Female,North Dakota,Outerwear,Jacket,L,Brown,Fall,95,4.6,False,No,False,Standard,No,False,Debit Card,7,New,Quarterly,90,4.06,385.7,1,Steady mid-tier
2714,19,18-24,Female,Mississippi,Outerwear,Coat,M,Magenta,Fall,57,3.8,False,No,False,2-Day Shipping,No,False,Debit Card,20,Developing,Annually,365,1.0,57.0,1,Steady mid-tier
2715,53,45-54,Female,Iowa,Clothing,Sweater,S,Olive,Winter,45,3.6,False,No,False,Store Pickup,No,False,Credit Card,16,Developing,Bi-Weekly,14,26.07,1173.15,1,Steady mid-tier
2716,25,25-34,Female,Mississippi,Footwear,Sneakers,XL,Pink,Winter,92,4.1,False,No,False,Express,No,False,PayPal,29,Established,Fortnightly,14,26.07,2398.44,0,High-value regulars
2717,47,45-54,Female,Colorado,Footwear,Shoes,L,Black,Spring,40,2.7,False,No,False,Store Pickup,No,False,Debit Card,21,Developing,Weekly,7,52.14,2085.6,0,High-value regulars
2718,18,18-24,Female,Nebraska,Accessories,Sunglasses,XL,Beige,Winter,62,4.3,False,No,False,Free Shipping,No,False,Credit Card,19,Developing,Every 3 Months,90,4.06,251.72,1,Steady mid-tier
2719,22,18-24,Female,Virginia,Clothing,Shorts,M,Peach,Winter,90,4.9,False,No,False,Next Day Air,No,False,Venmo,10,New,Bi-Weekly,14,26.07,2346.3,0,High-value regulars
2720,69,65+,Female,Louisiana,Clothing,Hoodie,S,Peach,Fall,82,4.2,False,No,False,Free Shipping,No,False,Bank Transfer,4,New,Monthly,30,12.17,997.94,1,Steady mid-tier
2721,55,55-64,Female,Maryland,Accessories,Scarf,M,Peach,Spring,52,2.8,False,No,False,Store Pickup,No,False,Bank Transfer,45,Loyal,Quarterly,90,4.06,211.12,1,Steady mid-tier
2722,19,18-24,Female,Minnesota,Footwear,Sandals,S,Teal,Spring,70,4.9,False,No,False,Free Shipping,No,False,PayPal,17,Developing,Fortnightly,14,26.07,1824.9,0,High-value regulars
2723,23,18-24,Female,Maine,Accessories,Hat,M,Green,Spring,83,2.8,False,No,False,2-Day Shipping,No,False,PayPal,22,Developing,Fortnightly,14,26.07,2163.81,0,High-value regulars
2724,54,45-54,Female,Texas,Footwear,Shoes,XL,Brown,Summer,49,2.9,False,No,False,Store Pickup,No,False,PayPal,3,New,Every 3 Months,90,4.06,198.94,1,Steady mid-tier
2725,52,45-54,Female,Missouri,Footwear,Sneakers,M,Brown,Spring,91,2.5,False,No,False,Next Day Air,No,False,Debit Card,11,Developing,Fortnightly,14,26.07,2372.37,0,High-value regulars
2726,64,55-64,Female,Mississippi,Accessories,Backpack,S,Violet,Summer,99,2.7,False,No,False,Free Shipping,No,False,Debit Card,4,New,Annually,365,1.0,99.0,1,Steady mid-tier
2727,33,25-34,Female,Michigan,Accessories,Belt,L,Blue,Winter,92,3.3,False,No,False,Free Shipping,No,False,PayPal,11,Developing,Bi-Weekly,14,26.07,2398.44,0,High-value regulars
2728,40,35-44,Female,Colorado,Clothing,Shirt,L,Charcoal,Winter,87,3.7,False,No,False,2-Day Shipping,No,False,Credit Card,47,Loyal,Fortnightly,14,26.07,2268.09,0,High-value regulars
2729,26,25-34,Female,Florida,Clothing,Skirt,M,Pink,Winter,28,4.0,False,No,False,Express,No,False,Debit Card,17,Developing,Weekly,7,52.14,1459.92,0,High-value regulars
2730,31,25-34,Female,Montana,Accessories,Gloves,S,Violet,Summer,71,4.1,False,No,False,Free Shipping,No,False,Credit Card,32,Established,Monthly,30,12.17,864.07,1,Steady mid-tier
2731,23,18-24,Female,Wisconsin,Accessories,Gloves,M,Teal,Winter,32,4.1,False,No,False,Store Pickup,No,False,Bank Transfer,37,Established,Annually,365,1.0,32.0,1,Steady mid-tier
2732,52,45-54,Female,Wisconsin,Accessories,Handbag,M,Red,Summer,33,2.5,False,No,False,2-Day Shipping,No,False,Bank Transfer,44,Loyal,Quarterly,90,4.06,133.98,1,Steady mid-tier
2733,21,18-24,Female,Delaware,Clothing,Socks,L,Orange,Winter,75,4.2,False,No,False,Store Pickup,No,False,Debit Card,27,Established,Every 3 Months,90,4.06,304.5,1,Steady mid-tier
2734,31,25-34,Female,North Carolina,Accessories,Backpack,M,Magenta,Summer,83,4.7,False,No,False,Express,No,False,PayPal,46,Loyal,Annually,365,1.0,83.0,1,Steady mid-tier
2735,63,55-64,Female,New York,Clothing,Jeans,XL,Yellow,Summer,93,2.7,False,No,False,2-Day Shipping,No,False,Cash,13,Developing,Bi-Weekly,14,26.07,2424.51,0,High-value regulars
2736,46,45-54,Female,California,Clothing,Skirt,M,Yellow,Spring,29,3.0,False,No,False,Express,No,False,PayPal,2,New,Bi-Weekly,14,26.07,756.03,1,Steady mid-tier
2737,44,35-44,Female,Montana,Clothing,Hoodie,M,Pink,Spring,25,4.8,False,No,False,Store Pickup,No,False,Credit Card,45,Loyal,Annually,365,1.0,25.0,1,Steady mid-tier
2738,57,55-64,Female,North Carolina,Accessories,Jewelry,S,Indigo,Spring,76,4.4,False,No,False,Free Shipping,No,False,Cash,35,Established,Every 3 Months,90,4.06,308.56,1,Steady mid-tier
2739,50,45-54,Female,Ohio,Footwear,Sneakers,M,Charcoal,Summer,81,4.3,False,No,False,2-Day Shipping,No,False,Venmo,39,Established,Every 3 Months,90,4.06,328.86,1,Steady mid-tier
2740,33,25-34,Female,Alaska,Clothing,Shirt,XL,Blue,Winter,80,2.5,False,No,False,Store Pickup,No,False,Credit Card,39,Established,Every 3 Months,90,4.06,324.8,1,Steady mid-tier
2741,19,18-24,Female,Pennsylvania,Accessories,Sunglasses,M,Lavender,Summer,70,4.9,False,No,False,Free Shipping,No,False,Bank Transfer,34,Established,Fortnightly,14,26.07,1824.9,0,High-value regulars
2742,68,65+,Female,Maine,Clothing,Dress,L,Yellow,Fall,81,4.9,False,No,False,2-Day Shipping,No,False,Venmo,41,Loyal,Monthly,30,12.17,985.77,1,Steady mid-tier
2743,27,25-34,Female,Texas,Footwear,Shoes,M,Black,Spring,86,3.9,False,No,False,Free Shipping,No,False,Debit Card,47,Loyal,Annually,365,1.0,86.0,1,Steady mid-tier
2744,61,55-64,Female,New Jersey,Accessories,Belt,S,Beige,Fall,94,4.1,False,No,False,2-Day Shipping,No,False,Venmo,17,Developing,Quarterly,90,4.06,381.64,1,Steady mid-tier
2745,38,35-44,Female,Wyoming,Clothing,Shirt,M,Silver,Winter,66,3.3,False,No,False,Store Pickup,No,False,Credit Card,40,Established,Monthly,30,12.17,803.22,1,Steady mid-tier
2746,28,25-34,Female,Michigan,Footwear,Boots,M,Magenta,Summer,98,4.1,False,No,False,Standard,No,False,PayPal,44,Loyal,Bi-Weekly,14,26.07,2554.86,0,High-value regulars
2747,39,35-44,Female,Ohio,Clothing,Hoodie,M,Orange,Fall,25,3.7,False,No,False,Standard,No,False,PayPal,21,Developing,Every 3 Months,90,4.06,101.5,1,Steady mid-tier
2748,18,18-24,Female,West Virginia,Clothing,Jeans,M,Teal,Winter,62,3.1,False,No,False,Free Shipping,No,False,Credit Card,21,Developing,Every 3 Months,90,4.06,251.72,1,Steady mid-tier
2749,24,18-24,Female,Virginia,Outerwear,Jacket,L,Turquoise,Spring,98,3.0,False,No,False,Free Shipping,No,False,Venmo,16,Developing,Annually,365,1.0,98.0,1,Steady mid-tier
2750,64,55-64,Female,Vermont,Outerwear,Jacket,M,Cyan,Spring,53,3.4,False,No,False,Standard,No,False,Bank Transfer,15,Developing,Annually,365,1.0,53.0,1,Steady mid-tier
2751,51,45-54,Female,Alaska,Footwear,Sandals,L,Pink,Spring,66,2.7,False,No,False,2-Day Shipping,No,False,PayPal,26,Established,Every 3 Months,90,4.06,267.96,1,Steady mid-tier
2752,27,25-34,Female,Minnesota,Clothing,Dress,S,Indigo,Fall,52,3.1,False,No,False,Free Shipping,No,False,Venmo,50,Loyal,Monthly,30,12.17,632.84,1,Steady mid-tier
2753,48,45-54,Female,Colorado,Clothing,Sweater,S,Peach,Winter,64,4.0,False,No,False,Free Shipping,No,False,Venmo,30,Established,Bi-Weekly,14,26.07,1668.48,0,High-value regulars
2754,69,65+,Female,Rhode Island,Accessories,Gloves,M,Beige,Spring,59,3.6,False,No,False,Next Day Air,No,False,PayPal,48,Loyal,Quarterly,90,4.06,239.54,1,Steady mid-tier
2755,59,55-64,Female,New Jersey,Accessories,Sunglasses,L,Gold,Summer,61,3.6,False,No,False,Free Shipping,No,False,Venmo,21,Developing,Bi-Weekly,14,26.07,1590.27,0,High-value regulars
2756,59,55-64,Female,Nevada,Accessories,Belt,M,Indigo,Winter,97,3.3,False,No,False,Store Pickup,No,False,Credit Card,18,Developing,Annually,365,1.0,97.0,1,Steady mid-tier
2757,42,35-44,Female,Minnesota,Accessories,Hat,L,Violet,Winter,23,4.1,False,No,False,Free Shipping,No,False,PayPal,41,Loyal,Monthly,30,12.17,279.91,1,Steady mid-tier
2758,39,35-44,Female,Delaware,Accessories,Hat,XL,Brown,Fall,98,4.3,False,No,False,Next Day Air,No,False,Venmo,11,Developing,Monthly,30,12.17,1192.66,1,Steady mid-tier
2759,32,25-34,Female,Illinois,Clothing,Blouse,M,Purple,Summer,98,3.2,False,No,False,Standard,No,False,Bank Transfer,8,New,Bi-Weekly,14,26.07,2554.86,0,High-value regulars
2760,68,65+,Female,Washington,Footwear,Shoes,M,Turquoise,Summer,59,3.9,False,No,False,Free Shipping,No,False,Cash,42,Loyal,Every 3 Months,90,4.06,239.54,1,Steady mid-tier
2761,41,35-44,Female,Alaska,Clothing,Skirt,S,Violet,Fall,82,5.0,False,No,False,Next Day Air,No,False,Credit Card,41,Loyal,Bi-Weekly,14,26.07,2137.74,0,High-value regulars
2762,31,25-34,Female,Michigan,Footwear,Sneakers,M,Purple,Fall,82,3.4,False,No,False,Next Day Air,No,False,Credit Card,3,New,Every 3 Months,90,4.06,332.92,1,Steady mid-tier
2763,58,55-64,Female,Georgia,Clothing,T-shirt,M,Charcoal,Fall,41,3.8,False,No,False,Store Pickup,No,False,Debit Card,10,New,Every 3 Months,90,4.06,166.46,1,Steady mid-tier
2764,28,25-34,Female,West Virginia,Accessories,Handbag,M,Green,Fall,52,2.9,False,No,False,2-Day Shipping,No,False,Venmo,35,Established,Quarterly,90,4.06,211.12,1,Steady mid-tier
2765,63,55-64,Female,Arizona,Clothing,Sweater,XL,White,Spring,41,2.6,False,No,False,Next Day Air,No,False,Debit Card,2,New,Weekly,7,52.14,2137.74,0,High-value regulars
2766,64,55-64,Female,Colorado,Accessories,Gloves,M,Purple,Summer,70,4.3,False,No,False,2-Day Shipping,No,False,Credit Card,24,Developing,Quarterly,90,4.06,284.2,1,Steady mid-tier
2767,66,65+,Female,Tennessee,Clothing,Dress,M,Cyan,Winter,91,2.8,False,No,False,Standard,No,False,Credit Card,47,Loyal,Monthly,30,12.17,1107.47,1,Steady mid-tier
2768,31,25-34,Female,Iowa,Clothing,Dress,M,Green,Spring,95,4.5,False,No,False,Free Shipping,No,False,Cash,31,Established,Monthly,30,12.17,1156.15,1,Steady mid-tier
2769,55,55-64,Female,Kansas,Clothing,Blouse,M,Beige,Spring,25,3.8,False,No,False,2-Day Shipping,No,False,PayPal,28,Established,Bi-Weekly,14,26.07,651.75,1,Steady mid-tier
2770,32,25-34,Female,Oklahoma,Clothing,Shirt,L,Lavender,Fall,89,3.0,False,No,False,Standard,No,False,Cash,13,Developing,Weekly,7,52.14,4640.46,0,High-value regulars
2771,50,45-54,Female,Nebraska,Footwear,Boots,S,Blue,Fall,44,3.3,False,No,False,Express,No,False,Bank Transfer,22,Developing,Quarterly,90,4.06,178.64,1,Steady mid-tier
2772,58,55-64,Female,Maryland,Outerwear,Jacket,S,Beige,Summer,52,3.1,False,No,False,2-Day Shipping,No,False,Bank Transfer,12,Developing,Fortnightly,14,26.07,1355.64,1,Steady mid-tier
2773,18,18-24,Female,Pennsylvania,Accessories,Backpack,L,Blue,Spring,94,3.5,False,No,False,Store Pickup,No,False,Bank Transfer,10,New,Every 3 Months,90,4.06,381.64,1,Steady mid-tier
2774,39,35-44,Female,Arizona,Clothing,Pants,S,Maroon,Spring,98,4.6,False,No,False,Express,No,False,Bank Transfer,45,Loyal,Quarterly,90,4.06,397.88,1,Steady mid-tier
2775,56,55-64,Female,Oklahoma,Footwear,Boots,L,Yellow,Fall,40,4.1,False,No,False,Standard,No,False,Credit Card,42,Loyal,Quarterly,90,4.06,162.4,1,Steady mid-tier
2776,37,35-44,Female,Montana,Clothing,Socks,L,Red,Fall,25,3.6,False,No,False,Free Shipping,No,False,Debit Card,16,Developing,Weekly,7,52.14,1303.5,0,High-value regulars
2777,46,45-54,Female,Wyoming,Accessories,Scarf,L,Green,Fall,62,2.9,False,No,False,Free Shipping,No,False,Bank Transfer,6,New,Annually,365,1.0,62.0,1,Steady mid-tier
2778,52,45-54,Female,Idaho,Clothing,Blouse,M,Magenta,Fall,24,4.8,False,No,False,Standard,No,False,Credit Card,28,Established,Every 3 Months,90,4.06,97.44,1,Steady mid-tier
2779,70,65+,Female,Pennsylvania,Accessories,Belt,L,Yellow,Spring,57,3.2,False,No,False,Standard,No,False,Credit Card,24,Developing,Bi-Weekly,14,26.07,1485.99,0,High-value regulars
2780,61,55-64,Female,Montana,Accessories,Sunglasses,L,Blue,Winter,66,4.3,False,No,False,Express,No,False,Credit Card,14,Developing,Fortnightly,14,26.07,1720.62,0,High-value regulars
2781,33,25-34,Female,Ohio,Footwear,Boots,M,Charcoal,Winter,70,4.1,False,No,False,Next Day Air,No,False,PayPal,29,Established,Fortnightly,14,26.07,1824.9,0,High-value regulars
2782,65,65+,Female,Mississippi,Footwear,Sandals,M,Blue,Spring,39,4.6,False,No,False,Standard,No,False,PayPal,33,Established,Weekly,7,52.14,2033.46,0,High-value regulars
2783,41,35-44,Female,Idaho,Accessories,Gloves,S,Cyan,Spring,34,3.8,False,No,False,Free Shipping,No,False,PayPal,30,Established,Annually,365,1.0,34.0,1,Steady mid-tier
2784,19,18-24,Female,Virginia,Clothing,Skirt,M,Silver,Spring,38,4.5,False,No,False,Next Day Air,No,False,Credit Card,26,Established,Quarterly,90,4.06,154.28,1,Steady mid-tier
2785,33,25-34,Female,Idaho,Clothing,Skirt,M,Black,Winter,70,3.1,False,No,False,Express,No,False,PayPal,12,Developing,Every 3 Months,90,4.06,284.2,1,Steady mid-tier
2786,53,45-54,Female,Louisiana,Clothing,Blouse,S,Green,Summer,80,2.9,False,No,False,Next Day Air,No,False,Bank Transfer,13,Developing,Monthly,30,12.17,973.6,1,Steady mid-tier
2787,54,45-54,Female,Colorado,Accessories,Handbag,M,Violet,Spring,51,3.8,False,No,False,Next Day Air,No,False,Debit Card,41,Loyal,Every 3 Months,90,4.06,207.06,1,Steady mid-tier
2788,36,35-44,Female,West Virginia,Footwear,Boots,XL,Pink,Spring,79,4.1,False,No,False,Next Day Air,No,False,Venmo,4,New,Fortnightly,14,26.07,2059.53,0,High-value regulars
2789,56,55-64,Female,Rhode Island,Footwear,Boots,M,Olive,Summer,92,3.1,False,No,False,Free Shipping,No,False,Credit Card,2,New,Annually,365,1.0,92.0,1,Steady mid-tier
2790,28,25-34,Female,North Carolina,Clothing,Sweater,L,Orange,Fall,85,5.0,False,No,False,Express,No,False,Credit Card,28,Established,Bi-Weekly,14,26.07,2215.95,0,High-value regulars
2791,34,25-34,Female,Maine,Clothing,Socks,M,Black,Spring,63,4.5,False,No,False,Free Shipping,No,False,Debit Card,24,Developing,Annually,365,1.0,63.0,1,Steady mid-tier
2792,43,35-44,Female,Iowa,Accessories,Gloves,M,Yellow,Fall,60,2.8,False,No,False,Express,No,False,Venmo,14,Developing,Fortnightly,14,26.07,1564.2,0,High-value regulars
2793,54,45-54,Female,Kentucky,Clothing,Shorts,L,Violet,Winter,44,3.2,False,No,False,Express,No,False,Credit Card,11,Developing,Weekly,7,52.14,2294.16,0,High-value regulars
2794,37,35-44,Female,Massachusetts,Footwear,Boots,M,Silver,Spring,57,3.1,False,No,False,Standard,No,False,Debit Card,27,Established,Bi-Weekly,14,26.07,1485.99,0,High-value regulars
2795,33,25-34,Female,New York,Outerwear,Jacket,M,Gold,Fall,24,3.3,False,No,False,Standard,No,False,Cash,7,New,Fortnightly,14,26.07,625.68,1,Steady mid-tier
2796,33,25-34,Female,Nebraska,Accessories,Scarf,M,Magenta,Winter,35,3.4,False,No,False,Store Pickup,No,False,PayPal,49,Loyal,Annually,365,1.0,35.0,1,Steady mid-tier
2797,55,55-64,Female,Oklahoma,Outerwear,Jacket,M,Red,Winter,73,3.8,False,No,False,Store Pickup,No,False,Cash,21,Developing,Annually,365,1.0,73.0,1,Steady mid-tier
2798,63,55-64,Female,Oklahoma,Accessories,Jewelry,M,Green,Winter,42,3.5,False,No,False,Express,No,False,Venmo,10,New,Every 3 Months,90,4.06,170.52,1,Steady mid-tier
2799,52,45-54,Female,Rhode Island,Clothing,Hoodie,XL,Red,Winter,20,4.8,False,No,False,Store Pickup,No,False,PayPal,37,Established,Weekly,7,52.14,1042.8,0,High-value regulars
2800,23,18-24,Female,Maine,Clothing,T-shirt,L,Pink,Spring,89,3.9,False,No,False,Free Shipping,No,False,Bank Transfer,9,New,Every 3 Months,90,4.06,361.34,1,Steady mid-tier
2801,70,65+,Female,Arkansas,Clothing,Shirt,L,Violet,Fall,76,3.4,False,No,False,Free Shipping,No,False,Cash,14,Developing,Bi-Weekly,14,26.07,1981.32,0,High-value regulars
2802,64,55-64,Female,New Mexico,Clothing,Shirt,M,Indigo,Winter,56,2.6,False,No,False,Express,No,False,PayPal,30,Established,Annually,365,1.0,56.0,1,Steady mid-tier
2803,22,18-24,Female,Hawaii,Outerwear,Coat,L,Red,Fall,100,3.1,False,No,False,Store Pickup,No,False,Credit Card,42,Loyal,Fortnightly,14,26.07,2607.0,0,High-value regulars
2804,46,45-54,Female,Idaho,Clothing,T-shirt,M,Violet,Winter,44,3.3,False,No,False,Free Shipping,No,False,Bank Transfer,31,Established,Monthly,30,12.17,535.48,1,Steady mid-tier
2805,65,65+,Female,South Carolina,Clothing,Hoodie,M,Cyan,Spring,76,2.8,False,No,False,Standard,No,False,Bank Transfer,48,Loyal,Every 3 Months,90,4.06,308.56,1,Steady mid-tier
2806,18,18-24,Female,Nevada,Accessories,Sunglasses,S,Black,Fall,97,4.3,False,No,False,Standard,No,False,Cash,48,Loyal,Quarterly,90,4.06,393.82,1,Steady mid-tier
2807,45,45-54,Female,South Carolina,Clothing,Blouse,L,Purple,Spring,39,2.7,False,No,False,Standard,No,False,Credit Card,50,Loyal,Annually,365,1.0,39.0,1,Steady mid-tier
2808,56,55-64,Female,Maryland,Clothing,Hoodie,M,Charcoal,Spring,100,4.4,False,No,False,2-Day Shipping,No,False,Debit Card,10,New,Fortnightly,14,26.07,2607.0,0,High-value regulars
2809,49,45-54,Female,Tennessee,Clothing,Skirt,M,Beige,Spring,62,3.9,False,No,False,Free Shipping,No,False,PayPal,45,Loyal,Every 3 Months,90,4.06,251.72,1,Steady mid-tier
2810,66,65+,Female,Arkansas,Clothing,Shorts,XL,Teal,Summer,98,3.0,False,No,False,Standard,No,False,Debit Card,27,Established,Quarterly,90,4.06,397.88,1,Steady mid-tier
2811,27,25-34,Female,Arizona,Clothing,Jeans,M,Purple,Summer,31,4.0,False,No,False,Standard,No,False,Debit Card,10,New,Fortnightly,14,26.07,808.17,1,Steady mid-tier
2812,69,65+,Female,Ohio,Outerwear,Jacket,M,Blue,Fall,89,3.7,False,No,False,Store Pickup,No,False,Credit Card,19,Developing,Quarterly,90,4.06,361.34,1,Steady mid-tier
2813,66,65+,Female,North Dakota,Clothing,Hoodie,XL,Magenta,Fall,91,3.8,False,No,False,Store Pickup,No,False,Credit Card,1,New,Every 3 Months,90,4.06,369.46,1,Steady mid-tier
2814,45,45-54,Female,Vermont,Clothing,Shirt,S,Maroon,Summer,50,3.3,False,No,False,2-Day Shipping,No,False,Debit Card,39,Established,Quarterly,90,4.06,203.0,1,Steady mid-tier
2815,31,25-34,Female,Minnesota,Clothing,T-shirt,L,Gold,Winter,32,3.6,False,No,False,Standard,No,False,Bank Transfer,14,Developing,Monthly,30,12.17,389.44,1,Steady mid-tier
2816,33,25-34,Female,Idaho,Clothing,Blouse,L,Black,Fall,67,3.9,False,No,False,Free Shipping,No,False,Venmo,40,Established,Every 3 Months,90,4.06,272.02,1,Steady mid-tier
2817,43,35-44,Female,Maryland,Clothing,Skirt,M,Black,Spring,28,3.5,False,No,False,Free Shipping,No,False,Venmo,45,Loyal,Weekly,7,52.14,1459.92,0,High-value regulars
2818,25,25-34,Female,South Carolina,Accessories,Backpack,XL,Yellow,Winter,65,3.4,False,No,False,Standard,No,False,Venmo,6,New,Weekly,7,52.14,3389.1,0,High-value regulars
2819,46,45-54,Female,California,Clothing,Shorts,M,Turquoise,Fall,73,4.7,False,No,False,Next Day Air,No,False,Debit Card,12,Developing,Annually,365,1.0,73.0,1,Steady mid-tier
2820,67,65+,Female,Georgia,Clothing,Shirt,L,Lavender,Spring,27,3.0,False,No,False,Free Shipping,No,False,Cash,19,Developing,Monthly,30,12.17,328.59,1,Steady mid-tier
2821,26,25-34,Female,Vermont,Accessories,Backpack,L,Yellow,Summer,89,3.9,False,No,False,Free Shipping,No,False,Cash,5,New,Bi-Weekly,14,26.07,2320.23,0,High-value regulars
2822,35,35-44,Female,Georgia,Footwear,Shoes,L,Olive,Summer,72,4.5,False,No,False,Standard,No,False,Venmo,37,Established,Monthly,30,12.17,876.24,1,Steady mid-tier
2823,61,55-64,Female,New Jersey,Clothing,Skirt,S,Brown,Fall,37,4.1,False,No,False,Standard,No,False,PayPal,33,Established,Quarterly,90,4.06,150.22,1,Steady mid-tier
2824,26,25-34,Female,Utah,Clothing,Dress,M,Olive,Summer,63,4.5,False,No,False,Standard,No,False,Debit Card,47,Loyal,Bi-Weekly,14,26.07,1642.41,0,High-value regulars
2825,39,35-44,Female,Utah,Accessories,Hat,M,Purple,Fall,90,4.0,False,No,False,Free Shipping,No,False,Debit Card,49,Loyal,Quarterly,90,4.06,365.4,1,Steady mid-tier
2826,69,65+,Female,North Carolina,Accessories,Handbag,M,Yellow,Winter,62,4.3,False,No,False,2-Day Shipping,No,False,Bank Transfer,28,Established,Annually,365,1.0,62.0,1,Steady mid-tier
2827,32,25-34,Female,Florida,Accessories,Handbag,L,Brown,Fall,43,3.6,False,No,False,Express,No,False,Venmo,23,Developing,Annually,365,1.0,43.0,1,Steady mid-tier
2828,20,18-24,Female,Wisconsin,Clothing,Blouse,M,Magenta,Fall,96,3.1,False,No,False,Next Day Air,No,False,Bank Transfer,11,Developing,Bi-Weekly,14,26.07,2502.72,0,High-value regulars
2829,25,25-34,Female,Tennessee,Accessories,Scarf,L,Lavender,Fall,83,2.6,False,No,False,Standard,No,False,PayPal,33,Established,Quarterly,90,4.06,336.98,1,Steady mid-tier
2830,56,55-64,Female,Arizona,Accessories,Jewelry,XL,Teal,Fall,67,3.4,False,No,False,Next Day Air,No,False,Cash,47,Loyal,Weekly,7,52.14,3493.38,0,High-value regulars
2831,63,55-64,Female,Oregon,Clothing,Skirt,L,Cyan,Spring,90,2.9,False,No,False,Store Pickup,No,False,Venmo,13,Developing,Every 3 Months,90,4.06,365.4,1,Steady mid-tier
2832,34,25-34,Female,Virginia,Clothing,Hoodie,L,Pink,Winter,53,5.0,False,No,False,Express,No,False,Credit Card,4,New,Weekly,7,52.14,2763.42,0,High-value regulars
2833,29,25-34,Female,Maryland,Accessories,Scarf,M,Magenta,Summer,37,4.6,False,No,False,Standard,No,False,PayPal,40,Established,Quarterly,90,4.06,150.22,1,Steady mid-tier
2834,43,35-44,Female,Arkansas,Clothing,Jeans,M,Teal,Fall,56,3.3,False,No,False,Free Shipping,No,False,Cash,19,Developing,Monthly,30,12.17,681.52,1,Steady mid-tier
2835,39,35-44,Female,Texas,Outerwear,Jacket,M,Indigo,Fall,43,2.9,False,No,False,2-Day Shipping,No,False,Credit Card,17,Developing,Weekly,7,52.14,2242.02,0,High-value regulars
2836,33,25-34,Female,Vermont,Clothing,T-shirt,S,Pink,Winter,84,4.9,False,No,False,Free Shipping,No,False,Venmo,7,New,Annually,365,1.0,84.0,1,Steady mid-tier
2837,51,45-54,Female,Wyoming,Clothing,Pants,M,Charcoal,Winter,50,5.0,False,No,False,2-Day Shipping,No,False,Cash,21,Developing,Bi-Weekly,14,26.07,1303.5,1,Steady mid-tier
2838,65,65+,Female,Alabama,Footwear,Shoes,M,Brown,Summer,88,4.5,False,No,False,Express,No,False,PayPal,44,Loyal,Weekly,7,52.14,4588.32,0,High-value regulars
2839,51,45-54,Female,Maine,Outerwear,Jacket,M,Blue,Fall,50,3.7,False,No,False,Free Shipping,No,False,Bank Transfer,2,New,Weekly,7,52.14,2607.0,0,High-value regulars
2840,70,65+,Female,South Dakota,Accessories,Scarf,L,Teal,Summer,80,2.8,False,No,False,Store Pickup,No,False,Bank Transfer,30,Established,Monthly,30,12.17,973.6,1,Steady mid-tier
2841,40,35-44,Female,West Virginia,Clothing,T-shirt,L,Pink,Spring,47,3.5,False,No,False,Store Pickup,No,False,Cash,41,Loyal,Annually,365,1.0,47.0,1,Steady mid-tier
2842,19,18-24,Female,Ohio,Clothing,Dress,XL,Magenta,Winter,33,3.0,False,No,False,2-Day Shipping,No,False,Cash,31,Established,Weekly,7,52.14,1720.62,0,High-value regulars
2843,28,25-34,Female,Arizona,Outerwear,Coat,L,Green,Fall,100,4.3,False,No,False,Standard,No,False,Debit Card,48,Loyal,Quarterly,90,4.06,406.0,1,Steady mid-tier
2844,51,45-54,Female,Ohio,Clothing,Sweater,M,White,Summer,26,3.6,False,No,False,Store Pickup,No,False,Venmo,41,Loyal,Weekly,7,52.14,1355.64,0,High-value regulars
2845,32,25-34,Female,New Mexico,Accessories,Hat,M,Indigo,Summer,79,4.4,False,No,False,Standard,No,False,Venmo,42,Loyal,Annually,365,1.0,79.0,1,Steady mid-tier
2846,26,25-34,Female,South Dakota,Accessories,Backpack,L,Lavender,Summer,77,4.1,False,No,False,Express,No,False,Debit Card,39,Established,Every 3 Months,90,4.06,312.62,1,Steady mid-tier
2847,50,45-54,Female,Oklahoma,Clothing,Socks,XL,Black,Fall,36,2.8,False,No,False,Next Day Air,No,False,PayPal,15,Developing,Bi-Weekly,14,26.07,938.52,1,Steady mid-tier
2848,68,65+,Female,Connecticut,Accessories,Jewelry,L,Charcoal,Winter,21,2.8,False,No,False,Free Shipping,No,False,PayPal,3,New,Every 3 Months,90,4.06,85.26,1,Steady mid-tier
2849,33,25-34,Female,Wisconsin,Footwear,Boots,L,Gray,Fall,72,4.9,False,No,False,Store Pickup,No,False,Bank Transfer,28,Established,Quarterly,90,4.06,292.32,1,Steady mid-tier
2850,56,55-64,Female,New Hampshire,Outerwear,Coat,M,Gold,Spring,25,4.1,False,No,False,Express,No,False,PayPal,27,Established,Bi-Weekly,14,26.07,651.75,1,Steady mid-tier
2851,57,55-64,Female,Nebraska,Clothing,Sweater,M,Silver,Spring,79,3.0,False,No,False,Store Pickup,No,False,Debit Card,36,Established,Annually,365,1.0,79.0,1,Steady mid-tier
2852,58,55-64,Female,Nevada,Clothing,Blouse,L,Teal,Summer,73,3.0,False,No,False,Store Pickup,No,False,Debit Card,42,Loyal,Monthly,30,12.17,888.41,1,Steady mid-tier
2853,40,35-44,Female,New York,Accessories,Belt,M,Magenta,Spring,71,3.0,False,No,False,Store Pickup,No,False,Venmo,30,Established,Weekly,7,52.14,3701.94,0,High-value regulars
2854,37,35-44,Female,Pennsylvania,Accessories,Hat,M,Magenta,Winter,48,3.2,False,No,False,Next Day Air,No,False,PayPal,9,New,Weekly,7,52.14,2502.72,0,High-value regulars
2855,36,35-44,Female,Delaware,Footwear,Sandals,M,Beige,Fall,28,2.7,False,No,False,Store Pickup,No,False,Venmo,25,Developing,Monthly,30,12.17,340.76,1,Steady mid-tier
2856,29,25-34,Female,Mississippi,Footwear,Boots,S,Maroon,Winter,95,3.8,False,No,False,2-Day Shipping,No,False,PayPal,33,Established,Quarterly,90,4.06,385.7,1,Steady mid-tier
2857,65,65+,Female,Iowa,Outerwear,Jacket,M,Indigo,Winter,48,3.5,False,No,False,2-Day Shipping,No,False,Credit Card,31,Established,Monthly,30,12.17,584.16,1,Steady mid-tier
2858,44,35-44,Female,Utah,Clothing,Dress,S,Maroon,Spring,93,3.8,False,No,False,Next Day Air,No,False,Debit Card,35,Established,Monthly,30,12.17,1131.81,1,Steady mid-tier
2859,34,25-34,Female,Maryland,Clothing,Jeans,L,Teal,Summer,87,3.8,False,No,False,2-Day Shipping,No,False,Bank Transfer,46,Loyal,Monthly,30,12.17,1058.79,1,Steady mid-tier
2860,31,25-34,Female,Utah,Clothing,Shorts,L,Yellow,Fall,32,3.4,False,No,False,Express,No,False,Bank Transfer,29,Established,Annually,365,1.0,32.0,1,Steady mid-tier
2861,28,25-34,Female,Rhode Island,Clothing,Shirt,M,Gold,Spring,38,2.9,False,No,False,Next Day Air,No,False,Bank Transfer,49,Loyal,Weekly,7,52.14,1981.32,0,High-value regulars
2862,66,65+,Female,Maryland,Outerwear,Coat,M,Teal,Fall,54,3.4,False,No,False,Free Shipping,No,False,Credit Card,27,Established,Monthly,30,12.17,657.18,1,Steady mid-tier
2863,68,65+,Female,Hawaii,Outerwear,Coat,S,Violet,Summer,75,4.7,False,No,False,Store Pickup,No,False,Bank Transfer,5,New,Every 3 Months,90,4.06,304.5,1,Steady mid-tier
2864,37,35-44,Female,Connecticut,Clothing,T-shirt,M,Yellow,Fall,56,3.9,False,No,False,2-Day Shipping,No,False,Venmo,18,Developing,Monthly,30,12.17,681.52,1,Steady mid-tier
2865,58,55-64,Female,Illinois,Clothing,Sweater,S,Maroon,Fall,43,3.6,False,No,False,Store Pickup,No,False,Venmo,31,Established,Weekly,7,52.14,2242.02,0,High-value regulars
2866,28,25-34,Female,California,Clothing,Skirt,M,Silver,Fall,97,3.7,False,No,False,Free Shipping,No,False,Cash,27,Established,Fortnightly,14,26.07,2528.79,0,High-value regulars
2867,54,45-54,Female,Connecticut,Clothing,Blouse,S,Violet,Summer,75,3.1,False,No,False,Free Shipping,No,False,Cash,19,Developing,Annually,365,1.0,75.0,1,Steady mid-tier
2868,21,18-24,Female,Colorado,Footwear,Sneakers,L,White,Summer,55,4.9,False,No,False,Next Day Air,No,False,Cash,33,Established,Fortnightly,14,26.07,1433.85,0,High-value regulars
2869,45,45-54,Female,Colorado,Accessories,Backpack,M,Black,Winter,49,2.6,False,No,False,Next Day Air,No,False,PayPal,42,Loyal,Every 3 Months,90,4.06,198.94,1,Steady mid-tier
2870,57,55-64,Female,Georgia,Clothing,Socks,M,White,Summer,58,4.2,False,No,False,Standard,No,False,Bank Transfer,16,Developing,Weekly,7,52.14,3024.12,0,High-value regulars
2871,47,45-54,Female,North Dakota,Accessories,Jewelry,M,Blue,Winter,34,4.8,False,No,False,Free Shipping,No,False,Debit Card,49,Loyal,Every 3 Months,90,4.06,138.04,1,Steady mid-tier
2872,46,45-54,Female,Idaho,Clothing,Shorts,S,Black,Summer,43,2.7,False,No,False,2-Day Shipping,No,False,Venmo,40,Established,Bi-Weekly,14,26.07,1121.01,1,Steady mid-tier
2873,63,55-64,Female,Connecticut,Accessories,Jewelry,L,Olive,Fall,48,2.6,False,No,False,Next Day Air,No,False,Cash,5,New,Annually,365,1.0,48.0,1,Steady mid-tier
2874,44,35-44,Female,Montana,Clothing,Sweater,M,Teal,Spring,40,2.6,False,No,False,Free Shipping,No,False,Bank Transfer,8,New,Monthly,30,12.17,486.8,1,Steady mid-tier
2875,36,35-44,Female,Colorado,Clothing,Shirt,L,Silver,Summer,29,3.1,False,No,False,Standard,No,False,Debit Card,2,New,Annually,365,1.0,29.0,1,Steady mid-tier
2876,24,18-24,Female,Kentucky,Clothing,Pants,M,Pink,Fall,81,2.6,False,No,False,Free Shipping,No,False,Debit Card,14,Developing,Weekly,7,52.14,4223.34,0,High-value regulars
2877,65,65+,Female,New Mexico,Clothing,Hoodie,M,Charcoal,Spring,84,3.4,False,No,False,2-Day Shipping,No,False,Bank Transfer,5,New,Fortnightly,14,26.07,2189.88,0,High-value regulars
2878,32,25-34,Female,New Jersey,Clothing,Socks,M,Silver,Summer,46,3.6,False,No,False,Standard,No,False,Venmo,34,Established,Monthly,30,12.17,559.82,1,Steady mid-tier
2879,63,55-64,Female,California,Clothing,Dress,L,Turquoise,Summer,86,4.3,False,No,False,Next Day Air,No,False,Bank Transfer,13,Developing,Annually,365,1.0,86.0,1,Steady mid-tier
2880,62,55-64,Female,North Dakota,Clothing,Blouse,XL,Turquoise,Winter,57,4.9,False,No,False,Free Shipping,No,False,Venmo,31,Established,Annually,365,1.0,57.0,1,Steady mid-tier
2881,19,18-24,Female,Florida,Clothing,Skirt,L,Beige,Winter,61,4.8,False,No,False,Store Pickup,No,False,PayPal,43,Loyal,Quarterly,90,4.06,247.66,1,Steady mid-tier
2882,38,35-44,Female,Texas,Accessories,Backpack,M,Cyan,Winter,90,4.2,False,No,False,Free Shipping,No,False,Bank Transfer,6,New,Annually,365,1.0,90.0,1,Steady mid-tier
2883,59,55-64,Female,Oklahoma,Clothing,Blouse,L,Gold,Winter,51,2.6,False,No,False,Store Pickup,No,False,Credit Card,23,Developing,Bi-Weekly,14,26.07,1329.57,1,Steady mid-tier
2884,22,18-24,Female,Rhode Island,Clothing,Socks,XL,Silver,Spring,48,3.2,False,No,False,Standard,No,False,PayPal,10,New,Weekly,7,52.14,2502.72,0,High-value regulars
2885,55,55-64,Female,Arkansas,Footwear,Boots,M,Purple,Summer,50,3.4,False,No,False,2-Day Shipping,No,False,Credit Card,47,Loyal,Every 3 Months,90,4.06,203.0,1,Steady mid-tier
2886,29,25-34,Female,Nevada,Accessories,Backpack,M,Yellow,Summer,82,3.5,False,No,False,Next Day Air,No,False,Credit Card,14,Developing,Bi-Weekly,14,26.07,2137.74,0,High-value regulars
2887,42,35-44,Female,Utah,Accessories,Hat,L,Blue,Spring,33,4.2,False,No,False,Free Shipping,No,False,PayPal,29,Established,Weekly,7,52.14,1720.62,0,High-value regulars
2888,23,18-24,Female,Kentucky,Footwear,Sandals,L,Blue,Winter,28,2.8,False,No,False,Express,No,False,Cash,12,Developing,Bi-Weekly,14,26.07,729.96,1,Steady mid-tier
2889,70,65+,Female,Wisconsin,Clothing,Hoodie,L,Green,Spring,42,5.0,False,No,False,2-Day Shipping,No,False,Debit Card,25,Developing,Quarterly,90,4.06,170.52,1,Steady mid-tier
2890,64,55-64,Female,Minnesota,Accessories,Sunglasses,M,Charcoal,Fall,43,3.3,False,No,False,Store Pickup,No,False,Venmo,21,Developing,Annually,365,1.0,43.0,1,Steady mid-tier
2891,39,35-44,Female,North Dakota,Clothing,Jeans,M,Violet,Winter,55,3.7,False,No,False,Free Shipping,No,False,Credit Card,23,Developing,Monthly,30,12.17,669.35,1,Steady mid-tier
2892,47,45-54,Female,Ohio,Clothing,T-shirt,XL,Black,Winter,73,2.5,False,No,False,Free Shipping,No,False,PayPal,10,New,Monthly,30,12.17,888.41,1,Steady mid-tier
2893,22,18-24,Female,Nevada,Clothing,Dress,M,Teal,Spring,39,3.2,False,No,False,Standard,No,False,Credit Card,47,Loyal,Monthly,30,12.17,474.63,1,Steady mid-tier
2894,69,65+,Female,Kentucky,Accessories,Belt,S,Orange,Spring,20,3.1,False,No,False,Free Shipping,No,False,Debit Card,44,Loyal,Every 3 Months,90,4.06,81.2,1,Steady mid-tier
2895,35,35-44,Female,Kentucky,Accessories,Jewelry,S,Brown,Spring,32,3.5,False,No,False,Standard,No,False,Venmo,41,Loyal,Annually,365,1.0,32.0,1,Steady mid-tier
2896,56,55-64,Female,Montana,Clothing,Hoodie,L,Green,Summer,86,4.6,False,No,False,Standard,No,False,Bank Transfer,29,Established,Monthly,30,12.17,1046.62,1,Steady mid-tier
2897,30,25-34,Female,Delaware,Clothing,Blouse,M,Silver,Summer,91,3.3,False,No,False,Free Shipping,No,False,Venmo,2,New,Every 3 Months,90,4.06,369.46,1,Steady mid-tier
2898,43,35-44,Female,Montana,Outerwear,Jacket,L,Violet,Fall,59,2.5,False,No,False,Free Shipping,No,False,Cash,2,New,Fortnightly,14,26.07,1538.13,0,High-value regulars
2899,23,18-24,Female,New Jersey,Footwear,Sneakers,XL,Peach,Summer,33,4.6,False,No,False,Express,No,False,Credit Card,29,Established,Annually,365,1.0,33.0,1,Steady mid-tier
2900,50,45-54,Female,Nebraska,Footwear,Boots,M,Gold,Spring,64,4.2,False,No,False,2-Day Shipping,No,False,Bank Transfer,22,Developing,Fortnightly,14,26.07,1668.48,0,High-value regulars
2901,41,35-44,Female,Maryland,Clothing,Blouse,XL,Violet,Winter,67,4.0,False,No,False,Standard,No,False,Cash,23,Developing,Bi-Weekly,14,26.07,1746.69,0,High-value regulars
2902,41,35-44,Female,Alabama,Clothing,Blouse,L,Olive,Winter,43,2.6,False,No,False,Free Shipping,No,False,Credit Card,46,Loyal,Quarterly,90,4.06,174.58,1,Steady mid-tier
2903,27,25-34,Female,North Carolina,Footwear,Boots,S,Orange,Spring,32,4.6,False,No,False,Standard,No,False,PayPal,19,Developing,Bi-Weekly,14,26.07,834.24,1,Steady mid-tier
2904,38,35-44,Female,Delaware,Accessories,Scarf,S,Teal,Spring,39,3.5,False,No,False,2-Day Shipping,No,False,Credit Card,24,Developing,Every 3 Months,90,4.06,158.34,1,Steady mid-tier
2905,41,35-44,Female,Iowa,Footwear,Sandals,M,Gray,Spring,41,4.0,False,No,False,2-Day Shipping,No,False,Venmo,43,Loyal,Monthly,30,12.17,498.97,1,Steady mid-tier
2906,58,55-64,Female,New York,Accessories,Sunglasses,L,Black,Winter,53,4.8,False,No,False,Standard,No,False,Debit Card,14,Developing,Fortnightly,14,26.07,1381.71,1,Steady mid-tier
2907,58,55-64,Female,Virginia,Outerwear,Coat,M,Indigo,Spring,27,3.9,False,No,False,Standard,No,False,Venmo,7,New,Annually,365,1.0,27.0,1,Steady mid-tier
2908,19,18-24,Female,Maryland,Accessories,Sunglasses,XL,Lavender,Summer,82,3.7,False,No,False,Next Day Air,No,False,PayPal,50,Loyal,Bi-Weekly,14,26.07,2137.74,0,High-value regulars
2909,43,35-44,Female,Texas,Clothing,Blouse,M,Beige,Winter,87,3.1,False,No,False,Store Pickup,No,False,Debit Card,15,Developing,Every 3 Months,90,4.06,353.22,1,Steady mid-tier
2910,27,25-34,Female,Louisiana,Accessories,Backpack,M,Indigo,Winter,78,3.0,False,No,False,Next Day Air,No,False,Credit Card,40,Established,Every 3 Months,90,4.06,316.68,1,Steady mid-tier
2911,32,25-34,Female,Mississippi,Accessories,Belt,M,Blue,Summer,32,2.9,False,No,False,Store Pickup,No,False,Credit Card,41,Loyal,Monthly,30,12.17,389.44,1,Steady mid-tier
2912,28,25-34,Female,Ohio,Clothing,Socks,XL,Orange,Fall,38,2.9,False,No,False,Next Day Air,No,False,Venmo,34,Established,Quarterly,90,4.06,154.28,1,Steady mid-tier
2913,48,45-54,Female,Oregon,Footwear,Shoes,M,Yellow,Winter,37,4.0,False,No,False,Standard,No,False,Cash,27,Established,Bi-Weekly,14,26.07,964.59,1,Steady mid-tier
2914,43,35-44,Female,Wyoming,Outerwear,Coat,L,Cyan,Winter,83,3.5,False,No,False,Express,No,False,Cash,12,Developing,Every 3 Months,90,4.06,336.98,1,Steady mid-tier
2915,45,45-54,Female,Pennsylvania,Clothing,Sweater,M,Yellow,Fall,72,3.8,False,No,False,Express,No,False,Debit Card,1,New,Bi-Weekly,14,26.07,1877.04,0,High-value regulars
2916,26,25-34,Female,Oregon,Clothing,Shirt,M,Cyan,Fall,30,4.5,False,No,False,Express,No,False,Debit Card,39,Established,Bi-Weekly,14,26.07,782.1,1,Steady mid-tier
2917,62,55-64,Female,Oklahoma,Clothing,Shorts,M,Green,Winter,66,2.7,False,No,False,Express,No,False,Credit Card,13,Developing,Bi-Weekly,14,26.07,1720.62,0,High-value regulars
2918,58,55-64,Female,Colorado,Clothing,Shirt,XL,White,Winter,45,2.9,False,No,False,Store Pickup,No,False,Venmo,50,Loyal,Annually,365,1.0,45.0,1,Steady mid-tier
2919,19,18-24,Female,New York,Accessories,Sunglasses,S,Black,Fall,73,4.9,False,No,False,Free Shipping,No,False,Cash,36,Established,Weekly,7,52.14,3806.22,0,High-value regulars
2920,64,55-64,Female,Minnesota,Footwear,Shoes,L,Charcoal,Winter,67,3.8,False,No,False,Standard,No,False,Debit Card,31,Established,Monthly,30,12.17,815.39,1,Steady mid-tier
2921,33,25-34,Female,Texas,Accessories,Sunglasses,XL,Brown,Spring,72,4.9,False,No,False,Free Shipping,No,False,Debit Card,3,New,Bi-Weekly,14,26.07,1877.04,0,High-value regulars
2922,20,18-24,Female,Wisconsin,Accessories,Handbag,M,Cyan,Fall,24,4.6,False,No,False,Standard,No,False,Cash,11,Developing,Fortnightly,14,26.07,625.68,1,Steady mid-tier
2923,45,45-54,Female,Kentucky,Accessories,Sunglasses,L,Beige,Winter,68,3.5,False,No,False,Express,No,False,PayPal,16,Developing,Quarterly,90,4.06,276.08,1,Steady mid-tier
2924,28,25-34,Female,Pennsylvania,Clothing,Shirt,M,Magenta,Spring,70,4.2,False,No,False,2-Day Shipping,No,False,Cash,12,Developing,Quarterly,90,4.06,284.2,1,Steady mid-tier
2925,47,45-54,Female,Rhode Island,Clothing,Shirt,L,Indigo,Winter,64,3.7,False,No,False,Free Shipping,No,False,Debit Card,37,Established,Every 3 Months,90,4.06,259.84,1,Steady mid-tier
2926,54,45-54,Female,Illinois,Clothing,Sweater,M,Maroon,Spring,91,2.8,False,No,False,Store Pickup,No,False,Credit Card,43,Loyal,Every 3 Months,90,4.06,369.46,1,Steady mid-tier
2927,64,55-64,Female,Maryland,Accessories,Handbag,M,Gray,Winter,82,4.8,False,No,False,2-Day Shipping,No,False,Cash,9,New,Weekly,7,52.14,4275.48,0,High-value regulars
2928,45,45-54,Female,Missouri,Clothing,Shirt,M,Black,Summer,24,2.7,False,No,False,Express,No,False,Venmo,15,Developing,Bi-Weekly,14,26.07,625.68,1,Steady mid-tier
2929,40,35-44,Female,Alabama,Accessories,Jewelry,L,Yellow,Spring,80,3.6,False,No,False,Store Pickup,No,False,Credit Card,17,Developing,Weekly,7,52.14,4171.2,0,High-value regulars
2930,31,25-34,Female,Maine,Clothing,Socks,XL,White,Winter,53,4.5,False,No,False,Next Day Air,No,False,Venmo,42,Loyal,Fortnightly,14,26.07,1381.71,1,Steady mid-tier
2931,38,35-44,Female,Mississippi,Clothing,T-shirt,M,Orange,Spring,50,4.0,False,No,False,Free Shipping,No,False,Venmo,14,Developing,Monthly,30,12.17,608.5,1,Steady mid-tier
2932,36,35-44,Female,Alabama,Accessories,Jewelry,M,Magenta,Fall,31,4.5,False,No,False,2-Day Shipping,No,False,Credit Card,49,Loyal,Bi-Weekly,14,26.07,808.17,1,Steady mid-tier
2933,65,65+,Female,Alaska,Accessories,Backpack,L,Black,Spring,88,3.9,False,No,False,Express,No,False,PayPal,3,New,Quarterly,90,4.06,357.28,1,Steady mid-tier
2934,27,25-34,Female,Illinois,Accessories,Hat,M,Brown,Summer,52,3.8,False,No,False,Standard,No,False,Venmo,28,Established,Monthly,30,12.17,632.84,1,Steady mid-tier
2935,38,35-44,Female,Idaho,Accessories,Gloves,M,Orange,Fall,22,4.7,False,No,False,Next Day Air,No,False,Bank Transfer,41,Loyal,Quarterly,90,4.06,89.32,1,Steady mid-tier
2936,58,55-64,Female,North Carolina,Footwear,Sneakers,XL,Gray,Spring,27,4.6,False,No,False,Standard,No,False,Venmo,11,Developing,Weekly,7,52.14,1407.78,0,High-value regulars
2937,31,25-34,Female,Washington,Clothing,Skirt,M,White,Spring,34,3.6,False,No,False,Express,No,False,PayPal,46,Loyal,Weekly,7,52.14,1772.76,0,High-value regulars
2938,28,25-34,Female,West Virginia,Accessories,Handbag,M,White,Spring,39,4.3,False,No,False,2-Day Shipping,No,False,Credit Card,15,Developing,Weekly,7,52.14,2033.46,0,High-value regulars
2939,28,25-34,Female,Maine,Accessories,Sunglasses,M,Violet,Fall,53,3.0,False,No,False,Standard,No,False,Cash,15,Developing,Monthly,30,12.17,645.01,1,Steady mid-tier
2940,32,25-34,Female,Kentucky,Clothing,Sweater,M,Beige,Winter,46,4.3,False,No,False,Express,No,False,Venmo,34,Established,Weekly,7,52.14,2398.44,0,High-value regulars
2941,61,55-64,Female,Massachusetts,Accessories,Handbag,L,Beige,Summer,85,4.8,False,No,False,Next Day Air,No,False,Cash,13,Developing,Monthly,30,12.17,1034.45,1,Steady mid-tier
2942,38,35-44,Female,Pennsylvania,Clothing,Skirt,L,Purple,Spring,86,3.7,False,No,False,Free Shipping,No,False,PayPal,27,Established,Monthly,30,12.17,1046.62,1,Steady mid-tier
2943,54,45-54,Female,Hawaii,Clothing,Socks,M,Brown,Summer,63,2.6,False,No,False,Free Shipping,No,False,Bank Transfer,37,Established,Weekly,7,52.14,3284.82,0,High-value regulars
2944,29,25-34,Female,Virginia,Clothing,Shirt,M,Orange,Spring,44,3.4,False,No,False,Standard,No,False,Credit Card,37,Established,Monthly,30,12.17,535.48,1,Steady mid-tier
2945,50,45-54,Female,New York,Footwear,Sneakers,XL,Cyan,Summer,95,3.9,False,No,False,Free Shipping,No,False,Venmo,4,New,Every 3 Months,90,4.06,385.7,1,Steady mid-tier
2946,32,25-34,Female,Delaware,Accessories,Belt,M,Charcoal,Summer,49,4.8,False,No,False,Free Shipping,No,False,Credit Card,1,New,Every 3 Months,90,4.06,198.94,1,Steady mid-tier
2947,38,35-44,Female,Hawaii,Clothing,Pants,L,Purple,Spring,77,2.8,False,No,False,Free Shipping,No,False,Bank Transfer,29,Established,Quarterly,90,4.06,312.62,1,Steady mid-tier
2948,52,45-54,Female,Nebraska,Accessories,Jewelry,L,Peach,Spring,63,4.4,False,No,False,Standard,No,False,Venmo,50,Loyal,Annually,365,1.0,63.0,1,Steady mid-tier
2949,61,55-64,Female,Vermont,Clothing,Pants,M,Violet,Winter,83,3.1,False,No,False,Standard,No,False,Debit Card,38,Established,Bi-Weekly,14,26.07,2163.81,0,High-value regulars
2950,25,25-34,Female,Iowa,Accessories,Jewelry,M,Peach,Spring,93,3.8,False,No,False,Store Pickup,No,False,PayPal,15,Developing,Annually,365,1.0,93.0,1,Steady mid-tier
2951,22,18-24,Female,Iowa,Clothing,Jeans,S,Maroon,Winter,91,4.1,False,No,False,2-Day Shipping,No,False,Debit Card,44,Loyal,Every 3 Months,90,4.06,369.46,1,Steady mid-tier
2952,47,45-54,Female,Arkansas,Accessories,Scarf,L,Maroon,Fall,99,4.6,False,No,False,Free Shipping,No,False,Cash,14,Developing,Weekly,7,52.14,5161.86,0,High-value regulars
2953,50,45-54,Female,Alabama,Accessories,Belt,M,Peach,Spring,24,4.9,False,No,False,Next Day Air,No,False,Debit Card,5,New,Monthly,30,12.17,292.08,1,Steady mid-tier
2954,45,45-54,Female,Maryland,Clothing,Dress,M,Silver,Summer,82,4.8,False,No,False,Next Day Air,No,False,Credit Card,11,Developing,Annually,365,1.0,82.0,1,Steady mid-tier
2955,33,25-34,Female,South Dakota,Clothing,T-shirt,M,Indigo,Winter,28,3.9,False,No,False,Express,No,False,Credit Card,15,Developing,Annually,365,1.0,28.0,1,Steady mid-tier
2956,42,35-44,Female,Vermont,Footwear,Boots,M,Silver,Winter,67,2.6,False,No,False,Free Shipping,No,False,Credit Card,46,Loyal,Annually,365,1.0,67.0,1,Steady mid-tier
2957,52,45-54,Female,Montana,Clothing,Dress,M,Olive,Fall,88,3.7,False,No,False,Standard,No,False,Venmo,30,Established,Monthly,30,12.17,1070.96,1,Steady mid-tier
2958,69,65+,Female,South Dakota,Accessories,Jewelry,S,Gray,Fall,70,4.7,False,No,False,Standard,No,False,Cash,2,New,Annually,365,1.0,70.0,1,Steady mid-tier
2959,55,55-64,Female,Ohio,Clothing,Skirt,M,Black,Summer,100,4.5,False,No,False,Standard,No,False,PayPal,28,Established,Monthly,30,12.17,1217.0,1,Steady mid-tier
2960,38,35-44,Female,Texas,Accessories,Handbag,L,Maroon,Summer,28,4.7,False,No,False,Free Shipping,No,False,PayPal,9,New,Quarterly,90,4.06,113.68,1,Steady mid-tier
2961,57,55-64,Female,Indiana,Outerwear,Coat,S,Olive,Spring,48,3.6,False,No,False,Standard,No,False,Credit Card,47,Loyal,Weekly,7,52.14,2502.72,0,High-value regulars
2962,33,25-34,Female,New Hampshire,Clothing,Hoodie,S,Gold,Fall,43,2.8,False,No,False,Free Shipping,No,False,Debit Card,21,Developing,Bi-Weekly,14,26.07,1121.01,1,Steady mid-tier
2963,57,55-64,Female,California,Clothing,Pants,L,Pink,Fall,40,4.0,False,No,False,Express,No,False,Credit Card,42,Loyal,Every 3 Months,90,4.06,162.4,1,Steady mid-tier
2964,52,45-54,Female,Maine,Footwear,Boots,M,Brown,Spring,97,3.6,False,No,False,Free Shipping,No,False,Credit Card,28,Established,Weekly,7,52.14,5057.58,0,High-value regulars
2965,44,35-44,Female,Ohio,Outerwear,Coat,S,White,Fall,25,3.8,False,No,False,2-Day Shipping,No,False,Venmo,13,Developing,Fortnightly,14,26.07,651.75,1,Steady mid-tier
2966,48,45-54,Female,Delaware,Accessories,Scarf,M,Blue,Summer,45,4.4,False,No,False,Standard,No,False,PayPal,25,Developing,Fortnightly,14,26.07,1173.15,1,Steady mid-tier
2967,52,45-54,Female,Oklahoma,Footwear,Boots,L,Orange,Fall,49,2.8,False,No,False,Store Pickup,No,False,Debit Card,38,Established,Every 3 Months,90,4.06,198.94,1,Steady mid-tier
2968,34,25-34,Female,Indiana,Footwear,Sneakers,L,Silver,Summer,36,3.4,False,No,False,Free Shipping,No,False,Venmo,40,Established,Annually,365,1.0,36.0,1,Steady mid-tier
2969,26,25-34,Female,South Carolina,Clothing,Sweater,S,Gray,Fall,48,4.9,False,No,False,Express,No,False,Cash,25,Developing,Every 3 Months,90,4.06,194.88,1,Steady mid-tier
2970,36,35-44,Female,Vermont,Accessories,Belt,S,Blue,Fall,62,4.3,False,No,False,Next Day Air,No,False,Cash,20,Developing,Every 3 Months,90,4.06,251.72,1,Steady mid-tier
2971,24,18-24,Female,Kansas,Accessories,Jewelry,M,White,Winter,74,3.4,False,No,False,Free Shipping,No,False,Credit Card,44,Loyal,Bi-Weekly,14,26.07,1929.18,0,High-value regulars
2972,30,25-34,Female,Utah,Accessories,Handbag,L,Yellow,Fall,100,3.9,False,No,False,Next Day Air,No,False,PayPal,9,New,Every 3 Months,90,4.06,406.0,1,Steady mid-tier
2973,31,25-34,Female,New York,Outerwear,Jacket,S,Indigo,Fall,39,4.2,False,No,False,Free Shipping,No,False,Venmo,11,Developing,Every 3 Months,90,4.06,158.34,1,Steady mid-tier
2974,25,25-34,Female,Indiana,Footwear,Boots,M,Blue,Summer,65,2.7,False,No,False,Store Pickup,No,False,Bank Transfer,3,New,Fortnightly,14,26.07,1694.55,0,High-value regulars
2975,57,55-64,Female,Tennessee,Footwear,Sneakers,XL,Peach,Summer,99,4.1,False,No,False,Store Pickup,No,False,Credit Card,34,Established,Weekly,7,52.14,5161.86,0,High-value regulars
2976,61,55-64,Female,Georgia,Accessories,Scarf,XL,Lavender,Winter,68,4.5,False,No,False,2-Day Shipping,No,False,Cash,48,Loyal,Every 3 Months,90,4.06,276.08,1,Steady mid-tier
2977,30,25-34,Female,Nebraska,Outerwear,Coat,M,Silver,Summer,97,2.8,False,No,False,Express,No,False,Cash,28,Established,Fortnightly,14,26.07,2528.79,0,High-value regulars
2978,38,35-44,Female,Washington,Clothing,Shorts,L,Gold,Winter,47,3.4,False,No,False,Standard,No,False,Venmo,20,Developing,Annually,365,1.0,47.0,1,Steady mid-tier
2979,53,45-54,Female,Idaho,Clothing,Shorts,S,Cyan,Spring,56,3.9,False,No,False,Free Shipping,No,False,Bank Transfer,49,Loyal,Fortnightly,14,26.07,1459.92,0,High-value regulars
2980,31,25-34,Female,Louisiana,Clothing,Jeans,L,Olive,Fall,91,2.6,False,No,False,Next Day Air,No,False,PayPal,14,Developing,Weekly,7,52.14,4744.74,0,High-value regulars
2981,70,65+,Female,New Jersey,Accessories,Gloves,L,Teal,Fall,93,4.4,False,No,False,2-Day Shipping,No,False,Bank Transfer,9,New,Monthly,30,12.17,1131.81,1,Steady mid-tier
2982,21,18-24,Female,Delaware,Clothing,Pants,L,Pink,Winter,36,4.9,False,No,False,Standard,No,False,Venmo,37,Established,Annually,365,1.0,36.0,1,Steady mid-tier
2983,33,25-34,Female,Wisconsin,Clothing,Dress,M,Orange,Summer,45,3.6,False,No,False,Store Pickup,No,False,Credit Card,4,New,Weekly,7,52.14,2346.3,0,High-value regulars
2984,60,55-64,Female,West Virginia,Clothing,Pants,M,Charcoal,Winter,44,2.8,False,No,False,2-Day Shipping,No,False,Credit Card,1,New,Quarterly,90,4.06,178.64,1,Steady mid-tier
2985,45,45-54,Female,Texas,Accessories,Gloves,L,Red,Spring,32,4.3,False,No,False,2-Day Shipping,No,False,Debit Card,36,Established,Bi-Weekly,14,26.07,834.24,1,Steady mid-tier
2986,46,45-54,Female,Hawaii,Accessories,Belt,S,Teal,Summer,36,3.0,False,No,False,Express,No,False,Cash,21,Developing,Bi-Weekly,14,26.07,938.52,1,Steady mid-tier
2987,62,55-64,Female,Arizona,Accessories,Belt,S,Silver,Summer,85,3.3,False,No,False,2-Day Shipping,No,False,Credit Card,16,Developing,Monthly,30,12.17,1034.45,1,Steady mid-tier
2988,63,55-64,Female,Louisiana,Clothing,Skirt,L,Black,Winter,36,2.5,False,No,False,Store Pickup,No,False,Cash,42,Loyal,Monthly,30,12.17,438.12,1,Steady mid-tier
2989,69,65+,Female,Nevada,Clothing,Socks,S,Pink,Spring,55,5.0,False,No,False,2-Day Shipping,No,False,Debit Card,31,Established,Monthly,30,12.17,669.35,1,Steady mid-tier
2990,46,45-54,Female,Rhode Island,Accessories,Belt,XL,Teal,Summer,20,4.3,False,No,False,2-Day Shipping,No,False,Credit Card,6,New,Weekly,7,52.14,1042.8,0,High-value regulars
2991,69,65+,Female,Illinois,Clothing,Shirt,M,Teal,Fall,91,4.2,False,No,False,Free Shipping,No,False,Venmo,24,Developing,Monthly,30,12.17,1107.47,1,Steady mid-tier
2992,66,65+,Female,Utah,Clothing,Dress,L,Green,Summer,71,3.9,False,No,False,Standard,No,False,PayPal,7,New,Bi-Weekly,14,26.07,1850.97,0,High-value regulars
2993,41,35-44,Female,North Dakota,Clothing,Socks,M,Charcoal,Spring,64,3.9,False,No,False,Store Pickup,No,False,Venmo,25,Developing,Weekly,7,52.14,3336.96,0,High-value regulars
2994,32,25-34,Female,Kansas,Outerwear,Jacket,L,Indigo,Spring,21,4.2,False,No,False,Free Shipping,No,False,Cash,18,Developing,Bi-Weekly,14,26.07,547.47,1,Steady mid-tier
2995,69,65+,Female,Nevada,Clothing,Sweater,S,White,Winter,100,3.5,False,No,False,Store Pickup,No,False,Bank Transfer,14,Developing,Quarterly,90,4.06,406.0,1,Steady mid-tier
2996,29,25-34,Female,Virginia,Clothing,Jeans,M,Orange,Summer,96,2.5,False,No,False,Standard,No,False,Debit Card,42,Loyal,Bi-Weekly,14,26.07,2502.72,0,High-value regulars
2997,70,65+,Female,Utah,Accessories,Jewelry,M,White,Spring,91,2.9,False,No,False,Express,No,False,Venmo,6,New,Every 3 Months,90,4.06,369.46,1,Steady mid-tier
2998,41,35-44,Female,Idaho,Clothing,Sweater,S,Yellow,Spring,40,2.7,False,No,False,Next Day Air,No,False,Venmo,14,Developing,Every 3 Months,90,4.06,162.4,1,Steady mid-tier
2999,31,25-34,Female,Alaska,Clothing,Hoodie,M,Red,Summer,53,4.7,False,No,False,Express,No,False,Debit Card,30,Established,Quarterly,90,4.06,215.18,1,Steady mid-tier
3000,31,25-34,Female,New Hampshire,Accessories,Sunglasses,S,Charcoal,Winter,48,3.8,False,No,False,Standard,No,False,Cash,10,New,Monthly,30,12.17,584.16,1,Steady mid-tier
3001,57,55-64,Female,Ohio,Footwear,Sandals,M,Lavender,Winter,70,3.7,False,No,False,Express,No,False,PayPal,7,New,Weekly,7,52.14,3649.8,0,High-value regulars
3002,29,25-34,Female,Montana,Outerwear,Coat,L,Charcoal,Summer,29,4.7,False,No,False,Express,No,False,Credit Card,28,Established,Quarterly,90,4.06,117.74,1,Steady mid-tier
3003,70,65+,Female,Louisiana,Accessories,Belt,M,Maroon,Fall,29,3.6,False,No,False,Next Day Air,No,False,Bank Transfer,19,Developing,Quarterly,90,4.06,117.74,1,Steady mid-tier
3004,51,45-54,Female,Oregon,Clothing,Blouse,M,Brown,Fall,53,2.8,False,No,False,Express,No,False,Credit Card,13,Developing,Every 3 Months,90,4.06,215.18,1,Steady mid-tier
3005,45,45-54,Female,Arizona,Clothing,Skirt,M,Lavender,Winter,79,3.7,False,No,False,Store Pickup,No,False,Venmo,23,Developing,Fortnightly,14,26.07,2059.53,0,High-value regulars
3006,18,18-24,Female,Alaska,Clothing,Shorts,XL,Brown,Spring,65,3.5,False,No,False,Express,No,False,Venmo,5,New,Weekly,7,52.14,3389.1,0,High-value regulars
3007,37,35-44,Female,Utah,Clothing,Dress,M,Olive,Summer,99,3.7,False,No,False,Store Pickup,No,False,Venmo,17,Developing,Bi-Weekly,14,26.07,2580.93,0,High-value regulars
3008,23,18-24,Female,New York,Accessories,Sunglasses,L,Lavender,Winter,60,3.0,False,No,False,Next Day Air,No,False,Venmo,31,Established,Weekly,7,52.14,3128.4,0,High-value regulars
3009,39,35-44,Female,New Mexico,Footwear,Shoes,M,Gold,Winter,86,4.9,False,No,False,Free Shipping,No,False,PayPal,19,Developing,Weekly,7,52.14,4484.04,0,High-value regulars
3010,62,55-64,Female,Louisiana,Accessories,Belt,M,Silver,Winter,73,4.6,False,No,False,Free Shipping,No,False,Venmo,8,New,Fortnightly,14,26.07,1903.11,0,High-value regulars
3011,70,65+,Female,Ohio,Accessories,Belt,M,Violet,Winter,45,3.3,False,No,False,Free Shipping,No,False,Credit Card,15,Developing,Annually,365,1.0,45.0,1,Steady mid-tier
3012,20,18-24,Female,Nevada,Accessories,Belt,S,Brown,Summer,70,3.0,False,No,False,Next Day Air,No,False,Credit Card,18,Developing,Every 3 Months,90,4.06,284.2,1,Steady mid-tier
3013,42,35-44,Female,Idaho,Accessories,Belt,M,Teal,Fall,65,3.5,False,No,False,Standard,No,False,PayPal,16,Developing,Annually,365,1.0,65.0,1,Steady mid-tier
3014,41,35-44,Female,Arizona,Clothing,Skirt,L,Peach,Summer,55,4.2,False,No,False,Store Pickup,No,False,Cash,13,Developing,Monthly,30,12.17,669.35,1,Steady mid-tier
3015,24,18-24,Female,Utah,Clothing,T-shirt,M,Maroon,Spring,65,4.5,False,No,False,Express,No,False,PayPal,38,Established,Every 3 Months,90,4.06,263.9,1,Steady mid-tier
3016,37,35-44,Female,Wyoming,Accessories,Scarf,XL,Lavender,Spring,21,2.8,False,No,False,Express,No,False,Bank Transfer,27,Established,Bi-Weekly,14,26.07,547.47,1,Steady mid-tier
3017,30,25-34,Female,Indiana,Clothing,Blouse,L,Lavender,Summer,26,4.9,False,No,False,Store Pickup,No,False,Bank Transfer,31,Established,Quarterly,90,4.06,105.56,1,Steady mid-tier
3018,58,55-64,Female,Wisconsin,Accessories,Sunglasses,S,Purple,Summer,71,3.3,False,No,False,Next Day Air,No,False,Cash,24,Developing,Bi-Weekly,14,26.07,1850.97,0,High-value regulars
3019,43,35-44,Female,Texas,Footwear,Boots,M,Green,Summer,41,3.0,False,No,False,Free Shipping,No,False,Debit Card,21,Developing,Bi-Weekly,14,26.07,1068.87,1,Steady mid-tier
3020,19,18-24,Female,Utah,Outerwear,Jacket,M,Yellow,Winter,44,3.9,False,No,False,2-Day Shipping,No,False,PayPal,15,Developing,Annually,365,1.0,44.0,1,Steady mid-tier
3021,23,18-24,Female,Arkansas,Clothing,Jeans,S,Charcoal,Fall,81,2.8,False,No,False,Store Pickup,No,False,Venmo,48,Loyal,Every 3 Months,90,4.06,328.86,1,Steady mid-tier
3022,65,65+,Female,Pennsylvania,Accessories,Sunglasses,S,Blue,Summer,77,4.5,False,No,False,2-Day Shipping,No,False,Cash,47,Loyal,Quarterly,90,4.06,312.62,1,Steady mid-tier
3023,58,55-64,Female,Georgia,Footwear,Sandals,M,Lavender,Fall,26,4.0,False,No,False,Free Shipping,No,False,PayPal,23,Developing,Weekly,7,52.14,1355.64,0,High-value regulars
3024,50,45-54,Female,Indiana,Accessories,Backpack,M,Brown,Summer,31,2.9,False,No,False,Express,No,False,PayPal,4,New,Quarterly,90,4.06,125.86,1,Steady mid-tier
3025,67,65+,Female,Idaho,Clothing,Blouse,S,White,Spring,82,4.0,False,No,False,Free Shipping,No,False,Credit Card,47,Loyal,Every 3 Months,90,4.06,332.92,1,Steady mid-tier
3026,40,35-44,Female,Montana,Footwear,Shoes,XL,Green,Summer,60,3.4,False,No,False,Store Pickup,No,False,PayPal,7,New,Monthly,30,12.17,730.2,1,Steady mid-tier
3027,55,55-64,Female,Tennessee,Clothing,Shirt,L,Magenta,Fall,70,2.5,False,No,False,Free Shipping,No,False,Credit Card,6,New,Annually,365,1.0,70.0,1,Steady mid-tier
3028,52,45-54,Female,West Virginia,Clothing,Hoodie,XL,Peach,Winter,26,2.8,False,No,False,2-Day Shipping,No,False,Credit Card,47,Loyal,Quarterly,90,4.06,105.56,1,Steady mid-tier
3029,62,55-64,Female,California,Clothing,Dress,L,Charcoal,Summer,100,3.0,False,No,False,Free Shipping,No,False,PayPal,7,New,Every 3 Months,90,4.06,406.0,1,Steady mid-tier
3030,64,55-64,Female,Georgia,Clothing,Dress,M,Gold,Summer,82,3.1,False,No,False,Free Shipping,No,False,Debit Card,1,New,Quarterly,90,4.06,332.92,1,Steady mid-tier
3031,43,35-44,Female,Maryland,Footwear,Sneakers,XL,Purple,Spring,24,2.6,False,No,False,2-Day Shipping,No,False,Credit Card,23,Developing,Weekly,7,52.14,1251.36,0,High-value regulars
3032,61,55-64,Female,Idaho,Clothing,Blouse,L,Teal,Summer,74,4.9,False,No,False,2-Day Shipping,No,False,Credit Card,30,Established,Monthly,30,12.17,900.58,1,Steady mid-tier
3033,26,25-34,Female,California,Accessories,Backpack,XL,Green,Summer,58,3.5,False,No,False,Next Day Air,No,False,Credit Card,24,Developing,Quarterly,90,4.06,235.48,1,Steady mid-tier
3034,22,18-24,Female,Alabama,Clothing,Sweater,L,Orange,Spring,56,2.6,False,No,False,Store Pickup,No,False,PayPal,9,New,Weekly,7,52.14,2919.84,0,High-value regulars
3035,51,45-54,Female,Utah,Footwear,Boots,L,Peach,Spring,37,3.5,False,No,False,2-Day Shipping,No,False,Credit Card,25,Developing,Quarterly,90,4.06,150.22,1,Steady mid-tier
3036,69,65+,Female,Kentucky,Accessories,Handbag,M,Gold,Spring,64,4.5,False,No,False,Free Shipping,No,False,Cash,18,Developing,Bi-Weekly,14,26.07,1668.48,0,High-value regulars
3037,50,45-54,Female,Vermont,Clothing,Hoodie,S,Violet,Spring,58,4.3,False,No,False,Next Day Air,No,False,Venmo,7,New,Fortnightly,14,26.07,1512.06,0,High-value regulars
3038,51,45-54,Female,Iowa,Accessories,Belt,L,Charcoal,Summer,44,4.8,False,No,False,Next Day Air,No,False,Cash,2,New,Annually,365,1.0,44.0,1,Steady mid-tier
3039,56,55-64,Female,Georgia,Accessories,Jewelry,M,Brown,Summer,39,4.2,False,No,False,Free Shipping,No,False,Debit Card,36,Established,Annually,365,1.0,39.0,1,Steady mid-tier
3040,59,55-64,Female,Alabama,Clothing,Blouse,L,Blue,Spring,48,3.2,False,No,False,Next Day Air,No,False,PayPal,31,Established,Bi-Weekly,14,26.07,1251.36,1,Steady mid-tier
3041,18,18-24,Female,Nebraska,Accessories,Handbag,M,Gold,Fall,32,4.1,False,No,False,Express,No,False,Cash,10,New,Fortnightly,14,26.07,834.24,1,Steady mid-tier
3042,48,45-54,Female,Rhode Island,Accessories,Handbag,M,Orange,Winter,79,4.0,False,No,False,Express,No,False,PayPal,27,Established,Monthly,30,12.17,961.43,1,Steady mid-tier
3043,53,45-54,Female,South Dakota,Outerwear,Coat,L,Turquoise,Winter,27,2.9,False,No,False,Next Day Air,No,False,PayPal,14,Developing,Every 3 Months,90,4.06,109.62,1,Steady mid-tier
3044,45,45-54,Female,Illinois,Accessories,Belt,S,Peach,Fall,98,2.6,False,No,False,Store Pickup,No,False,Credit Card,17,Developing,Monthly,30,12.17,1192.66,1,Steady mid-tier
3045,21,18-24,Female,North Carolina,Footwear,Boots,M,Magenta,Winter,67,2.7,False,No,False,Free Shipping,No,False,Bank Transfer,10,New,Quarterly,90,4.06,272.02,1,Steady mid-tier
3046,42,35-44,Female,Florida,Clothing,Socks,L,Black,Winter,37,4.6,False,No,False,2-Day Shipping,No,False,PayPal,4,New,Bi-Weekly,14,26.07,964.59,1,Steady mid-tier
3047,60,55-64,Female,Pennsylvania,Footwear,Shoes,M,White,Spring,49,3.2,False,No,False,Store Pickup,No,False,Cash,25,Developing,Every 3 Months,90,4.06,198.94,1,Steady mid-tier
3048,21,18-24,Female,Vermont,Footwear,Sneakers,M,Violet,Fall,74,4.1,False,No,False,2-Day Shipping,No,False,PayPal,3,New,Bi-Weekly,14,26.07,1929.18,0,High-value regulars
3049,69,65+,Female,Colorado,Accessories,Jewelry,M,Olive,Summer,93,3.9,False,No,False,Standard,No,False,Venmo,47,Loyal,Fortnightly,14,26.07,2424.51,0,High-value regulars
3050,40,35-44,Female,Utah,Accessories,Handbag,L,Red,Summer,60,3.0,False,No,False,Next Day Air,No,False,Bank Transfer,41,Loyal,Bi-Weekly,14,26.07,1564.2,0,High-value regulars
3051,31,25-34,Female,Kentucky,Outerwear,Coat,S,Green,Spring,76,3.6,False,No,False,Standard,No,False,Venmo,28,Established,Every 3 Months,90,4.06,308.56,1,Steady mid-tier
3052,44,35-44,Female,Wyoming,Accessories,Sunglasses,L,Gold,Summer,64,4.6,False,No,False,Express,No,False,Debit Card,49,Loyal,Every 3 Months,90,4.06,259.84,1,Steady mid-tier
3053,48,45-54,Female,Maine,Footwear,Shoes,XL,Olive,Spring,38,4.5,False,No,False,Store Pickup,No,False,Bank Transfer,7,New,Fortnightly,14,26.07,990.66,1,Steady mid-tier
3054,32,25-34,Female,Maine,Footwear,Shoes,L,Brown,Winter,91,3.2,False,No,False,Next Day Air,No,False,Bank Transfer,22,Developing,Monthly,30,12.17,1107.47,1,Steady mid-tier
3055,42,35-44,Female,New Hampshire,Footwear,Boots,S,Magenta,Summer,70,4.9,False,No,False,2-Day Shipping,No,False,Venmo,34,Established,Monthly,30,12.17,851.9,1,Steady mid-tier
3056,27,25-34,Female,Kansas,Footwear,Sandals,M,Violet,Fall,22,5.0,False,No,False,Standard,No,False,Debit Card,5,New,Bi-Weekly,14,26.07,573.54,1,Steady mid-tier
3057,69,65+,Female,New Jersey,Accessories,Gloves,M,Beige,Spring,59,3.8,False,No,False,Standard,No,False,Cash,15,Developing,Bi-Weekly,14,26.07,1538.13,0,High-value regulars
3058,67,65+,Female,North Carolina,Accessories,Backpack,M,Blue,Spring,22,3.4,False,No,False,Next Day Air,No,False,Bank Transfer,26,Established,Weekly,7,52.14,1147.08,0,High-value regulars
3059,41,35-44,Female,West Virginia,Accessories,Handbag,S,Orange,Winter,74,3.8,False,No,False,Store Pickup,No,False,Bank Transfer,3,New,Fortnightly,14,26.07,1929.18,0,High-value regulars
3060,46,45-54,Female,Kentucky,Clothing,Sweater,L,Maroon,Spring,71,3.2,False,No,False,Express,No,False,Credit Card,42,Loyal,Quarterly,90,4.06,288.26,1,Steady mid-tier
3061,47,45-54,Female,California,Outerwear,Coat,S,Charcoal,Summer,80,4.7,False,No,False,Store Pickup,No,False,Venmo,1,New,Monthly,30,12.17,973.6,1,Steady mid-tier
3062,33,25-34,Female,South Dakota,Clothing,T-shirt,L,Olive,Fall,59,4.5,False,No,False,Express,No,False,PayPal,20,Developing,Every 3 Months,90,4.06,239.54,1,Steady mid-tier
3063,51,45-54,Female,California,Accessories,Backpack,L,Green,Fall,96,3.3,False,No,False,Standard,No,False,PayPal,39,Established,Monthly,30,12.17,1168.32,1,Steady mid-tier
3064,26,25-34,Female,Connecticut,Accessories,Sunglasses,L,Brown,Winter,43,3.9,False,No,False,Store Pickup,No,False,Credit Card,24,Developing,Fortnightly,14,26.07,1121.01,1,Steady mid-tier
3065,22,18-24,Female,Idaho,Accessories,Belt,S,Cyan,Winter,76,3.6,False,No,False,Express,No,False,Bank Transfer,49,Loyal,Quarterly,90,4.06,308.56,1,Steady mid-tier
3066,49,45-54,Female,North Dakota,Outerwear,Jacket,M,Beige,Fall,59,2.8,False,No,False,Store Pickup,No,False,Venmo,7,New,Bi-Weekly,14,26.07,1538.13,0,High-value regulars
3067,58,55-64,Female,Michigan,Clothing,Skirt,L,Teal,Summer,48,4.3,False,No,False,Free Shipping,No,False,Venmo,13,Developing,Every 3 Months,90,4.06,194.88,1,Steady mid-tier
3068,70,65+,Female,Missouri,Accessories,Belt,S,Gray,Spring,22,3.5,False,No,False,Free Shipping,No,False,Cash,2,New,Weekly,7,52.14,1147.08,0,High-value regulars
3069,32,25-34,Female,California,Footwear,Boots,M,Indigo,Winter,40,4.2,False,No,False,Express,No,False,Debit Card,4,New,Weekly,7,52.14,2085.6,0,High-value regulars
3070,62,55-64,Female,Delaware,Clothing,Jeans,L,Magenta,Spring,73,4.6,False,No,False,Express,No,False,Debit Card,17,Developing,Quarterly,90,4.06,296.38,1,Steady mid-tier
3071,52,45-54,Female,Alabama,Footwear,Shoes,XL,Red,Fall,26,2.6,False,No,False,Free Shipping,No,False,PayPal,43,Loyal,Bi-Weekly,14,26.07,677.82,1,Steady mid-tier
3072,23,18-24,Female,New Hampshire,Clothing,Sweater,L,Turquoise,Spring,41,3.4,False,No,False,Next Day Air,No,False,PayPal,6,New,Monthly,30,12.17,498.97,1,Steady mid-tier
3073,26,25-34,Female,New York,Accessories,Jewelry,L,Peach,Spring,98,3.1,False,No,False,Standard,No,False,PayPal,46,Loyal,Quarterly,90,4.06,397.88,1,Steady mid-tier
3074,58,55-64,Female,Oregon,Clothing,Shirt,L,White,Winter,63,3.6,False,No,False,Free Shipping,No,False,Debit Card,7,New,Bi-Weekly,14,26.07,1642.41,0,High-value regulars
3075,26,25-34,Female,Massachusetts,Footwear,Boots,L,Maroon,Winter,55,4.2,False,No,False,Next Day Air,No,False,Debit Card,34,Established,Fortnightly,14,26.07,1433.85,0,High-value regulars
3076,54,45-54,Female,Utah,Clothing,Shorts,XL,Beige,Winter,90,3.6,False,No,False,Standard,No,False,PayPal,21,Developing,Every 3 Months,90,4.06,365.4,1,Steady mid-tier
3077,66,65+,Female,New Hampshire,Accessories,Handbag,M,Blue,Summer,46,3.6,False,No,False,Express,No,False,Venmo,13,Developing,Bi-Weekly,14,26.07,1199.22,1,Steady mid-tier
3078,60,55-64,Female,Illinois,Clothing,Sweater,S,Red,Spring,88,3.0,False,No,False,Store Pickup,No,False,Debit Card,33,Established,Bi-Weekly,14,26.07,2294.16,0,High-value regulars
3079,32,25-34,Female,Alaska,Accessories,Belt,M,Blue,Spring,95,2.5,False,No,False,2-Day Shipping,No,False,Bank Transfer,24,Developing,Bi-Weekly,14,26.07,2476.65,0,High-value regulars
3080,48,45-54,Female,Wyoming,Accessories,Belt,M,Maroon,Fall,31,4.0,False,No,False,Store Pickup,No,False,Bank Transfer,4,New,Annually,365,1.0,31.0,1,Steady mid-tier
3081,69,65+,Female,Colorado,Clothing,Hoodie,L,Yellow,Spring,42,4.1,False,No,False,Next Day Air,No,False,Cash,5,New,Bi-Weekly,14,26.07,1094.94,1,Steady mid-tier
3082,64,55-64,Female,Vermont,Footwear,Sneakers,L,Pink,Winter,44,4.9,False,No,False,Next Day Air,No,False,Credit Card,11,Developing,Weekly,7,52.14,2294.16,0,High-value regulars
3083,56,55-64,Female,Utah,Clothing,T-shirt,M,Maroon,Spring,99,4.0,False,No,False,Next Day Air,No,False,Bank Transfer,20,Developing,Annually,365,1.0,99.0,1,Steady mid-tier
3084,22,18-24,Female,Illinois,Clothing,Pants,S,Purple,Summer,20,3.5,False,No,False,Store Pickup,No,False,PayPal,28,Established,Quarterly,90,4.06,81.2,1,Steady mid-tier
3085,46,45-54,Female,Idaho,Accessories,Scarf,S,Indigo,Spring,37,3.2,False,No,False,Store Pickup,No,False,PayPal,43,Loyal,Monthly,30,12.17,450.29,1,Steady mid-tier
3086,24,18-24,Female,Nevada,Clothing,Sweater,L,Gray,Winter,50,2.8,False,No,False,Store Pickup,No,False,Venmo,10,New,Every 3 Months,90,4.06,203.0,1,Steady mid-tier
3087,47,45-54,Female,Utah,Accessories,Handbag,M,Lavender,Summer,73,3.5,False,No,False,Next Day Air,No,False,Venmo,26,Established,Every 3 Months,90,4.06,296.38,1,Steady mid-tier
3088,62,55-64,Female,North Carolina,Clothing,Shirt,M,Charcoal,Spring,84,3.1,False,No,False,Free Shipping,No,False,Bank Transfer,29,Established,Monthly,30,12.17,1022.28,1,Steady mid-tier
3089,34,25-34,Female,Arkansas,Clothing,Dress,M,Teal,Spring,64,3.3,False,No,False,Store Pickup,No,False,Bank Transfer,35,Established,Quarterly,90,4.06,259.84,1,Steady mid-tier
3090,50,45-54,Female,North Carolina,Footwear,Sandals,L,Blue,Fall,21,4.6,False,No,False,Free Shipping,No,False,Cash,23,Developing,Bi-Weekly,14,26.07,547.47,1,Steady mid-tier
3091,29,25-34,Female,Texas,Clothing,Shirt,M,Peach,Summer,36,4.9,False,No,False,Store Pickup,No,False,Bank Transfer,15,Developing,Quarterly,90,4.06,146.16,1,Steady mid-tier
3092,68,65+,Female,Nevada,Clothing,Dress,L,Orange,Winter,81,3.4,False,No,False,2-Day Shipping,No,False,Credit Card,46,Loyal,Annually,365,1.0,81.0,1,Steady mid-tier
3093,52,45-54,Female,Utah,Accessories,Sunglasses,L,Silver,Fall,54,3.5,False,No,False,Next Day Air,No,False,Bank Transfer,14,Developing,Bi-Weekly,14,26.07,1407.78,1,Steady mid-tier
3094,29,25-34,Female,Pennsylvania,Clothing,Socks,L,Red,Summer,63,4.8,False,No,False,Store Pickup,No,False,Cash,17,Developing,Every 3 Months,90,4.06,255.78,1,Steady mid-tier
3095,22,18-24,Female,Georgia,Footwear,Sandals,M,Gray,Summer,59,2.7,False,No,False,Store Pickup,No,False,Cash,9,New,Weekly,7,52.14,3076.26,0,High-value regulars
3096,62,55-64,Female,Minnesota,Accessories,Hat,S,Beige,Fall,53,3.4,False,No,False,Standard,No,False,Venmo,13,Developing,Fortnightly,14,26.07,1381.71,1,Steady mid-tier
3097,69,65+,Female,Kansas,Clothing,Shirt,L,White,Winter,63,3.5,False,No,False,Next Day Air,No,False,Bank Transfer,20,Developing,Monthly,30,12.17,766.71,1,Steady mid-tier
3098,48,45-54,Female,Delaware,Footwear,Shoes,M,Silver,Fall,33,3.7,False,No,False,Free Shipping,No,False,Bank Transfer,39,Established,Quarterly,90,4.06,133.98,1,Steady mid-tier
3099,66,65+,Female,New Mexico,Clothing,Pants,L,Cyan,Summer,64,3.3,False,No,False,Next Day Air,No,False,Bank Transfer,50,Loyal,Quarterly,90,4.06,259.84,1,Steady mid-tier
3100,42,35-44,Female,Michigan,Clothing,Shirt,S,Maroon,Fall,98,2.9,False,No,False,Free Shipping,No,False,Bank Transfer,21,Developing,Bi-Weekly,14,26.07,2554.86,0,High-value regulars
3101,50,45-54,Female,Vermont,Accessories,Hat,L,Purple,Winter,85,3.9,False,No,False,Express,No,False,Bank Transfer,3,New,Weekly,7,52.14,4431.9,0,High-value regulars
3102,32,25-34,Female,Idaho,Accessories,Jewelry,S,Brown,Summer,82,2.7,False,No,False,Express,No,False,PayPal,9,New,Fortnightly,14,26.07,2137.74,0,High-value regulars
3103,51,45-54,Female,South Dakota,Outerwear,Jacket,M,Green,Summer,85,4.3,False,No,False,Standard,No,False,Cash,29,Established,Bi-Weekly,14,26.07,2215.95,0,High-value regulars
3104,27,25-34,Female,Illinois,Clothing,Shirt,S,Peach,Winter,37,3.0,False,No,False,2-Day Shipping,No,False,Bank Transfer,42,Loyal,Weekly,7,52.14,1929.18,0,High-value regulars
3105,43,35-44,Female,Georgia,Clothing,Pants,S,Turquoise,Summer,56,5.0,False,No,False,2-Day Shipping,No,False,Debit Card,41,Loyal,Fortnightly,14,26.07,1459.92,0,High-value regulars
3106,48,45-54,Female,Oregon,Clothing,Skirt,M,Olive,Fall,33,2.7,False,No,False,Express,No,False,Debit Card,17,Developing,Monthly,30,12.17,401.61,1,Steady mid-tier
3107,62,55-64,Female,Alabama,Footwear,Sandals,M,Yellow,Winter,57,4.7,False,No,False,Next Day Air,No,False,PayPal,20,Developing,Annually,365,1.0,57.0,1,Steady mid-tier
3108,65,65+,Female,Hawaii,Clothing,Blouse,L,Gray,Winter,31,4.6,False,No,False,Standard,No,False,Credit Card,18,Developing,Bi-Weekly,14,26.07,808.17,1,Steady mid-tier
3109,50,45-54,Female,Oregon,Clothing,Socks,M,Purple,Fall,69,3.2,False,No,False,2-Day Shipping,No,False,PayPal,7,New,Monthly,30,12.17,839.73,1,Steady mid-tier
3110,60,55-64,Female,Illinois,Outerwear,Jacket,M,Gray,Winter,92,4.3,False,No,False,Free Shipping,No,False,Bank Transfer,47,Loyal,Fortnightly,14,26.07,2398.44,0,High-value regulars
3111,19,18-24,Female,Texas,Accessories,Handbag,L,Lavender,Fall,46,4.6,False,No,False,Next Day Air,No,False,Bank Transfer,2,New,Bi-Weekly,14,26.07,1199.22,1,Steady mid-tier
3112,21,18-24,Female,Kansas,Accessories,Belt,XL,Indigo,Spring,81,4.9,False,No,False,Free Shipping,No,False,Debit Card,25,Developing,Quarterly,90,4.06,328.86,1,Steady mid-tier
3113,19,18-24,Female,Texas,Clothing,Blouse,S,Green,Fall,97,3.8,False,No,False,Express,No,False,Venmo,26,Established,Annually,365,1.0,97.0,1,Steady mid-tier
3114,46,45-54,Female,Nebraska,Clothing,Shirt,L,Green,Summer,93,2.6,False,No,False,Express,No,False,Debit Card,2,New,Weekly,7,52.14,4849.02,0,High-value regulars
3115,21,18-24,Female,Arkansas,Accessories,Handbag,M,Olive,Spring,56,4.7,False,No,False,Store Pickup,No,False,Venmo,45,Loyal,Bi-Weekly,14,26.07,1459.92,0,High-value regulars
3116,26,25-34,Female,South Dakota,Accessories,Scarf,M,Charcoal,Fall,53,4.1,False,No,False,Free Shipping,No,False,Bank Transfer,9,New,Bi-Weekly,14,26.07,1381.71,1,Steady mid-tier
3117,50,45-54,Female,Montana,Outerwear,Coat,L,Gray,Spring,66,3.7,False,No,False,Store Pickup,No,False,Venmo,1,New,Weekly,7,52.14,3441.24,0,High-value regulars
3118,43,35-44,Female,Florida,Clothing,Hoodie,M,Olive,Fall,50,3.0,False,No,False,Free Shipping,No,False,PayPal,4,New,Bi-Weekly,14,26.07,1303.5,1,Steady mid-tier
3119,61,55-64,Female,Virginia,Clothing,Shorts,L,Blue,Summer,97,4.7,False,No,False,Standard,No,False,Debit Card,31,Established,Quarterly,90,4.06,393.82,1,Steady mid-tier
3120,63,55-64,Female,Louisiana,Footwear,Sandals,XL,Silver,Winter,79,4.7,False,No,False,2-Day Shipping,No,False,Credit Card,21,Developing,Every 3 Months,90,4.06,320.74,1,Steady mid-tier
3121,46,45-54,Female,Louisiana,Clothing,Shirt,M,Magenta,Fall,76,4.0,False,No,False,Store Pickup,No,False,Debit Card,32,Established,Fortnightly,14,26.07,1981.32,0,High-value regulars
3122,63,55-64,Female,Louisiana,Clothing,Hoodie,L,Black,Fall,38,2.6,False,No,False,Standard,No,False,Venmo,16,Developing,Weekly,7,52.14,1981.32,0,High-value regulars
3123,23,18-24,Female,Georgia,Clothing,Socks,M,Pink,Fall,45,3.0,False,No,False,Express,No,False,Credit Card,34,Established,Fortnightly,14,26.07,1173.15,1,Steady mid-tier
3124,57,55-64,Female,Iowa,Accessories,Handbag,XL,Red,Fall,77,3.3,False,No,False,Next Day Air,No,False,Venmo,40,Established,Bi-Weekly,14,26.07,2007.39,0,High-value regulars
3125,57,55-64,Female,California,Accessories,Jewelry,M,Peach,Summer,51,3.4,False,No,False,Standard,No,False,Cash,4,New,Every 3 Months,90,4.06,207.06,1,Steady mid-tier
3126,33,25-34,Female,Oregon,Outerwear,Coat,L,Lavender,Spring,26,4.0,False,No,False,Standard,No,False,Cash,3,New,Quarterly,90,4.06,105.56,1,Steady mid-tier
3127,57,55-64,Female,Maine,Accessories,Sunglasses,L,Lavender,Winter,76,2.6,False,No,False,Store Pickup,No,False,Bank Transfer,28,Established,Bi-Weekly,14,26.07,1981.32,0,High-value regulars
3128,55,55-64,Female,Louisiana,Accessories,Gloves,M,Beige,Winter,94,3.4,False,No,False,Free Shipping,No,False,Credit Card,43,Loyal,Every 3 Months,90,4.06,381.64,1,Steady mid-tier
3129,65,65+,Female,Arkansas,Outerwear,Jacket,S,Indigo,Fall,32,4.4,False,No,False,Standard,No,False,Cash,20,Developing,Annually,365,1.0,32.0,1,Steady mid-tier
3130,60,55-64,Female,Maryland,Footwear,Sandals,S,Cyan,Summer,20,4.7,False,No,False,Express,No,False,Venmo,40,Established,Every 3 Months,90,4.06,81.2,1,Steady mid-tier
3131,52,45-54,Female,Vermont,Clothing,Pants,M,Yellow,Summer,20,4.5,False,No,False,Store Pickup,No,False,Venmo,34,Established,Every 3 Months,90,4.06,81.2,1,Steady mid-tier
3132,34,25-34,Female,North Dakota,Outerwear,Jacket,M,Peach,Fall,59,2.9,False,No,False,Store Pickup,No,False,Bank Transfer,11,Developing,Every 3 Months,90,4.06,239.54,1,Steady mid-tier
3133,33,25-34,Female,Michigan,Clothing,Sweater,M,Yellow,Summer,97,4.2,False,No,False,Express,No,False,Cash,26,Established,Quarterly,90,4.06,393.82,1,Steady mid-tier
3134,58,55-64,Female,Arkansas,Clothing,T-shirt,M,Orange,Spring,68,4.1,False,No,False,Next Day Air,No,False,Cash,29,Established,Bi-Weekly,14,26.07,1772.76,0,High-value regulars
3135,35,35-44,Female,Kentucky,Footwear,Boots,L,Gray,Spring,66,4.4,False,No,False,Store Pickup,No,False,Bank Transfer,47,Loyal,Weekly,7,52.14,3441.24,0,High-value regulars
3136,68,65+,Female,Indiana,Footwear,Shoes,L,Yellow,Spring,85,4.7,False,No,False,Free Shipping,No,False,Venmo,48,Loyal,Fortnightly,14,26.07,2215.95,0,High-value regulars
3137,58,55-64,Female,Minnesota,Clothing,Skirt,M,Gray,Fall,32,3.1,False,No,False,Next Day Air,No,False,Cash,29,Established,Bi-Weekly,14,26.07,834.24,1,Steady mid-tier
3138,34,25-34,Female,Louisiana,Outerwear,Coat,M,Turquoise,Spring,44,2.7,False,No,False,2-Day Shipping,No,False,Bank Transfer,14,Developing,Monthly,30,12.17,535.48,1,Steady mid-tier
3139,47,45-54,Female,Kentucky,Clothing,Blouse,L,Gray,Fall,95,4.6,False,No,False,Next Day Air,No,False,Cash,40,Established,Every 3 Months,90,4.06,385.7,1,Steady mid-tier
3140,35,35-44,Female,Georgia,Accessories,Sunglasses,M,Olive,Winter,85,4.4,False,No,False,Next Day Air,No,False,Venmo,4,New,Weekly,7,52.14,4431.9,0,High-value regulars
3141,34,25-34,Female,Alaska,Accessories,Gloves,XL,Peach,Summer,44,4.6,False,No,False,Free Shipping,No,False,Bank Transfer,37,Established,Weekly,7,52.14,2294.16,0,High-value regulars
3142,36,35-44,Female,Mississippi,Accessories,Sunglasses,S,Peach,Winter,30,4.9,False,No,False,Express,No,False,Credit Card,47,Loyal,Bi-Weekly,14,26.07,782.1,1,Steady mid-tier
3143,23,18-24,Female,Kansas,Footwear,Sneakers,L,Magenta,Winter,21,4.0,False,No,False,2-Day Shipping,No,False,Venmo,1,New,Quarterly,90,4.06,85.26,1,Steady mid-tier
3144,68,65+,Female,Arizona,Clothing,Hoodie,M,Purple,Summer,22,2.9,False,No,False,Store Pickup,No,False,Cash,26,Established,Quarterly,90,4.06,89.32,1,Steady mid-tier
3145,23,18-24,Female,Maine,Footwear,Boots,L,Beige,Spring,70,2.6,False,No,False,Free Shipping,No,False,Debit Card,12,Developing,Quarterly,90,4.06,284.2,1,Steady mid-tier
3146,57,55-64,Female,Texas,Accessories,Handbag,XL,Purple,Spring,29,4.6,False,No,False,Standard,No,False,PayPal,16,Developing,Fortnightly,14,26.07,756.03,1,Steady mid-tier
3147,21,18-24,Female,Virginia,Clothing,Shirt,S,Yellow,Winter,83,4.9,False,No,False,Free Shipping,No,False,PayPal,19,Developing,Annually,365,1.0,83.0,1,Steady mid-tier
3148,45,45-54,Female,North Dakota,Clothing,Sweater,M,Pink,Winter,99,4.3,False,No,False,Express,No,False,Credit Card,21,Developing,Weekly,7,52.14,5161.86,0,High-value regulars
3149,37,35-44,Female,West Virginia,Clothing,Shorts,L,Purple,Fall,35,4.3,False,No,False,Free Shipping,No,False,Venmo,15,Developing,Weekly,7,52.14,1824.9,0,High-value regulars
3150,18,18-24,Female,North Carolina,Accessories,Belt,M,Lavender,Winter,40,4.6,False,No,False,Free Shipping,No,False,Venmo,9,New,Annually,365,1.0,40.0,1,Steady mid-tier
3151,55,55-64,Female,Georgia,Clothing,Blouse,M,Peach,Spring,25,2.6,False,No,False,Express,No,False,Bank Transfer,7,New,Bi-Weekly,14,26.07,651.75,1,Steady mid-tier
3152,52,45-54,Female,New Mexico,Clothing,T-shirt,L,Orange,Fall,64,3.1,False,No,False,2-Day Shipping,No,False,Bank Transfer,47,Loyal,Quarterly,90,4.06,259.84,1,Steady mid-tier
3153,49,45-54,Female,North Carolina,Accessories,Belt,M,Red,Fall,90,3.1,False,No,False,Store Pickup,No,False,PayPal,17,Developing,Monthly,30,12.17,1095.3,1,Steady mid-tier
3154,56,55-64,Female,Alabama,Clothing,Socks,L,Red,Fall,88,3.1,False,No,False,Next Day Air,No,False,Venmo,46,Loyal,Fortnightly,14,26.07,2294.16,0,High-value regulars
3155,27,25-34,Female,Connecticut,Accessories,Belt,M,Gold,Winter,55,4.4,False,No,False,Standard,No,False,Cash,32,Established,Quarterly,90,4.06,223.3,1,Steady mid-tier
3156,22,18-24,Female,Montana,Accessories,Handbag,M,Brown,Fall,90,4.3,False,No,False,Free Shipping,No,False,Cash,34,Established,Annually,365,1.0,90.0,1,Steady mid-tier
3157,18,18-24,Female,Montana,Clothing,Shirt,M,Black,Winter,50,3.1,False,No,False,2-Day Shipping,No,False,Cash,18,Developing,Monthly,30,12.17,608.5,1,Steady mid-tier
3158,21,18-24,Female,Maine,Accessories,Belt,L,Red,Fall,34,3.1,False,No,False,Store Pickup,No,False,Debit Card,5,New,Fortnightly,14,26.07,886.38,1,Steady mid-tier
3159,30,25-34,Female,Mississippi,Accessories,Jewelry,M,Gray,Winter,77,4.9,False,No,False,2-Day Shipping,No,False,Credit Card,44,Loyal,Monthly,30,12.17,937.09,1,Steady mid-tier
3160,62,55-64,Female,Louisiana,Accessories,Hat,L,Pink,Winter,89,2.9,False,No,False,Store Pickup,No,False,Bank Transfer,4,New,Quarterly,90,4.06,361.34,1,Steady mid-tier
3161,28,25-34,Female,Nebraska,Accessories,Backpack,XL,Turquoise,Fall,87,3.8,False,No,False,Next Day Air,No,False,Cash,37,Established,Fortnightly,14,26.07,2268.09,0,High-value regulars
3162,66,65+,Female,Massachusetts,Clothing,Dress,S,Charcoal,Winter,77,4.2,False,No,False,2-Day Shipping,No,False,Cash,43,Loyal,Monthly,30,12.17,937.09,1,Steady mid-tier
3163,66,65+,Female,Wisconsin,Footwear,Shoes,L,Blue,Winter,85,3.9,False,No,False,Standard,No,False,Bank Transfer,28,Established,Quarterly,90,4.06,345.1,1,Steady mid-tier
3164,49,45-54,Female,Nebraska,Clothing,Pants,XL,Turquoise,Summer,66,2.8,False,No,False,Express,No,False,Cash,36,Established,Monthly,30,12.17,803.22,1,Steady mid-tier
3165,40,35-44,Female,Arizona,Clothing,Dress,L,Silver,Winter,32,2.6,False,No,False,Standard,No,False,Credit Card,16,Developing,Annually,365,1.0,32.0,1,Steady mid-tier
3166,49,45-54,Female,Hawaii,Outerwear,Jacket,M,Lavender,Spring,92,3.0,False,No,False,Store Pickup,No,False,Bank Transfer,38,Established,Every 3 Months,90,4.06,373.52,1,Steady mid-tier
3167,19,18-24,Female,Georgia,Clothing,Shirt,M,Gold,Winter,80,2.7,False,No,False,Next Day Air,No,False,Bank Transfer,37,Established,Fortnightly,14,26.07,2085.6,0,High-value regulars
3168,24,18-24,Female,Oregon,Clothing,Dress,M,Blue,Fall,78,2.8,False,No,False,2-Day Shipping,No,False,Cash,9,New,Bi-Weekly,14,26.07,2033.46,0,High-value regulars
3169,31,25-34,Female,Montana,Clothing,Jeans,M,Orange,Spring,24,2.9,False,No,False,2-Day Shipping,No,False,PayPal,14,Developing,Fortnightly,14,26.07,625.68,1,Steady mid-tier
3170,35,35-44,Female,Georgia,Clothing,T-shirt,M,White,Fall,59,3.8,False,No,False,Free Shipping,No,False,Venmo,3,New,Weekly,7,52.14,3076.26,0,High-value regulars
3171,65,65+,Female,Rhode Island,Accessories,Sunglasses,XL,Charcoal,Spring,41,4.4,False,No,False,Express,No,False,Credit Card,10,New,Fortnightly,14,26.07,1068.87,1,Steady mid-tier
3172,68,65+,Female,Tennessee,Accessories,Jewelry,M,Maroon,Spring,26,3.1,False,No,False,Express,No,False,Bank Transfer,26,Established,Bi-Weekly,14,26.07,677.82,1,Steady mid-tier
3173,57,55-64,Female,Missouri,Clothing,Socks,M,Olive,Fall,52,3.7,False,No,False,Standard,No,False,Debit Card,30,Established,Bi-Weekly,14,26.07,1355.64,1,Steady mid-tier
3174,69,65+,Female,Washington,Clothing,Skirt,L,Teal,Summer,46,4.9,False,No,False,Next Day Air,No,False,PayPal,32,Established,Fortnightly,14,26.07,1199.22,1,Steady mid-tier
3175,45,45-54,Female,Oklahoma,Clothing,Pants,L,Orange,Winter,52,3.8,False,No,False,Store Pickup,No,False,PayPal,35,Established,Monthly,30,12.17,632.84,1,Steady mid-tier
3176,35,35-44,Female,Connecticut,Clothing,Socks,M,Maroon,Fall,42,3.4,False,No,False,Store Pickup,No,False,Debit Card,26,Established,Every 3 Months,90,4.06,170.52,1,Steady mid-tier
3177,36,35-44,Female,Arkansas,Footwear,Sandals,XL,Turquoise,Spring,37,4.6,False,No,False,2-Day Shipping,No,False,Credit Card,39,Established,Monthly,30,12.17,450.29,1,Steady mid-tier
3178,55,55-64,Female,Missouri,Accessories,Belt,L,Beige,Fall,52,3.2,False,No,False,Standard,No,False,Credit Card,31,Established,Monthly,30,12.17,632.84,1,Steady mid-tier
3179,66,65+,Female,Washington,Footwear,Sandals,L,Beige,Spring,34,2.7,False,No,False,Free Shipping,No,False,Credit Card,28,Established,Annually,365,1.0,34.0,1,Steady mid-tier
3180,57,55-64,Female,Idaho,Clothing,Shorts,M,Olive,Spring,88,4.3,False,No,False,Free Shipping,No,False,Debit Card,12,Developing,Bi-Weekly,14,26.07,2294.16,0,High-value regulars
3181,18,18-24,Female,Montana,Accessories,Handbag,L,Turquoise,Fall,88,3.8,False,No,False,Standard,No,False,PayPal,46,Loyal,Weekly,7,52.14,4588.32,0,High-value regulars
3182,31,25-34,Female,Montana,Outerwear,Jacket,M,Charcoal,Summer,51,4.4,False,No,False,Free Shipping,No,False,PayPal,27,Established,Every 3 Months,90,4.06,207.06,1,Steady mid-tier
3183,50,45-54,Female,Georgia,Accessories,Sunglasses,L,Green,Fall,97,3.6,False,No,False,Free Shipping,No,False,Credit Card,4,New,Annually,365,1.0,97.0,1,Steady mid-tier
3184,50,45-54,Female,Mississippi,Footwear,Sneakers,M,Green,Winter,56,3.5,False,No,False,Standard,No,False,Cash,14,Developing,Every 3 Months,90,4.06,227.36,1,Steady mid-tier
3185,61,55-64,Female,Hawaii,Clothing,Sweater,L,Green,Spring,53,4.2,False,No,False,2-Day Shipping,No,False,Venmo,30,Established,Quarterly,90,4.06,215.18,1,Steady mid-tier
3186,52,45-54,Female,Ohio,Clothing,Skirt,L,Gold,Fall,71,4.7,False,No,False,Express,No,False,PayPal,6,New,Annually,365,1.0,71.0,1,Steady mid-tier
3187,38,35-44,Female,Virginia,Accessories,Jewelry,S,Cyan,Winter,93,4.8,False,No,False,Store Pickup,No,False,Venmo,43,Loyal,Annually,365,1.0,93.0,1,Steady mid-tier
3188,67,65+,Female,Texas,Clothing,Blouse,L,Indigo,Winter,72,3.2,False,No,False,Free Shipping,No,False,Debit Card,28,Established,Weekly,7,52.14,3754.08,0,High-value regulars
3189,42,35-44,Female,Vermont,Clothing,Blouse,M,Lavender,Winter,59,3.5,False,No,False,Standard,No,False,Bank Transfer,39,Established,Monthly,30,12.17,718.03,1,Steady mid-tier
3190,25,25-34,Female,Kansas,Footwear,Boots,M,Beige,Summer,87,4.2,False,No,False,Store Pickup,No,False,PayPal,30,Established,Bi-Weekly,14,26.07,2268.09,0,High-value regulars
3191,41,35-44,Female,California,Clothing,Jeans,S,Purple,Fall,78,3.4,False,No,False,Free Shipping,No,False,Credit Card,5,New,Fortnightly,14,26.07,2033.46,0,High-value regulars
3192,62,55-64,Female,Mississippi,Clothing,Hoodie,XL,Maroon,Winter,68,4.7,False,No,False,Store Pickup,No,False,Credit Card,42,Loyal,Every 3 Months,90,4.06,276.08,1,Steady mid-tier
3193,19,18-24,Female,Iowa,Clothing,Sweater,S,Maroon,Fall,76,3.0,False,No,False,Free Shipping,No,False,Cash,20,Developing,Fortnightly,14,26.07,1981.32,0,High-value regulars
3194,63,55-64,Female,Virginia,Accessories,Gloves,L,Teal,Winter,99,4.0,False,No,False,Express,No,False,Credit Card,35,Established,Fortnightly,14,26.07,2580.93,0,High-value regulars
3195,43,35-44,Female,Maryland,Footwear,Sneakers,L,Gold,Summer,52,4.6,False,No,False,Standard,No,False,Credit Card,10,New,Bi-Weekly,14,26.07,1355.64,1,Steady mid-tier
3196,68,65+,Female,Missouri,Accessories,Sunglasses,S,Red,Spring,58,4.9,False,No,False,Next Day Air,No,False,Credit Card,36,Established,Quarterly,90,4.06,235.48,1,Steady mid-tier
3197,24,18-24,Female,Wisconsin,Accessories,Belt,L,Maroon,Winter,59,2.8,False,No,False,Express,No,False,Debit Card,21,Developing,Fortnightly,14,26.07,1538.13,0,High-value regulars
3198,27,25-34,Female,Maine,Clothing,Sweater,M,Teal,Spring,71,3.2,False,No,False,Free Shipping,No,False,Credit Card,29,Established,Every 3 Months,90,4.06,288.26,1,Steady mid-tier
3199,61,55-64,Female,Pennsylvania,Accessories,Gloves,L,Peach,Winter,94,2.8,False,No,False,Free Shipping,No,False,Debit Card,39,Established,Weekly,7,52.14,4901.16,0,High-value regulars
3200,59,55-64,Female,Maine,Accessories,Handbag,XL,Pink,Winter,40,4.2,False,No,False,Express,No,False,PayPal,16,Developing,Monthly,30,12.17,486.8,1,Steady mid-tier
3201,67,65+,Female,Missouri,Clothing,Socks,L,Black,Spring,24,4.8,False,No,False,Free Shipping,No,False,Credit Card,32,Established,Monthly,30,12.17,292.08,1,Steady mid-tier
3202,46,45-54,Female,Vermont,Clothing,Pants,S,Indigo,Fall,38,2.8,False,No,False,2-Day Shipping,No,False,Cash,34,Established,Monthly,30,12.17,462.46,1,Steady mid-tier
3203,65,65+,Female,Wisconsin,Accessories,Scarf,L,Green,Fall,37,4.5,False,No,False,Standard,No,False,Venmo,38,Established,Annually,365,1.0,37.0,1,Steady mid-tier
3204,63,55-64,Female,New Jersey,Outerwear,Coat,L,Teal,Spring,29,4.1,False,No,False,Express,No,False,Venmo,14,Developing,Annually,365,1.0,29.0,1,Steady mid-tier
3205,57,55-64,Female,New Mexico,Outerwear,Jacket,XL,Lavender,Fall,92,4.3,False,No,False,Free Shipping,No,False,Debit Card,23,Developing,Bi-Weekly,14,26.07,2398.44,0,High-value regulars
3206,40,35-44,Female,Colorado,Clothing,Hoodie,XL,Magenta,Fall,24,4.4,False,No,False,2-Day Shipping,No,False,Bank Transfer,50,Loyal,Every 3 Months,90,4.06,97.44,1,Steady mid-tier
3207,36,35-44,Female,California,Footwear,Boots,M,Brown,Winter,52,3.0,False,No,False,Free Shipping,No,False,PayPal,49,Loyal,Monthly,30,12.17,632.84,1,Steady mid-tier
3208,67,65+,Female,Arizona,Clothing,Socks,XL,Beige,Summer,29,2.7,False,No,False,Next Day Air,No,False,PayPal,14,Developing,Annually,365,1.0,29.0,1,Steady mid-tier
3209,61,55-64,Female,Indiana,Accessories,Jewelry,L,Indigo,Winter,30,3.3,False,No,False,2-Day Shipping,No,False,PayPal,42,Loyal,Weekly,7,52.14,1564.2,0,High-value regulars
3210,64,55-64,Female,Arkansas,Footwear,Shoes,L,Peach,Fall,31,4.3,False,No,False,Standard,No,False,Debit Card,39,Established,Annually,365,1.0,31.0,1,Steady mid-tier
3211,30,25-34,Female,Nevada,Clothing,Socks,M,Magenta,Summer,67,2.9,False,No,False,Express,No,False,Venmo,43,Loyal,Bi-Weekly,14,26.07,1746.69,0,High-value regulars
3212,53,45-54,Female,Rhode Island,Clothing,Pants,L,Turquoise,Winter,65,4.9,False,No,False,Standard,No,False,Cash,12,Developing,Monthly,30,12.17,791.05,1,Steady mid-tier
3213,27,25-34,Female,Wyoming,Footwear,Sneakers,M,Indigo,Winter,22,3.6,False,No,False,2-Day Shipping,No,False,Debit Card,21,Developing,Weekly,7,52.14,1147.08,0,High-value regulars
3214,27,25-34,Female,Texas,Accessories,Sunglasses,M,Brown,Winter,56,3.3,False,No,False,Standard,No,False,Credit Card,33,Established,Monthly,30,12.17,681.52,1,Steady mid-tier
3215,53,45-54,Female,Washington,Clothing,Skirt,M,Yellow,Spring,78,3.1,False,No,False,Free Shipping,No,False,Debit Card,6,New,Annually,365,1.0,78.0,1,Steady mid-tier
3216,34,25-34,Female,Rhode Island,Outerwear,Coat,M,Magenta,Summer,90,2.7,False,No,False,Free Shipping,No,False,PayPal,10,New,Every 3 Months,90,4.06,365.4,1,Steady mid-tier
3217,39,35-44,Female,Illinois,Clothing,Hoodie,S,Olive,Winter,85,3.4,False,No,False,Next Day Air,No,False,Cash,18,Developing,Weekly,7,52.14,4431.9,0,High-value regulars
3218,44,35-44,Female,Oregon,Accessories,Sunglasses,M,Silver,Fall,58,3.4,False,No,False,Express,No,False,Venmo,46,Loyal,Weekly,7,52.14,3024.12,0,High-value regulars
3219,37,35-44,Female,Florida,Clothing,Skirt,M,Teal,Fall,34,3.9,False,No,False,Express,No,False,PayPal,49,Loyal,Monthly,30,12.17,413.78,1,Steady mid-tier
3220,57,55-64,Female,Kansas,Outerwear,Coat,L,White,Summer,40,3.5,False,No,False,2-Day Shipping,No,False,Credit Card,39,Established,Weekly,7,52.14,2085.6,0,High-value regulars
3221,38,35-44,Female,North Dakota,Accessories,Handbag,M,Blue,Fall,29,4.1,False,No,False,Free Shipping,No,False,Cash,16,Developing,Monthly,30,12.17,352.93,1,Steady mid-tier
3222,21,18-24,Female,New Hampshire,Clothing,T-shirt,M,Yellow,Winter,76,3.2,False,No,False,Standard,No,False,Cash,28,Established,Annually,365,1.0,76.0,1,Steady mid-tier
3223,45,45-54,Female,Texas,Accessories,Sunglasses,S,Maroon,Fall,84,4.6,False,No,False,Store Pickup,No,False,PayPal,22,Developing,Quarterly,90,4.06,341.04,1,Steady mid-tier
3224,68,65+,Female,Montana,Clothing,Shirt,S,Gray,Spring,65,3.9,False,No,False,Standard,No,False,Venmo,36,Established,Bi-Weekly,14,26.07,1694.55,0,High-value regulars
3225,37,35-44,Female,Delaware,Clothing,Hoodie,L,Indigo,Winter,80,2.7,False,No,False,Free Shipping,No,False,PayPal,18,Developing,Monthly,30,12.17,973.6,1,Steady mid-tier
3226,53,45-54,Female,New Hampshire,Clothing,Blouse,M,Pink,Fall,98,3.0,False,No,False,Store Pickup,No,False,Credit Card,31,Established,Weekly,7,52.14,5109.72,0,High-value regulars
3227,57,55-64,Female,Minnesota,Footwear,Sneakers,XL,Beige,Spring,71,3.3,False,No,False,Next Day Air,No,False,Bank Transfer,38,Established,Fortnightly,14,26.07,1850.97,0,High-value regulars
3228,28,25-34,Female,Alaska,Accessories,Scarf,XL,White,Fall,69,2.7,False,No,False,Free Shipping,No,False,Debit Card,42,Loyal,Quarterly,90,4.06,280.14,1,Steady mid-tier
3229,37,35-44,Female,Connecticut,Accessories,Jewelry,M,Yellow,Spring,95,4.6,False,No,False,2-Day Shipping,No,False,PayPal,27,Established,Annually,365,1.0,95.0,1,Steady mid-tier
3230,54,45-54,Female,Connecticut,Clothing,Pants,M,Teal,Fall,67,2.7,False,No,False,Express,No,False,Cash,24,Developing,Monthly,30,12.17,815.39,1,Steady mid-tier
3231,49,45-54,Female,Kansas,Footwear,Sneakers,M,Olive,Summer,49,2.5,False,No,False,Next Day Air,No,False,Debit Card,38,Established,Annually,365,1.0,49.0,1,Steady mid-tier
3232,62,55-64,Female,Nevada,Footwear,Shoes,M,Maroon,Winter,97,4.4,False,No,False,Free Shipping,No,False,Credit Card,9,New,Annually,365,1.0,97.0,1,Steady mid-tier
3233,45,45-54,Female,Massachusetts,Clothing,T-shirt,M,White,Spring,34,4.0,False,No,False,Next Day Air,No,False,Bank Transfer,19,Developing,Monthly,30,12.17,413.78,1,Steady mid-tier
3234,45,45-54,Female,Indiana,Accessories,Belt,M,Lavender,Fall,74,3.8,False,No,False,Express,No,False,Debit Card,11,Developing,Bi-Weekly,14,26.07,1929.18,0,High-value regulars
3235,49,45-54,Female,Washington,Accessories,Jewelry,M,Black,Winter,96,2.5,False,No,False,2-Day Shipping,No,False,Debit Card,16,Developing,Quarterly,90,4.06,389.76,1,Steady mid-tier
3236,27,25-34,Female,Kansas,Accessories,Belt,M,Green,Summer,68,4.0,False,No,False,Free Shipping,No,False,Venmo,18,Developing,Monthly,30,12.17,827.56,1,Steady mid-tier
3237,63,55-64,Female,South Carolina,Accessories,Belt,L,Olive,Fall,84,4.1,False,No,False,Next Day Air,No,False,Cash,8,New,Monthly,30,12.17,1022.28,1,Steady mid-tier
3238,61,55-64,Female,Vermont,Clothing,T-shirt,M,Gray,Summer,57,2.8,False,No,False,Express,No,False,Cash,4,New,Weekly,7,52.14,2971.98,0,High-value regulars
3239,25,25-34,Female,Wyoming,Footwear,Sneakers,XL,Teal,Fall,84,3.4,False,No,False,2-Day Shipping,No,False,Cash,37,Established,Quarterly,90,4.06,341.04,1,Steady mid-tier
3240,33,25-34,Female,Colorado,Accessories,Sunglasses,M,Charcoal,Fall,32,2.7,False,No,False,2-Day Shipping,No,False,Cash,30,Established,Monthly,30,12.17,389.44,1,Steady mid-tier
3241,56,55-64,Female,West Virginia,Footwear,Sandals,M,Violet,Fall,37,3.8,False,No,False,2-Day Shipping,No,False,Bank Transfer,37,Established,Monthly,30,12.17,450.29,1,Steady mid-tier
3242,50,45-54,Female,Connecticut,Accessories,Handbag,M,Lavender,Summer,58,4.4,False,No,False,Store Pickup,No,False,PayPal,30,Established,Quarterly,90,4.06,235.48,1,Steady mid-tier
3243,45,45-54,Female,Oregon,Clothing,Socks,S,Beige,Fall,74,2.8,False,No,False,Express,No,False,Venmo,17,Developing,Weekly,7,52.14,3858.36,0,High-value regulars
3244,45,45-54,Female,Idaho,Clothing,Hoodie,L,Black,Summer,99,5.0,False,No,False,Store Pickup,No,False,Bank Transfer,11,Developing,Every 3 Months,90,4.06,401.94,1,Steady mid-tier
3245,65,65+,Female,Arkansas,Clothing,Sweater,M,Black,Fall,81,4.7,False,No,False,Express,No,False,Credit Card,42,Loyal,Annually,365,1.0,81.0,1,Steady mid-tier
3246,63,55-64,Female,Kansas,Clothing,Pants,M,Purple,Fall,76,3.2,False,No,False,Next Day Air,No,False,Cash,20,Developing,Weekly,7,52.14,3962.64,0,High-value regulars
3247,70,65+,Female,Michigan,Footwear,Sneakers,M,Magenta,Summer,98,2.9,False,No,False,Store Pickup,No,False,Cash,37,Established,Monthly,30,12.17,1192.66,1,Steady mid-tier
3248,53,45-54,Female,Arkansas,Accessories,Gloves,M,Teal,Summer,91,3.7,False,No,False,Express,No,False,PayPal,12,Developing,Fortnightly,14,26.07,2372.37,0,High-value regulars
3249,22,18-24,Female,Pennsylvania,Clothing,T-shirt,S,Teal,Summer,79,4.2,False,No,False,Free Shipping,No,False,Bank Transfer,41,Loyal,Quarterly,90,4.06,320.74,1,Steady mid-tier
3250,26,25-34,Female,Virginia,Accessories,Backpack,M,Pink,Summer,83,3.4,False,No,False,Express,No,False,Credit Card,32,Established,Quarterly,90,4.06,336.98,1,Steady mid-tier
3251,23,18-24,Female,Minnesota,Outerwear,Coat,M,Teal,Spring,90,2.9,False,No,False,2-Day Shipping,No,False,Venmo,15,Developing,Weekly,7,52.14,4692.6,0,High-value regulars
3252,25,25-34,Female,Nevada,Outerwear,Coat,M,Gold,Winter,20,3.7,False,No,False,Standard,No,False,Venmo,39,Established,Quarterly,90,4.06,81.2,1,Steady mid-tier
3253,69,65+,Female,Montana,Footwear,Sandals,L,Brown,Spring,21,2.7,False,No,False,Store Pickup,No,False,Credit Card,48,Loyal,Fortnightly,14,26.07,547.47,1,Steady mid-tier
3254,36,35-44,Female,Nebraska,Accessories,Backpack,M,Brown,Fall,60,3.2,False,No,False,2-Day Shipping,No,False,Venmo,8,New,Fortnightly,14,26.07,1564.2,0,High-value regulars
3255,21,18-24,Female,Indiana,Clothing,Sweater,S,Magenta,Winter,31,4.9,False,No,False,Store Pickup,No,False,Bank Transfer,11,Developing,Every 3 Months,90,4.06,125.86,1,Steady mid-tier
3256,57,55-64,Female,New Jersey,Clothing,Shorts,M,Black,Fall,40,2.8,False,No,False,Next Day Air,No,False,Bank Transfer,36,Established,Monthly,30,12.17,486.8,1,Steady mid-tier
3257,60,55-64,Female,Wisconsin,Accessories,Sunglasses,L,Teal,Winter,26,4.7,False,No,False,Free Shipping,No,False,Venmo,50,Loyal,Every 3 Months,90,4.06,105.56,1,Steady mid-tier
3258,44,35-44,Female,Minnesota,Clothing,Shirt,M,Brown,Fall,98,3.3,False,No,False,Express,No,False,Venmo,39,Established,Every 3 Months,90,4.06,397.88,1,Steady mid-tier
3259,31,25-34,Female,New Jersey,Footwear,Shoes,M,Magenta,Spring,51,4.3,False,No,False,Express,No,False,Credit Card,11,Developing,Bi-Weekly,14,26.07,1329.57,1,Steady mid-tier
3260,57,55-64,Female,Oklahoma,Accessories,Hat,XL,Indigo,Fall,95,3.7,False,No,False,2-Day Shipping,No,False,Debit Card,5,New,Every 3 Months,90,4.06,385.7,1,Steady mid-tier
3261,39,35-44,Female,Wisconsin,Accessories,Scarf,M,Violet,Summer,36,4.5,False,No,False,2-Day Shipping,No,False,Credit Card,7,New,Annually,365,1.0,36.0,1,Steady mid-tier
3262,48,45-54,Female,Rhode Island,Accessories,Belt,L,Cyan,Winter,52,3.4,False,No,False,Store Pickup,No,False,Debit Card,50,Loyal,Weekly,7,52.14,2711.28,0,High-value regulars
3263,42,35-44,Female,Indiana,Clothing,T-shirt,M,Violet,Spring,35,2.7,False,No,False,Standard,No,False,Cash,21,Developing,Every 3 Months,90,4.06,142.1,1,Steady mid-tier
3264,56,55-64,Female,Vermont,Clothing,Shorts,S,Black,Fall,68,4.4,False,No,False,Express,No,False,Debit Card,31,Established,Fortnightly,14,26.07,1772.76,0,High-value regulars
3265,28,25-34,Female,Maine,Clothing,Pants,S,Charcoal,Winter,50,4.0,False,No,False,Express,No,False,Cash,39,Established,Bi-Weekly,14,26.07,1303.5,1,Steady mid-tier
3266,40,35-44,Female,Alabama,Accessories,Sunglasses,M,White,Winter,100,3.2,False,No,False,Express,No,False,Credit Card,28,Established,Fortnightly,14,26.07,2607.0,0,High-value regulars
3267,49,45-54,Female,Alabama,Outerwear,Coat,S,Gray,Winter,74,4.2,False,No,False,Next Day Air,No,False,Bank Transfer,33,Established,Weekly,7,52.14,3858.36,0,High-value regulars
3268,37,35-44,Female,Idaho,Clothing,Hoodie,L,Pink,Winter,45,3.0,False,No,False,Store Pickup,No,False,Credit Card,42,Loyal,Quarterly,90,4.06,182.7,1,Steady mid-tier
3269,22,18-24,Female,Arkansas,Clothing,Dress,M,Cyan,Fall,97,2.8,False,No,False,Free Shipping,No,False,Bank Transfer,5,New,Every 3 Months,90,4.06,393.82,1,Steady mid-tier
3270,27,25-34,Female,Ohio,Clothing,Blouse,M,Blue,Winter,60,4.9,False,No,False,Express,No,False,Cash,25,Developing,Monthly,30,12.17,730.2,1,Steady mid-tier
3271,59,55-64,Female,Illinois,Clothing,Socks,M,Indigo,Winter,25,4.7,False,No,False,Express,No,False,PayPal,48,Loyal,Annually,365,1.0,25.0,1,Steady mid-tier
3272,35,35-44,Female,Nevada,Clothing,Socks,XL,Magenta,Spring,55,4.4,False,No,False,Standard,No,False,Credit Card,30,Established,Weekly,7,52.14,2867.7,0,High-value regulars
3273,58,55-64,Female,Texas,Footwear,Shoes,M,Lavender,Winter,99,3.1,False,No,False,Next Day Air,No,False,PayPal,34,Established,Quarterly,90,4.06,401.94,1,Steady mid-tier
3274,58,55-64,Female,Nevada,Accessories,Belt,S,Orange,Summer,45,2.6,False,No,False,Free Shipping,No,False,PayPal,34,Established,Every 3 Months,90,4.06,182.7,1,Steady mid-tier
3275,46,45-54,Female,Oklahoma,Clothing,Sweater,M,Cyan,Spring,20,3.9,False,No,False,Store Pickup,No,False,Cash,14,Developing,Fortnightly,14,26.07,521.4,1,Steady mid-tier
3276,43,35-44,Female,Alabama,Clothing,Pants,XL,Green,Summer,88,2.6,False,No,False,2-Day Shipping,No,False,Debit Card,2,New,Weekly,7,52.14,4588.32,0,High-value regulars
3277,39,35-44,Female,South Dakota,Accessories,Scarf,M,White,Summer,99,4.0,False,No,False,Store Pickup,No,False,PayPal,41,Loyal,Every 3 Months,90,4.06,401.94,1,Steady mid-tier
3278,59,55-64,Female,Texas,Clothing,Skirt,M,Blue,Spring,86,4.9,False,No,False,Store Pickup,No,False,Credit Card,3,New,Monthly,30,12.17,1046.62,1,Steady mid-tier
3279,59,55-64,Female,Montana,Clothing,Dress,M,Black,Summer,70,3.3,False,No,False,2-Day Shipping,No,False,Bank Transfer,18,Developing,Weekly,7,52.14,3649.8,0,High-value regulars
3280,59,55-64,Female,Wyoming,Accessories,Hat,S,Red,Fall,50,3.0,False,No,False,Express,No,False,Debit Card,1,New,Fortnightly,14,26.07,1303.5,1,Steady mid-tier
3281,45,45-54,Female,New York,Accessories,Handbag,L,Red,Winter,57,2.7,False,No,False,Next Day Air,No,False,PayPal,5,New,Monthly,30,12.17,693.69,1,Steady mid-tier
3282,27,25-34,Female,Oregon,Clothing,Pants,L,Gold,Winter,69,3.1,False,No,False,Free Shipping,No,False,Bank Transfer,41,Loyal,Annually,365,1.0,69.0,1,Steady mid-tier
3283,24,18-24,Female,California,Clothing,T-shirt,M,Red,Fall,94,4.8,False,No,False,Next Day Air,No,False,Credit Card,5,New,Monthly,30,12.17,1143.98,1,Steady mid-tier
3284,47,45-54,Female,North Carolina,Outerwear,Jacket,L,Purple,Spring,24,2.9,False,No,False,Express,No,False,Debit Card,10,New,Every 3 Months,90,4.06,97.44,1,Steady mid-tier
3285,70,65+,Female,Kentucky,Accessories,Scarf,L,White,Spring,79,4.5,False,No,False,2-Day Shipping,No,False,Venmo,20,Developing,Annually,365,1.0,79.0,1,Steady mid-tier
3286,58,55-64,Female,Hawaii,Accessories,Hat,XL,Magenta,Fall,31,4.6,False,No,False,Free Shipping,No,False,Cash,11,Developing,Weekly,7,52.14,1616.34,0,High-value regulars
3287,45,45-54,Female,Illinois,Outerwear,Jacket,L,Pink,Winter,67,5.0,False,No,False,Express,No,False,Venmo,4,New,Fortnightly,14,26.07,1746.69,0,High-value regulars
3288,24,18-24,Female,West Virginia,Clothing,Skirt,L,Black,Spring,63,4.3,False,No,False,2-Day Shipping,No,False,Credit Card,38,Established,Weekly,7,52.14,3284.82,0,High-value regulars
3289,67,65+,Female,South Carolina,Accessories,Handbag,XL,White,Spring,61,4.9,False,No,False,Next Day Air,No,False,Credit Card,19,Developing,Bi-Weekly,14,26.07,1590.27,0,High-value regulars
3290,31,25-34,Female,Montana,Accessories,Backpack,M,Maroon,Summer,50,4.0,False,No,False,2-Day Shipping,No,False,Venmo,16,Developing,Every 3 Months,90,4.06,203.0,1,Steady mid-tier
3291,52,45-54,Female,North Dakota,Outerwear,Coat,L,Black,Spring,82,3.1,False,No,False,Free Shipping,No,False,PayPal,2,New,Monthly,30,12.17,997.94,1,Steady mid-tier
3292,29,25-34,Female,New Mexico,Accessories,Belt,L,Olive,Fall,51,2.6,False,No,False,2-Day Shipping,No,False,Cash,11,Developing,Monthly,30,12.17,620.67,1,Steady mid-tier
3293,62,55-64,Female,Missouri,Accessories,Handbag,L,Gray,Spring,23,4.9,False,No,False,Standard,No,False,Bank Transfer,18,Developing,Fortnightly,14,26.07,599.61,1,Steady mid-tier
3294,19,18-24,Female,West Virginia,Outerwear,Coat,M,Gold,Spring,91,3.5,False,No,False,2-Day Shipping,No,False,Credit Card,47,Loyal,Fortnightly,14,26.07,2372.37,0,High-value regulars
3295,62,55-64,Female,South Carolina,Clothing,Sweater,S,Magenta,Spring,60,4.5,False,No,False,Store Pickup,No,False,Bank Transfer,15,Developing,Bi-Weekly,14,26.07,1564.2,0,High-value regulars
3296,70,65+,Female,West Virginia,Clothing,Blouse,S,Lavender,Summer,34,2.8,False,No,False,Next Day Air,No,False,Cash,15,Developing,Weekly,7,52.14,1772.76,0,High-value regulars
3297,20,18-24,Female,Alaska,Clothing,Blouse,M,Green,Spring,23,4.2,False,No,False,Next Day Air,No,False,Venmo,47,Loyal,Quarterly,90,4.06,93.38,1,Steady mid-tier
3298,67,65+,Female,West Virginia,Accessories,Belt,M,Violet,Fall,82,4.1,False,No,False,Free Shipping,No,False,PayPal,47,Loyal,Monthly,30,12.17,997.94,1,Steady mid-tier
3299,65,65+,Female,New Mexico,Outerwear,Jacket,M,Brown,Fall,73,3.5,False,No,False,Express,No,False,Bank Transfer,6,New,Every 3 Months,90,4.06,296.38,1,Steady mid-tier
3300,45,45-54,Female,South Dakota,Clothing,Shorts,L,Teal,Spring,32,4.0,False,No,False,2-Day Shipping,No,False,Venmo,18,Developing,Monthly,30,12.17,389.44,1,Steady mid-tier
3301,26,25-34,Female,Oklahoma,Accessories,Hat,M,Charcoal,Spring,80,4.0,False,No,False,Express,No,False,Bank Transfer,40,Established,Bi-Weekly,14,26.07,2085.6,0,High-value regulars
3302,36,35-44,Female,Oklahoma,Clothing,Pants,XL,Charcoal,Summer,58,2.5,False,No,False,Free Shipping,No,False,Credit Card,31,Established,Fortnightly,14,26.07,1512.06,0,High-value regulars
3303,36,35-44,Female,Alabama,Clothing,Blouse,XL,Beige,Winter,82,4.2,False,No,False,Standard,No,False,Venmo,31,Established,Bi-Weekly,14,26.07,2137.74,0,High-value regulars
3304,20,18-24,Female,Mississippi,Accessories,Belt,S,Turquoise,Summer,60,3.4,False,No,False,Next Day Air,No,False,Credit Card,4,New,Fortnightly,14,26.07,1564.2,0,High-value regulars
3305,30,25-34,Female,Mississippi,Accessories,Handbag,XL,Orange,Fall,79,4.8,False,No,False,Next Day Air,No,False,Bank Transfer,36,Established,Every 3 Months,90,4.06,320.74,1,Steady mid-tier
3306,34,25-34,Female,Nebraska,Clothing,Hoodie,L,Cyan,Summer,41,4.9,False,No,False,Standard,No,False,PayPal,31,Established,Bi-Weekly,14,26.07,1068.87,1,Steady mid-tier
3307,63,55-64,Female,Colorado,Outerwear,Jacket,L,Orange,Summer,39,3.6,False,No,False,Store Pickup,No,False,Venmo,6,New,Fortnightly,14,26.07,1016.73,1,Steady mid-tier
3308,18,18-24,Female,Pennsylvania,Accessories,Scarf,S,Green,Winter,36,4.0,False,No,False,Store Pickup,No,False,Cash,1,New,Monthly,30,12.17,438.12,1,Steady mid-tier
3309,55,55-64,Female,Utah,Clothing,Jeans,M,Pink,Fall,70,2.6,False,No,False,Express,No,False,Cash,29,Established,Monthly,30,12.17,851.9,1,Steady mid-tier
3310,48,45-54,Female,Massachusetts,Accessories,Handbag,M,Blue,Summer,47,3.1,False,No,False,Store Pickup,No,False,PayPal,19,Developing,Monthly,30,12.17,571.99,1,Steady mid-tier
3311,45,45-54,Female,Iowa,Outerwear,Jacket,M,Pink,Winter,27,3.6,False,No,False,Free Shipping,No,False,PayPal,12,Developing,Fortnightly,14,26.07,703.89,1,Steady mid-tier
3312,29,25-34,Female,Florida,Accessories,Hat,L,Blue,Summer,52,4.0,False,No,False,Express,No,False,Bank Transfer,18,Developing,Annually,365,1.0,52.0,1,Steady mid-tier
3313,55,55-64,Female,Louisiana,Footwear,Sneakers,L,Black,Summer,75,3.9,False,No,False,Next Day Air,No,False,Cash,45,Loyal,Quarterly,90,4.06,304.5,1,Steady mid-tier
3314,55,55-64,Female,Kansas,Accessories,Hat,XL,Black,Fall,30,3.9,False,No,False,Express,No,False,Credit Card,45,Loyal,Monthly,30,12.17,365.1,1,Steady mid-tier
3315,55,55-64,Female,Kansas,Clothing,Socks,M,Violet,Spring,94,3.3,False,No,False,Standard,No,False,Credit Card,8,New,Quarterly,90,4.06,381.64,1,Steady mid-tier
3316,48,45-54,Female,Kentucky,Accessories,Scarf,S,Gold,Summer,68,2.9,False,No,False,Standard,No,False,PayPal,4,New,Every 3 Months,90,4.06,276.08,1,Steady mid-tier
3317,42,35-44,Female,New Mexico,Clothing,Socks,M,Olive,Summer,45,3.1,False,No,False,Free Shipping,No,False,Debit Card,5,New,Fortnightly,14,26.07,1173.15,1,Steady mid-tier
3318,21,18-24,Female,North Carolina,Accessories,Hat,XL,Pink,Summer,67,4.7,False,No,False,Standard,No,False,Cash,30,Established,Quarterly,90,4.06,272.02,1,Steady mid-tier
3319,45,45-54,Female,North Dakota,Outerwear,Jacket,M,Olive,Summer,46,3.9,False,No,False,Free Shipping,No,False,PayPal,15,Developing,Monthly,30,12.17,559.82,1,Steady mid-tier
3320,23,18-24,Female,North Dakota,Clothing,Shorts,M,Indigo,Summer,31,4.3,False,No,False,Next Day Air,No,False,Credit Card,17,Developing,Every 3 Months,90,4.06,125.86,1,Steady mid-tier
3321,66,65+,Female,Illinois,Clothing,Blouse,XL,Silver,Fall,44,4.2,False,No,False,2-Day Shipping,No,False,Cash,45,Loyal,Every 3 Months,90,4.06,178.64,1,Steady mid-tier
3322,32,25-34,Female,Maine,Outerwear,Coat,S,Charcoal,Winter,100,4.3,False,No,False,Next Day Air,No,False,Venmo,3,New,Annually,365,1.0,100.0,1,Steady mid-tier
3323,52,45-54,Female,Indiana,Clothing,Sweater,XL,Orange,Winter,92,4.6,False,No,False,Next Day Air,No,False,PayPal,43,Loyal,Weekly,7,52.14,4796.88,0,High-value regulars
3324,54,45-54,Female,North Dakota,Accessories,Handbag,M,Yellow,Winter,78,3.8,False,No,False,Free Shipping,No,False,Credit Card,4,New,Monthly,30,12.17,949.26,1,Steady mid-tier
3325,37,35-44,Female,Missouri,Clothing,T-shirt,S,Red,Fall,32,3.3,False,No,False,Standard,No,False,Venmo,41,Loyal,Weekly,7,52.14,1668.48,0,High-value regulars
3326,29,25-34,Female,Alaska,Footwear,Sandals,M,Maroon,Fall,97,3.7,False,No,False,2-Day Shipping,No,False,Venmo,16,Developing,Monthly,30,12.17,1180.49,1,Steady mid-tier
3327,47,45-54,Female,North Dakota,Accessories,Gloves,M,Magenta,Summer,95,4.3,False,No,False,Standard,No,False,Debit Card,10,New,Annually,365,1.0,95.0,1,Steady mid-tier
3328,47,45-54,Female,Connecticut,Clothing,Shorts,M,Black,Spring,64,4.1,False,No,False,Express,No,False,Debit Card,2,New,Quarterly,90,4.06,259.84,1,Steady mid-tier
3329,42,35-44,Female,Wisconsin,Footwear,Sandals,M,Violet,Spring,35,3.2,False,No,False,Free Shipping,No,False,Cash,11,Developing,Bi-Weekly,14,26.07,912.45,1,Steady mid-tier
3330,34,25-34,Female,New Jersey,Accessories,Backpack,M,Gray,Winter,54,3.8,False,No,False,Express,No,False,Debit Card,1,New,Bi-Weekly,14,26.07,1407.78,1,Steady mid-tier
3331,38,35-44,Female,Missouri,Footwear,Sneakers,M,Black,Spring,96,3.2,False,No,False,2-Day Shipping,No,False,Bank Transfer,41,Loyal,Quarterly,90,4.06,389.76,1,Steady mid-tier
3332,55,55-64,Female,California,Accessories,Sunglasses,M,Pink,Summer,58,3.5,False,No,False,Free Shipping,No,False,PayPal,39,Established,Quarterly,90,4.06,235.48,1,Steady mid-tier
3333,27,25-34,Female,Washington,Clothing,T-shirt,M,Silver,Summer,23,3.1,False,No,False,2-Day Shipping,No,False,PayPal,1,New,Bi-Weekly,14,26.07,599.61,1,Steady mid-tier
3334,55,55-64,Female,Minnesota,Clothing,Jeans,M,Violet,Spring,35,4.2,False,No,False,Express,No,False,PayPal,3,New,Monthly,30,12.17,425.95,1,Steady mid-tier
3335,66,65+,Female,California,Clothing,Shirt,M,Beige,Summer,23,3.4,False,No,False,Free Shipping,No,False,Credit Card,21,Developing,Annually,365,1.0,23.0,1,Steady mid-tier
3336,44,35-44,Female,Texas,Accessories,Hat,XL,Cyan,Winter,94,3.5,False,No,False,Express,No,False,Bank Transfer,48,Loyal,Quarterly,90,4.06,381.64,1,Steady mid-tier
3337,39,35-44,Female,Montana,Clothing,Blouse,M,Brown,Fall,45,4.0,False,No,False,Free Shipping,No,False,Debit Card,24,Developing,Annually,365,1.0,45.0,1,Steady mid-tier
3338,23,18-24,Female,Arizona,Outerwear,Jacket,L,Blue,Winter,23,4.4,False,No,False,2-Day Shipping,No,False,Bank Transfer,45,Loyal,Bi-Weekly,14,26.07,599.61,1,Steady mid-tier
3339,29,25-34,Female,Minnesota,Clothing,Skirt,L,White,Winter,94,2.9,False,No,False,2-Day Shipping,No,False,Credit Card,46,Loyal,Monthly,30,12.17,1143.98,1,Steady mid-tier
3340,20,18-24,Female,Nebraska,Accessories,Gloves,M,Cyan,Fall,99,3.6,False,No,False,Store Pickup,No,False,Cash,35,Established,Fortnightly,14,26.07,2580.93,0,High-value regulars
3341,42,35-44,Female,Virginia,Clothing,T-shirt,XL,Maroon,Fall,36,4.4,False,No,False,Free Shipping,No,False,Credit Card,47,Loyal,Fortnightly,14,26.07,938.52,1,Steady mid-tier
3342,55,55-64,Female,Connecticut,Outerwear,Jacket,XL,Olive,Summer,50,4.5,False,No,False,Standard,No,False,Credit Card,35,Established,Monthly,30,12.17,608.5,1,Steady mid-tier
3343,66,65+,Female,New Jersey,Outerwear,Jacket,M,Violet,Spring,81,3.8,False,No,False,Free Shipping,No,False,Credit Card,45,Loyal,Weekly,7,52.14,4223.34,0,High-value regulars
3344,24,18-24,Female,Kentucky,Clothing,Shorts,XL,Green,Winter,31,3.6,False,No,False,2-Day Shipping,No,False,Cash,6,New,Bi-Weekly,14,26.07,808.17,1,Steady mid-tier
3345,62,55-64,Female,Washington,Accessories,Hat,XL,Magenta,Fall,48,4.3,False,No,False,Free Shipping,No,False,Cash,20,Developing,Annually,365,1.0,48.0,1,Steady mid-tier
3346,28,25-34,Female,Florida,Accessories,Handbag,M,Turquoise,Summer,91,4.0,False,No,False,2-Day Shipping,No,False,Venmo,3,New,Bi-Weekly,14,26.07,2372.37,0,High-value regulars
3347,30,25-34,Female,Oklahoma,Clothing,Jeans,M,Black,Summer,99,3.4,False,No,False,Express,No,False,Venmo,30,Established,Quarterly,90,4.06,401.94,1,Steady mid-tier
3348,22,18-24,Female,Iowa,Footwear,Shoes,XL,Cyan,Summer,70,4.4,False,No,False,Standard,No,False,PayPal,28,Established,Bi-Weekly,14,26.07,1824.9,0,High-value regulars
3349,28,25-34,Female,New Hampshire,Clothing,T-shirt,L,Gray,Winter,74,2.8,False,No,False,Standard,No,False,Cash,15,Developing,Every 3 Months,90,4.06,300.44,1,Steady mid-tier
3350,35,35-44,Female,Georgia,Accessories,Jewelry,M,Red,Fall,79,2.8,False,No,False,Store Pickup,No,False,PayPal,29,Established,Quarterly,90,4.06,320.74,1,Steady mid-tier
3351,45,45-54,Female,Mississippi,Accessories,Handbag,S,Olive,Fall,33,4.9,False,No,False,2-Day Shipping,No,False,Cash,15,Developing,Bi-Weekly,14,26.07,860.31,1,Steady mid-tier
3352,43,35-44,Female,New Hampshire,Clothing,Shirt,L,Cyan,Spring,49,4.2,False,No,False,2-Day Shipping,No,False,Bank Transfer,18,Developing,Fortnightly,14,26.07,1277.43,1,Steady mid-tier
3353,55,55-64,Female,Washington,Accessories,Belt,M,Teal,Summer,96,2.9,False,No,False,Next Day Air,No,False,Bank Transfer,7,New,Bi-Weekly,14,26.07,2502.72,0,High-value regulars
3354,31,25-34,Female,Ohio,Clothing,Dress,L,Teal,Fall,66,4.6,False,No,False,Free Shipping,No,False,Credit Card,19,Developing,Every 3 Months,90,4.06,267.96,1,Steady mid-tier
3355,42,35-44,Female,Maryland,Clothing,Skirt,M,Orange,Fall,45,2.8,False,No,False,Next Day Air,No,False,PayPal,15,Developing,Weekly,7,52.14,2346.3,0,High-value regulars
3356,40,35-44,Female,Delaware,Clothing,Blouse,M,Peach,Spring,28,2.6,False,No,False,Store Pickup,No,False,Bank Transfer,3,New,Bi-Weekly,14,26.07,729.96,1,Steady mid-tier
3357,39,35-44,Female,Tennessee,Clothing,Jeans,M,Silver,Summer,48,3.5,False,No,False,Store Pickup,No,False,PayPal,13,Developing,Bi-Weekly,14,26.07,1251.36,1,Steady mid-tier
3358,41,35-44,Female,Arkansas,Clothing,Hoodie,M,Pink,Winter,67,3.5,False,No,False,Free Shipping,No,False,Credit Card,37,Established,Monthly,30,12.17,815.39,1,Steady mid-tier
3359,56,55-64,Female,Tennessee,Clothing,T-shirt,M,Magenta,Fall,59,3.4,False,No,False,2-Day Shipping,No,False,Cash,26,Established,Annually,365,1.0,59.0,1,Steady mid-tier
3360,43,35-44,Female,New Hampshire,Accessories,Sunglasses,L,Red,Fall,74,3.9,False,No,False,Next Day Air,No,False,Debit Card,29,Established,Monthly,30,12.17,900.58,1,Steady mid-tier
3361,22,18-24,Female,Minnesota,Outerwear,Jacket,M,Maroon,Spring,81,3.3,False,No,False,2-Day Shipping,No,False,Cash,47,Loyal,Every 3 Months,90,4.06,328.86,1,Steady mid-tier
3362,47,45-54,Female,Florida,Footwear,Shoes,M,Silver,Spring,26,4.1,False,No,False,Free Shipping,No,False,Credit Card,47,Loyal,Bi-Weekly,14,26.07,677.82,1,Steady mid-tier
3363,50,45-54,Female,Tennessee,Accessories,Handbag,M,Gray,Summer,61,3.0,False,No,False,Next Day Air,No,False,Venmo,48,Loyal,Fortnightly,14,26.07,1590.27,0,High-value regulars
3364,58,55-64,Female,California,Clothing,Sweater,M,Turquoise,Winter,23,3.0,False,No,False,Next Day Air,No,False,Bank Transfer,46,Loyal,Bi-Weekly,14,26.07,599.61,1,Steady mid-tier
3365,50,45-54,Female,Oregon,Accessories,Scarf,M,Peach,Fall,33,3.2,False,No,False,Standard,No,False,Credit Card,7,New,Monthly,30,12.17,401.61,1,Steady mid-tier
3366,43,35-44,Female,Tennessee,Clothing,Skirt,L,Teal,Fall,58,3.9,False,No,False,Express,No,False,Credit Card,45,Loyal,Every 3 Months,90,4.06,235.48,1,Steady mid-tier
3367,38,35-44,Female,North Carolina,Accessories,Gloves,M,Red,Spring,65,3.6,False,No,False,2-Day Shipping,No,False,Debit Card,47,Loyal,Quarterly,90,4.06,263.9,1,Steady mid-tier
3368,44,35-44,Female,Tennessee,Clothing,T-shirt,M,Blue,Summer,48,3.1,False,No,False,Store Pickup,No,False,Venmo,6,New,Fortnightly,14,26.07,1251.36,1,Steady mid-tier
3369,30,25-34,Female,Nebraska,Footwear,Sandals,M,Blue,Spring,25,4.8,False,No,False,Express,No,False,Bank Transfer,29,Established,Every 3 Months,90,4.06,101.5,1,Steady mid-tier
3370,47,45-54,Female,Maine,Clothing,Sweater,M,Indigo,Winter,51,3.8,False,No,False,2-Day Shipping,No,False,Cash,42,Loyal,Monthly,30,12.17,620.67,1,Steady mid-tier
3371,30,25-34,Female,Illinois,Accessories,Belt,M,Charcoal,Summer,31,2.8,False,No,False,Store Pickup,No,False,Cash,46,Loyal,Fortnightly,14,26.07,808.17,1,Steady mid-tier
3372,49,45-54,Female,Colorado,Clothing,Hoodie,S,Turquoise,Winter,99,4.0,False,No,False,Next Day Air,No,False,PayPal,28,Established,Annually,365,1.0,99.0,1,Steady mid-tier
3373,56,55-64,Female,Pennsylvania,Clothing,Socks,M,Maroon,Winter,25,4.6,False,No,False,Free Shipping,No,False,Credit Card,14,Developing,Every 3 Months,90,4.06,101.5,1,Steady mid-tier
3374,70,65+,Female,Minnesota,Footwear,Sandals,M,Purple,Spring,52,3.5,False,No,False,Store Pickup,No,False,Debit Card,12,Developing,Every 3 Months,90,4.06,211.12,1,Steady mid-tier
3375,22,18-24,Female,Nevada,Clothing,Blouse,S,Lavender,Spring,47,3.7,False,No,False,2-Day Shipping,No,False,Debit Card,41,Loyal,Annually,365,1.0,47.0,1,Steady mid-tier
3376,51,45-54,Female,Connecticut,Footwear,Boots,XL,Yellow,Fall,98,4.9,False,No,False,Express,No,False,Credit Card,8,New,Annually,365,1.0,98.0,1,Steady mid-tier
3377,22,18-24,Female,Ohio,Accessories,Hat,M,Green,Winter,46,4.1,False,No,False,Store Pickup,No,False,Cash,24,Developing,Quarterly,90,4.06,186.76,1,Steady mid-tier
3378,37,35-44,Female,Kentucky,Clothing,Shirt,M,Yellow,Winter,32,4.6,False,No,False,Next Day Air,No,False,PayPal,18,Developing,Fortnightly,14,26.07,834.24,1,Steady mid-tier
3379,49,45-54,Female,Minnesota,Clothing,Shorts,L,Gold,Fall,75,4.5,False,No,False,Next Day Air,No,False,Cash,6,New,Quarterly,90,4.06,304.5,1,Steady mid-tier
3380,61,55-64,Female,Tennessee,Accessories,Handbag,L,Turquoise,Summer,51,5.0,False,No,False,Store Pickup,No,False,Cash,40,Established,Weekly,7,52.14,2659.14,0,High-value regulars
3381,41,35-44,Female,North Dakota,Clothing,Dress,L,Blue,Summer,52,3.8,False,No,False,Standard,No,False,PayPal,6,New,Every 3 Months,90,4.06,211.12,1,Steady mid-tier
3382,57,55-64,Female,Minnesota,Accessories,Hat,L,Turquoise,Winter,66,4.7,False,No,False,Standard,No,False,Credit Card,27,Established,Quarterly,90,4.06,267.96,1,Steady mid-tier
3383,34,25-34,Female,Nebraska,Clothing,Sweater,M,Maroon,Spring,35,2.8,False,No,False,Express,No,False,Bank Transfer,2,New,Weekly,7,52.14,1824.9,0,High-value regulars
3384,27,25-34,Female,Delaware,Outerwear,Coat,M,Pink,Fall,43,2.6,False,No,False,Next Day Air,No,False,Venmo,39,Established,Bi-Weekly,14,26.07,1121.01,1,Steady mid-tier
3385,39,35-44,Female,Minnesota,Clothing,Hoodie,L,Maroon,Summer,24,3.8,False,No,False,Free Shipping,No,False,Venmo,9,New,Quarterly,90,4.06,97.44,1,Steady mid-tier
3386,62,55-64,Female,Rhode Island,Accessories,Jewelry,M,Olive,Winter,83,2.8,False,No,False,Standard,No,False,Credit Card,16,Developing,Every 3 Months,90,4.06,336.98,1,Steady mid-tier
3387,34,25-34,Female,Michigan,Clothing,T-shirt,M,Lavender,Fall,62,2.6,False,No,False,2-Day Shipping,No,False,Cash,36,Established,Quarterly,90,4.06,251.72,1,Steady mid-tier
3388,53,45-54,Female,New Jersey,Clothing,Pants,S,Pink,Spring,78,3.4,False,No,False,2-Day Shipping,No,False,Credit Card,2,New,Bi-Weekly,14,26.07,2033.46,0,High-value regulars
3389,35,35-44,Female,South Dakota,Clothing,Sweater,M,Cyan,Spring,61,4.5,False,No,False,Store Pickup,No,False,Credit Card,21,Developing,Weekly,7,52.14,3180.54,0,High-value regulars
3390,38,35-44,Female,North Carolina,Clothing,Pants,L,Maroon,Fall,57,3.8,False,No,False,Free Shipping,No,False,Venmo,39,Established,Annually,365,1.0,57.0,1,Steady mid-tier
3391,32,25-34,Female,Oregon,Clothing,Socks,S,Red,Summer,70,3.0,False,No,False,Next Day Air,No,False,PayPal,38,Established,Annually,365,1.0,70.0,1,Steady mid-tier
3392,47,45-54,Female,Montana,Clothing,Hoodie,M,Silver,Fall,57,3.7,False,No,False,2-Day Shipping,No,False,Debit Card,6,New,Every 3 Months,90,4.06,231.42,1,Steady mid-tier
3393,53,45-54,Female,New Jersey,Accessories,Scarf,XL,Blue,Winter,74,4.4,False,No,False,Free Shipping,No,False,Venmo,6,New,Bi-Weekly,14,26.07,1929.18,0,High-value regulars
3394,60,55-64,Female,Arizona,Clothing,Dress,M,Gold,Fall,90,3.1,False,No,False,Next Day Air,No,False,Debit Card,50,Loyal,Monthly,30,12.17,1095.3,1,Steady mid-tier
3395,31,25-34,Female,Vermont,Footwear,Sandals,S,Yellow,Spring,98,4.2,False,No,False,Store Pickup,No,False,PayPal,9,New,Annually,365,1.0,98.0,1,Steady mid-tier
3396,44,35-44,Female,Colorado,Clothing,Dress,M,Silver,Winter,43,3.1,False,No,False,Free Shipping,No,False,Debit Card,15,Developing,Every 3 Months,90,4.06,174.58,1,Steady mid-tier
3397,29,25-34,Female,Tennessee,Clothing,Pants,XL,Black,Winter,37,5.0,False,No,False,Next Day Air,No,False,PayPal,5,New,Quarterly,90,4.06,150.22,1,Steady mid-tier
3398,19,18-24,Female,New Jersey,Clothing,Blouse,L,Yellow,Summer,38,2.7,False,No,False,Standard,No,False,Bank Transfer,13,Developing,Bi-Weekly,14,26.07,990.66,1,Steady mid-tier
3399,54,45-54,Female,Montana,Clothing,Jeans,L,Pink,Winter,60,3.8,False,No,False,Standard,No,False,Cash,44,Loyal,Fortnightly,14,26.07,1564.2,0,High-value regulars
3400,40,35-44,Female,Montana,Clothing,Pants,XL,Yellow,Winter,55,3.3,False,No,False,Standard,No,False,Debit Card,36,Established,Annually,365,1.0,55.0,1,Steady mid-tier
3401,39,35-44,Female,Nevada,Accessories,Sunglasses,M,Lavender,Fall,51,4.8,False,No,False,Free Shipping,No,False,Venmo,18,Developing,Fortnightly,14,26.07,1329.57,1,Steady mid-tier
3402,44,35-44,Female,Nevada,Accessories,Backpack,L,Peach,Winter,71,3.4,False,No,False,Standard,No,False,Credit Card,39,Established,Weekly,7,52.14,3701.94,0,High-value regulars
3403,22,18-24,Female,Louisiana,Clothing,Hoodie,M,Black,Spring,61,4.4,False,No,False,2-Day Shipping,No,False,PayPal,11,Developing,Every 3 Months,90,4.06,247.66,1,Steady mid-tier
3404,30,25-34,Female,Illinois,Footwear,Boots,M,Olive,Summer,65,3.9,False,No,False,Standard,No,False,Cash,1,New,Bi-Weekly,14,26.07,1694.55,0,High-value regulars
3405,69,65+,Female,South Carolina,Accessories,Gloves,L,Olive,Fall,34,3.9,False,No,False,2-Day Shipping,No,False,Credit Card,34,Established,Annually,365,1.0,34.0,1,Steady mid-tier
3406,28,25-34,Female,Washington,Clothing,Blouse,M,White,Summer,87,4.2,False,No,False,Store Pickup,No,False,Bank Transfer,47,Loyal,Bi-Weekly,14,26.07,2268.09,0,High-value regulars
3407,57,55-64,Female,Nebraska,Clothing,Sweater,M,Red,Spring,79,4.0,False,No,False,Store Pickup,No,False,Venmo,24,Developing,Quarterly,90,4.06,320.74,1,Steady mid-tier
3408,46,45-54,Female,Alabama,Clothing,Dress,S,Purple,Spring,46,2.6,False,No,False,Store Pickup,No,False,Cash,20,Developing,Quarterly,90,4.06,186.76,1,Steady mid-tier
3409,48,45-54,Female,Montana,Clothing,Socks,L,Purple,Summer,72,4.4,False,No,False,Standard,No,False,Bank Transfer,11,Developing,Annually,365,1.0,72.0,1,Steady mid-tier
3410,24,18-24,Female,Minnesota,Clothing,Shirt,M,Teal,Summer,93,3.2,False,No,False,Next Day Air,No,False,Credit Card,3,New,Every 3 Months,90,4.06,377.58,1,Steady mid-tier
3411,50,45-54,Female,Ohio,Footwear,Sandals,L,Teal,Summer,76,4.3,False,No,False,Free Shipping,No,False,Bank Transfer,38,Established,Bi-Weekly,14,26.07,1981.32,0,High-value regulars
3412,29,25-34,Female,New York,Footwear,Shoes,L,Gray,Winter,56,4.9,False,No,False,2-Day Shipping,No,False,Cash,45,Loyal,Weekly,7,52.14,2919.84,0,High-value regulars
3413,61,55-64,Female,Indiana,Footwear,Sandals,M,Magenta,Fall,83,3.8,False,No,False,Store Pickup,No,False,Venmo,31,Established,Quarterly,90,4.06,336.98,1,Steady mid-tier
3414,34,25-34,Female,Delaware,Accessories,Gloves,XL,Black,Winter,90,2.5,False,No,False,Express,No,False,PayPal,16,Developing,Bi-Weekly,14,26.07,2346.3,0,High-value regulars
3415,27,25-34,Female,Connecticut,Footwear,Boots,M,Maroon,Spring,94,4.9,False,No,False,Next Day Air,No,False,Bank Transfer,3,New,Quarterly,90,4.06,381.64,1,Steady mid-tier
3416,38,35-44,Female,New York,Clothing,Blouse,M,Gold,Fall,68,3.0,False,No,False,2-Day Shipping,No,False,Bank Transfer,15,Developing,Annually,365,1.0,68.0,1,Steady mid-tier
3417,25,25-34,Female,Alabama,Footwear,Sandals,M,Purple,Spring,53,3.2,False,No,False,Store Pickup,No,False,Bank Transfer,11,Developing,Every 3 Months,90,4.06,215.18,1,Steady mid-tier
3418,54,45-54,Female,Massachusetts,Outerwear,Coat,M,Blue,Summer,35,2.9,False,No,False,2-Day Shipping,No,False,Debit Card,22,Developing,Fortnightly,14,26.07,912.45,1,Steady mid-tier
3419,53,45-54,Female,South Carolina,Outerwear,Jacket,M,Beige,Summer,30,2.8,False,No,False,Free Shipping,No,False,Debit Card,35,Established,Annually,365,1.0,30.0,1,Steady mid-tier
3420,23,18-24,Female,West Virginia,Accessories,Jewelry,L,Indigo,Winter,26,3.1,False,No,False,Store Pickup,No,False,Venmo,5,New,Bi-Weekly,14,26.07,677.82,1,Steady mid-tier
3421,19,18-24,Female,Kentucky,Accessories,Hat,M,Purple,Winter,60,3.4,False,No,False,Express,No,False,PayPal,35,Established,Bi-Weekly,14,26.07,1564.2,0,High-value regulars
3422,57,55-64,Female,New Jersey,Footwear,Shoes,M,Maroon,Summer,30,2.9,False,No,False,Free Shipping,No,False,PayPal,27,Established,Weekly,7,52.14,1564.2,0,High-value regulars
3423,19,18-24,Female,New York,Outerwear,Coat,L,Beige,Winter,91,3.2,False,No,False,Next Day Air,No,False,Venmo,9,New,Monthly,30,12.17,1107.47,1,Steady mid-tier
3424,33,25-34,Female,Massachusetts,Footwear,Boots,M,Brown,Spring,71,3.8,False,No,False,Next Day Air,No,False,PayPal,21,Developing,Bi-Weekly,14,26.07,1850.97,0,High-value regulars
3425,33,25-34,Female,Florida,Accessories,Scarf,L,Green,Summer,64,3.6,False,No,False,2-Day Shipping,No,False,Credit Card,23,Developing,Monthly,30,12.17,778.88,1,Steady mid-tier
3426,38,35-44,Female,Michigan,Accessories,Hat,M,Blue,Summer,54,4.3,False,No,False,Next Day Air,No,False,Debit Card,3,New,Bi-Weekly,14,26.07,1407.78,1,Steady mid-tier
3427,47,45-54,Female,Oregon,Clothing,Socks,XL,Magenta,Fall,35,4.8,False,No,False,2-Day Shipping,No,False,Credit Card,31,Established,Annually,365,1.0,35.0,1,Steady mid-tier
3428,39,35-44,Female,Michigan,Clothing,T-shirt,XL,Turquoise,Winter,38,2.5,False,No,False,Store Pickup,No,False,Cash,44,Loyal,Annually,365,1.0,38.0,1,Steady mid-tier
3429,32,25-34,Female,Washington,Accessories,Jewelry,M,Gray,Fall,69,2.5,False,No,False,Next Day Air,No,False,Venmo,20,Developing,Monthly,30,12.17,839.73,1,Steady mid-tier
3430,27,25-34,Female,Alaska,Clothing,Skirt,S,Purple,Winter,96,4.6,False,No,False,Express,No,False,Debit Card,34,Established,Weekly,7,52.14,5005.44,0,High-value regulars
3431,67,65+,Female,Montana,Clothing,Socks,M,Lavender,Winter,73,4.2,False,No,False,Next Day Air,No,False,Bank Transfer,17,Developing,Every 3 Months,90,4.06,296.38,1,Steady mid-tier
3432,46,45-54,Female,New Mexico,Accessories,Belt,S,Green,Summer,49,4.2,False,No,False,Express,No,False,Venmo,20,Developing,Annually,365,1.0,49.0,1,Steady mid-tier
3433,36,35-44,Female,Connecticut,Footwear,Boots,M,Gray,Summer,44,4.8,False,No,False,2-Day Shipping,No,False,PayPal,46,Loyal,Every 3 Months,90,4.06,178.64,1,Steady mid-tier
3434,62,55-64,Female,Alaska,Clothing,Socks,M,Yellow,Spring,93,4.5,False,No,False,Free Shipping,No,False,PayPal,28,Established,Annually,365,1.0,93.0,1,Steady mid-tier
3435,31,25-34,Female,Ohio,Clothing,Pants,S,Orange,Summer,72,3.3,False,No,False,2-Day Shipping,No,False,Venmo,6,New,Fortnightly,14,26.07,1877.04,0,High-value regulars
3436,68,65+,Female,Montana,Clothing,Socks,M,Beige,Summer,91,2.7,False,No,False,2-Day Shipping,No,False,Debit Card,50,Loyal,Bi-Weekly,14,26.07,2372.37,0,High-value regulars
3437,57,55-64,Female,Nebraska,Accessories,Belt,L,Peach,Winter,83,2.8,False,No,False,2-Day Shipping,No,False,Bank Transfer,41,Loyal,Monthly,30,12.17,1010.11,1,Steady mid-tier
3438,22,18-24,Female,Oklahoma,Outerwear,Jacket,S,Green,Winter,62,3.5,False,No,False,2-Day Shipping,No,False,PayPal,50,Loyal,Annually,365,1.0,62.0,1,Steady mid-tier
3439,26,25-34,Female,Kentucky,Clothing,Shirt,M,Violet,Fall,71,3.0,False,No,False,Store Pickup,No,False,Credit Card,33,Established,Monthly,30,12.17,864.07,1,Steady mid-tier
3440,43,35-44,Female,Idaho,Accessories,Gloves,M,Gray,Summer,93,4.5,False,No,False,Express,No,False,Venmo,25,Developing,Quarterly,90,4.06,377.58,1,Steady mid-tier
3441,45,45-54,Female,Maryland,Accessories,Handbag,L,Magenta,Fall,63,4.3,False,No,False,2-Day Shipping,No,False,PayPal,2,New,Weekly,7,52.14,3284.82,0,High-value regulars
3442,64,55-64,Female,Tennessee,Clothing,Sweater,XL,Charcoal,Fall,96,4.1,False,No,False,Standard,No,False,Credit Card,15,Developing,Annually,365,1.0,96.0,1,Steady mid-tier
3443,28,25-34,Female,Michigan,Clothing,Skirt,M,Violet,Spring,78,4.3,False,No,False,Next Day Air,No,False,PayPal,12,Developing,Weekly,7,52.14,4066.92,0,High-value regulars
3444,47,45-54,Female,Tennessee,Clothing,Dress,L,Silver,Summer,24,5.0,False,No,False,Free Shipping,No,False,Cash,28,Established,Bi-Weekly,14,26.07,625.68,1,Steady mid-tier
3445,53,45-54,Female,Rhode Island,Clothing,Pants,S,Green,Summer,63,3.8,False,No,False,2-Day Shipping,No,False,Bank Transfer,12,Developing,Bi-Weekly,14,26.07,1642.41,0,High-value regulars
3446,42,35-44,Female,Florida,Accessories,Hat,M,Magenta,Fall,58,4.9,False,No,False,Standard,No,False,Debit Card,3,New,Annually,365,1.0,58.0,1,Steady mid-tier
3447,51,45-54,Female,Louisiana,Footwear,Boots,S,Purple,Spring,55,5.0,False,No,False,2-Day Shipping,No,False,Cash,20,Developing,Weekly,7,52.14,2867.7,0,High-value regulars
3448,62,55-64,Female,Arkansas,Footwear,Sandals,M,Blue,Fall,58,4.3,False,No,False,Express,No,False,Bank Transfer,3,New,Bi-Weekly,14,26.07,1512.06,0,High-value regulars
3449,18,18-24,Female,Kentucky,Outerwear,Coat,S,Yellow,Winter,28,4.1,False,No,False,Express,No,False,Bank Transfer,32,Established,Fortnightly,14,26.07,729.96,1,Steady mid-tier
3450,48,45-54,Female,Kansas,Clothing,Blouse,M,Brown,Spring,37,4.5,False,No,False,Standard,No,False,Cash,35,Established,Monthly,30,12.17,450.29,1,Steady mid-tier
3451,20,18-24,Female,Vermont,Clothing,Shorts,M,Pink,Spring,78,3.6,False,No,False,Store Pickup,No,False,PayPal,31,Established,Monthly,30,12.17,949.26,1,Steady mid-tier
3452,32,25-34,Female,Nevada,Clothing,Blouse,XL,Silver,Fall,73,3.0,False,No,False,Free Shipping,No,False,Credit Card,13,Developing,Annually,365,1.0,73.0,1,Steady mid-tier
3453,26,25-34,Female,Oklahoma,Outerwear,Jacket,M,Indigo,Spring,20,3.7,False,No,False,Next Day Air,No,False,Venmo,3,New,Fortnightly,14,26.07,521.4,1,Steady mid-tier
3454,31,25-34,Female,Alabama,Clothing,Shirt,L,Pink,Winter,60,4.3,False,No,False,Standard,No,False,Venmo,48,Loyal,Bi-Weekly,14,26.07,1564.2,0,High-value regulars
3455,55,55-64,Female,Louisiana,Accessories,Handbag,S,Lavender,Fall,71,4.6,False,No,False,Store Pickup,No,False,PayPal,15,Developing,Bi-Weekly,14,26.07,1850.97,0,High-value regulars
3456,49,45-54,Female,Ohio,Clothing,T-shirt,M,Orange,Fall,89,4.7,False,No,False,Standard,No,False,Venmo,13,Developing,Annually,365,1.0,89.0,1,Steady mid-tier
3457,42,35-44,Female,Texas,Clothing,Hoodie,M,Red,Fall,53,4.6,False,No,False,Express,No,False,Venmo,21,Developing,Monthly,30,12.17,645.01,1,Steady mid-tier
3458,64,55-64,Female,Maryland,Accessories,Jewelry,M,Gray,Summer,87,3.0,False,No,False,Express,No,False,Cash,29,Established,Fortnightly,14,26.07,2268.09,0,High-value regulars
3459,68,65+,Female,West Virginia,Accessories,Jewelry,L,Violet,Spring,37,3.4,False,No,False,Standard,No,False,Venmo,24,Developing,Quarterly,90,4.06,150.22,1,Steady mid-tier
3460,68,65+,Female,Ohio,Clothing,Hoodie,L,Green,Fall,37,3.8,False,No,False,Express,No,False,PayPal,21,Developing,Annually,365,1.0,37.0,1,Steady mid-tier
3461,41,35-44,Female,Indiana,Accessories,Scarf,M,Gold,Spring,78,3.1,False,No,False,Express,No,False,Bank Transfer,5,New,Bi-Weekly,14,26.07,2033.46,0,High-value regulars
3462,51,45-54,Female,Wyoming,Footwear,Shoes,S,Maroon,Spring,23,4.4,False,No,False,Standard,No,False,Cash,47,Loyal,Quarterly,90,4.06,93.38,1,Steady mid-tier
3463,44,35-44,Female,Michigan,Clothing,Jeans,L,Olive,Spring,73,4.5,False,No,False,Standard,No,False,Credit Card,34,Established,Every 3 Months,90,4.06,296.38,1,Steady mid-tier
3464,27,25-34,Female,Maine,Accessories,Jewelry,M,Yellow,Fall,27,2.8,False,No,False,2-Day Shipping,No,False,PayPal,45,Loyal,Fortnightly,14,26.07,703.89,1,Steady mid-tier
3465,36,35-44,Female,Utah,Outerwear,Coat,S,Peach,Winter,59,2.7,False,No,False,Next Day Air,No,False,PayPal,12,Developing,Annually,365,1.0,59.0,1,Steady mid-tier
3466,19,18-24,Female,Iowa,Accessories,Backpack,M,Gold,Spring,53,3.4,False,No,False,Standard,No,False,Debit Card,31,Established,Weekly,7,52.14,2763.42,0,High-value regulars
3467,49,45-54,Female,Maryland,Clothing,Socks,S,Purple,Summer,42,4.6,False,No,False,Standard,No,False,Bank Transfer,43,Loyal,Annually,365,1.0,42.0,1,Steady mid-tier
3468,18,18-24,Female,Texas,Accessories,Scarf,M,Charcoal,Fall,45,5.0,False,No,False,Next Day Air,No,False,Credit Card,5,New,Annually,365,1.0,45.0,1,Steady mid-tier
3469,36,35-44,Female,Ohio,Accessories,Sunglasses,S,Indigo,Winter,89,3.5,False,No,False,Standard,No,False,Debit Card,36,Established,Quarterly,90,4.06,361.34,1,Steady mid-tier
3470,36,35-44,Female,North Dakota,Clothing,Socks,L,Magenta,Fall,85,3.3,False,No,False,Store Pickup,No,False,Cash,12,Developing,Annually,365,1.0,85.0,1,Steady mid-tier
3471,19,18-24,Female,West Virginia,Outerwear,Coat,S,Olive,Summer,69,4.5,False,No,False,Free Shipping,No,False,Cash,31,Established,Bi-Weekly,14,26.07,1798.83,0,High-value regulars
3472,43,35-44,Female,North Carolina,Footwear,Sandals,S,Blue,Spring,66,3.1,False,No,False,Store Pickup,No,False,Cash,31,Established,Bi-Weekly,14,26.07,1720.62,0,High-value regulars
3473,31,25-34,Female,Georgia,Clothing,Blouse,S,White,Summer,42,4.0,False,No,False,Free Shipping,No,False,Debit Card,15,Developing,Weekly,7,52.14,2189.88,0,High-value regulars
3474,63,55-64,Female,Kansas,Clothing,Dress,M,Cyan,Spring,40,2.5,False,No,False,Express,No,False,Cash,11,Developing,Weekly,7,52.14,2085.6,0,High-value regulars
3475,41,35-44,Female,Maine,Clothing,Pants,M,Cyan,Winter,82,4.4,False,No,False,Store Pickup,No,False,Venmo,18,Developing,Monthly,30,12.17,997.94,1,Steady mid-tier
3476,48,45-54,Female,South Carolina,Footwear,Sneakers,M,Orange,Spring,88,4.4,False,No,False,Express,No,False,Cash,9,New,Quarterly,90,4.06,357.28,1,Steady mid-tier
3477,68,65+,Female,South Carolina,Footwear,Boots,XL,Orange,Summer,99,3.2,False,No,False,Free Shipping,No,False,Cash,11,Developing,Weekly,7,52.14,5161.86,0,High-value regulars
3478,53,45-54,Female,Kentucky,Accessories,Handbag,S,Teal,Spring,85,3.8,False,No,False,Store Pickup,No,False,Debit Card,38,Established,Bi-Weekly,14,26.07,2215.95,0,High-value regulars
3479,36,35-44,Female,Arizona,Accessories,Handbag,M,Magenta,Fall,57,4.6,False,No,False,Store Pickup,No,False,PayPal,42,Loyal,Quarterly,90,4.06,231.42,1,Steady mid-tier
3480,46,45-54,Female,New York,Clothing,Sweater,S,Orange,Summer,56,4.9,False,No,False,Standard,No,False,Cash,41,Loyal,Monthly,30,12.17,681.52,1,Steady mid-tier
3481,21,18-24,Female,New Hampshire,Footwear,Sandals,L,Peach,Winter,79,3.5,False,No,False,Free Shipping,No,False,PayPal,45,Loyal,Monthly,30,12.17,961.43,1,Steady mid-tier
3482,52,45-54,Female,Ohio,Clothing,Socks,S,Maroon,Summer,67,3.4,False,No,False,Store Pickup,No,False,Debit Card,41,Loyal,Bi-Weekly,14,26.07,1746.69,0,High-value regulars
3483,66,65+,Female,Hawaii,Accessories,Gloves,M,Gold,Winter,61,3.9,False,No,False,Next Day Air,No,False,Debit Card,35,Established,Weekly,7,52.14,3180.54,0,High-value regulars
3484,19,18-24,Female,Texas,Clothing,Hoodie,L,White,Winter,37,3.9,False,No,False,Express,No,False,Credit Card,21,Developing,Every 3 Months,90,4.06,150.22,1,Steady mid-tier
3485,44,35-44,Female,Illinois,Clothing,Dress,L,Gray,Fall,75,4.2,False,No,False,Free Shipping,No,False,Credit Card,13,Developing,Bi-Weekly,14,26.07,1955.25,0,High-value regulars
3486,50,45-54,Female,Massachusetts,Clothing,Shirt,XL,Brown,Winter,21,3.4,False,No,False,Standard,No,False,Debit Card,23,Developing,Fortnightly,14,26.07,547.47,1,Steady mid-tier
3487,51,45-54,Female,North Carolina,Clothing,Shorts,L,Charcoal,Winter,89,4.9,False,No,False,Standard,No,False,PayPal,6,New,Weekly,7,52.14,4640.46,0,High-value regulars
3488,25,25-34,Female,West Virginia,Footwear,Sandals,L,Beige,Fall,24,2.9,False,No,False,Store Pickup,No,False,Bank Transfer,39,Established,Annually,365,1.0,24.0,1,Steady mid-tier
3489,62,55-64,Female,Delaware,Clothing,Sweater,XL,Teal,Spring,27,4.9,False,No,False,Store Pickup,No,False,Cash,7,New,Quarterly,90,4.06,109.62,1,Steady mid-tier
3490,48,45-54,Female,Idaho,Clothing,Dress,L,Black,Summer,26,4.6,False,No,False,2-Day Shipping,No,False,PayPal,32,Established,Every 3 Months,90,4.06,105.56,1,Steady mid-tier
3491,62,55-64,Female,Oregon,Footwear,Boots,M,Violet,Spring,82,3.6,False,No,False,Store Pickup,No,False,Credit Card,43,Loyal,Quarterly,90,4.06,332.92,1,Steady mid-tier
3492,22,18-24,Female,Maine,Clothing,Pants,M,Orange,Winter,28,4.3,False,No,False,Express,No,False,Cash,15,Developing,Monthly,30,12.17,340.76,1,Steady mid-tier
3493,48,45-54,Female,South Dakota,Accessories,Gloves,M,Turquoise,Fall,65,4.6,False,No,False,Standard,No,False,Bank Transfer,48,Loyal,Annually,365,1.0,65.0,1,Steady mid-tier
3494,48,45-54,Female,New Mexico,Clothing,Pants,XL,Black,Winter,82,4.7,False,No,False,Store Pickup,No,False,Credit Card,35,Established,Weekly,7,52.14,4275.48,0,High-value regulars
3495,62,55-64,Female,Washington,Accessories,Scarf,M,Silver,Winter,38,3.5,False,No,False,Free Shipping,No,False,PayPal,41,Loyal,Quarterly,90,4.06,154.28,1,Steady mid-tier
3496,24,18-24,Female,Georgia,Clothing,Shorts,XL,Gray,Spring,33,2.8,False,No,False,Free Shipping,No,False,Cash,14,Developing,Weekly,7,52.14,1720.62,0,High-value regulars
3497,39,35-44,Female,Idaho,Footwear,Shoes,M,Pink,Summer,38,4.0,False,No,False,Free Shipping,No,False,PayPal,22,Developing,Monthly,30,12.17,462.46,1,Steady mid-tier
3498,35,35-44,Female,Colorado,Accessories,Handbag,M,Red,Spring,48,4.3,False,No,False,Store Pickup,No,False,Venmo,16,Developing,Every 3 Months,90,4.06,194.88,1,Steady mid-tier
3499,47,45-54,Female,Kentucky,Footwear,Sandals,M,Lavender,Summer,35,3.8,False,No,False,Standard,No,False,Bank Transfer,2,New,Bi-Weekly,14,26.07,912.45,1,Steady mid-tier
3500,22,18-24,Female,New Jersey,Clothing,Socks,L,Indigo,Fall,29,3.0,False,No,False,Next Day Air,No,False,PayPal,13,Developing,Every 3 Months,90,4.06,117.74,1,Steady mid-tier
3501,38,35-44,Female,Oregon,Clothing,Shirt,S,Silver,Fall,48,4.6,False,No,False,Next Day Air,No,False,Debit Card,38,Established,Fortnightly,14,26.07,1251.36,1,Steady mid-tier
3502,53,45-54,Female,Nebraska,Footwear,Shoes,M,Silver,Fall,87,4.8,False,No,False,Standard,No,False,Bank Transfer,43,Loyal,Weekly,7,52.14,4536.18,0,High-value regulars
3503,31,25-34,Female,Massachusetts,Accessories,Backpack,M,Green,Fall,62,4.7,False,No,False,Next Day Air,No,False,Bank Transfer,26,Established,Quarterly,90,4.06,251.72,1,Steady mid-tier
3504,31,25-34,Female,Nebraska,Clothing,Shirt,M,Pink,Spring,96,3.9,False,No,False,Free Shipping,No,False,Cash,39,Established,Weekly,7,52.14,5005.44,0,High-value regulars
3505,65,65+,Female,Hawaii,Accessories,Handbag,S,Violet,Fall,41,4.0,False,No,False,Next Day Air,No,False,Venmo,50,Loyal,Monthly,30,12.17,498.97,1,Steady mid-tier
3506,48,45-54,Female,Indiana,Accessories,Jewelry,L,Red,Winter,42,3.7,False,No,False,2-Day Shipping,No,False,Bank Transfer,40,Established,Every 3 Months,90,4.06,170.52,1,Steady mid-tier
3507,18,18-24,Female,Illinois,Clothing,Shirt,L,Olive,Winter,57,3.7,False,No,False,2-Day Shipping,No,False,Cash,12,Developing,Fortnightly,14,26.07,1485.99,0,High-value regulars
3508,46,45-54,Female,Colorado,Accessories,Handbag,S,Purple,Spring,65,4.2,False,No,False,Store Pickup,No,False,Credit Card,33,Established,Every 3 Months,90,4.06,263.9,1,Steady mid-tier
3509,52,45-54,Female,Pennsylvania,Clothing,Pants,M,Gray,Fall,54,4.7,False,No,False,Standard,No,False,Bank Transfer,49,Loyal,Weekly,7,52.14,2815.56,0,High-value regulars
3510,50,45-54,Female,Ohio,Clothing,T-shirt,L,Brown,Winter,22,4.3,False,No,False,Next Day Air,No,False,Venmo,43,Loyal,Bi-Weekly,14,26.07,573.54,1,Steady mid-tier
3511,49,45-54,Female,Pennsylvania,Footwear,Sneakers,S,Orange,Fall,96,4.9,False,No,False,2-Day Shipping,No,False,Venmo,14,Developing,Monthly,30,12.17,1168.32,1,Steady mid-tier
3512,69,65+,Female,Mississippi,Accessories,Jewelry,M,Blue,Summer,81,3.9,False,No,False,2-Day Shipping,No,False,Credit Card,21,Developing,Every 3 Months,90,4.06,328.86,1,Steady mid-tier
3513,36,35-44,Female,Kentucky,Clothing,Shirt,M,White,Fall,46,3.4,False,No,False,Free Shipping,No,False,Debit Card,31,Established,Quarterly,90,4.06,186.76,1,Steady mid-tier
3514,30,25-34,Female,Alaska,Clothing,Blouse,XL,Charcoal,Spring,74,4.2,False,No,False,Store Pickup,No,False,Credit Card,29,Established,Fortnightly,14,26.07,1929.18,0,High-value regulars
3515,25,25-34,Female,Georgia,Footwear,Sneakers,XL,Gray,Winter,50,4.7,False,No,False,Express,No,False,Cash,32,Established,Monthly,30,12.17,608.5,1,Steady mid-tier
3516,19,18-24,Female,South Dakota,Clothing,Dress,XL,Charcoal,Winter,80,4.0,False,No,False,Next Day Air,No,False,Debit Card,16,Developing,Bi-Weekly,14,26.07,2085.6,0,High-value regulars
3517,34,25-34,Female,South Carolina,Footwear,Boots,S,White,Summer,56,4.0,False,No,False,Free Shipping,No,False,PayPal,38,Established,Bi-Weekly,14,26.07,1459.92,0,High-value regulars
3518,29,25-34,Female,Tennessee,Clothing,Skirt,M,Orange,Winter,69,3.1,False,No,False,Next Day Air,No,False,Debit Card,34,Established,Every 3 Months,90,4.06,280.14,1,Steady mid-tier
3519,50,45-54,Female,Colorado,Clothing,Shirt,M,Black,Spring,97,4.2,False,No,False,Standard,No,False,PayPal,30,Established,Quarterly,90,4.06,393.82,1,Steady mid-tier
3520,31,25-34,Female,Wisconsin,Clothing,Shorts,M,White,Winter,66,3.7,False,No,False,Next Day Air,No,False,Bank Transfer,14,Developing,Fortnightly,14,26.07,1720.62,0,High-value regulars
3521,41,35-44,Female,Georgia,Accessories,Hat,S,Brown,Spring,70,3.1,False,No,False,Express,No,False,Bank Transfer,33,Established,Monthly,30,12.17,851.9,1,Steady mid-tier
3522,52,45-54,Female,Maryland,Footwear,Shoes,M,Pink,Winter,50,3.7,False,No,False,Store Pickup,No,False,Venmo,35,Established,Weekly,7,52.14,2607.0,0,High-value regulars
3523,27,25-34,Female,New Jersey,Clothing,Pants,M,Yellow,Spring,85,3.2,False,No,False,Store Pickup,No,False,Cash,13,Developing,Quarterly,90,4.06,345.1,1,Steady mid-tier
3524,49,45-54,Female,Nevada,Accessories,Backpack,M,Cyan,Summer,59,2.8,False,No,False,Standard,No,False,Cash,30,Established,Fortnightly,14,26.07,1538.13,0,High-value regulars
3525,69,65+,Female,Michigan,Clothing,Pants,L,Silver,Summer,74,2.9,False,No,False,Free Shipping,No,False,Credit Card,30,Established,Monthly,30,12.17,900.58,1,Steady mid-tier
3526,45,45-54,Female,Wyoming,Accessories,Sunglasses,L,Olive,Winter,38,3.5,False,No,False,Standard,No,False,Bank Transfer,47,Loyal,Annually,365,1.0,38.0,1,Steady mid-tier
3527,20,18-24,Female,Massachusetts,Clothing,Sweater,M,Olive,Spring,99,3.8,False,No,False,Express,No,False,PayPal,1,New,Every 3 Months,90,4.06,401.94,1,Steady mid-tier
3528,25,25-34,Female,Washington,Clothing,Blouse,S,Charcoal,Spring,97,4.7,False,No,False,Free Shipping,No,False,Cash,1,New,Weekly,7,52.14,5057.58,0,High-value regulars
3529,38,35-44,Female,Maine,Accessories,Scarf,L,Gray,Summer,67,4.5,False,No,False,Free Shipping,No,False,PayPal,33,Established,Annually,365,1.0,67.0,1,Steady mid-tier
3530,55,55-64,Female,Montana,Clothing,T-shirt,S,Maroon,Winter,20,3.9,False,No,False,Next Day Air,No,False,Bank Transfer,43,Loyal,Weekly,7,52.14,1042.8,0,High-value regulars
3531,62,55-64,Female,Oklahoma,Accessories,Sunglasses,L,Black,Spring,45,3.4,False,No,False,Express,No,False,PayPal,37,Established,Weekly,7,52.14,2346.3,0,High-value regulars
3532,54,45-54,Female,North Dakota,Footwear,Shoes,XL,Violet,Winter,52,4.6,False,No,False,2-Day Shipping,No,False,Cash,23,Developing,Quarterly,90,4.06,211.12,1,Steady mid-tier
3533,61,55-64,Female,Connecticut,Clothing,Pants,L,Indigo,Fall,68,4.6,False,No,False,Standard,No,False,Credit Card,12,Developing,Annually,365,1.0,68.0,1,Steady mid-tier
3534,50,45-54,Female,Texas,Footwear,Sneakers,L,Yellow,Fall,98,4.7,False,No,False,Standard,No,False,Venmo,30,Established,Fortnightly,14,26.07,2554.86,0,High-value regulars
3535,65,65+,Female,Delaware,Footwear,Shoes,M,Gray,Fall,83,3.2,False,No,False,Express,No,False,Cash,7,New,Weekly,7,52.14,4327.62,0,High-value regulars
3536,68,65+,Female,Mississippi,Clothing,Shorts,M,Red,Summer,51,5.0,False,No,False,Express,No,False,Debit Card,20,Developing,Monthly,30,12.17,620.67,1,Steady mid-tier
3537,55,55-64,Female,Minnesota,Accessories,Handbag,L,Peach,Spring,21,4.5,False,No,False,Express,No,False,Venmo,10,New,Monthly,30,12.17,255.57,1,Steady mid-tier
3538,57,55-64,Female,Georgia,Accessories,Handbag,M,Gray,Spring,92,3.5,False,No,False,Standard,No,False,Credit Card,40,Established,Every 3 Months,90,4.06,373.52,1,Steady mid-tier
3539,56,55-64,Female,Iowa,Footwear,Shoes,S,White,Spring,63,4.5,False,No,False,Store Pickup,No,False,Venmo,21,Developing,Monthly,30,12.17,766.71,1,Steady mid-tier
3540,29,25-34,Female,New York,Accessories,Jewelry,S,Green,Spring,56,3.2,False,No,False,Express,No,False,Credit Card,17,Developing,Bi-Weekly,14,26.07,1459.92,0,High-value regulars
3541,24,18-24,Female,Nevada,Clothing,Shorts,M,Magenta,Spring,95,4.6,False,No,False,Free Shipping,No,False,Bank Transfer,5,New,Weekly,7,52.14,4953.3,0,High-value regulars
3542,59,55-64,Female,Virginia,Clothing,Blouse,M,Olive,Winter,66,4.0,False,No,False,Next Day Air,No,False,PayPal,22,Developing,Annually,365,1.0,66.0,1,Steady mid-tier
3543,62,55-64,Female,Idaho,Outerwear,Coat,S,Olive,Spring,28,4.2,False,No,False,Express,No,False,Venmo,5,New,Weekly,7,52.14,1459.92,0,High-value regulars
3544,58,55-64,Female,Colorado,Accessories,Hat,M,Blue,Winter,83,4.1,False,No,False,Standard,No,False,PayPal,18,Developing,Every 3 Months,90,4.06,336.98,1,Steady mid-tier
3545,64,55-64,Female,Wisconsin,Clothing,Socks,XL,Charcoal,Fall,55,3.6,False,No,False,2-Day Shipping,No,False,Cash,42,Loyal,Every 3 Months,90,4.06,223.3,1,Steady mid-tier
3546,48,45-54,Female,Connecticut,Footwear,Sandals,M,Yellow,Spring,28,3.7,False,No,False,2-Day Shipping,No,False,Debit Card,22,Developing,Annually,365,1.0,28.0,1,Steady mid-tier
3547,60,55-64,Female,Kansas,Accessories,Scarf,M,Violet,Summer,79,3.6,False,No,False,Free Shipping,No,False,Bank Transfer,37,Established,Bi-Weekly,14,26.07,2059.53,0,High-value regulars
3548,52,45-54,Female,Pennsylvania,Accessories,Scarf,L,Magenta,Summer,31,3.8,False,No,False,Standard,No,False,Credit Card,23,Developing,Annually,365,1.0,31.0,1,Steady mid-tier
3549,63,55-64,Female,Utah,Clothing,Blouse,M,Red,Fall,37,3.0,False,No,False,Standard,No,False,Debit Card,47,Loyal,Fortnightly,14,26.07,964.59,1,Steady mid-tier
3550,44,35-44,Female,Oregon,Clothing,T-shirt,M,Cyan,Summer,34,3.4,False,No,False,2-Day Shipping,No,False,Bank Transfer,11,Developing,Fortnightly,14,26.07,886.38,1,Steady mid-tier
3551,63,55-64,Female,West Virginia,Footwear,Shoes,S,Orange,Winter,74,4.8,False,No,False,Standard,No,False,Cash,32,Established,Weekly,7,52.14,3858.36,0,High-value regulars
3552,66,65+,Female,Montana,Accessories,Gloves,L,Black,Spring,31,2.6,False,No,False,Store Pickup,No,False,Venmo,20,Developing,Weekly,7,52.14,1616.34,0,High-value regulars
3553,22,18-24,Female,Kentucky,Accessories,Sunglasses,M,Blue,Winter,66,2.9,False,No,False,Next Day Air,No,False,PayPal,3,New,Quarterly,90,4.06,267.96,1,Steady mid-tier
3554,62,55-64,Female,Minnesota,Footwear,Shoes,M,Charcoal,Spring,99,4.9,False,No,False,Free Shipping,No,False,Bank Transfer,32,Established,Weekly,7,52.14,5161.86,0,High-value regulars
3555,39,35-44,Female,Louisiana,Clothing,Dress,M,Indigo,Spring,55,5.0,False,No,False,Free Shipping,No,False,Credit Card,5,New,Fortnightly,14,26.07,1433.85,0,High-value regulars
3556,25,25-34,Female,Delaware,Clothing,Blouse,L,Silver,Spring,23,4.6,False,No,False,Next Day Air,No,False,Cash,45,Loyal,Quarterly,90,4.06,93.38,1,Steady mid-tier
3557,70,65+,Female,Arizona,Clothing,Sweater,M,Brown,Fall,88,4.2,False,No,False,Express,No,False,Cash,43,Loyal,Bi-Weekly,14,26.07,2294.16,0,High-value regulars
3558,52,45-54,Female,Nevada,Outerwear,Jacket,M,Peach,Summer,26,4.9,False,No,False,Next Day Air,No,False,PayPal,1,New,Every 3 Months,90,4.06,105.56,1,Steady mid-tier
3559,68,65+,Female,Alaska,Accessories,Backpack,L,Magenta,Summer,94,4.8,False,No,False,Standard,No,False,Venmo,9,New,Quarterly,90,4.06,381.64,1,Steady mid-tier
3560,18,18-24,Female,Utah,Clothing,Shorts,M,Beige,Fall,25,3.0,False,No,False,Next Day Air,No,False,Venmo,13,Developing,Every 3 Months,90,4.06,101.5,1,Steady mid-tier
3561,18,18-24,Female,Kansas,Clothing,Socks,XL,Violet,Fall,96,3.5,False,No,False,Express,No,False,Credit Card,5,New,Annually,365,1.0,96.0,1,Steady mid-tier
3562,63,55-64,Female,North Carolina,Footwear,Sneakers,L,Black,Spring,29,3.4,False,No,False,Standard,No,False,Credit Card,39,Established,Fortnightly,14,26.07,756.03,1,Steady mid-tier
3563,47,45-54,Female,Maryland,Footwear,Sneakers,M,Cyan,Winter,36,3.4,False,No,False,Free Shipping,No,False,Bank Transfer,7,New,Weekly,7,52.14,1877.04,0,High-value regulars
3564,43,35-44,Female,Maine,Clothing,Blouse,M,Green,Summer,90,4.9,False,No,False,Standard,No,False,Credit Card,8,New,Every 3 Months,90,4.06,365.4,1,Steady mid-tier
3565,60,55-64,Female,Illinois,Accessories,Gloves,S,Brown,Summer,38,4.4,False,No,False,Free Shipping,No,False,Venmo,40,Established,Annually,365,1.0,38.0,1,Steady mid-tier
3566,49,45-54,Female,Pennsylvania,Accessories,Handbag,S,Gray,Spring,52,4.2,False,No,False,Store Pickup,No,False,PayPal,35,Established,Monthly,30,12.17,632.84,1,Steady mid-tier
3567,28,25-34,Female,Alaska,Clothing,Jeans,S,Orange,Spring,88,3.1,False,No,False,Next Day Air,No,False,Venmo,14,Developing,Monthly,30,12.17,1070.96,1,Steady mid-tier
3568,32,25-34,Female,New Mexico,Accessories,Scarf,S,Silver,Summer,56,4.0,False,No,False,Next Day Air,No,False,Credit Card,26,Established,Monthly,30,12.17,681.52,1,Steady mid-tier
3569,29,25-34,Female,Arkansas,Footwear,Sandals,M,Purple,Spring,71,4.8,False,No,False,Next Day Air,No,False,PayPal,14,Developing,Quarterly,90,4.06,288.26,1,Steady mid-tier
3570,35,35-44,Female,Alaska,Footwear,Sandals,M,Olive,Fall,94,3.3,False,No,False,Express,No,False,Bank Transfer,9,New,Fortnightly,14,26.07,2450.58,0,High-value regulars
3571,23,18-24,Female,Louisiana,Clothing,Dress,XL,Teal,Winter,97,4.7,False,No,False,Standard,No,False,Debit Card,32,Established,Annually,365,1.0,97.0,1,Steady mid-tier
3572,70,65+,Female,North Dakota,Clothing,Skirt,M,White,Summer,27,3.2,False,No,False,Standard,No,False,Bank Transfer,15,Developing,Every 3 Months,90,4.06,109.62,1,Steady mid-tier
3573,23,18-24,Female,Rhode Island,Clothing,Shorts,M,Black,Spring,28,5.0,False,No,False,Standard,No,False,Credit Card,25,Developing,Monthly,30,12.17,340.76,1,Steady mid-tier
3574,43,35-44,Female,Connecticut,Clothing,Jeans,L,Maroon,Fall,67,4.9,False,No,False,Free Shipping,No,False,PayPal,27,Established,Monthly,30,12.17,815.39,1,Steady mid-tier
3575,29,25-34,Female,New York,Clothing,Socks,M,Cyan,Fall,70,4.9,False,No,False,Express,No,False,Bank Transfer,39,Established,Quarterly,90,4.06,284.2,1,Steady mid-tier
3576,61,55-64,Female,Kentucky,Outerwear,Coat,M,Violet,Fall,95,3.7,False,No,False,Express,No,False,Venmo,49,Loyal,Bi-Weekly,14,26.07,2476.65,0,High-value regulars
3577,29,25-34,Female,Maine,Footwear,Boots,L,Yellow,Spring,24,3.0,False,No,False,Express,No,False,Venmo,12,Developing,Bi-Weekly,14,26.07,625.68,1,Steady mid-tier
3578,66,65+,Female,Missouri,Accessories,Belt,S,Yellow,Winter,35,2.6,False,No,False,Standard,No,False,Bank Transfer,13,Developing,Weekly,7,52.14,1824.9,0,High-value regulars
3579,46,45-54,Female,Georgia,Footwear,Shoes,L,Olive,Winter,22,2.6,False,No,False,Standard,No,False,Bank Transfer,22,Developing,Quarterly,90,4.06,89.32,1,Steady mid-tier
3580,34,25-34,Female,Arizona,Accessories,Scarf,L,Olive,Fall,66,4.8,False,No,False,Standard,No,False,Credit Card,19,Developing,Every 3 Months,90,4.06,267.96,1,Steady mid-tier
3581,51,45-54,Female,New Hampshire,Clothing,Blouse,M,Magenta,Summer,83,3.2,False,No,False,2-Day Shipping,No,False,Cash,3,New,Bi-Weekly,14,26.07,2163.81,0,High-value regulars
3582,26,25-34,Female,Georgia,Clothing,Dress,M,Orange,Fall,95,4.9,False,No,False,Next Day Air,No,False,Credit Card,50,Loyal,Weekly,7,52.14,4953.3,0,High-value regulars
3583,23,18-24,Female,California,Clothing,Shorts,S,Beige,Summer,41,3.4,False,No,False,2-Day Shipping,No,False,PayPal,15,Developing,Annually,365,1.0,41.0,1,Steady mid-tier
3584,52,45-54,Female,Arizona,Clothing,Blouse,L,Brown,Summer,77,2.7,False,No,False,Store Pickup,No,False,Credit Card,44,Loyal,Every 3 Months,90,4.06,312.62,1,Steady mid-tier
3585,39,35-44,Female,Florida,Footwear,Sneakers,L,Indigo,Fall,52,4.8,False,No,False,Express,No,False,Debit Card,48,Loyal,Monthly,30,12.17,632.84,1,Steady mid-tier
3586,39,35-44,Female,New York,Accessories,Gloves,XL,Gray,Winter,41,4.1,False,No,False,Standard,No,False,Venmo,4,New,Bi-Weekly,14,26.07,1068.87,1,Steady mid-tier
3587,33,25-34,Female,Idaho,Clothing,Hoodie,M,Yellow,Winter,28,4.6,False,No,False,Store Pickup,No,False,PayPal,12,Developing,Bi-Weekly,14,26.07,729.96,1,Steady mid-tier
3588,33,25-34,Female,Virginia,Clothing,Sweater,S,Violet,Summer,90,4.4,False,No,False,Standard,No,False,Debit Card,33,Established,Annually,365,1.0,90.0,1,Steady mid-tier
3589,23,18-24,Female,Michigan,Accessories,Sunglasses,M,Magenta,Spring,55,3.5,False,No,False,2-Day Shipping,No,False,Cash,40,Established,Annually,365,1.0,55.0,1,Steady mid-tier
3590,31,25-34,Female,New Hampshire,Accessories,Belt,M,Blue,Spring,73,4.8,False,No,False,Next Day Air,No,False,Cash,38,Established,Every 3 Months,90,4.06,296.38,1,Steady mid-tier
3591,27,25-34,Female,South Dakota,Clothing,Dress,M,Gray,Fall,87,2.9,False,No,False,2-Day Shipping,No,False,Venmo,19,Developing,Every 3 Months,90,4.06,353.22,1,Steady mid-tier
3592,48,45-54,Female,South Dakota,Outerwear,Jacket,M,Gold,Winter,89,3.2,False,No,False,2-Day Shipping,No,False,Bank Transfer,38,Established,Quarterly,90,4.06,361.34,1,Steady mid-tier
3593,61,55-64,Female,New Jersey,Footwear,Boots,L,Lavender,Spring,82,4.4,False,No,False,2-Day Shipping,No,False,Venmo,18,Developing,Fortnightly,14,26.07,2137.74,0,High-value regulars
3594,63,55-64,Female,Wyoming,Footwear,Sandals,M,Black,Spring,80,4.6,False,No,False,Next Day Air,No,False,PayPal,24,Developing,Monthly,30,12.17,973.6,1,Steady mid-tier
3595,19,18-24,Female,Alabama,Accessories,Scarf,L,Charcoal,Summer,87,2.6,False,No,False,2-Day Shipping,No,False,Venmo,29,Established,Quarterly,90,4.06,353.22,1,Steady mid-tier
3596,21,18-24,Female,South Dakota,Clothing,Blouse,M,Violet,Spring,41,3.1,False,No,False,Store Pickup,No,False,PayPal,14,Developing,Annually,365,1.0,41.0,1,Steady mid-tier
3597,28,25-34,Female,South Carolina,Clothing,Hoodie,M,Charcoal,Spring,83,4.3,False,No,False,Standard,No,False,Cash,44,Loyal,Fortnightly,14,26.07,2163.81,0,High-value regulars
3598,29,25-34,Female,New Mexico,Accessories,Sunglasses,M,Maroon,Summer,71,3.1,False,No,False,Standard,No,False,Bank Transfer,18,Developing,Quarterly,90,4.06,288.26,1,Steady mid-tier
3599,23,18-24,Female,Connecticut,Clothing,Hoodie,XL,Purple,Spring,76,4.6,False,No,False,Store Pickup,No,False,Bank Transfer,19,Developing,Bi-Weekly,14,26.07,1981.32,0,High-value regulars
3600,37,35-44,Female,Kansas,Accessories,Scarf,S,Peach,Spring,34,4.6,False,No,False,Express,No,False,Cash,4,New,Weekly,7,52.14,1772.76,0,High-value regulars
3601,67,65+,Female,South Carolina,Clothing,Dress,XL,Olive,Spring,81,2.7,False,No,False,Free Shipping,No,False,Cash,25,Developing,Bi-Weekly,14,26.07,2111.67,0,High-value regulars
3602,34,25-34,Female,North Carolina,Clothing,T-shirt,M,Indigo,Summer,47,3.0,False,No,False,Next Day Air,No,False,PayPal,3,New,Monthly,30,12.17,571.99,1,Steady mid-tier
3603,58,55-64,Female,Wyoming,Clothing,Skirt,S,Magenta,Summer,36,3.3,False,No,False,Store Pickup,No,False,Debit Card,40,Established,Quarterly,90,4.06,146.16,1,Steady mid-tier
3604,45,45-54,Female,Louisiana,Clothing,Jeans,M,Gold,Spring,51,2.7,False,No,False,Free Shipping,No,False,Cash,5,New,Weekly,7,52.14,2659.14,0,High-value regulars
3605,63,55-64,Female,Louisiana,Clothing,Hoodie,M,Orange,Fall,86,3.3,False,No,False,Standard,No,False,Debit Card,17,Developing,Annually,365,1.0,86.0,1,Steady mid-tier
3606,68,65+,Female,Alabama,Clothing,Jeans,M,Gold,Fall,41,4.3,False,No,False,Store Pickup,No,False,Bank Transfer,36,Established,Every 3 Months,90,4.06,166.46,1,Steady mid-tier
3607,41,35-44,Female,Minnesota,Footwear,Sandals,XL,Purple,Fall,90,4.8,False,No,False,Express,No,False,Venmo,41,Loyal,Annually,365,1.0,90.0,1,Steady mid-tier
3608,50,45-54,Female,New Mexico,Accessories,Hat,L,Charcoal,Fall,93,3.3,False,No,False,Standard,No,False,Venmo,20,Developing,Bi-Weekly,14,26.07,2424.51,0,High-value regulars
3609,24,18-24,Female,Tennessee,Accessories,Gloves,M,Cyan,Fall,56,4.3,False,No,False,Next Day Air,No,False,Cash,2,New,Every 3 Months,90,4.06,227.36,1,Steady mid-tier
3610,21,18-24,Female,New Mexico,Clothing,Socks,M,Cyan,Summer,39,3.0,False,No,False,2-Day Shipping,No,False,Debit Card,31,Established,Monthly,30,12.17,474.63,1,Steady mid-tier
3611,18,18-24,Female,Texas,Outerwear,Jacket,XL,Green,Fall,86,4.8,False,No,False,2-Day Shipping,No,False,Bank Transfer,23,Developing,Fortnightly,14,26.07,2242.02,0,High-value regulars
3612,63,55-64,Female,Washington,Clothing,T-shirt,M,Silver,Spring,82,2.9,False,No,False,Standard,No,False,Credit Card,30,Established,Annually,365,1.0,82.0,1,Steady mid-tier
3613,47,45-54,Female,Michigan,Footwear,Sandals,M,Teal,Summer,29,3.6,False,No,False,Standard,No,False,Cash,26,Established,Every 3 Months,90,4.06,117.74,1,Steady mid-tier
3614,58,55-64,Female,Minnesota,Accessories,Hat,M,Magenta,Fall,27,3.5,False,No,False,Store Pickup,No,False,Venmo,40,Established,Annually,365,1.0,27.0,1,Steady mid-tier
3615,46,45-54,Female,Delaware,Accessories,Gloves,L,Maroon,Spring,25,4.7,False,No,False,2-Day Shipping,No,False,Bank Transfer,19,Developing,Annually,365,1.0,25.0,1,Steady mid-tier
3616,35,35-44,Female,California,Clothing,Dress,M,Gold,Winter,31,4.4,False,No,False,Free Shipping,No,False,Credit Card,4,New,Monthly,30,12.17,377.27,1,Steady mid-tier
3617,42,35-44,Female,Wisconsin,Clothing,Hoodie,L,Purple,Winter,23,3.3,False,No,False,Store Pickup,No,False,Debit Card,33,Established,Fortnightly,14,26.07,599.61,1,Steady mid-tier
3618,48,45-54,Female,Kentucky,Accessories,Belt,M,Lavender,Fall,47,4.3,False,No,False,Express,No,False,Debit Card,29,Established,Monthly,30,12.17,571.99,1,Steady mid-tier
3619,28,25-34,Female,Nevada,Accessories,Gloves,M,Maroon,Fall,67,4.0,False,No,False,2-Day Shipping,No,False,PayPal,47,Loyal,Bi-Weekly,14,26.07,1746.69,0,High-value regulars
3620,44,35-44,Female,North Carolina,Accessories,Scarf,S,Magenta,Winter,75,4.9,False,No,False,2-Day Shipping,No,False,Venmo,50,Loyal,Weekly,7,52.14,3910.5,0,High-value regulars
3621,60,55-64,Female,Louisiana,Footwear,Sandals,M,Turquoise,Summer,82,2.9,False,No,False,Express,No,False,Credit Card,28,Established,Fortnightly,14,26.07,2137.74,0,High-value regulars
3622,38,35-44,Female,New Jersey,Footwear,Sneakers,XL,Silver,Summer,32,4.0,False,No,False,2-Day Shipping,No,False,Cash,5,New,Fortnightly,14,26.07,834.24,1,Steady mid-tier
3623,46,45-54,Female,Wisconsin,Clothing,Dress,M,Purple,Fall,41,4.3,False,No,False,Store Pickup,No,False,Credit Card,12,Developing,Annually,365,1.0,41.0,1,Steady mid-tier
3624,39,35-44,Female,Arkansas,Accessories,Jewelry,M,Violet,Winter,89,2.7,False,No,False,2-Day Shipping,No,False,PayPal,4,New,Weekly,7,52.14,4640.46,0,High-value regulars
3625,22,18-24,Female,Texas,Accessories,Hat,XL,Peach,Fall,82,5.0,False,No,False,Store Pickup,No,False,Bank Transfer,22,Developing,Bi-Weekly,14,26.07,2137.74,0,High-value regulars
3626,44,35-44,Female,Illinois,Accessories,Scarf,L,Green,Winter,99,4.4,False,No,False,Express,No,False,PayPal,32,Established,Weekly,7,52.14,5161.86,0,High-value regulars
3627,69,65+,Female,Mississippi,Clothing,Blouse,L,Teal,Fall,98,3.5,False,No,False,Express,No,False,Venmo,32,Established,Quarterly,90,4.06,397.88,1,Steady mid-tier
3628,39,35-44,Female,Delaware,Accessories,Belt,M,Silver,Winter,54,3.3,False,No,False,Next Day Air,No,False,Cash,48,Loyal,Every 3 Months,90,4.06,219.24,1,Steady mid-tier
3629,53,45-54,Female,Georgia,Clothing,Blouse,L,Purple,Summer,88,3.8,False,No,False,Free Shipping,No,False,Credit Card,35,Established,Monthly,30,12.17,1070.96,1,Steady mid-tier
3630,52,45-54,Female,Kansas,Clothing,T-shirt,L,Lavender,Summer,43,4.5,False,No,False,Standard,No,False,Debit Card,44,Loyal,Fortnightly,14,26.07,1121.01,1,Steady mid-tier
3631,65,65+,Female,Oklahoma,Accessories,Hat,M,Lavender,Winter,73,4.8,False,No,False,Store Pickup,No,False,Cash,29,Established,Weekly,7,52.14,3806.22,0,High-value regulars
3632,48,45-54,Female,New Jersey,Accessories,Hat,M,Peach,Fall,50,2.9,False,No,False,Store Pickup,No,False,Credit Card,26,Established,Monthly,30,12.17,608.5,1,Steady mid-tier
3633,27,25-34,Female,Utah,Footwear,Sneakers,L,Green,Spring,73,3.2,False,No,False,Express,No,False,Debit Card,3,New,Quarterly,90,4.06,296.38,1,Steady mid-tier
3634,39,35-44,Female,Montana,Accessories,Gloves,M,Orange,Spring,51,2.8,False,No,False,Free Shipping,No,False,Bank Transfer,1,New,Bi-Weekly,14,26.07,1329.57,1,Steady mid-tier
3635,59,55-64,Female,Ohio,Clothing,Socks,M,Pink,Winter,22,3.3,False,No,False,Standard,No,False,PayPal,17,Developing,Annually,365,1.0,22.0,1,Steady mid-tier
3636,52,45-54,Female,Colorado,Footwear,Sandals,L,Cyan,Fall,32,3.3,False,No,False,Free Shipping,No,False,Credit Card,17,Developing,Fortnightly,14,26.07,834.24,1,Steady mid-tier
3637,50,45-54,Female,California,Footwear,Sandals,L,Lavender,Summer,38,4.2,False,No,False,2-Day Shipping,No,False,Cash,36,Established,Weekly,7,52.14,1981.32,0,High-value regulars
3638,32,25-34,Female,Utah,Footwear,Boots,L,Yellow,Winter,66,3.6,False,No,False,Express,No,False,Credit Card,32,Established,Fortnightly,14,26.07,1720.62,0,High-value regulars
3639,40,35-44,Female,Kansas,Accessories,Backpack,M,Olive,Spring,20,4.6,False,No,False,Express,No,False,PayPal,50,Loyal,Bi-Weekly,14,26.07,521.4,1,Steady mid-tier
3640,26,25-34,Female,Illinois,Outerwear,Coat,M,Brown,Summer,44,3.6,False,No,False,2-Day Shipping,No,False,Venmo,39,Established,Annually,365,1.0,44.0,1,Steady mid-tier
3641,47,45-54,Female,Minnesota,Accessories,Sunglasses,L,Pink,Spring,31,4.0,False,No,False,Next Day Air,No,False,PayPal,17,Developing,Monthly,30,12.17,377.27,1,Steady mid-tier
3642,51,45-54,Female,New York,Outerwear,Jacket,M,Cyan,Fall,45,2.7,False,No,False,Free Shipping,No,False,Bank Transfer,39,Established,Every 3 Months,90,4.06,182.7,1,Steady mid-tier
3643,47,45-54,Female,Arizona,Clothing,Dress,L,Maroon,Summer,71,4.4,False,No,False,Store Pickup,No,False,PayPal,5,New,Annually,365,1.0,71.0,1,Steady mid-tier
3644,53,45-54,Female,Tennessee,Accessories,Scarf,XL,Magenta,Fall,96,3.2,False,No,False,Standard,No,False,Debit Card,47,Loyal,Annually,365,1.0,96.0,1,Steady mid-tier
3645,35,35-44,Female,Arkansas,Clothing,Blouse,M,Violet,Winter,32,2.6,False,No,False,Next Day Air,No,False,Venmo,18,Developing,Weekly,7,52.14,1668.48,0,High-value regulars
3646,38,35-44,Female,Colorado,Accessories,Backpack,L,Silver,Summer,90,3.4,False,No,False,Free Shipping,No,False,Credit Card,31,Established,Every 3 Months,90,4.06,365.4,1,Steady mid-tier
3647,69,65+,Female,Nevada,Accessories,Jewelry,M,Maroon,Spring,68,5.0,False,No,False,2-Day Shipping,No,False,Debit Card,39,Established,Fortnightly,14,26.07,1772.76,0,High-value regulars
3648,47,45-54,Female,Kansas,Clothing,Shorts,M,Gray,Winter,45,2.9,False,No,False,Store Pickup,No,False,Bank Transfer,12,Developing,Weekly,7,52.14,2346.3,0,High-value regulars
3649,31,25-34,Female,New York,Clothing,Skirt,M,White,Winter,67,5.0,False,No,False,Free Shipping,No,False,Cash,45,Loyal,Bi-Weekly,14,26.07,1746.69,0,High-value regulars
3650,68,65+,Female,Minnesota,Clothing,Skirt,M,Brown,Fall,57,4.4,False,No,False,Standard,No,False,Credit Card,33,Established,Fortnightly,14,26.07,1485.99,0,High-value regulars
3651,51,45-54,Female,Ohio,Clothing,Jeans,M,Silver,Summer,60,3.5,False,No,False,2-Day Shipping,No,False,PayPal,3,New,Annually,365,1.0,60.0,1,Steady mid-tier
3652,20,18-24,Female,Arizona,Accessories,Handbag,M,Yellow,Spring,32,3.8,False,No,False,Express,No,False,Venmo,5,New,Every 3 Months,90,4.06,129.92,1,Steady mid-tier
3653,27,25-34,Female,Kentucky,Accessories,Handbag,S,Magenta,Fall,29,3.8,False,No,False,Store Pickup,No,False,Debit Card,23,Developing,Monthly,30,12.17,352.93,1,Steady mid-tier
3654,67,65+,Female,Minnesota,Outerwear,Coat,M,Blue,Spring,20,3.9,False,No,False,Next Day Air,No,False,Credit Card,39,Established,Fortnightly,14,26.07,521.4,1,Steady mid-tier
3655,21,18-24,Female,Arkansas,Accessories,Jewelry,M,Green,Winter,98,3.3,False,No,False,Next Day Air,No,False,Credit Card,10,New,Annually,365,1.0,98.0,1,Steady mid-tier
3656,20,18-24,Female,Wyoming,Clothing,Sweater,M,Yellow,Fall,27,2.9,False,No,False,Next Day Air,No,False,Credit Card,4,New,Bi-Weekly,14,26.07,703.89,1,Steady mid-tier
3657,35,35-44,Female,North Dakota,Outerwear,Jacket,XL,Cyan,Spring,67,3.7,False,No,False,2-Day Shipping,No,False,Credit Card,18,Developing,Monthly,30,12.17,815.39,1,Steady mid-tier
3658,58,55-64,Female,Alabama,Footwear,Shoes,L,Gold,Winter,82,3.7,False,No,False,Express,No,False,Debit Card,1,New,Every 3 Months,90,4.06,332.92,1,Steady mid-tier
3659,28,25-34,Female,Mississippi,Clothing,T-shirt,M,Magenta,Fall,72,4.6,False,No,False,Standard,No,False,PayPal,18,Developing,Fortnightly,14,26.07,1877.04,0,High-value regulars
3660,27,25-34,Female,Illinois,Footwear,Sandals,S,Gray,Fall,77,4.9,False,No,False,Store Pickup,No,False,Bank Transfer,46,Loyal,Annually,365,1.0,77.0,1,Steady mid-tier
3661,19,18-24,Female,Arkansas,Footwear,Shoes,L,Indigo,Winter,74,3.1,False,No,False,2-Day Shipping,No,False,Bank Transfer,13,Developing,Fortnightly,14,26.07,1929.18,0,High-value regulars
3662,63,55-64,Female,Kansas,Footwear,Sandals,S,White,Winter,39,3.5,False,No,False,Next Day Air,No,False,Credit Card,5,New,Fortnightly,14,26.07,1016.73,1,Steady mid-tier
3663,69,65+,Female,Rhode Island,Clothing,Shorts,M,Indigo,Spring,80,4.9,False,No,False,Next Day Air,No,False,Debit Card,11,Developing,Weekly,7,52.14,4171.2,0,High-value regulars
3664,65,65+,Female,Florida,Accessories,Backpack,M,Green,Summer,59,4.4,False,No,False,Express,No,False,Credit Card,49,Loyal,Weekly,7,52.14,3076.26,0,High-value regulars
3665,63,55-64,Female,Missouri,Outerwear,Jacket,M,Turquoise,Fall,68,4.4,False,No,False,Store Pickup,No,False,Debit Card,1,New,Fortnightly,14,26.07,1772.76,0,High-value regulars
3666,28,25-34,Female,North Carolina,Clothing,Socks,M,Peach,Fall,77,3.4,False,No,False,Next Day Air,No,False,Credit Card,11,Developing,Quarterly,90,4.06,312.62,1,Steady mid-tier
3667,67,65+,Female,Alabama,Accessories,Jewelry,M,Olive,Winter,50,3.0,False,No,False,2-Day Shipping,No,False,Cash,47,Loyal,Every 3 Months,90,4.06,203.0,1,Steady mid-tier
3668,51,45-54,Female,Washington,Clothing,Pants,L,Cyan,Fall,45,2.6,False,No,False,Next Day Air,No,False,Venmo,20,Developing,Monthly,30,12.17,547.65,1,Steady mid-tier
3669,59,55-64,Female,Michigan,Clothing,Blouse,XL,Magenta,Summer,71,3.2,False,No,False,Store Pickup,No,False,Venmo,18,Developing,Annually,365,1.0,71.0,1,Steady mid-tier
3670,25,25-34,Female,Washington,Clothing,Socks,S,Silver,Fall,52,4.6,False,No,False,Store Pickup,No,False,PayPal,43,Loyal,Quarterly,90,4.06,211.12,1,Steady mid-tier
3671,31,25-34,Female,Vermont,Footwear,Shoes,S,White,Winter,50,3.8,False,No,False,Free Shipping,No,False,PayPal,4,New,Every 3 Months,90,4.06,203.0,1,Steady mid-tier
3672,62,55-64,Female,Illinois,Accessories,Handbag,L,Pink,Summer,66,4.8,False,No,False,2-Day Shipping,No,False,Venmo,20,Developing,Quarterly,90,4.06,267.96,1,Steady mid-tier
3673,51,45-54,Female,New York,Footwear,Sandals,S,Pink,Fall,81,4.5,False,No,False,Free Shipping,No,False,PayPal,7,New,Monthly,30,12.17,985.77,1,Steady mid-tier
3674,32,25-34,Female,Rhode Island,Clothing,Socks,M,Pink,Summer,28,4.2,False,No,False,2-Day Shipping,No,False,Bank Transfer,31,Established,Fortnightly,14,26.07,729.96,1,Steady mid-tier
3675,35,35-44,Female,Washington,Accessories,Handbag,M,Blue,Winter,65,2.7,False,No,False,2-Day Shipping,No,False,Venmo,41,Loyal,Fortnightly,14,26.07,1694.55,0,High-value regulars
3676,70,65+,Female,Virginia,Accessories,Hat,M,White,Winter,80,4.5,False,No,False,Express,No,False,Bank Transfer,3,New,Monthly,30,12.17,973.6,1,Steady mid-tier
3677,19,18-24,Female,Wisconsin,Accessories,Jewelry,S,Teal,Spring,94,4.9,False,No,False,Free Shipping,No,False,PayPal,16,Developing,Monthly,30,12.17,1143.98,1,Steady mid-tier
3678,32,25-34,Female,Michigan,Accessories,Backpack,M,Gray,Fall,30,2.8,False,No,False,Standard,No,False,Cash,43,Loyal,Annually,365,1.0,30.0,1,Steady mid-tier
3679,56,55-64,Female,Texas,Clothing,Shirt,S,Beige,Fall,45,3.5,False,No,False,Standard,No,False,Bank Transfer,29,Established,Fortnightly,14,26.07,1173.15,1,Steady mid-tier
3680,53,45-54,Female,Idaho,Outerwear,Coat,M,Violet,Summer,91,2.5,False,No,False,Store Pickup,No,False,Cash,5,New,Bi-Weekly,14,26.07,2372.37,0,High-value regulars
3681,22,18-24,Female,Iowa,Accessories,Sunglasses,S,Blue,Winter,36,2.9,False,No,False,Standard,No,False,Debit Card,30,Established,Quarterly,90,4.06,146.16,1,Steady mid-tier
3682,26,25-34,Female,Connecticut,Accessories,Gloves,XL,Magenta,Fall,73,4.2,False,No,False,Next Day Air,No,False,Debit Card,33,Established,Monthly,30,12.17,888.41,1,Steady mid-tier
3683,42,35-44,Female,Wyoming,Clothing,Shirt,M,Maroon,Fall,60,4.6,False,No,False,Store Pickup,No,False,Venmo,46,Loyal,Bi-Weekly,14,26.07,1564.2,0,High-value regulars
3684,30,25-34,Female,Mississippi,Clothing,Socks,M,Purple,Winter,77,3.0,False,No,False,Free Shipping,No,False,Venmo,17,Developing,Fortnightly,14,26.07,2007.39,0,High-value regulars
3685,29,25-34,Female,Pennsylvania,Clothing,Skirt,L,Charcoal,Spring,86,4.4,False,No,False,Free Shipping,No,False,Credit Card,47,Loyal,Bi-Weekly,14,26.07,2242.02,0,High-value regulars
3686,47,45-54,Female,Tennessee,Clothing,Shorts,L,Red,Summer,42,2.6,False,No,False,Standard,No,False,Cash,17,Developing,Bi-Weekly,14,26.07,1094.94,1,Steady mid-tier
3687,59,55-64,Female,Louisiana,Footwear,Sandals,M,Charcoal,Spring,70,4.8,False,No,False,Free Shipping,No,False,Cash,17,Developing,Bi-Weekly,14,26.07,1824.9,0,High-value regulars
3688,34,25-34,Female,Arkansas,Clothing,Shirt,L,Lavender,Summer,44,2.9,False,No,False,Next Day Air,No,False,Bank Transfer,28,Established,Every 3 Months,90,4.06,178.64,1,Steady mid-tier
3689,52,45-54,Female,West Virginia,Accessories,Sunglasses,L,White,Spring,91,3.0,False,No,False,Next Day Air,No,False,Cash,8,New,Monthly,30,12.17,1107.47,1,Steady mid-tier
3690,47,45-54,Female,South Carolina,Accessories,Jewelry,L,Red,Fall,30,4.5,False,No,False,Standard,No,False,Bank Transfer,8,New,Quarterly,90,4.06,121.8,1,Steady mid-tier
3691,24,18-24,Female,Kansas,Clothing,Blouse,S,Violet,Fall,23,3.7,False,No,False,Store Pickup,No,False,Bank Transfer,4,New,Bi-Weekly,14,26.07,599.61,1,Steady mid-tier
3692,63,55-64,Female,Michigan,Footwear,Sandals,XL,Orange,Summer,21,4.8,False,No,False,Next Day Air,No,False,PayPal,24,Developing,Weekly,7,52.14,1094.94,0,High-value regulars
3693,59,55-64,Female,Alabama,Outerwear,Coat,L,Turquoise,Spring,34,4.8,False,No,False,Free Shipping,No,False,Cash,29,Established,Fortnightly,14,26.07,886.38,1,Steady mid-tier
3694,66,65+,Female,South Dakota,Clothing,Blouse,M,Violet,Summer,46,4.7,False,No,False,2-Day Shipping,No,False,Venmo,10,New,Weekly,7,52.14,2398.44,0,High-value regulars
3695,45,45-54,Female,Rhode Island,Clothing,Sweater,M,Blue,Winter,41,2.6,False,No,False,Express,No,False,PayPal,11,Developing,Bi-Weekly,14,26.07,1068.87,1,Steady mid-tier
3696,38,35-44,Female,Florida,Clothing,Skirt,M,White,Fall,33,4.6,False,No,False,Standard,No,False,Bank Transfer,18,Developing,Fortnightly,14,26.07,860.31,1,Steady mid-tier
3697,63,55-64,Female,Connecticut,Clothing,Blouse,L,Turquoise,Fall,48,3.4,False,No,False,Next Day Air,No,False,Bank Transfer,26,Established,Annually,365,1.0,48.0,1,Steady mid-tier
3698,55,55-64,Female,Pennsylvania,Clothing,Hoodie,L,Pink,Winter,66,3.0,False,No,False,Standard,No,False,Cash,39,Established,Weekly,7,52.14,3441.24,0,High-value regulars
3699,25,25-34,Female,California,Clothing,Skirt,XL,Maroon,Spring,54,4.0,False,No,False,2-Day Shipping,No,False,Venmo,4,New,Annually,365,1.0,54.0,1,Steady mid-tier
3700,51,45-54,Female,Oklahoma,Accessories,Backpack,M,Olive,Fall,55,2.6,False,No,False,Store Pickup,No,False,Bank Transfer,24,Developing,Weekly,7,52.14,2867.7,0,High-value regulars
3701,28,25-34,Female,North Dakota,Accessories,Handbag,XL,Charcoal,Summer,84,3.4,False,No,False,Store Pickup,No,False,Bank Transfer,2,New,Every 3 Months,90,4.06,341.04,1,Steady mid-tier
3702,46,45-54,Female,New Mexico,Footwear,Sandals,M,Charcoal,Spring,66,4.5,False,No,False,Store Pickup,No,False,Cash,36,Established,Annually,365,1.0,66.0,1,Steady mid-tier
3703,58,55-64,Female,South Carolina,Footwear,Shoes,M,Indigo,Spring,65,2.7,False,No,False,Store Pickup,No,False,Venmo,36,Established,Weekly,7,52.14,3389.1,0,High-value regulars
3704,30,25-34,Female,Michigan,Footwear,Sandals,S,Teal,Fall,83,2.9,False,No,False,Standard,No,False,PayPal,23,Developing,Every 3 Months,90,4.06,336.98,1,Steady mid-tier
3705,68,65+,Female,Missouri,Accessories,Sunglasses,L,Black,Winter,61,4.0,False,No,False,Store Pickup,No,False,Credit Card,36,Established,Quarterly,90,4.06,247.66,1,Steady mid-tier
3706,28,25-34,Female,Colorado,Clothing,Skirt,L,Teal,Summer,65,3.2,False,No,False,Free Shipping,No,False,Debit Card,2,New,Annually,365,1.0,65.0,1,Steady mid-tier
3707,26,25-34,Female,Kansas,Footwear,Sandals,M,Green,Spring,55,4.0,False,No,False,Store Pickup,No,False,Cash,17,Developing,Bi-Weekly,14,26.07,1433.85,0,High-value regulars
3708,35,35-44,Female,Illinois,Accessories,Gloves,M,Gold,Fall,79,3.4,False,No,False,2-Day Shipping,No,False,Venmo,19,Developing,Weekly,7,52.14,4119.06,0,High-value regulars
3709,40,35-44,Female,South Carolina,Clothing,Hoodie,M,Red,Fall,96,4.9,False,No,False,Express,No,False,PayPal,41,Loyal,Monthly,30,12.17,1168.32,1,Steady mid-tier
3710,31,25-34,Female,Utah,Clothing,Socks,M,Silver,Fall,43,3.6,False,No,False,Free Shipping,No,False,PayPal,27,Established,Quarterly,90,4.06,174.58,1,Steady mid-tier
3711,60,55-64,Female,Hawaii,Accessories,Jewelry,M,Yellow,Summer,40,3.6,False,No,False,2-Day Shipping,No,False,Bank Transfer,32,Established,Fortnightly,14,26.07,1042.8,1,Steady mid-tier
3712,69,65+,Female,Texas,Accessories,Hat,XL,Peach,Fall,62,3.2,False,No,False,Free Shipping,No,False,Cash,33,Established,Annually,365,1.0,62.0,1,Steady mid-tier
3713,51,45-54,Female,Oregon,Clothing,Blouse,M,Turquoise,Spring,72,3.7,False,No,False,2-Day Shipping,No,False,PayPal,24,Developing,Quarterly,90,4.06,292.32,1,Steady mid-tier
3714,49,45-54,Female,Arizona,Footwear,Shoes,M,Peach,Spring,87,2.6,False,No,False,Express,No,False,Debit Card,31,Established,Every 3 Months,90,4.06,353.22,1,Steady mid-tier
3715,18,18-24,Female,New York,Accessories,Hat,S,Peach,Winter,31,3.9,False,No,False,Express,No,False,Credit Card,35,Established,Weekly,7,52.14,1616.34,0,High-value regulars
3716,63,55-64,Female,Nebraska,Accessories,Sunglasses,S,Orange,Fall,34,3.4,False,No,False,Free Shipping,No,False,Bank Transfer,2,New,Monthly,30,12.17,413.78,1,Steady mid-tier
3717,57,55-64,Female,Vermont,Clothing,Shirt,M,Charcoal,Fall,53,3.4,False,No,False,Next Day Air,No,False,Debit Card,42,Loyal,Every 3 Months,90,4.06,215.18,1,Steady mid-tier
3718,45,45-54,Female,Maryland,Clothing,T-shirt,XL,White,Summer,85,4.2,False,No,False,Express,No,False,Bank Transfer,47,Loyal,Every 3 Months,90,4.06,345.1,1,Steady mid-tier
3719,36,35-44,Female,Tennessee,Clothing,Pants,L,Turquoise,Fall,50,2.9,False,No,False,Standard,No,False,Bank Transfer,44,Loyal,Bi-Weekly,14,26.07,1303.5,1,Steady mid-tier
3720,20,18-24,Female,Pennsylvania,Clothing,Pants,M,Red,Summer,91,4.1,False,No,False,Free Shipping,No,False,Bank Transfer,8,New,Every 3 Months,90,4.06,369.46,1,Steady mid-tier
3721,21,18-24,Female,South Carolina,Accessories,Hat,M,Peach,Fall,56,3.6,False,No,False,Free Shipping,No,False,Credit Card,13,Developing,Quarterly,90,4.06,227.36,1,Steady mid-tier
3722,62,55-64,Female,Connecticut,Outerwear,Coat,L,Pink,Fall,60,4.0,False,No,False,Next Day Air,No,False,Cash,10,New,Annually,365,1.0,60.0,1,Steady mid-tier
3723,23,18-24,Female,Kentucky,Outerwear,Jacket,XL,Yellow,Fall,34,4.0,False,No,False,Standard,No,False,Credit Card,1,New,Fortnightly,14,26.07,886.38,1,Steady mid-tier
3724,26,25-34,Female,Rhode Island,Footwear,Sandals,M,Beige,Spring,30,3.6,False,No,False,Free Shipping,No,False,Debit Card,1,New,Monthly,30,12.17,365.1,1,Steady mid-tier
3725,30,25-34,Female,Colorado,Accessories,Gloves,L,Green,Winter,71,3.1,False,No,False,Express,No,False,Bank Transfer,18,Developing,Annually,365,1.0,71.0,1,Steady mid-tier
3726,18,18-24,Female,Oklahoma,Clothing,Dress,S,Turquoise,Winter,100,4.4,False,No,False,Next Day Air,No,False,PayPal,2,New,Annually,365,1.0,100.0,1,Steady mid-tier
3727,47,45-54,Female,Idaho,Accessories,Belt,XL,Orange,Fall,85,4.3,False,No,False,Next Day Air,No,False,Debit Card,36,Established,Every 3 Months,90,4.06,345.1,1,Steady mid-tier
3728,41,35-44,Female,Maine,Clothing,Socks,M,Gold,Summer,83,3.5,False,No,False,Next Day Air,No,False,Debit Card,17,Developing,Bi-Weekly,14,26.07,2163.81,0,High-value regulars
3729,62,55-64,Female,Vermont,Outerwear,Jacket,L,Red,Winter,31,3.0,False,No,False,Standard,No,False,Debit Card,1,New,Annually,365,1.0,31.0,1,Steady mid-tier
3730,28,25-34,Female,Rhode Island,Footwear,Boots,M,Teal,Spring,82,4.7,False,No,False,2-Day Shipping,No,False,Cash,50,Loyal,Quarterly,90,4.06,332.92,1,Steady mid-tier
3731,46,45-54,Female,Florida,Clothing,Shirt,M,Teal,Summer,79,2.5,False,No,False,2-Day Shipping,No,False,Credit Card,3,New,Bi-Weekly,14,26.07,2059.53,0,High-value regulars
3732,54,45-54,Female,West Virginia,Accessories,Hat,M,Lavender,Spring,62,3.1,False,No,False,2-Day Shipping,No,False,PayPal,45,Loyal,Quarterly,90,4.06,251.72,1,Steady mid-tier
3733,36,35-44,Female,Indiana,Footwear,Shoes,L,Pink,Spring,92,3.3,False,No,False,Free Shipping,No,False,PayPal,28,Established,Annually,365,1.0,92.0,1,Steady mid-tier
3734,25,25-34,Female,Illinois,Clothing,Socks,M,Maroon,Fall,58,4.7,False,No,False,Next Day Air,No,False,Debit Card,6,New,Every 3 Months,90,4.06,235.48,1,Steady mid-tier
3735,38,35-44,Female,California,Clothing,Hoodie,M,Beige,Spring,88,3.4,False,No,False,Next Day Air,No,False,Debit Card,33,Established,Every 3 Months,90,4.06,357.28,1,Steady mid-tier
3736,38,35-44,Female,Massachusetts,Footwear,Sandals,L,Orange,Spring,44,3.1,False,No,False,2-Day Shipping,No,False,PayPal,29,Established,Annually,365,1.0,44.0,1,Steady mid-tier
3737,42,35-44,Female,Idaho,Clothing,Jeans,M,Red,Spring,56,4.6,False,No,False,Store Pickup,No,False,PayPal,2,New,Every 3 Months,90,4.06,227.36,1,Steady mid-tier
3738,19,18-24,Female,Kentucky,Accessories,Jewelry,S,Maroon,Winter,23,4.9,False,No,False,Free Shipping,No,False,PayPal,43,Loyal,Bi-Weekly,14,26.07,599.61,1,Steady mid-tier
3739,34,25-34,Female,Delaware,Clothing,Shorts,M,Brown,Spring,45,2.7,False,No,False,Free Shipping,No,False,Cash,48,Loyal,Fortnightly,14,26.07,1173.15,1,Steady mid-tier
3740,38,35-44,Female,Idaho,Accessories,Sunglasses,M,Olive,Fall,31,4.2,False,No,False,Free Shipping,No,False,Credit Card,43,Loyal,Weekly,7,52.14,1616.34,0,High-value regulars
3741,42,35-44,Female,Virginia,Clothing,Pants,M,Silver,Summer,96,2.6,False,No,False,Store Pickup,No,False,Debit Card,26,Established,Bi-Weekly,14,26.07,2502.72,0,High-value regulars
3742,58,55-64,Female,Arizona,Clothing,Shirt,M,Purple,Spring,96,3.2,False,No,False,2-Day Shipping,No,False,Debit Card,26,Established,Bi-Weekly,14,26.07,2502.72,0,High-value regulars
3743,56,55-64,Female,Maryland,Clothing,Shirt,M,Gray,Fall,80,4.4,False,No,False,Standard,No,False,Credit Card,50,Loyal,Bi-Weekly,14,26.07,2085.6,0,High-value regulars
3744,62,55-64,Female,Idaho,Clothing,Pants,L,Cyan,Fall,28,3.6,False,No,False,Free Shipping,No,False,Debit Card,36,Established,Quarterly,90,4.06,113.68,1,Steady mid-tier
3745,24,18-24,Female,New Jersey,Clothing,Hoodie,M,Gray,Summer,51,2.7,False,No,False,Next Day Air,No,False,Bank Transfer,26,Established,Fortnightly,14,26.07,1329.57,1,Steady mid-tier
3746,60,55-64,Female,Washington,Clothing,Socks,L,Gold,Spring,41,4.3,False,No,False,Express,No,False,Debit Card,2,New,Monthly,30,12.17,498.97,1,Steady mid-tier
3747,53,45-54,Female,Idaho,Outerwear,Coat,XL,Cyan,Summer,99,2.6,False,No,False,Next Day Air,No,False,PayPal,49,Loyal,Monthly,30,12.17,1204.83,1,Steady mid-tier
3748,26,25-34,Female,Rhode Island,Clothing,Sweater,L,Olive,Spring,53,4.3,False,No,False,Store Pickup,No,False,Bank Transfer,32,Established,Bi-Weekly,14,26.07,1381.71,1,Steady mid-tier
3749,34,25-34,Female,Delaware,Accessories,Backpack,M,Violet,Fall,25,3.9,False,No,False,2-Day Shipping,No,False,Venmo,3,New,Annually,365,1.0,25.0,1,Steady mid-tier
3750,24,18-24,Female,Alaska,Clothing,Blouse,L,Yellow,Winter,95,2.9,False,No,False,2-Day Shipping,No,False,Venmo,38,Established,Every 3 Months,90,4.06,385.7,1,Steady mid-tier
3751,42,35-44,Female,Arizona,Clothing,Hoodie,M,Gold,Fall,88,3.1,False,No,False,Free Shipping,No,False,PayPal,5,New,Monthly,30,12.17,1070.96,1,Steady mid-tier
3752,36,35-44,Female,Alabama,Accessories,Jewelry,S,Silver,Fall,97,4.2,False,No,False,Free Shipping,No,False,Credit Card,8,New,Every 3 Months,90,4.06,393.82,1,Steady mid-tier
3753,24,18-24,Female,Washington,Outerwear,Coat,L,Pink,Winter,81,4.1,False,No,False,2-Day Shipping,No,False,Venmo,43,Loyal,Weekly,7,52.14,4223.34,0,High-value regulars
3754,39,35-44,Female,Louisiana,Accessories,Sunglasses,S,Turquoise,Winter,26,4.2,False,No,False,Next Day Air,No,False,Bank Transfer,22,Developing,Fortnightly,14,26.07,677.82,1,Steady mid-tier
3755,46,45-54,Female,Nebraska,Footwear,Shoes,M,Turquoise,Summer,41,4.4,False,No,False,Express,No,False,Cash,10,New,Every 3 Months,90,4.06,166.46,1,Steady mid-tier
3756,64,55-64,Female,Pennsylvania,Clothing,Skirt,M,Peach,Fall,93,3.4,False,No,False,Free Shipping,No,False,Credit Card,26,Established,Monthly,30,12.17,1131.81,1,Steady mid-tier
3757,64,55-64,Female,South Carolina,Clothing,Skirt,L,Teal,Spring,69,4.8,False,No,False,Express,No,False,Debit Card,42,Loyal,Bi-Weekly,14,26.07,1798.83,0,High-value regulars
3758,61,55-64,Female,California,Clothing,Skirt,L,Red,Fall,44,4.5,False,No,False,2-Day Shipping,No,False,Cash,33,Established,Weekly,7,52.14,2294.16,0,High-value regulars
3759,61,55-64,Female,Indiana,Footwear,Sandals,S,Black,Spring,54,2.7,False,No,False,Store Pickup,No,False,Bank Transfer,23,Developing,Quarterly,90,4.06,219.24,1,Steady mid-tier
3760,44,35-44,Female,Missouri,Footwear,Sneakers,M,Pink,Spring,61,3.5,False,No,False,Store Pickup,No,False,Venmo,30,Established,Quarterly,90,4.06,247.66,1,Steady mid-tier
3761,65,65+,Female,Connecticut,Clothing,Socks,M,Peach,Fall,80,3.1,False,No,False,Next Day Air,No,False,PayPal,36,Established,Weekly,7,52.14,4171.2,0,High-value regulars
3762,60,55-64,Female,Nevada,Accessories,Backpack,M,Green,Summer,30,2.8,False,No,False,Next Day Air,No,False,Venmo,3,New,Every 3 Months,90,4.06,121.8,1,Steady mid-tier
3763,65,65+,Female,New York,Clothing,Shorts,L,Green,Fall,94,2.9,False,No,False,Store Pickup,No,False,PayPal,13,Developing,Annually,365,1.0,94.0,1,Steady mid-tier
3764,27,25-34,Female,Oklahoma,Clothing,Shirt,XL,Red,Winter,24,4.5,False,No,False,Standard,No,False,Cash,38,Established,Every 3 Months,90,4.06,97.44,1,Steady mid-tier
3765,36,35-44,Female,South Dakota,Clothing,Socks,M,Maroon,Fall,21,3.5,False,No,False,Next Day Air,No,False,Venmo,19,Developing,Monthly,30,12.17,255.57,1,Steady mid-tier
3766,22,18-24,Female,Missouri,Accessories,Jewelry,M,Green,Summer,52,4.3,False,No,False,Standard,No,False,Bank Transfer,14,Developing,Bi-Weekly,14,26.07,1355.64,1,Steady mid-tier
3767,62,55-64,Female,Texas,Accessories,Handbag,M,Black,Fall,59,4.9,False,No,False,Next Day Air,No,False,Debit Card,43,Loyal,Annually,365,1.0,59.0,1,Steady mid-tier
3768,59,55-64,Female,New York,Clothing,Shorts,XL,Black,Summer,51,3.1,False,No,False,Free Shipping,No,False,Bank Transfer,10,New,Fortnightly,14,26.07,1329.57,1,Steady mid-tier
3769,50,45-54,Female,Vermont,Clothing,Sweater,M,Yellow,Winter,35,4.0,False,No,False,Free Shipping,No,False,Bank Transfer,34,Established,Quarterly,90,4.06,142.1,1,Steady mid-tier
3770,51,45-54,Female,Arizona,Accessories,Gloves,L,Green,Summer,87,3.6,False,No,False,Standard,No,False,Venmo,31,Established,Annually,365,1.0,87.0,1,Steady mid-tier
3771,23,18-24,Female,Montana,Clothing,Pants,L,Black,Summer,42,4.0,False,No,False,Store Pickup,No,False,Bank Transfer,34,Established,Weekly,7,52.14,2189.88,0,High-value regulars
3772,21,18-24,Female,Oklahoma,Clothing,T-shirt,M,Red,Winter,86,2.6,False,No,False,Express,No,False,Venmo,28,Established,Bi-Weekly,14,26.07,2242.02,0,High-value regulars
3773,44,35-44,Female,New Hampshire,Clothing,Pants,L,Yellow,Fall,26,3.1,False,No,False,Next Day Air,No,False,Cash,35,Established,Annually,365,1.0,26.0,1,Steady mid-tier
3774,25,25-34,Female,Wisconsin,Clothing,Sweater,M,Violet,Summer,60,3.5,False,No,False,Store Pickup,No,False,Cash,41,Loyal,Quarterly,90,4.06,243.6,1,Steady mid-tier
3775,57,55-64,Female,Alaska,Accessories,Gloves,S,Cyan,Winter,83,3.9,False,No,False,Standard,No,False,PayPal,48,Loyal,Fortnightly,14,26.07,2163.81,0,High-value regulars
3776,41,35-44,Female,South Dakota,Accessories,Belt,S,Pink,Spring,63,2.7,False,No,False,2-Day Shipping,No,False,Cash,45,Loyal,Quarterly,90,4.06,255.78,1,Steady mid-tier
3777,19,18-24,Female,Alaska,Footwear,Sneakers,L,Olive,Spring,25,4.1,False,No,False,Standard,No,False,Credit Card,10,New,Fortnightly,14,26.07,651.75,1,Steady mid-tier
3778,43,35-44,Female,Utah,Clothing,Shorts,M,Maroon,Fall,65,4.3,False,No,False,Express,No,False,Cash,9,New,Weekly,7,52.14,3389.1,0,High-value regulars
3779,25,25-34,Female,South Dakota,Footwear,Sneakers,M,Cyan,Fall,60,2.9,False,No,False,Free Shipping,No,False,Debit Card,30,Established,Annually,365,1.0,60.0,1,Steady mid-tier
3780,60,55-64,Female,California,Clothing,Jeans,XL,Lavender,Spring,75,4.0,False,No,False,Express,No,False,PayPal,45,Loyal,Annually,365,1.0,75.0,1,Steady mid-tier
3781,54,45-54,Female,Mississippi,Footwear,Sneakers,L,Yellow,Fall,57,4.1,False,No,False,Free Shipping,No,False,Venmo,41,Loyal,Quarterly,90,4.06,231.42,1,Steady mid-tier
3782,52,45-54,Female,Tennessee,Footwear,Boots,M,Pink,Winter,99,3.7,False,No,False,Standard,No,False,PayPal,40,Established,Fortnightly,14,26.07,2580.93,0,High-value regulars
3783,40,35-44,Female,Alabama,Outerwear,Jacket,L,Orange,Spring,45,2.8,False,No,False,Free Shipping,No,False,PayPal,42,Loyal,Fortnightly,14,26.07,1173.15,1,Steady mid-tier
3784,39,35-44,Female,Maine,Accessories,Gloves,XL,Orange,Summer,66,3.2,False,No,False,Free Shipping,No,False,Debit Card,17,Developing,Fortnightly,14,26.07,1720.62,0,High-value regulars
3785,54,45-54,Female,Virginia,Clothing,Socks,M,Violet,Winter,53,4.5,False,No,False,Next Day Air,No,False,Venmo,4,New,Annually,365,1.0,53.0,1,Steady mid-tier
3786,64,55-64,Female,New Hampshire,Clothing,Jeans,L,Lavender,Winter,94,3.8,False,No,False,Standard,No,False,Cash,6,New,Monthly,30,12.17,1143.98,1,Steady mid-tier
3787,31,25-34,Female,Tennessee,Footwear,Boots,L,Yellow,Fall,47,3.6,False,No,False,2-Day Shipping,No,False,Venmo,22,Developing,Weekly,7,52.14,2450.58,0,High-value regulars
3788,37,35-44,Female,New York,Clothing,Blouse,M,Pink,Fall,80,3.6,False,No,False,2-Day Shipping,No,False,PayPal,46,Loyal,Every 3 Months,90,4.06,324.8,1,Steady mid-tier
3789,43,35-44,Female,Kansas,Accessories,Hat,XL,Teal,Spring,65,3.2,False,No,False,Next Day Air,No,False,Debit Card,27,Established,Monthly,30,12.17,791.05,1,Steady mid-tier
3790,56,55-64,Female,North Dakota,Clothing,Shirt,M,Magenta,Summer,75,3.8,False,No,False,Express,No,False,Bank Transfer,18,Developing,Every 3 Months,90,4.06,304.5,1,Steady mid-tier
3791,27,25-34,Female,Alaska,Accessories,Handbag,XL,Beige,Summer,45,4.4,False,No,False,Standard,No,False,Credit Card,31,Established,Weekly,7,52.14,2346.3,0,High-value regulars
3792,40,35-44,Female,Texas,Accessories,Sunglasses,M,Gray,Spring,51,3.7,False,No,False,Store Pickup,No,False,Venmo,1,New,Weekly,7,52.14,2659.14,0,High-value regulars
3793,43,35-44,Female,Massachusetts,Accessories,Scarf,S,Turquoise,Summer,58,2.6,False,No,False,Express,No,False,PayPal,2,New,Fortnightly,14,26.07,1512.06,0,High-value regulars
3794,62,55-64,Female,Delaware,Accessories,Sunglasses,M,Pink,Fall,20,4.0,False,No,False,Standard,No,False,Bank Transfer,46,Loyal,Annually,365,1.0,20.0,1,Steady mid-tier
3795,44,35-44,Female,South Dakota,Accessories,Scarf,M,Violet,Summer,82,3.6,False,No,False,2-Day Shipping,No,False,Venmo,27,Established,Weekly,7,52.14,4275.48,0,High-value regulars
3796,45,45-54,Female,Arkansas,Accessories,Gloves,M,Charcoal,Spring,92,2.5,False,No,False,Express,No,False,Cash,3,New,Weekly,7,52.14,4796.88,0,High-value regulars
3797,40,35-44,Female,Utah,Clothing,Shorts,M,Lavender,Fall,81,3.2,False,No,False,Free Shipping,No,False,Bank Transfer,47,Loyal,Quarterly,90,4.06,328.86,1,Steady mid-tier
3798,68,65+,Female,California,Accessories,Sunglasses,M,Gray,Summer,44,2.5,False,No,False,Next Day Air,No,False,Cash,20,Developing,Quarterly,90,4.06,178.64,1,Steady mid-tier
3799,63,55-64,Female,Rhode Island,Accessories,Jewelry,S,Brown,Winter,72,3.2,False,No,False,Next Day Air,No,False,Credit Card,23,Developing,Annually,365,1.0,72.0,1,Steady mid-tier
3800,60,55-64,Female,Oklahoma,Outerwear,Jacket,L,Violet,Winter,26,2.6,False,No,False,Store Pickup,No,False,Credit Card,13,Developing,Monthly,30,12.17,316.42,1,Steady mid-tier
3801,19,18-24,Female,Vermont,Clothing,Sweater,M,Turquoise,Fall,26,4.8,False,No,False,Next Day Air,No,False,Venmo,12,Developing,Bi-Weekly,14,26.07,677.82,1,Steady mid-tier
3802,26,25-34,Female,Kentucky,Clothing,Blouse,M,Peach,Spring,84,5.0,False,No,False,Store Pickup,No,False,PayPal,36,Established,Fortnightly,14,26.07,2189.88,0,High-value regulars
3803,70,65+,Female,Illinois,Accessories,Scarf,S,Turquoise,Spring,72,3.2,False,No,False,2-Day Shipping,No,False,Bank Transfer,1,New,Monthly,30,12.17,876.24,1,Steady mid-tier
3804,48,45-54,Female,Connecticut,Accessories,Handbag,M,Violet,Spring,55,3.6,False,No,False,Standard,No,False,Debit Card,14,Developing,Weekly,7,52.14,2867.7,0,High-value regulars
3805,37,35-44,Female,Florida,Accessories,Hat,M,Olive,Fall,77,2.7,False,No,False,2-Day Shipping,No,False,Cash,45,Loyal,Annually,365,1.0,77.0,1,Steady mid-tier
3806,48,45-54,Female,New Jersey,Accessories,Scarf,M,Green,Fall,57,3.1,False,No,False,Standard,No,False,Credit Card,31,Established,Quarterly,90,4.06,231.42,1,Steady mid-tier
3807,18,18-24,Female,Missouri,Footwear,Boots,M,Teal,Spring,71,3.0,False,No,False,Standard,No,False,PayPal,41,Loyal,Weekly,7,52.14,3701.94,0,High-value regulars
3808,38,35-44,Female,Michigan,Clothing,Blouse,L,Peach,Spring,39,2.9,False,No,False,Next Day Air,No,False,PayPal,36,Established,Annually,365,1.0,39.0,1,Steady mid-tier
3809,33,25-34,Female,Washington,Clothing,Socks,M,Pink,Winter,28,4.7,False,No,False,Express,No,False,Debit Card,6,New,Bi-Weekly,14,26.07,729.96,1,Steady mid-tier
3810,57,55-64,Female,New York,Footwear,Shoes,S,Maroon,Winter,33,3.7,False,No,False,Standard,No,False,Credit Card,28,Established,Annually,365,1.0,33.0,1,Steady mid-tier
3811,46,45-54,Female,Wisconsin,Clothing,Skirt,L,Peach,Fall,79,3.9,False,No,False,Free Shipping,No,False,Venmo,29,Established,Monthly,30,12.17,961.43,1,Steady mid-tier
3812,46,45-54,Female,Idaho,Accessories,Belt,M,Maroon,Winter,30,4.0,False,No,False,Standard,No,False,Cash,14,Developing,Monthly,30,12.17,365.1,1,Steady mid-tier
3813,50,45-54,Female,Michigan,Clothing,Skirt,M,Pink,Spring,75,2.8,False,No,False,Next Day Air,No,False,Bank Transfer,7,New,Every 3 Months,90,4.06,304.5,1,Steady mid-tier
3814,61,55-64,Female,Georgia,Clothing,Pants,M,Orange,Summer,89,4.1,False,No,False,Express,No,False,Venmo,31,Established,Bi-Weekly,14,26.07,2320.23,0,High-value regulars
3815,45,45-54,Female,Michigan,Clothing,Dress,M,Orange,Winter,95,4.2,False,No,False,Free Shipping,No,False,Bank Transfer,26,Established,Every 3 Months,90,4.06,385.7,1,Steady mid-tier
3816,32,25-34,Female,Maine,Accessories,Hat,M,Brown,Fall,44,4.3,False,No,False,Express,No,False,Venmo,12,Developing,Fortnightly,14,26.07,1147.08,1,Steady mid-tier
3817,29,25-34,Female,Maryland,Outerwear,Coat,S,Silver,Summer,86,4.3,False,No,False,Store Pickup,No,False,Credit Card,45,Loyal,Fortnightly,14,26.07,2242.02,0,High-value regulars
3818,66,65+,Female,Missouri,Accessories,Scarf,M,Magenta,Fall,91,2.6,False,No,False,Express,No,False,PayPal,40,Established,Annually,365,1.0,91.0,1,Steady mid-tier
3819,70,65+,Female,Oregon,Footwear,Sneakers,XL,Indigo,Winter,41,3.8,False,No,False,Free Shipping,No,False,Cash,42,Loyal,Monthly,30,12.17,498.97,1,Steady mid-tier
3820,36,35-44,Female,Arkansas,Clothing,Pants,S,Gold,Spring,99,2.9,False,No,False,Express,No,False,Cash,45,Loyal,Quarterly,90,4.06,401.94,1,Steady mid-tier
3821,34,25-34,Female,New Hampshire,Accessories,Belt,M,Purple,Winter,65,5.0,False,No,False,Standard,No,False,Debit Card,34,Established,Quarterly,90,4.06,263.9,1,Steady mid-tier
3822,20,18-24,Female,Oregon,Footwear,Sneakers,M,Gold,Summer,48,4.6,False,No,False,Free Shipping,No,False,Credit Card,34,Established,Every 3 Months,90,4.06,194.88,1,Steady mid-tier
3823,70,65+,Female,Kansas,Accessories,Hat,S,Gold,Spring,41,3.2,False,No,False,Free Shipping,No,False,PayPal,17,Developing,Every 3 Months,90,4.06,166.46,1,Steady mid-tier
3824,50,45-54,Female,California,Clothing,Shirt,M,Gold,Summer,42,3.0,False,No,False,Standard,No,False,Bank Transfer,27,Established,Weekly,7,52.14,2189.88,0,High-value regulars
3825,54,45-54,Female,Georgia,Clothing,Shorts,M,Olive,Summer,26,4.0,False,No,False,Free Shipping,No,False,Credit Card,31,Established,Quarterly,90,4.06,105.56,1,Steady mid-tier
3826,49,45-54,Female,Hawaii,Clothing,Shorts,L,Green,Fall,35,4.1,False,No,False,Express,No,False,Debit Card,47,Loyal,Fortnightly,14,26.07,912.45,1,Steady mid-tier
3827,50,45-54,Female,Montana,Outerwear,Jacket,M,Gray,Summer,31,4.0,False,No,False,Express,No,False,Bank Transfer,25,Developing,Annually,365,1.0,31.0,1,Steady mid-tier
3828,62,55-64,Female,Montana,Accessories,Jewelry,M,Red,Summer,73,4.1,False,No,False,Standard,No,False,Cash,47,Loyal,Fortnightly,14,26.07,1903.11,0,High-value regulars
3829,42,35-44,Female,Mississippi,Clothing,Blouse,M,Charcoal,Spring,82,3.4,False,No,False,Free Shipping,No,False,Cash,8,New,Weekly,7,52.14,4275.48,0,High-value regulars
3830,69,65+,Female,Washington,Clothing,Pants,M,Indigo,Spring,32,2.9,False,No,False,Free Shipping,No,False,Debit Card,32,Established,Fortnightly,14,26.07,834.24,1,Steady mid-tier
3831,22,18-24,Female,Pennsylvania,Accessories,Hat,M,Indigo,Summer,27,3.0,False,No,False,2-Day Shipping,No,False,Bank Transfer,33,Established,Every 3 Months,90,4.06,109.62,1,Steady mid-tier
3832,36,35-44,Female,Nevada,Accessories,Backpack,L,Silver,Spring,86,4.0,False,No,False,Next Day Air,No,False,Debit Card,16,Developing,Every 3 Months,90,4.06,349.16,1,Steady mid-tier
3833,64,55-64,Female,Kansas,Footwear,Boots,XL,Purple,Winter,38,4.8,False,No,False,2-Day Shipping,No,False,Cash,27,Established,Weekly,7,52.14,1981.32,0,High-value regulars
3834,44,35-44,Female,Arizona,Outerwear,Jacket,L,Gray,Summer,93,4.6,False,No,False,Free Shipping,No,False,PayPal,17,Developing,Every 3 Months,90,4.06,377.58,1,Steady mid-tier
3835,43,35-44,Female,Tennessee,Clothing,Hoodie,M,Magenta,Winter,59,4.1,False,No,False,2-Day Shipping,No,False,Cash,17,Developing,Quarterly,90,4.06,239.54,1,Steady mid-tier
3836,58,55-64,Female,Pennsylvania,Footwear,Sandals,L,Silver,Winter,58,2.6,False,No,False,Express,No,False,PayPal,28,Established,Bi-Weekly,14,26.07,1512.06,0,High-value regulars
3837,62,55-64,Female,Alaska,Clothing,Skirt,M,Violet,Spring,84,2.5,False,No,False,Free Shipping,No,False,PayPal,38,Established,Fortnightly,14,26.07,2189.88,0,High-value regulars
3838,45,45-54,Female,New Mexico,Clothing,Hoodie,M,Green,Spring,100,4.8,False,No,False,Free Shipping,No,False,Bank Transfer,33,Established,Fortnightly,14,26.07,2607.0,0,High-value regulars
3839,47,45-54,Female,Rhode Island,Clothing,Dress,L,Green,Summer,25,4.2,False,No,False,Express,No,False,Venmo,24,Developing,Every 3 Months,90,4.06,101.5,1,Steady mid-tier
3840,66,65+,Female,Connecticut,Footwear,Sandals,M,Peach,Spring,29,3.9,False,No,False,Free Shipping,No,False,Venmo,14,Developing,Quarterly,90,4.06,117.74,1,Steady mid-tier
3841,30,25-34,Female,Idaho,Clothing,Jeans,M,Turquoise,Spring,42,3.7,False,No,False,Express,No,False,Venmo,5,New,Fortnightly,14,26.07,1094.94,1,Steady mid-tier
3842,68,65+,Female,Mississippi,Clothing,Jeans,L,Pink,Fall,57,4.2,False,No,False,2-Day Shipping,No,False,Bank Transfer,8,New,Monthly,30,12.17,693.69,1,Steady mid-tier
3843,35,35-44,Female,Colorado,Outerwear,Jacket,L,Lavender,Winter,84,4.2,False,No,False,Next Day Air,No,False,Debit Card,42,Loyal,Monthly,30,12.17,1022.28,1,Steady mid-tier
3844,64,55-64,Female,Georgia,Accessories,Hat,L,Silver,Winter,71,4.0,False,No,False,Free Shipping,No,False,Venmo,48,Loyal,Every 3 Months,90,4.06,288.26,1,Steady mid-tier
3845,30,25-34,Female,Montana,Clothing,Shorts,S,Cyan,Fall,87,5.0,False,No,False,Next Day Air,No,False,Venmo,40,Established,Quarterly,90,4.06,353.22,1,Steady mid-tier
3846,58,55-64,Female,California,Clothing,Sweater,M,Green,Winter,52,4.9,False,No,False,Standard,No,False,Venmo,46,Loyal,Annually,365,1.0,52.0,1,Steady mid-tier
3847,57,55-64,Female,Pennsylvania,Clothing,Blouse,L,Orange,Summer,58,4.0,False,No,False,Express,No,False,PayPal,40,Established,Every 3 Months,90,4.06,235.48,1,Steady mid-tier
3848,60,55-64,Female,Delaware,Clothing,Sweater,S,Blue,Fall,34,3.2,False,No,False,2-Day Shipping,No,False,PayPal,31,Established,Fortnightly,14,26.07,886.38,1,Steady mid-tier
3849,22,18-24,Female,New Hampshire,Accessories,Jewelry,M,Magenta,Winter,60,3.0,False,No,False,Next Day Air,No,False,Cash,39,Established,Every 3 Months,90,4.06,243.6,1,Steady mid-tier
3850,46,45-54,Female,Florida,Clothing,Hoodie,S,Cyan,Winter,68,2.6,False,No,False,Express,No,False,PayPal,36,Established,Fortnightly,14,26.07,1772.76,0,High-value regulars
3851,27,25-34,Female,Mississippi,Accessories,Jewelry,L,Indigo,Summer,74,4.4,False,No,False,2-Day Shipping,No,False,Debit Card,25,Developing,Every 3 Months,90,4.06,300.44,1,Steady mid-tier
3852,50,45-54,Female,Montana,Accessories,Scarf,M,Pink,Summer,83,3.9,False,No,False,Free Shipping,No,False,Debit Card,24,Developing,Annually,365,1.0,83.0,1,Steady mid-tier
3853,65,65+,Female,Mississippi,Accessories,Hat,M,Peach,Fall,79,4.0,False,No,False,2-Day Shipping,No,False,PayPal,19,Developing,Weekly,7,52.14,4119.06,0,High-value regulars
3854,61,55-64,Female,Tennessee,Accessories,Sunglasses,M,Lavender,Fall,76,4.0,False,No,False,Store Pickup,No,False,Debit Card,49,Loyal,Bi-Weekly,14,26.07,1981.32,0,High-value regulars
3855,57,55-64,Female,Florida,Clothing,T-shirt,M,Black,Spring,20,4.2,False,No,False,Free Shipping,No,False,Venmo,4,New,Annually,365,1.0,20.0,1,Steady mid-tier
3856,40,35-44,Female,Illinois,Clothing,Shirt,XL,Lavender,Summer,61,4.4,False,No,False,Next Day Air,No,False,Cash,36,Established,Quarterly,90,4.06,247.66,1,Steady mid-tier
3857,39,35-44,Female,Virginia,Footwear,Sandals,S,Brown,Summer,78,2.5,False,No,False,Free Shipping,No,False,Debit Card,8,New,Quarterly,90,4.06,316.68,1,Steady mid-tier
3858,42,35-44,Female,Texas,Accessories,Hat,S,Yellow,Summer,21,3.1,False,No,False,Store Pickup,No,False,Credit Card,29,Established,Every 3 Months,90,4.06,85.26,1,Steady mid-tier
3859,30,25-34,Female,Missouri,Clothing,T-shirt,M,Olive,Winter,77,3.5,False,No,False,Store Pickup,No,False,Credit Card,26,Established,Quarterly,90,4.06,312.62,1,Steady mid-tier
3860,65,65+,Female,Mississippi,Clothing,Shorts,S,Blue,Fall,88,3.0,False,No,False,2-Day Shipping,No,False,Bank Transfer,47,Loyal,Bi-Weekly,14,26.07,2294.16,0,High-value regulars
3861,57,55-64,Female,Pennsylvania,Accessories,Sunglasses,M,Turquoise,Summer,64,4.4,False,No,False,Next Day Air,No,False,Cash,44,Loyal,Annually,365,1.0,64.0,1,Steady mid-tier
3862,64,55-64,Female,Wyoming,Outerwear,Jacket,M,Yellow,Spring,57,4.9,False,No,False,Standard,No,False,Credit Card,49,Loyal,Monthly,30,12.17,693.69,1,Steady mid-tier
3863,56,55-64,Female,Idaho,Clothing,Shirt,L,Turquoise,Winter,49,2.8,False,No,False,Next Day Air,No,False,Venmo,9,New,Monthly,30,12.17,596.33,1,Steady mid-tier
3864,40,35-44,Female,New Hampshire,Accessories,Scarf,M,Orange,Summer,35,3.3,False,No,False,Free Shipping,No,False,Cash,28,Established,Fortnightly,14,26.07,912.45,1,Steady mid-tier
3865,55,55-64,Female,Wyoming,Clothing,T-shirt,S,Blue,Winter,99,4.9,False,No,False,Express,No,False,Debit Card,1,New,Fortnightly,14,26.07,2580.93,0,High-value regulars
3866,25,25-34,Female,Nebraska,Clothing,Shorts,M,Olive,Spring,42,4.2,False,No,False,Store Pickup,No,False,Cash,28,Established,Every 3 Months,90,4.06,170.52,1,Steady mid-tier
3867,58,55-64,Female,Alaska,Accessories,Hat,M,Beige,Winter,32,3.3,False,No,False,2-Day Shipping,No,False,Credit Card,33,Established,Fortnightly,14,26.07,834.24,1,Steady mid-tier
3868,46,45-54,Female,Maryland,Outerwear,Jacket,L,Lavender,Summer,21,2.7,False,No,False,Standard,No,False,Credit Card,28,Established,Monthly,30,12.17,255.57,1,Steady mid-tier
3869,18,18-24,Female,Maryland,Clothing,Dress,XL,Magenta,Winter,29,3.3,False,No,False,2-Day Shipping,No,False,Cash,9,New,Annually,365,1.0,29.0,1,Steady mid-tier
3870,26,25-34,Female,Arizona,Outerwear,Coat,L,Cyan,Spring,64,3.8,False,No,False,Free Shipping,No,False,Bank Transfer,28,Established,Annually,365,1.0,64.0,1,Steady mid-tier
3871,61,55-64,Female,Ohio,Footwear,Sandals,L,Lavender,Fall,46,3.2,False,No,False,Next Day Air,No,False,Cash,19,Developing,Every 3 Months,90,4.06,186.76,1,Steady mid-tier
3872,55,55-64,Female,Minnesota,Clothing,T-shirt,M,Black,Fall,97,4.1,False,No,False,2-Day Shipping,No,False,Bank Transfer,20,Developing,Every 3 Months,90,4.06,393.82,1,Steady mid-tier
3873,41,35-44,Female,New Hampshire,Outerwear,Jacket,M,Green,Spring,94,4.3,False,No,False,Standard,No,False,Cash,3,New,Monthly,30,12.17,1143.98,1,Steady mid-tier
3874,42,35-44,Female,Louisiana,Footwear,Sandals,L,Silver,Summer,43,4.0,False,No,False,Standard,No,False,Credit Card,22,Developing,Weekly,7,52.14,2242.02,0,High-value regulars
3875,70,65+,Female,Nevada,Clothing,Sweater,XL,Beige,Summer,54,3.9,False,No,False,2-Day Shipping,No,False,Credit Card,33,Established,Bi-Weekly,14,26.07,1407.78,1,Steady mid-tier
3876,63,55-64,Female,New Hampshire,Accessories,Hat,M,Pink,Winter,51,3.3,False,No,False,2-Day Shipping,No,False,Credit Card,21,Developing,Annually,365,1.0,51.0,1,Steady mid-tier
3877,60,55-64,Female,Wisconsin,Footwear,Shoes,S,Cyan,Fall,85,2.6,False,No,False,2-Day Shipping,No,False,Cash,7,New,Annually,365,1.0,85.0,1,Steady mid-tier
3878,28,25-34,Female,Nevada,Clothing,Hoodie,M,Olive,Spring,96,4.2,False,No,False,Next Day Air,No,False,Debit Card,46,Loyal,Monthly,30,12.17,1168.32,1,Steady mid-tier
3879,60,55-64,Female,South Carolina,Accessories,Hat,M,Pink,Summer,42,3.4,False,No,False,2-Day Shipping,No,False,Credit Card,24,Developing,Annually,365,1.0,42.0,1,Steady mid-tier
3880,26,25-34,Female,Florida,Clothing,Skirt,L,Maroon,Winter,63,4.1,False,No,False,Free Shipping,No,False,Debit Card,6,New,Quarterly,90,4.06,255.78,1,Steady mid-tier
3881,42,35-44,Female,Massachusetts,Clothing,Shirt,M,Red,Winter,20,3.9,False,No,False,Free Shipping,No,False,PayPal,40,Established,Monthly,30,12.17,243.4,1,Steady mid-tier
3882,56,55-64,Female,Georgia,Accessories,Scarf,L,Silver,Spring,25,2.8,False,No,False,2-Day Shipping,No,False,Debit Card,17,Developing,Weekly,7,52.14,1303.5,0,High-value regulars
3883,35,35-44,Female,North Dakota,Clothing,Pants,L,Blue,Fall,95,2.6,False,No,False,Free Shipping,No,False,Cash,24,Developing,Fortnightly,14,26.07,2476.65,0,High-value regulars
3884,34,25-34,Female,North Dakota,Accessories,Hat,XL,Purple,Fall,38,4.0,False,No,False,Next Day Air,No,False,Cash,22,Developing,Fortnightly,14,26.07,990.66,1,Steady mid-tier
3885,47,45-54,Female,Maryland,Footwear,Sandals,M,Brown,Fall,29,4.9,False,No,False,Express,No,False,PayPal,3,New,Weekly,7,52.14,1512.06,0,High-value regulars
3886,49,45-54,Female,New Mexico,Clothing,Socks,L,Purple,Winter,64,3.2,False,No,False,Free Shipping,No,False,Cash,39,Established,Quarterly,90,4.06,259.84,1,Steady mid-tier
3887,37,35-44,Female,Iowa,Accessories,Jewelry,S,Brown,Summer,92,3.9,False,No,False,Express,No,False,Debit Card,40,Established,Quarterly,90,4.06,373.52,1,Steady mid-tier
3888,40,35-44,Female,Kansas,Clothing,Shirt,M,Charcoal,Spring,34,2.7,False,No,False,Express,No,False,Credit Card,1,New,Quarterly,90,4.06,138.04,1,Steady mid-tier
3889,45,45-54,Female,Virginia,Footwear,Sneakers,M,Violet,Spring,69,3.4,False,No,False,Standard,No,False,Venmo,14,Developing,Bi-Weekly,14,26.07,1798.83,0,High-value regulars
3890,57,55-64,Female,Alaska,Clothing,Dress,S,Yellow,Spring,65,3.5,False,No,False,Express,No,False,Bank Transfer,49,Loyal,Annually,365,1.0,65.0,1,Steady mid-tier
3891,35,35-44,Female,Nebraska,Clothing,Shirt,XL,Green,Winter,81,2.6,False,No,False,Standard,No,False,Debit Card,33,Established,Annually,365,1.0,81.0,1,Steady mid-tier
3892,36,35-44,Female,Colorado,Clothing,Dress,L,Peach,Winter,30,4.7,False,No,False,Free Shipping,No,False,Bank Transfer,6,New,Quarterly,90,4.06,121.8,1,Steady mid-tier
3893,35,35-44,Female,Michigan,Accessories,Jewelry,L,Indigo,Summer,86,3.5,False,No,False,Standard,No,False,PayPal,5,New,Fortnightly,14,26.07,2242.02,0,High-value regulars
3894,21,18-24,Female,Massachusetts,Accessories,Hat,L,White,Fall,64,3.3,False,No,False,Store Pickup,No,False,Bank Transfer,29,Established,Bi-Weekly,14,26.07,1668.48,0,High-value regulars
3895,66,65+,Female,Connecticut,Clothing,Skirt,L,White,Spring,78,3.9,False,No,False,2-Day Shipping,No,False,Credit Card,44,Loyal,Every 3 Months,90,4.06,316.68,1,Steady mid-tier
3896,40,35-44,Female,Virginia,Clothing,Hoodie,L,Turquoise,Summer,28,4.2,False,No,False,2-Day Shipping,No,False,Venmo,32,Established,Weekly,7,52.14,1459.92,0,High-value regulars
3897,52,45-54,Female,Iowa,Accessories,Backpack,L,White,Spring,49,4.5,False,No,False,Store Pickup,No,False,Bank Transfer,41,Loyal,Bi-Weekly,14,26.07,1277.43,1,Steady mid-tier
3898,46,45-54,Female,New Jersey,Accessories,Belt,L,Green,Spring,33,2.9,False,No,False,Standard,No,False,Venmo,24,Developing,Quarterly,90,4.06,133.98,1,Steady mid-tier
3899,44,35-44,Female,Minnesota,Footwear,Shoes,S,Brown,Summer,77,3.8,False,No,False,Express,No,False,Venmo,24,Developing,Weekly,7,52.14,4014.78,0,High-value regulars
3900,52,45-54,Female,California,Accessories,Handbag,M,Beige,Spring,81,3.1,False,No,False,Store Pickup,No,False,Venmo,33,Established,Quarterly,90,4.06,328.86,1,Steady mid-tier
