customer_id,age,age_band,gender,loyalty_tier,segment,is_subscriber,previous_purchases
1,55,55-64,Male,Developing,Steady mid-tier,True,14
2,19,18-24,Male,New,High-value regulars,True,2
3,50,45-54,Male,Developing,High-value regulars,True,23
4,21,18-24,Male,Loyal,High-value regulars,True,49
5,45,45-54,Male,Established,Steady mid-tier,True,31
6,46,45-54,Male,Developing,High-value regulars,True,14
7,63,55-64,Male,Loyal,Steady mid-tier,True,49
8,27,25-34,Male,Developing,High-value regulars,True,19
9,26,25-34,Male,New,Steady mid-tier,True,8
10,57,55-64,Male,New,Steady mid-tier,True,4
11,53,45-54,Male,Established,Steady mid-tier,True,26
12,30,25-34,Male,New,High-value regulars,True,10
13,61,55-64,Male,Established,High-value regulars,True,37
14,65,65+,Male,Established,High-value regulars,True,31
15,64,55-64,Male,Established,High-value regulars,True,34
16,64,55-64,Male,New,Steady mid-tier,True,8
17,25,25-34,Male,Loyal,Steady mid-tier,True,44
18,53,45-54,Male,Established,Steady mid-tier,True,36
19,52,45-54,Male,Developing,High-value regulars,True,17
20,66,65+,Male,Loyal,High-value regulars,True,46
21,21,18-24,Male,Loyal,Steady mid-tier,True,50
22,31,25-34,Male,Developing,Steady mid-tier,True,22
23,56,55-64,Male,Established,Steady mid-tier,True,32
24,31,25-34,Male,Established,High-value regulars,True,40
25,18,18-24,Male,Developing,High-value regulars,True,16
26,18,18-24,Male,Developing,Steady mid-tier,True,14
27,38,35-44,Male,Developing,Steady mid-tier,True,13
28,56,55-64,Male,New,Steady mid-tier,True,7
29,54,45-54,Male,Loyal,Steady mid-tier,True,41
30,31,25-34,Male,Developing,High-value regulars,True,14
31,57,55-64,Male,Developing,Steady mid-tier,True,16
32,33,25-34,Male,Loyal,Steady mid-tier,True,45
33,36,35-44,Male,Established,Steady mid-tier,True,37
34,54,45-54,Male,Loyal,Steady mid-tier,True,45
35,36,35-44,Male,Established,Steady mid-tier,True,38
36,54,45-54,Male,Loyal,Steady mid-tier,True,48
37,35,35-44,Male,Loyal,High-value regulars,True,44
38,35,35-44,Male,New,High-value regulars,True,10
39,29,25-34,Male,Loyal,Steady mid-tier,True,44
40,70,65+,Male,Developing,Steady mid-tier,True,18
41,69,65+,Male,Established,Steady mid-tier,True,31
42,67,65+,Male,Established,Steady mid-tier,True,40
43,20,18-24,Male,Developing,Steady mid-tier,True,15
44,25,25-34,Male,Developing,High-value regulars,True,19
45,39,35-44,Male,Loyal,High-value regulars,True,45
46,50,45-54,Male,Developing,Steady mid-tier,True,25
47,57,55-64,Male,Loyal,Steady mid-tier,True,45
48,55,55-64,Male,Established,High-value regulars,True,36
49,42,35-44,Male,Established,Steady mid-tier,True,38
50,68,65+,Male,Established,Steady mid-tier,True,34
51,49,45-54,Male,Established,Steady mid-tier,True,39
52,59,55-64,Male,New,Steady mid-tier,True,7
53,42,35-44,Male,Established,High-value regulars,True,26
54,29,25-34,Male,Established,High-value regulars,True,35
55,47,45-54,Male,Established,High-value regulars,True,35
56,40,35-44,Male,Loyal,Steady mid-tier,True,49
57,41,35-44,Male,Loyal,High-value regulars,True,46
58,21,18-24,Male,Developing,High-value regulars,True,17
59,69,65+,Male,Established,Steady mid-tier,True,29
60,63,55-64,Male,New,High-value regulars,True,4
61,50,45-54,Male,Developing,High-value regulars,True,17
62,55,55-64,Male,Developing,Steady mid-tier,True,21
63,30,25-34,Male,Established,Steady mid-tier,True,31
64,33,25-34,Male,Loyal,High-value regulars,True,43
65,65,65+,Male,Developing,High-value regulars,True,18
66,65,65+,Male,Loyal,Steady mid-tier,True,44
67,31,25-34,Male,New,Steady mid-tier,True,3
68,45,45-54,Male,Loyal,Steady mid-tier,True,49
69,57,55-64,Male,Developing,Steady mid-tier,True,21
70,48,45-54,Male,New,High-value regulars,True,5
71,22,18-24,Male,Established,Steady mid-tier,True,32
72,36,35-44,Male,Established,Steady mid-tier,True,34
73,18,18-24,Male,Developing,Steady mid-tier,True,21
74,48,45-54,Male,Loyal,High-value regulars,True,43
75,49,45-54,Male,New,Steady mid-tier,True,3
76,64,55-64,Male,Developing,Steady mid-tier,True,21
77,50,45-54,Male,Established,Steady mid-tier,True,32
78,22,18-24,Male,Established,Steady mid-tier,True,36
79,50,45-54,Male,Loyal,High-value regulars,True,50
80,38,35-44,Male,Loyal,Steady mid-tier,True,43
81,19,18-24,Male,Developing,Steady mid-tier,True,24
82,67,65+,Male,Established,Steady mid-tier,True,36
83,19,18-24,Male,Developing,Steady mid-tier,True,21
84,36,35-44,Male,Established,High-value regulars,True,34
85,52,45-54,Male,Loyal,Steady mid-tier,True,42
86,53,45-54,Male,New,High-value regulars,True,2
87,24,18-24,Male,Loyal,Steady mid-tier,True,47
88,52,45-54,Male,Loyal,Steady mid-tier,True,44
89,33,25-34,Male,Established,Steady mid-tier,True,35
90,47,45-54,Male,Developing,Steady mid-tier,True,15
91,25,25-34,Male,Established,Steady mid-tier,True,29
92,44,35-44,Male,Developing,Steady mid-tier,True,18
93,61,55-64,Male,Developing,Steady mid-tier,True,13
94,37,35-44,Male,Loyal,High-value regulars,True,46
95,58,55-64,Male,Established,High-value regulars,True,28
96,37,35-44,Male,Loyal,Steady mid-tier,True,48
97,32,25-34,Male,Loyal,Steady mid-tier,True,43
98,21,18-24,Male,Established,Steady mid-tier,True,37
99,20,18-24,Male,Developing,Steady mid-tier,True,20
100,26,25-34,Male,Established,Steady mid-tier,True,33
101,62,55-64,Male,Established,High-value regulars,True,31
102,27,25-34,Male,Loyal,High-value regulars,True,50
103,51,45-54,Male,Established,Steady mid-tier,True,35
104,54,45-54,Male,Developing,High-value regulars,True,22
105,55,55-64,Male,New,Steady mid-tier,True,1
106,69,65+,Male,New,Steady mid-tier,True,4
107,64,55-64,Male,Established,Steady mid-tier,True,31
108,28,25-34,Male,Loyal,High-value regulars,True,46
109,70,65+,Male,Established,High-value regulars,True,32
110,58,55-64,Male,Loyal,High-value regulars,True,43
111,56,55-64,Male,Established,Steady mid-tier,True,26
112,26,25-34,Male,New,Steady mid-tier,True,9
113,37,35-44,Male,Established,High-value regulars,True,28
114,44,35-44,Male,Developing,Steady mid-tier,True,20
115,70,65+,Male,New,High-value regulars,True,9
116,53,45-54,Male,Loyal,Steady mid-tier,True,48
117,55,55-64,Male,Developing,Steady mid-tier,True,12
118,50,45-54,Male,Established,Steady mid-tier,True,29
119,50,45-54,Male,Established,Steady mid-tier,True,27
120,38,35-44,Male,Loyal,Steady mid-tier,True,44
121,64,55-64,Male,Established,Steady mid-tier,True,32
122,19,18-24,Male,Developing,High-value regulars,True,11
123,40,35-44,Male,Loyal,Steady mid-tier,True,44
124,57,55-64,Male,Loyal,High-value regulars,True,46
125,44,35-44,Male,Loyal,Steady mid-tier,True,50
126,49,45-54,Male,Loyal,Steady mid-tier,True,45
127,43,35-44,Male,Loyal,Steady mid-tier,True,48
128,24,18-24,Male,Established,High-value regulars,True,26
129,20,18-24,Male,Developing,Steady mid-tier,True,21
130,24,18-24,Male,Loyal,High-value regulars,True,49
131,44,35-44,Male,Developing,Steady mid-tier,True,13
132,28,25-34,Male,Loyal,High-value regulars,True,46
133,30,25-34,Male,Loyal,High-value regulars,True,42
134,52,45-54,Male,Developing,Steady mid-tier,True,25
135,43,35-44,Male,Developing,Steady mid-tier,True,25
136,43,35-44,Male,Developing,Steady mid-tier,True,12
137,39,35-44,Male,New,Steady mid-tier,True,4
138,68,65+,Male,Established,High-value regulars,True,38
139,68,65+,Male,Loyal,High-value regulars,True,42
140,49,45-54,Male,Established,Steady mid-tier,True,30
141,63,55-64,Male,Loyal,High-value regulars,True,50
142,56,55-64,Male,Loyal,High-value regulars,True,45
143,37,35-44,Male,Established,High-value regulars,True,33
144,30,25-34,Male,Developing,Steady mid-tier,True,25
145,19,18-24,Male,Developing,Steady mid-tier,True,25
146,24,18-24,Male,Loyal,Steady mid-tier,True,44
147,52,45-54,Male,Developing,Steady mid-tier,True,21
148,63,55-64,Male,Established,High-value regulars,True,31
149,37,35-44,Male,Loyal,Steady mid-tier,True,47
150,38,35-44,Male,Developing,Steady mid-tier,True,14
151,35,35-44,Male,Developing,Steady mid-tier,True,17
152,28,25-34,Male,New,Steady mid-tier,True,3
153,30,25-34,Male,Loyal,Steady mid-tier,True,42
154,69,65+,Male,Developing,Steady mid-tier,True,22
155,41,35-44,Male,Developing,Steady mid-tier,True,21
156,63,55-64,Male,Developing,Steady mid-tier,True,21
157,35,35-44,Male,Established,Steady mid-tier,True,40
158,36,35-44,Male,New,High-value regulars,True,1
159,25,25-34,Male,Loyal,Steady mid-tier,True,50
160,58,55-64,Male,Established,Steady mid-tier,True,39
161,27,25-34,Male,Established,Steady mid-tier,True,34
162,65,65+,Male,Established,Steady mid-tier,True,29
163,54,45-54,Male,Established,High-value regulars,True,31
164,54,45-54,Male,New,High-value regulars,True,8
165,59,55-64,Male,New,High-value regulars,True,5
166,42,35-44,Male,New,Steady mid-tier,True,7
167,46,45-54,Male,Established,Steady mid-tier,True,30
168,33,25-34,Male,Developing,Steady mid-tier,True,14
169,34,25-34,Male,New,High-value regulars,True,5
170,27,25-34,Male,New,Steady mid-tier,True,3
171,52,45-54,Male,Loyal,Steady mid-tier,True,46
172,29,25-34,Male,New,High-value regulars,True,4
173,54,45-54,Male,Loyal,High-value regulars,True,42
174,25,25-34,Male,Established,Steady mid-tier,True,30
175,41,35-44,Male,Established,Steady mid-tier,True,37
176,53,45-54,Male,New,Steady mid-tier,True,2
177,53,45-54,Male,Established,Steady mid-tier,True,30
178,21,18-24,Male,Loyal,Steady mid-tier,True,47
179,61,55-64,Male,Developing,Steady mid-tier,True,21
180,64,55-64,Male,New,Steady mid-tier,True,9
181,51,45-54,Male,Developing,High-value regulars,True,12
182,32,25-34,Male,New,High-value regulars,True,4
183,38,35-44,Male,New,Steady mid-tier,True,10
184,58,55-64,Male,Established,High-value regulars,True,26
185,32,25-34,Male,Established,Steady mid-tier,True,40
186,46,45-54,Male,Established,Steady mid-tier,True,34
187,39,35-44,Male,Established,Steady mid-tier,True,31
188,19,18-24,Male,New,High-value regulars,True,1
189,50,45-54,Male,New,Steady mid-tier,True,5
190,36,35-44,Male,New,High-value regulars,True,4
191,65,65+,Male,Loyal,Steady mid-tier,True,48
192,64,55-64,Male,Established,Steady mid-tier,True,29
193,46,45-54,Male,Developing,Steady mid-tier,True,12
194,36,35-44,Male,Established,Steady mid-tier,True,29
195,51,45-54,Male,Developing,Steady mid-tier,True,15
196,51,45-54,Male,Established,Steady mid-tier,True,34
197,38,35-44,Male,Loyal,High-value regulars,True,41
198,59,55-64,Male,Loyal,Steady mid-tier,True,41
199,57,55-64,Male,Established,Steady mid-tier,True,39
200,54,45-54,Male,Established,High-value regulars,True,32
201,25,25-34,Male,Established,Steady mid-tier,True,29
202,69,65+,Male,Developing,Steady mid-tier,True,15
203,57,55-64,Male,Established,Steady mid-tier,True,33
204,70,65+,Male,Developing,High-value regulars,True,18
205,24,18-24,Male,Established,High-value regulars,True,35
206,67,65+,Male,Developing,High-value regulars,True,25
207,24,18-24,Male,New,High-value regulars,True,6
208,62,55-64,Male,Developing,High-value regulars,True,17
209,57,55-64,Male,Developing,Steady mid-tier,True,17
210,55,55-64,Male,Loyal,Steady mid-tier,True,44
211,45,45-54,Male,New,Steady mid-tier,True,6
212,69,65+,Male,Loyal,High-value regulars,True,45
213,67,65+,Male,New,Steady mid-tier,True,7
214,30,25-34,Male,Developing,Steady mid-tier,True,11
215,24,18-24,Male,Loyal,Steady mid-tier,True,41
216,62,55-64,Male,Developing,High-value regulars,True,24
217,43,35-44,Male,Developing,High-value regulars,True,21
218,35,35-44,Male,Developing,Steady mid-tier,True,24
219,28,25-34,Male,New,Steady mid-tier,True,8
220,32,25-34,Male,Developing,High-value regulars,True,12
221,39,35-44,Male,Loyal,High-value regulars,True,48
222,28,25-34,Male,New,Steady mid-tier,True,6
223,47,45-54,Male,Developing,High-value regulars,True,14
224,20,18-24,Male,Established,Steady mid-tier,True,34
225,63,55-64,Male,Developing,Steady mid-tier,True,12
226,25,25-34,Male,Developing,Steady mid-tier,True,11
227,29,25-34,Male,New,Steady mid-tier,True,5
228,50,45-54,Male,Developing,High-value regulars,True,25
229,18,18-24,Male,Developing,Steady mid-tier,True,11
230,70,65+,Male,Established,Steady mid-tier,True,27
231,66,65+,Male,Loyal,Steady mid-tier,True,43
232,28,25-34,Male,Developing,Steady mid-tier,True,18
233,54,45-54,Male,Established,Steady mid-tier,True,32
234,19,18-24,Male,Established,Steady mid-tier,True,27
235,20,18-24,Male,Developing,High-value regulars,True,24
236,43,35-44,Male,Established,Steady mid-tier,True,31
237,38,35-44,Male,Established,High-value regulars,True,39
238,50,45-54,Male,Established,High-value regulars,True,36
239,64,55-64,Male,New,Steady mid-tier,True,5
240,49,45-54,Male,Loyal,Steady mid-tier,True,47
241,47,45-54,Male,Established,Steady mid-tier,True,29
242,36,35-44,Male,Loyal,High-value regulars,True,43
243,55,55-64,Male,Established,Steady mid-tier,True,40
244,25,25-34,Male,New,Steady mid-tier,True,4
245,53,45-54,Male,Established,High-value regulars,True,39
246,49,45-54,Male,Loyal,Steady mid-tier,True,45
247,35,35-44,Male,Developing,High-value regulars,True,20
248,29,25-34,Male,Developing,High-value regulars,True,14
249,47,45-54,Male,Established,High-value regulars,True,33
250,53,45-54,Male,Developing,Steady mid-tier,True,18
251,33,25-34,Male,New,High-value regulars,True,9
252,21,18-24,Male,Established,Steady mid-tier,True,34
253,32,25-34,Male,Established,Steady mid-tier,True,33
254,52,45-54,Male,Developing,High-value regulars,True,15
255,67,65+,Male,New,Steady mid-tier,True,4
256,43,35-44,Male,Developing,Steady mid-tier,True,25
257,58,55-64,Male,Developing,Steady mid-tier,True,20
258,20,18-24,Male,New,Steady mid-tier,True,5
259,61,55-64,Male,Developing,Steady mid-tier,True,16
260,32,25-34,Male,Developing,Steady mid-tier,True,13
261,38,35-44,Male,Developing,Steady mid-tier,True,11
262,21,18-24,Male,Developing,Steady mid-tier,True,21
263,37,35-44,Male,New,Steady mid-tier,True,6
264,27,25-34,Male,Established,Steady mid-tier,True,29
265,36,35-44,Male,Developing,Steady mid-tier,True,15
266,32,25-34,Male,Developing,High-value regulars,True,17
267,51,45-54,Male,Established,High-value regulars,True,32
268,64,55-64,Male,Loyal,Steady mid-tier,True,42
269,68,65+,Male,Developing,Steady mid-tier,True,21
270,68,65+,Male,New,Steady mid-tier,True,9
271,33,25-34,Male,Developing,Steady mid-tier,True,16
272,65,65+,Male,Loyal,High-value regulars,True,42
273,48,45-54,Male,Established,Steady mid-tier,True,37
274,69,65+,Male,Established,Steady mid-tier,True,32
275,59,55-64,Male,Established,Steady mid-tier,True,28
276,48,45-54,Male,Developing,High-value regulars,True,13
277,25,25-34,Male,Developing,Steady mid-tier,True,11
278,29,25-34,Male,Established,Steady mid-tier,True,36
279,57,55-64,Male,Developing,Steady mid-tier,True,23
280,23,18-24,Male,Established,Steady mid-tier,True,37
281,45,45-54,Male,Developing,High-value regulars,True,21
282,38,35-44,Male,Developing,High-value regulars,True,22
283,21,18-24,Male,New,Steady mid-tier,True,9
284,32,25-34,Male,Developing,Steady mid-tier,True,16
285,63,55-64,Male,New,Steady mid-tier,True,4
286,29,25-34,Male,New,Steady mid-tier,True,3
287,27,25-34,Male,New,Steady mid-tier,True,6
288,56,55-64,Male,Developing,Steady mid-tier,True,18
289,30,25-34,Male,Established,High-value regulars,True,34
290,49,45-54,Male,Established,Steady mid-tier,True,26
291,58,55-64,Male,Loyal,High-value regulars,True,50
292,57,55-64,Male,Established,Steady mid-tier,True,40
293,60,55-64,Male,Developing,Steady mid-tier,True,24
294,69,65+,Male,Established,Steady mid-tier,True,33
295,70,65+,Male,Developing,Steady mid-tier,True,19
296,53,45-54,Male,Developing,Steady mid-tier,True,24
297,25,25-34,Male,Developing,High-value regulars,True,19
298,48,45-54,Male,New,Steady mid-tier,True,4
299,69,65+,Male,Developing,Steady mid-tier,True,11
300,25,25-34,Male,Established,High-value regulars,True,28
301,29,25-34,Male,Developing,High-value regulars,True,24
302,46,45-54,Male,Developing,Steady mid-tier,True,25
303,37,35-44,Male,Established,Steady mid-tier,True,27
304,20,18-24,Male,Loyal,High-value regulars,True,49
305,40,35-44,Male,Loyal,High-value regulars,True,45
306,60,55-64,Male,Established,Steady mid-tier,True,26
307,26,25-34,Male,New,Steady mid-tier,True,4
308,29,25-34,Male,New,Steady mid-tier,True,3
309,66,65+,Male,Loyal,Steady mid-tier,True,45
310,66,65+,Male,Developing,Steady mid-tier,True,21
311,56,55-64,Male,Loyal,High-value regulars,True,50
312,69,65+,Male,Developing,Steady mid-tier,True,19
313,38,35-44,Male,New,Steady mid-tier,True,6
314,42,35-44,Male,Loyal,Steady mid-tier,True,50
315,30,25-34,Male,Developing,Steady mid-tier,True,17
316,66,65+,Male,Developing,Steady mid-tier,True,24
317,36,35-44,Male,Loyal,Steady mid-tier,True,46
318,58,55-64,Male,Loyal,Steady mid-tier,True,42
319,45,45-54,Male,New,Steady mid-tier,True,10
320,47,45-54,Male,New,Steady mid-tier,True,1
321,66,65+,Male,Established,Steady mid-tier,True,28
322,41,35-44,Male,Loyal,Steady mid-tier,True,48
323,41,35-44,Male,Loyal,Steady mid-tier,True,47
324,66,65+,Male,Established,High-value regulars,True,29
325,37,35-44,Male,Established,Steady mid-tier,True,37
326,70,65+,Male,Established,Steady mid-tier,True,38
327,62,55-64,Male,Loyal,High-value regulars,True,48
328,61,55-64,Male,Established,High-value regulars,True,36
329,48,45-54,Male,New,High-value regulars,True,9
330,70,65+,Male,Established,Steady mid-tier,True,34
331,46,45-54,Male,Loyal,Steady mid-tier,True,43
332,31,25-34,Male,Loyal,Steady mid-tier,True,46
333,19,18-24,Male,New,Steady mid-tier,True,5
334,39,35-44,Male,Developing,High-value regulars,True,15
335,41,35-44,Male,Established,Steady mid-tier,True,30
336,20,18-24,Male,Loyal,Steady mid-tier,True,44
337,36,35-44,Male,Developing,Steady mid-tier,True,16
338,32,25-34,Male,Developing,Steady mid-tier,True,16
339,69,65+,Male,Developing,High-value regulars,True,16
340,40,35-44,Male,Developing,Steady mid-tier,True,21
341,40,35-44,Male,Established,Steady mid-tier,True,39
342,20,18-24,Male,Established,Steady mid-tier,True,40
343,64,55-64,Male,Loyal,Steady mid-tier,True,48
344,27,25-34,Male,Established,Steady mid-tier,True,26
345,24,18-24,Male,Loyal,Steady mid-tier,True,46
346,48,45-54,Male,Established,Steady mid-tier,True,27
347,49,45-54,Male,New,High-value regulars,True,5
348,36,35-44,Male,Loyal,Steady mid-tier,True,43
349,56,55-64,Male,Developing,High-value regulars,True,17
350,37,35-44,Male,New,High-value regulars,True,3
351,42,35-44,Male,Loyal,High-value regulars,True,47
352,28,25-34,Male,Developing,High-value regulars,True,24
353,27,25-34,Male,Developing,Steady mid-tier,True,12
354,63,55-64,Male,Established,Steady mid-tier,True,35
355,58,55-64,Male,Loyal,High-value regulars,True,42
356,37,35-44,Male,New,Steady mid-tier,True,1
357,56,55-64,Male,Established,High-value regulars,True,27
358,18,18-24,Male,Developing,High-value regulars,True,16
359,48,45-54,Male,Established,Steady mid-tier,True,36
360,31,25-34,Male,Established,Steady mid-tier,True,30
361,51,45-54,Male,Developing,Steady mid-tier,True,18
362,65,65+,Male,Loyal,Steady mid-tier,True,45
363,53,45-54,Male,New,High-value regulars,True,1
364,55,55-64,Male,Loyal,High-value regulars,True,42
365,62,55-64,Male,New,Steady mid-tier,True,7
366,55,55-64,Male,Loyal,Steady mid-tier,True,50
367,64,55-64,Male,Established,Steady mid-tier,True,37
368,52,45-54,Male,Developing,Steady mid-tier,True,18
369,24,18-24,Male,Established,Steady mid-tier,True,29
370,38,35-44,Male,Loyal,Steady mid-tier,True,45
371,59,55-64,Male,Developing,High-value regulars,True,13
372,27,25-34,Male,Loyal,Steady mid-tier,True,47
373,24,18-24,Male,New,High-value regulars,True,7
374,23,18-24,Male,Developing,Steady mid-tier,True,11
375,69,65+,Male,Established,Steady mid-tier,True,39
376,59,55-64,Male,New,Steady mid-tier,True,6
377,51,45-54,Male,New,Steady mid-tier,True,2
378,63,55-64,Male,Established,Steady mid-tier,True,39
379,54,45-54,Male,Developing,Steady mid-tier,True,23
380,32,25-34,Male,Loyal,Steady mid-tier,True,46
381,39,35-44,Male,Developing,High-value regulars,True,19
382,66,65+,Male,New,Steady mid-tier,True,3
383,28,25-34,Male,Loyal,Steady mid-tier,True,47
384,50,45-54,Male,New,Steady mid-tier,True,6
385,70,65+,Male,New,Steady mid-tier,True,6
386,67,65+,Male,Developing,High-value regulars,True,12
387,64,55-64,Male,Established,Steady mid-tier,True,40
388,45,45-54,Male,Established,High-value regulars,True,38
389,22,18-24,Male,New,Steady mid-tier,True,10
390,27,25-34,Male,Established,Steady mid-tier,True,28
391,25,25-34,Male,Developing,Steady mid-tier,True,19
392,37,35-44,Male,Developing,High-value regulars,True,25
393,26,25-34,Male,Established,Steady mid-tier,True,38
394,33,25-34,Male,New,High-value regulars,True,6
395,43,35-44,Male,New,Steady mid-tier,True,7
396,37,35-44,Male,New,Steady mid-tier,True,2
397,46,45-54,Male,Developing,Steady mid-tier,True,24
398,22,18-24,Male,Established,Steady mid-tier,True,26
399,20,18-24,Male,Developing,Steady mid-tier,True,25
400,60,55-64,Male,New,Steady mid-tier,True,10
401,39,35-44,Male,Developing,High-value regulars,True,14
402,43,35-44,Male,Developing,Steady mid-tier,True,21
403,31,25-34,Male,Established,Steady mid-tier,True,26
404,19,18-24,Male,Developing,Steady mid-tier,True,12
405,35,35-44,Male,Developing,Steady mid-tier,True,11
406,41,35-44,Male,Developing,Steady mid-tier,True,15
407,52,45-54,Male,Developing,Steady mid-tier,True,13
408,45,45-54,Male,New,High-value regulars,True,5
409,34,25-34,Male,Established,High-value regulars,True,36
410,35,35-44,Male,Established,Steady mid-tier,True,32
411,29,25-34,Male,New,Steady mid-tier,True,1
412,59,55-64,Male,Developing,Steady mid-tier,True,15
413,24,18-24,Male,New,High-value regulars,True,3
414,70,65+,Male,Loyal,Steady mid-tier,True,48
415,29,25-34,Male,Established,High-value regulars,True,30
416,67,65+,Male,Established,Steady mid-tier,True,40
417,36,35-44,Male,Developing,High-value regulars,True,24
418,23,18-24,Male,Loyal,Steady mid-tier,True,48
419,18,18-24,Male,Established,High-value regulars,True,27
420,53,45-54,Male,Developing,Steady mid-tier,True,14
421,32,25-34,Male,Developing,Steady mid-tier,True,18
422,38,35-44,Male,Loyal,Steady mid-tier,True,48
423,47,45-54,Male,Established,Steady mid-tier,True,32
424,46,45-54,Male,Developing,Steady mid-tier,True,21
425,66,65+,Male,Loyal,Steady mid-tier,True,42
426,40,35-44,Male,New,Steady mid-tier,True,4
427,43,35-44,Male,Developing,Steady mid-tier,True,19
428,58,55-64,Male,New,Steady mid-tier,True,6
429,21,18-24,Male,New,High-value regulars,True,2
430,42,35-44,Male,Developing,High-value regulars,True,21
431,24,18-24,Male,Established,Steady mid-tier,True,40
432,43,35-44,Male,Established,High-value regulars,True,33
433,47,45-54,Male,Established,High-value regulars,True,26
434,49,45-54,Male,Developing,High-value regulars,True,23
435,50,45-54,Male,Established,Steady mid-tier,True,39
436,51,45-54,Male,Loyal,Steady mid-tier,True,42
437,40,35-44,Male,Loyal,High-value regulars,True,41
438,45,45-54,Male,Loyal,Steady mid-tier,True,41
439,52,45-54,Male,Developing,Steady mid-tier,True,12
440,62,55-64,Male,Established,Steady mid-tier,True,31
441,20,18-24,Male,Established,High-value regulars,True,34
442,43,35-44,Male,Established,Steady mid-tier,True,32
443,29,25-34,Male,Established,Steady mid-tier,True,31
444,22,18-24,Male,Developing,Steady mid-tier,True,24
445,48,45-54,Male,Established,Steady mid-tier,True,31
446,42,35-44,Male,Developing,Steady mid-tier,True,18
447,19,18-24,Male,Developing,Steady mid-tier,True,15
448,60,55-64,Male,New,Steady mid-tier,True,7
449,32,25-34,Male,Established,Steady mid-tier,True,35
450,26,25-34,Male,Established,Steady mid-tier,True,35
451,25,25-34,Male,Developing,Steady mid-tier,True,19
452,66,65+,Male,Established,Steady mid-tier,True,26
453,45,45-54,Male,Established,Steady mid-tier,True,39
454,54,45-54,Male,Developing,High-value regulars,True,22
455,37,35-44,Male,Developing,High-value regulars,True,14
456,54,45-54,Male,Loyal,High-value regulars,True,50
457,50,45-54,Male,Established,Steady mid-tier,True,33
458,25,25-34,Male,Loyal,Steady mid-tier,True,48
459,47,45-54,Male,Loyal,Steady mid-tier,True,48
460,63,55-64,Male,Established,Steady mid-tier,True,27
461,64,55-64,Male,Established,High-value regulars,True,27
462,18,18-24,Male,Developing,High-value regulars,True,20
463,59,55-64,Male,Loyal,Steady mid-tier,True,48
464,37,35-44,Male,Established,High-value regulars,True,29
465,23,18-24,Male,Loyal,Steady mid-tier,True,45
466,54,45-54,Male,Developing,Steady mid-tier,True,25
467,38,35-44,Male,Developing,High-value regulars,True,25
468,19,18-24,Male,Established,Steady mid-tier,True,37
469,34,25-34,Male,Developing,Steady mid-tier,True,16
470,21,18-24,Male,Established,Steady mid-tier,True,30
471,50,45-54,Male,New,Steady mid-tier,True,6
472,55,55-64,Male,Established,Steady mid-tier,True,36
473,20,18-24,Male,New,Steady mid-tier,True,3
474,34,25-34,Male,Established,Steady mid-tier,True,29
475,62,55-64,Male,Developing,Steady mid-tier,True,15
476,21,18-24,Male,Developing,Steady mid-tier,True,18
477,21,18-24,Male,New,High-value regulars,True,2
478,42,35-44,Male,Loyal,High-value regulars,True,49
479,35,35-44,Male,Loyal,Steady mid-tier,True,48
480,39,35-44,Male,Loyal,Steady mid-tier,True,43
481,68,65+,Male,Established,High-value regulars,True,30
482,46,45-54,Male,New,High-value regulars,True,10
483,41,35-44,Male,Developing,Steady mid-tier,True,11
484,23,18-24,Male,Developing,High-value regulars,True,12
485,68,65+,Male,Established,Steady mid-tier,True,28
486,48,45-54,Male,Established,Steady mid-tier,True,36
487,38,35-44,Male,Established,Steady mid-tier,True,37
488,41,35-44,Male,Developing,Steady mid-tier,True,22
489,58,55-64,Male,Established,High-value regulars,True,32
490,49,45-54,Male,Established,Steady mid-tier,True,40
491,57,55-64,Male,Loyal,Steady mid-tier,True,47
492,49,45-54,Male,Developing,High-value regulars,True,24
493,50,45-54,Male,Developing,High-value regulars,True,11
494,28,25-34,Male,Developing,Steady mid-tier,True,19
495,38,35-44,Male,Loyal,High-value regulars,True,42
496,33,25-34,Male,New,Steady mid-tier,True,6
497,30,25-34,Male,Established,High-value regulars,True,31
498,43,35-44,Male,Established,High-value regulars,True,31
499,43,35-44,Male,Established,Steady mid-tier,True,27
500,36,35-44,Male,Developing,Steady mid-tier,True,24
501,36,35-44,Male,Established,Steady mid-tier,True,35
502,64,55-64,Male,Developing,Steady mid-tier,True,21
503,59,55-64,Male,New,Steady mid-tier,True,8
504,55,55-64,Male,Established,Steady mid-tier,True,26
505,42,35-44,Male,Established,Steady mid-tier,True,26
506,61,55-64,Male,New,High-value regulars,True,9
507,28,25-34,Male,Loyal,Steady mid-tier,True,48
508,65,65+,Male,Established,Steady mid-tier,True,33
509,27,25-34,Male,Established,Steady mid-tier,True,31
510,41,35-44,Male,Developing,High-value regulars,True,17
511,21,18-24,Male,Developing,Steady mid-tier,True,22
512,61,55-64,Male,New,Steady mid-tier,True,8
513,19,18-24,Male,New,Steady mid-tier,True,2
514,22,18-24,Male,Loyal,Steady mid-tier,True,45
515,64,55-64,Male,Loyal,Steady mid-tier,True,47
516,28,25-34,Male,New,Steady mid-tier,True,7
517,34,25-34,Male,Developing,Steady mid-tier,True,19
518,61,55-64,Male,Loyal,Steady mid-tier,True,44
519,24,18-24,Male,Developing,Steady mid-tier,True,16
520,19,18-24,Male,Developing,Steady mid-tier,True,17
521,51,45-54,Male,Developing,Steady mid-tier,True,20
522,36,35-44,Male,Loyal,Steady mid-tier,True,50
523,65,65+,Male,Established,Steady mid-tier,True,37
524,46,45-54,Male,New,Steady mid-tier,True,5
525,59,55-64,Male,Loyal,Steady mid-tier,True,44
526,51,45-54,Male,Loyal,Steady mid-tier,True,41
527,51,45-54,Male,Developing,Steady mid-tier,True,19
528,21,18-24,Male,Loyal,Steady mid-tier,True,47
529,34,25-34,Male,Established,Steady mid-tier,True,40
530,32,25-34,Male,New,Steady mid-tier,True,6
531,48,45-54,Male,Developing,Steady mid-tier,True,25
532,50,45-54,Male,Loyal,High-value regulars,True,42
533,26,25-34,Male,Established,Steady mid-tier,True,35
534,57,55-64,Male,Developing,High-value regulars,True,17
535,65,65+,Male,New,Steady mid-tier,True,4
536,56,55-64,Male,Developing,High-value regulars,True,24
537,44,35-44,Male,Developing,Steady mid-tier,True,16
538,50,45-54,Male,Developing,Steady mid-tier,True,14
539,27,25-34,Male,Loyal,High-value regulars,True,43
540,49,45-54,Male,Loyal,High-value regulars,True,49
541,49,45-54,Male,Established,Steady mid-tier,True,33
542,52,45-54,Male,Loyal,Steady mid-tier,True,45
543,27,25-34,Male,Established,High-value regulars,True,35
544,53,45-54,Male,Developing,Steady mid-tier,True,11
545,34,25-34,Male,Established,Steady mid-tier,True,30
546,33,25-34,Male,Loyal,Steady mid-tier,True,48
547,62,55-64,Male,Loyal,High-value regulars,True,45
548,38,35-44,Male,Established,High-value regulars,True,26
549,36,35-44,Male,Loyal,Steady mid-tier,True,41
550,31,25-34,Male,Established,Steady mid-tier,True,37
551,62,55-64,Male,Developing,High-value regulars,True,12
552,29,25-34,Male,Established,High-value regulars,True,27
553,24,18-24,Male,Developing,High-value regulars,True,18
554,63,55-64,Male,Developing,Steady mid-tier,True,15
555,56,55-64,Male,Established,High-value regulars,True,34
556,63,55-64,Male,Established,Steady mid-tier,True,37
557,40,35-44,Male,Developing,High-value regulars,True,21
558,18,18-24,Male,Established,High-value regulars,True,31
559,50,45-54,Male,Loyal,Steady mid-tier,True,43
560,66,65+,Male,Developing,Steady mid-tier,True,22
561,25,25-34,Male,Developing,Steady mid-tier,True,12
562,65,65+,Male,Developing,High-value regulars,True,25
563,53,45-54,Male,Established,Steady mid-tier,True,40
564,61,55-64,Male,Developing,Steady mid-tier,True,16
565,67,65+,Male,Established,High-value regulars,True,30
566,59,55-64,Male,New,High-value regulars,True,10
567,55,55-64,Male,New,High-value regulars,True,1
568,21,18-24,Male,Developing,Steady mid-tier,True,24
569,44,35-44,Male,Established,Steady mid-tier,True,36
570,65,65+,Male,Loyal,Steady mid-tier,True,46
571,65,65+,Male,Developing,Steady mid-tier,True,20
572,54,45-54,Male,Established,High-value regulars,True,37
573,56,55-64,Male,Established,Steady mid-tier,True,26
574,58,55-64,Male,Developing,High-value regulars,True,23
575,54,45-54,Male,Developing,High-value regulars,True,20
576,58,55-64,Male,Established,Steady mid-tier,True,38
577,48,45-54,Male,New,Steady mid-tier,True,5
578,19,18-24,Male,Loyal,Steady mid-tier,True,41
579,69,65+,Male,Developing,High-value regulars,True,22
580,58,55-64,Male,Loyal,Steady mid-tier,True,48
581,49,45-54,Male,New,High-value regulars,True,10
582,32,25-34,Male,Developing,Steady mid-tier,True,12
583,40,35-44,Male,New,Steady mid-tier,True,2
584,25,25-34,Male,Established,Steady mid-tier,True,38
585,70,65+,Male,Developing,Steady mid-tier,True,20
586,69,65+,Male,New,Steady mid-tier,True,5
587,45,45-54,Male,New,Steady mid-tier,True,9
588,29,25-34,Male,Loyal,Steady mid-tier,True,48
589,47,45-54,Male,New,Steady mid-tier,True,9
590,28,25-34,Male,Established,Steady mid-tier,True,40
591,64,55-64,Male,Established,Steady mid-tier,True,30
592,47,45-54,Male,New,Steady mid-tier,True,6
593,60,55-64,Male,Loyal,Steady mid-tier,True,42
594,67,65+,Male,New,Steady mid-tier,True,9
595,35,35-44,Male,New,Steady mid-tier,True,6
596,30,25-34,Male,Loyal,Steady mid-tier,True,47
597,23,18-24,Male,Established,Steady mid-tier,True,36
598,70,65+,Male,Developing,High-value regulars,True,19
599,21,18-24,Male,Established,Steady mid-tier,True,30
600,51,45-54,Male,Established,Steady mid-tier,True,27
601,22,18-24,Male,Developing,Steady mid-tier,True,25
602,32,25-34,Male,New,Steady mid-tier,True,5
603,37,35-44,Male,New,Steady mid-tier,True,10
604,31,25-34,Male,Established,Steady mid-tier,True,26
605,44,35-44,Male,Developing,Steady mid-tier,True,11
606,40,35-44,Male,Developing,High-value regulars,True,17
607,27,25-34,Male,Loyal,Steady mid-tier,True,44
608,47,45-54,Male,Loyal,Steady mid-tier,True,44
609,41,35-44,Male,Developing,Steady mid-tier,True,21
610,51,45-54,Male,Loyal,Steady mid-tier,True,49
611,53,45-54,Male,Established,Steady mid-tier,True,27
612,43,35-44,Male,Developing,Steady mid-tier,True,19
613,67,65+,Male,Established,Steady mid-tier,True,33
614,61,55-64,Male,Loyal,Steady mid-tier,True,46
615,68,65+,Male,Developing,High-value regulars,True,21
616,67,65+,Male,Developing,Steady mid-tier,True,23
617,29,25-34,Male,Established,Steady mid-tier,True,38
618,50,45-54,Male,New,Steady mid-tier,True,2
619,61,55-64,Male,Developing,High-value regulars,True,21
620,19,18-24,Male,New,Steady mid-tier,True,1
621,33,25-34,Male,New,Steady mid-tier,True,10
622,51,45-54,Male,Loyal,High-value regulars,True,45
623,69,65+,Male,Loyal,High-value regulars,True,44
624,19,18-24,Male,Loyal,High-value regulars,True,48
625,55,55-64,Male,Developing,Steady mid-tier,True,21
626,49,45-54,Male,New,High-value regulars,True,1
627,31,25-34,Male,New,Steady mid-tier,True,10
628,42,35-44,Male,Developing,Steady mid-tier,True,24
629,69,65+,Male,Established,Steady mid-tier,True,29
630,26,25-34,Male,Developing,Steady mid-tier,True,11
631,41,35-44,Male,Established,Steady mid-tier,True,33
632,55,55-64,Male,Established,High-value regulars,True,27
633,35,35-44,Male,Developing,Steady mid-tier,True,19
634,66,65+,Male,Loyal,Steady mid-tier,True,50
635,36,35-44,Male,Loyal,High-value regulars,True,46
636,27,25-34,Male,Established,Steady mid-tier,True,28
637,41,35-44,Male,Developing,Steady mid-tier,True,14
638,21,18-24,Male,Loyal,Steady mid-tier,True,46
639,53,45-54,Male,Loyal,Steady mid-tier,True,41
640,54,45-54,Male,Loyal,Steady mid-tier,True,50
641,53,45-54,Male,Established,High-value regulars,True,28
642,47,45-54,Male,Developing,Steady mid-tier,True,23
643,64,55-64,Male,Developing,Steady mid-tier,True,14
644,18,18-24,Male,New,Steady mid-tier,True,10
645,68,65+,Male,Established,High-value regulars,True,37
646,62,55-64,Male,Developing,Steady mid-tier,True,15
647,51,45-54,Male,Developing,Steady mid-tier,True,19
648,54,45-54,Male,Developing,High-value regulars,True,23
649,22,18-24,Male,Established,High-value regulars,True,35
650,53,45-54,Male,Established,Steady mid-tier,True,33
651,34,25-34,Male,Developing,Steady mid-tier,True,12
652,32,25-34,Male,Loyal,Steady mid-tier,True,41
653,64,55-64,Male,Established,High-value regulars,True,27
654,20,18-24,Male,Loyal,High-value regulars,True,45
655,24,18-24,Male,Developing,Steady mid-tier,True,23
656,20,18-24,Male,Developing,Steady mid-tier,True,19
657,42,35-44,Male,New,Steady mid-tier,True,6
658,48,45-54,Male,New,Steady mid-tier,True,6
659,62,55-64,Male,Developing,High-value regulars,True,20
660,62,55-64,Male,New,High-value regulars,True,8
661,50,45-54,Male,Established,Steady mid-tier,True,39
662,57,55-64,Male,Established,Steady mid-tier,True,39
663,24,18-24,Male,Established,High-value regulars,True,39
664,59,55-64,Male,Developing,Steady mid-tier,True,23
665,63,55-64,Male,Loyal,High-value regulars,True,41
666,41,35-44,Male,Loyal,Steady mid-tier,True,50
667,35,35-44,Male,Established,Steady mid-tier,True,30
668,34,25-34,Male,Established,Steady mid-tier,True,32
669,49,45-54,Male,Established,Steady mid-tier,True,35
670,43,35-44,Male,Loyal,High-value regulars,True,45
671,63,55-64,Male,Established,Steady mid-tier,True,37
672,38,35-44,Male,Loyal,High-value regulars,True,45
673,59,55-64,Male,Established,Steady mid-tier,True,29
674,35,35-44,Male,Established,High-value regulars,True,27
675,48,45-54,Male,Established,Steady mid-tier,True,36
676,64,55-64,Male,New,Steady mid-tier,True,9
677,28,25-34,Male,Established,High-value regulars,True,38
678,60,55-64,Male,Loyal,Steady mid-tier,True,41
679,27,25-34,Male,Developing,Steady mid-tier,True,25
680,56,55-64,Male,Established,High-value regulars,True,37
681,58,55-64,Male,New,Steady mid-tier,True,3
682,30,25-34,Male,Developing,Steady mid-tier,True,24
683,23,18-24,Male,Loyal,Steady mid-tier,True,49
684,33,25-34,Male,New,Steady mid-tier,True,3
685,63,55-64,Male,Loyal,Steady mid-tier,True,42
686,70,65+,Male,Established,High-value regulars,True,32
687,70,65+,Male,Established,Steady mid-tier,True,33
688,19,18-24,Male,Loyal,Steady mid-tier,True,46
689,25,25-34,Male,Loyal,Steady mid-tier,True,44
690,19,18-24,Male,Established,Steady mid-tier,True,35
691,25,25-34,Male,Loyal,High-value regulars,True,45
692,60,55-64,Male,Established,Steady mid-tier,True,37
693,35,35-44,Male,Established,Steady mid-tier,True,40
694,46,45-54,Male,Established,Steady mid-tier,True,30
695,41,35-44,Male,Established,Steady mid-tier,True,38
696,30,25-34,Male,Developing,Steady mid-tier,True,15
697,44,35-44,Male,Loyal,Steady mid-tier,True,49
698,61,55-64,Male,Established,Steady mid-tier,True,40
699,55,55-64,Male,Established,High-value regulars,True,40
700,50,45-54,Male,New,High-value regulars,True,5
701,57,55-64,Male,New,Steady mid-tier,True,5
702,51,45-54,Male,New,Steady mid-tier,True,5
703,18,18-24,Male,New,High-value regulars,True,1
704,63,55-64,Male,Developing,High-value regulars,True,21
705,34,25-34,Male,Developing,Steady mid-tier,True,18
706,25,25-34,Male,Loyal,Steady mid-tier,True,49
707,46,45-54,Male,Established,High-value regulars,True,27
708,59,55-64,Male,Developing,Steady mid-tier,True,21
709,37,35-44,Male,Developing,Steady mid-tier,True,19
710,49,45-54,Male,Developing,Steady mid-tier,True,23
711,22,18-24,Male,Established,High-value regulars,True,26
712,64,55-64,Male,Developing,High-value regulars,True,13
713,42,35-44,Male,Established,Steady mid-tier,True,36
714,37,35-44,Male,Established,High-value regulars,True,39
715,26,25-34,Male,Established,High-value regulars,True,40
716,33,25-34,Male,Established,Steady mid-tier,True,37
717,30,25-34,Male,New,Steady mid-tier,True,9
718,21,18-24,Male,New,Steady mid-tier,True,7
719,22,18-24,Male,Developing,Steady mid-tier,True,25
720,63,55-64,Male,Loyal,Steady mid-tier,True,42
721,33,25-34,Male,Developing,High-value regulars,True,19
722,43,35-44,Male,Loyal,Steady mid-tier,True,41
723,27,25-34,Male,Loyal,Steady mid-tier,True,50
724,35,35-44,Male,Loyal,Steady mid-tier,True,43
725,37,35-44,Male,Established,Steady mid-tier,True,36
726,61,55-64,Male,Established,High-value regulars,True,33
727,32,25-34,Male,Developing,Steady mid-tier,True,20
728,62,55-64,Male,Established,Steady mid-tier,True,37
729,29,25-34,Male,Developing,Steady mid-tier,True,12
730,41,35-44,Male,Loyal,Steady mid-tier,True,46
731,48,45-54,Male,Established,Steady mid-tier,True,28
732,43,35-44,Male,Established,Steady mid-tier,True,30
733,34,25-34,Male,Established,High-value regulars,True,28
734,45,45-54,Male,Developing,Steady mid-tier,True,20
735,65,65+,Male,Established,Steady mid-tier,True,39
736,61,55-64,Male,Loyal,Steady mid-tier,True,48
737,18,18-24,Male,Established,Steady mid-tier,True,32
738,47,45-54,Male,Established,Steady mid-tier,True,28
739,56,55-64,Male,Established,Steady mid-tier,True,27
740,64,55-64,Male,Established,Steady mid-tier,True,26
741,26,25-34,Male,Developing,High-value regulars,True,22
742,22,18-24,Male,Developing,Steady mid-tier,True,23
743,64,55-64,Male,Developing,Steady mid-tier,True,21
744,21,18-24,Male,Established,High-value regulars,True,36
745,67,65+,Male,Loyal,High-value regulars,True,42
746,46,45-54,Male,New,Steady mid-tier,True,4
747,40,35-44,Male,Loyal,Steady mid-tier,True,47
748,51,45-54,Male,Developing,High-value regulars,True,13
749,35,35-44,Male,New,Steady mid-tier,True,8
750,56,55-64,Male,Developing,Steady mid-tier,True,11
751,25,25-34,Male,New,Steady mid-tier,True,5
752,65,65+,Male,New,Steady mid-tier,True,1
753,39,35-44,Male,Developing,Steady mid-tier,True,17
754,47,45-54,Male,Established,Steady mid-tier,True,27
755,36,35-44,Male,New,Steady mid-tier,True,3
756,66,65+,Male,Developing,High-value regulars,True,22
757,62,55-64,Male,Developing,High-value regulars,True,24
758,41,35-44,Male,Developing,Steady mid-tier,True,18
759,66,65+,Male,Established,Steady mid-tier,True,39
760,51,45-54,Male,Developing,Steady mid-tier,True,25
761,33,25-34,Male,New,Steady mid-tier,True,6
762,57,55-64,Male,Established,High-value regulars,True,26
763,45,45-54,Male,Loyal,Steady mid-tier,True,43
764,61,55-64,Male,New,Steady mid-tier,True,6
765,55,55-64,Male,New,Steady mid-tier,True,6
766,54,45-54,Male,Developing,Steady mid-tier,True,13
767,57,55-64,Male,Developing,Steady mid-tier,True,13
768,27,25-34,Male,Developing,Steady mid-tier,True,11
769,64,55-64,Male,Loyal,High-value regulars,True,45
770,52,45-54,Male,New,Steady mid-tier,True,8
771,19,18-24,Male,New,Steady mid-tier,True,8
772,22,18-24,Male,Established,High-value regulars,True,34
773,18,18-24,Male,Established,Steady mid-tier,True,40
774,29,25-34,Male,Developing,High-value regulars,True,14
775,42,35-44,Male,Developing,Steady mid-tier,True,11
776,49,45-54,Male,New,Steady mid-tier,True,8
777,49,45-54,Male,New,Steady mid-tier,True,8
778,55,55-64,Male,Established,High-value regulars,True,37
779,29,25-34,Male,Developing,Steady mid-tier,True,23
780,60,55-64,Male,Established,Steady mid-tier,True,38
781,34,25-34,Male,Established,Steady mid-tier,True,38
782,30,25-34,Male,Developing,Steady mid-tier,True,12
783,28,25-34,Male,Developing,High-value regulars,True,15
784,63,55-64,Male,Established,High-value regulars,True,38
785,31,25-34,Male,Loyal,Steady mid-tier,True,41
786,46,45-54,Male,Established,High-value regulars,True,37
787,70,65+,Male,Developing,Steady mid-tier,True,16
788,53,45-54,Male,Developing,High-value regulars,True,25
789,50,45-54,Male,Developing,Steady mid-tier,True,18
790,33,25-34,Male,New,High-value regulars,True,4
791,22,18-24,Male,Developing,Steady mid-tier,True,12
792,50,45-54,Male,Established,Steady mid-tier,True,35
793,34,25-34,Male,Loyal,High-value regulars,True,45
794,24,18-24,Male,Developing,Steady mid-tier,True,16
795,69,65+,Male,New,Steady mid-tier,True,10
796,39,35-44,Male,Established,Steady mid-tier,True,34
797,42,35-44,Male,Loyal,Steady mid-tier,True,43
798,42,35-44,Male,Established,High-value regulars,True,38
799,29,25-34,Male,Loyal,Steady mid-tier,True,48
800,55,55-64,Male,Established,Steady mid-tier,True,31
801,32,25-34,Male,Developing,Steady mid-tier,True,20
802,25,25-34,Male,Developing,Steady mid-tier,True,12
803,38,35-44,Male,New,High-value regulars,True,2
804,32,25-34,Male,Established,Steady mid-tier,True,30
805,43,35-44,Male,Established,Steady mid-tier,True,28
806,41,35-44,Male,Established,Steady mid-tier,True,40
807,56,55-64,Male,Loyal,Steady mid-tier,True,46
808,27,25-34,Male,Developing,High-value regulars,True,15
809,46,45-54,Male,Established,Steady mid-tier,True,38
810,48,45-54,Male,Established,High-value regulars,True,30
811,52,45-54,Male,Established,High-value regulars,True,32
812,18,18-24,Male,Established,Steady mid-tier,True,36
813,64,55-64,Male,Established,High-value regulars,True,32
814,54,45-54,Male,Developing,Steady mid-tier,True,14
815,31,25-34,Male,New,Steady mid-tier,True,8
816,30,25-34,Male,Established,High-value regulars,True,27
817,26,25-34,Male,Developing,Steady mid-tier,True,24
818,25,25-34,Male,Established,Steady mid-tier,True,30
819,59,55-64,Male,Established,Steady mid-tier,True,34
820,55,55-64,Male,Established,Steady mid-tier,True,28
821,56,55-64,Male,Established,Steady mid-tier,True,27
822,62,55-64,Male,Established,Steady mid-tier,True,31
823,35,35-44,Male,Developing,Steady mid-tier,True,23
824,51,45-54,Male,Developing,Steady mid-tier,True,11
825,61,55-64,Male,Loyal,Steady mid-tier,True,48
826,27,25-34,Male,Developing,Steady mid-tier,True,17
827,54,45-54,Male,Established,High-value regulars,True,36
828,31,25-34,Male,Established,Steady mid-tier,True,33
829,24,18-24,Male,Established,High-value regulars,True,27
830,42,35-44,Male,Developing,High-value regulars,True,14
831,41,35-44,Male,New,Steady mid-tier,True,5
832,66,65+,Male,Loyal,Steady mid-tier,True,47
833,58,55-64,Male,Established,High-value regulars,True,28
834,43,35-44,Male,Developing,Steady mid-tier,True,11
835,52,45-54,Male,Developing,High-value regulars,True,18
836,35,35-44,Male,Developing,High-value regulars,True,21
837,23,18-24,Male,Developing,High-value regulars,True,22
838,25,25-34,Male,Established,Steady mid-tier,True,33
839,33,25-34,Male,Loyal,Steady mid-tier,True,49
840,48,45-54,Male,New,Steady mid-tier,True,10
841,42,35-44,Male,Developing,High-value regulars,True,18
842,55,55-64,Male,Established,High-value regulars,True,28
843,59,55-64,Male,Developing,High-value regulars,True,25
844,65,65+,Male,New,High-value regulars,True,6
845,59,55-64,Male,Loyal,Steady mid-tier,True,44
846,31,25-34,Male,Established,Steady mid-tier,True,30
847,49,45-54,Male,Loyal,Steady mid-tier,True,42
848,53,45-54,Male,Established,Steady mid-tier,True,30
849,48,45-54,Male,Established,High-value regulars,True,33
850,23,18-24,Male,Developing,Steady mid-tier,True,24
851,68,65+,Male,Developing,Steady mid-tier,True,13
852,35,35-44,Male,Developing,Steady mid-tier,True,19
853,34,25-34,Male,Developing,Steady mid-tier,True,23
854,62,55-64,Male,Established,Steady mid-tier,True,35
855,21,18-24,Male,Developing,Steady mid-tier,True,22
856,70,65+,Male,Developing,Steady mid-tier,True,14
857,55,55-64,Male,Loyal,Steady mid-tier,True,47
858,43,35-44,Male,Loyal,Steady mid-tier,True,50
859,19,18-24,Male,Established,High-value regulars,True,33
860,47,45-54,Male,New,Steady mid-tier,True,7
861,26,25-34,Male,New,Steady mid-tier,True,3
862,46,45-54,Male,Established,Steady mid-tier,True,35
863,19,18-24,Male,Developing,High-value regulars,True,13
864,49,45-54,Male,Loyal,Steady mid-tier,True,42
865,51,45-54,Male,New,Steady mid-tier,True,5
866,64,55-64,Male,Developing,Steady mid-tier,True,23
867,67,65+,Male,Developing,High-value regulars,True,11
868,37,35-44,Male,Developing,Steady mid-tier,True,23
869,40,35-44,Male,New,Steady mid-tier,True,2
870,38,35-44,Male,Established,High-value regulars,True,33
871,66,65+,Male,New,High-value regulars,True,6
872,47,45-54,Male,Loyal,Steady mid-tier,True,45
873,56,55-64,Male,Developing,Steady mid-tier,True,25
874,51,45-54,Male,Developing,Steady mid-tier,True,24
875,25,25-34,Male,New,Steady mid-tier,True,10
876,37,35-44,Male,New,Steady mid-tier,True,7
877,41,35-44,Male,New,High-value regulars,True,1
878,64,55-64,Male,Loyal,Steady mid-tier,True,45
879,23,18-24,Male,Established,High-value regulars,True,37
880,62,55-64,Male,Developing,Steady mid-tier,True,14
881,39,35-44,Male,Developing,Steady mid-tier,True,25
882,52,45-54,Male,Developing,Steady mid-tier,True,18
883,50,45-54,Male,Established,Steady mid-tier,True,37
884,28,25-34,Male,Established,Steady mid-tier,True,30
885,67,65+,Male,Established,High-value regulars,True,34
886,41,35-44,Male,Loyal,Steady mid-tier,True,49
887,19,18-24,Male,Loyal,Steady mid-tier,True,48
888,70,65+,Male,Established,Steady mid-tier,True,33
889,49,45-54,Male,Loyal,Steady mid-tier,True,44
890,59,55-64,Male,Loyal,High-value regulars,True,50
891,52,45-54,Male,Loyal,Steady mid-tier,True,47
892,20,18-24,Male,Developing,Steady mid-tier,True,24
893,31,25-34,Male,Loyal,Steady mid-tier,True,43
894,33,25-34,Male,Developing,Steady mid-tier,True,14
895,44,35-44,Male,New,Steady mid-tier,True,3
896,40,35-44,Male,Established,Steady mid-tier,True,33
897,69,65+,Male,Established,Steady mid-tier,True,38
898,29,25-34,Male,Loyal,High-value regulars,True,46
899,54,45-54,Male,Developing,Steady mid-tier,True,19
900,65,65+,Male,Developing,Steady mid-tier,True,20
901,54,45-54,Male,Loyal,Steady mid-tier,True,42
902,60,55-64,Male,Established,Steady mid-tier,True,34
903,43,35-44,Male,New,Steady mid-tier,True,5
904,44,35-44,Male,New,Steady mid-tier,True,3
905,69,65+,Male,Loyal,Steady mid-tier,True,46
906,46,45-54,Male,Developing,Steady mid-tier,True,16
907,41,35-44,Male,Developing,High-value regulars,True,21
908,32,25-34,Male,Established,Steady mid-tier,True,34
909,26,25-34,Male,New,Steady mid-tier,True,9
910,61,55-64,Male,Established,High-value regulars,True,36
911,49,45-54,Male,Developing,Steady mid-tier,True,22
912,53,45-54,Male,New,Steady mid-tier,True,2
913,24,18-24,Male,Established,Steady mid-tier,True,32
914,37,35-44,Male,Established,Steady mid-tier,True,29
915,43,35-44,Male,Established,Steady mid-tier,True,27
916,31,25-34,Male,Established,Steady mid-tier,True,33
917,49,45-54,Male,Developing,Steady mid-tier,True,16
918,69,65+,Male,Developing,Steady mid-tier,True,11
919,65,65+,Male,Developing,Steady mid-tier,True,11
920,41,35-44,Male,Developing,High-value regulars,True,17
921,37,35-44,Male,Established,High-value regulars,True,37
922,70,65+,Male,Developing,High-value regulars,True,18
923,63,55-64,Male,Developing,Steady mid-tier,True,13
924,55,55-64,Male,New,High-value regulars,True,7
925,52,45-54,Male,Established,Steady mid-tier,True,37
926,22,18-24,Male,New,Steady mid-tier,True,8
927,54,45-54,Male,Developing,High-value regulars,True,11
928,28,25-34,Male,New,High-value regulars,True,8
929,67,65+,Male,Established,Steady mid-tier,True,31
930,59,55-64,Male,Established,High-value regulars,True,26
931,26,25-34,Male,Developing,High-value regulars,True,20
932,24,18-24,Male,Developing,Steady mid-tier,True,24
933,62,55-64,Male,Loyal,Steady mid-tier,True,45
934,70,65+,Male,Established,Steady mid-tier,True,33
935,45,45-54,Male,Developing,Steady mid-tier,True,21
936,58,55-64,Male,New,Steady mid-tier,True,2
937,31,25-34,Male,Established,High-value regulars,True,28
938,32,25-34,Male,Developing,Steady mid-tier,True,18
939,36,35-44,Male,Developing,High-value regulars,True,21
940,25,25-34,Male,Developing,Steady mid-tier,True,24
941,48,45-54,Male,Developing,Steady mid-tier,True,15
942,39,35-44,Male,Established,Steady mid-tier,True,38
943,26,25-34,Male,Established,High-value regulars,True,38
944,32,25-34,Male,Developing,High-value regulars,True,13
945,54,45-54,Male,Established,High-value regulars,True,39
946,38,35-44,Male,New,Steady mid-tier,True,8
947,46,45-54,Male,New,Steady mid-tier,True,4
948,57,55-64,Male,New,Steady mid-tier,True,6
949,49,45-54,Male,Developing,Steady mid-tier,True,11
950,33,25-34,Male,Loyal,Steady mid-tier,True,49
951,54,45-54,Male,Established,Steady mid-tier,True,30
952,47,45-54,Male,Established,Steady mid-tier,True,34
953,36,35-44,Male,Established,Steady mid-tier,True,28
954,68,65+,Male,Established,Steady mid-tier,True,36
955,60,55-64,Male,Developing,Steady mid-tier,True,18
956,55,55-64,Male,New,Steady mid-tier,True,4
957,29,25-34,Male,Loyal,Steady mid-tier,True,42
958,38,35-44,Male,Developing,Steady mid-tier,True,11
959,70,65+,Male,Established,Steady mid-tier,True,31
960,36,35-44,Male,Developing,High-value regulars,True,12
961,18,18-24,Male,Developing,Steady mid-tier,True,20
962,62,55-64,Male,Established,Steady mid-tier,True,37
963,29,25-34,Male,Established,High-value regulars,True,26
964,21,18-24,Male,Developing,High-value regulars,True,14
965,42,35-44,Male,Developing,Steady mid-tier,True,12
966,43,35-44,Male,New,Steady mid-tier,True,10
967,58,55-64,Male,Developing,Steady mid-tier,True,19
968,27,25-34,Male,New,High-value regulars,True,4
969,57,55-64,Male,Loyal,Steady mid-tier,True,48
970,40,35-44,Male,Established,Steady mid-tier,True,37
971,45,45-54,Male,New,Steady mid-tier,True,4
972,47,45-54,Male,Developing,High-value regulars,True,15
973,61,55-64,Male,Established,High-value regulars,True,33
974,60,55-64,Male,Established,Steady mid-tier,True,30
975,69,65+,Male,Developing,Steady mid-tier,True,23
976,58,55-64,Male,New,High-value regulars,True,2
977,34,25-34,Male,Loyal,Steady mid-tier,True,50
978,20,18-24,Male,Established,Steady mid-tier,True,34
979,56,55-64,Male,Established,High-value regulars,True,33
980,64,55-64,Male,Established,Steady mid-tier,True,34
981,56,55-64,Male,Established,Steady mid-tier,True,39
982,27,25-34,Male,Loyal,Steady mid-tier,True,47
983,35,35-44,Male,Established,Steady mid-tier,True,37
984,24,18-24,Male,Established,Steady mid-tier,True,40
985,26,25-34,Male,New,High-value regulars,True,8
986,32,25-34,Male,Developing,Steady mid-tier,True,12
987,54,45-54,Male,Established,Steady mid-tier,True,36
988,62,55-64,Male,Loyal,High-value regulars,True,48
989,50,45-54,Male,Loyal,High-value regulars,True,47
990,70,65+,Male,New,Steady mid-tier,True,2
991,48,45-54,Male,Developing,High-value regulars,True,24
992,20,18-24,Male,Established,High-value regulars,True,40
993,46,45-54,Male,Loyal,High-value regulars,True,50
994,51,45-54,Male,Developing,High-value regulars,True,25
995,53,45-54,Male,Developing,Steady mid-tier,True,20
996,44,35-44,Male,New,High-value regulars,True,10
997,29,25-34,Male,Established,Steady mid-tier,True,32
998,64,55-64,Male,Established,Steady mid-tier,True,31
999,51,45-54,Male,Loyal,High-value regulars,True,48
1000,50,45-54,Male,Developing,Steady mid-tier,True,23
1001,43,35-44,Male,New,Steady mid-tier,True,1
1002,61,55-64,Male,New,High-value regulars,True,4
1003,55,55-64,Male,New,High-value regulars,True,3
1004,56,55-64,Male,New,High-value regulars,True,3
1005,33,25-34,Male,Loyal,Steady mid-tier,True,44
1006,43,35-44,Male,New,High-value regulars,True,5
1007,21,18-24,Male,Loyal,Steady mid-tier,True,50
1008,58,55-64,Male,New,Steady mid-tier,True,2
1009,41,35-44,Male,Established,Steady mid-tier,True,29
1010,39,35-44,Male,Developing,Steady mid-tier,True,11
1011,54,45-54,Male,Established,Steady mid-tier,True,37
1012,43,35-44,Male,Established,Steady mid-tier,True,32
1013,28,25-34,Male,Established,Steady mid-tier,True,27
1014,59,55-64,Male,Established,High-value regulars,True,31
1015,28,25-34,Male,Established,High-value regulars,True,36
1016,68,65+,Male,Established,High-value regulars,True,34
1017,20,18-24,Male,Developing,Steady mid-tier,True,15
1018,21,18-24,Male,Developing,Steady mid-tier,True,14
1019,50,45-54,Male,Loyal,High-value regulars,True,46
1020,32,25-34,Male,Established,High-value regulars,True,33
1021,24,18-24,Male,Loyal,Steady mid-tier,True,41
1022,55,55-64,Male,Established,High-value regulars,True,39
1023,61,55-64,Male,New,Steady mid-tier,True,7
1024,61,55-64,Male,Established,Steady mid-tier,True,29
1025,28,25-34,Male,Developing,Steady mid-tier,True,18
1026,60,55-64,Male,Developing,Steady mid-tier,True,15
1027,49,45-54,Male,Established,High-value regulars,True,39
1028,33,25-34,Male,Developing,Steady mid-tier,True,11
1029,45,45-54,Male,New,Steady mid-tier,True,4
1030,29,25-34,Male,Established,Steady mid-tier,True,33
1031,58,55-64,Male,Established,Steady mid-tier,True,37
1032,22,18-24,Male,Established,Steady mid-tier,True,32
1033,55,55-64,Male,Loyal,Steady mid-tier,True,44
1034,19,18-24,Male,Loyal,Steady mid-tier,True,41
1035,68,65+,Male,Loyal,High-value regulars,True,44
1036,61,55-64,Male,Established,Steady mid-tier,True,32
1037,68,65+,Male,Developing,Steady mid-tier,True,13
1038,52,45-54,Male,Loyal,Steady mid-tier,True,48
1039,41,35-44,Male,New,High-value regulars,True,3
1040,29,25-34,Male,Established,Steady mid-tier,True,39
1041,68,65+,Male,New,Steady mid-tier,True,7
1042,36,35-44,Male,Developing,Steady mid-tier,True,11
1043,55,55-64,Male,Loyal,High-value regulars,True,47
1044,28,25-34,Male,Established,High-value regulars,True,28
1045,39,35-44,Male,Developing,Steady mid-tier,True,17
1046,54,45-54,Male,Developing,High-value regulars,True,11
1047,40,35-44,Male,Developing,Steady mid-tier,True,12
1048,31,25-34,Male,New,Steady mid-tier,True,7
1049,30,25-34,Male,Developing,High-value regulars,True,19
1050,45,45-54,Male,Developing,Steady mid-tier,True,24
1051,48,45-54,Male,Developing,Steady mid-tier,True,19
1052,45,45-54,Male,Established,Steady mid-tier,True,39
1053,60,55-64,Male,New,Steady mid-tier,True,1
1054,59,55-64,Male,New,High-value regulars,False,10
1055,18,18-24,Male,Loyal,Steady mid-tier,False,48
1056,70,65+,Male,Developing,Steady mid-tier,False,24
1057,20,18-24,Male,Loyal,High-value regulars,False,42
1058,65,65+,Male,Developing,High-value regulars,False,20
1059,29,25-34,Male,Loyal,Steady mid-tier,False,49
1060,22,18-24,Male,Developing,Steady mid-tier,False,25
1061,27,25-34,Male,Developing,Steady mid-tier,False,21
1062,36,35-44,Male,Developing,Steady mid-tier,False,12
1063,59,55-64,Male,Developing,Steady mid-tier,False,21
1064,62,55-64,Male,Established,Steady mid-tier,False,35
1065,34,25-34,Male,Loyal,Steady mid-tier,False,42
1066,59,55-64,Male,New,Steady mid-tier,False,3
1067,49,45-54,Male,Developing,High-value regulars,False,11
1068,18,18-24,Male,Developing,Steady mid-tier,False,22
1069,55,55-64,Male,Loyal,High-value regulars,False,47
1070,38,35-44,Male,Established,Steady mid-tier,False,33
1071,50,45-54,Male,Loyal,High-value regulars,False,50
1072,61,55-64,Male,Loyal,Steady mid-tier,False,46
1073,48,45-54,Male,Established,High-value regulars,False,34
1074,22,18-24,Male,Established,Steady mid-tier,False,33
1075,48,45-54,Male,Loyal,High-value regulars,False,45
1076,57,55-64,Male,Established,Steady mid-tier,False,32
1077,33,25-34,Male,Loyal,High-value regulars,False,47
1078,58,55-64,Male,New,Steady mid-tier,False,5
1079,37,35-44,Male,Loyal,High-value regulars,False,49
1080,18,18-24,Male,Loyal,Steady mid-tier,False,48
1081,65,65+,Male,Developing,Steady mid-tier,False,22
1082,62,55-64,Male,Loyal,Steady mid-tier,False,45
1083,54,45-54,Male,Established,Steady mid-tier,False,30
1084,35,35-44,Male,Loyal,High-value regulars,False,43
1085,34,25-34,Male,Loyal,Steady mid-tier,False,48
1086,25,25-34,Male,Developing,High-value regulars,False,23
1087,53,45-54,Male,Established,High-value regulars,False,27
1088,45,45-54,Male,New,Steady mid-tier,False,7
1089,49,45-54,Male,New,High-value regulars,False,2
1090,40,35-44,Male,Established,High-value regulars,False,33
1091,38,35-44,Male,Established,High-value regulars,False,27
1092,44,35-44,Male,New,High-value regulars,False,6
1093,68,65+,Male,Developing,Steady mid-tier,False,20
1094,60,55-64,Male,Loyal,Steady mid-tier,False,46
1095,25,25-34,Male,Developing,Steady mid-tier,False,25
1096,19,18-24,Male,Established,Steady mid-tier,False,30
1097,57,55-64,Male,Loyal,Steady mid-tier,False,48
1098,58,55-64,Male,Loyal,High-value regulars,False,47
1099,49,45-54,Male,Established,High-value regulars,False,27
1100,19,18-24,Male,Loyal,High-value regulars,False,45
1101,50,45-54,Male,New,High-value regulars,False,2
1102,30,25-34,Male,Established,High-value regulars,False,39
1103,52,45-54,Male,Developing,High-value regulars,False,24
1104,35,35-44,Male,New,Steady mid-tier,False,8
1105,35,35-44,Male,New,Steady mid-tier,False,8
1106,33,25-34,Male,New,Steady mid-tier,False,6
1107,52,45-54,Male,Developing,High-value regulars,False,12
1108,69,65+,Male,Established,High-value regulars,False,26
1109,27,25-34,Male,Loyal,Steady mid-tier,False,50
1110,66,65+,Male,New,High-value regulars,False,2
1111,28,25-34,Male,Established,High-value regulars,False,31
1112,22,18-24,Male,New,High-value regulars,False,4
1113,69,65+,Male,Established,Steady mid-tier,False,32
1114,28,25-34,Male,Developing,High-value regulars,False,11
1115,55,55-64,Male,Loyal,Steady mid-tier,False,47
1116,30,25-34,Male,Established,High-value regulars,False,37
1117,67,65+,Male,Established,High-value regulars,False,39
1118,25,25-34,Male,Developing,Steady mid-tier,False,24
1119,49,45-54,Male,Developing,Steady mid-tier,False,11
1120,34,25-34,Male,Established,High-value regulars,False,36
1121,22,18-24,Male,Established,Steady mid-tier,False,40
1122,63,55-64,Male,Developing,Steady mid-tier,False,25
1123,70,65+,Male,Developing,Steady mid-tier,False,12
1124,36,35-44,Male,Established,Steady mid-tier,False,38
1125,42,35-44,Male,Established,Steady mid-tier,False,40
1126,27,25-34,Male,New,High-value regulars,False,10
1127,23,18-24,Male,Loyal,High-value regulars,False,47
1128,50,45-54,Male,Developing,Steady mid-tier,False,22
1129,56,55-64,Male,Established,Steady mid-tier,False,35
1130,37,35-44,Male,Loyal,High-value regulars,False,46
1131,67,65+,Male,Established,Steady mid-tier,False,30
1132,67,65+,Male,Developing,Steady mid-tier,False,20
1133,50,45-54,Male,Developing,High-value regulars,False,25
1134,36,35-44,Male,Established,High-value regulars,False,29
1135,62,55-64,Male,New,Steady mid-tier,False,2
1136,65,65+,Male,Established,Steady mid-tier,False,32
1137,23,18-24,Male,Established,Steady mid-tier,False,37
1138,46,45-54,Male,Developing,Steady mid-tier,False,16
1139,18,18-24,Male,Established,Steady mid-tier,False,32
1140,58,55-64,Male,Loyal,Steady mid-tier,False,42
1141,31,25-34,Male,New,Steady mid-tier,False,6
1142,39,35-44,Male,Developing,Steady mid-tier,False,23
1143,69,65+,Male,Established,High-value regulars,False,27
1144,68,65+,Male,Loyal,Steady mid-tier,False,43
1145,41,35-44,Male,Developing,Steady mid-tier,False,25
1146,31,25-34,Male,Established,Steady mid-tier,False,30
1147,48,45-54,Male,New,Steady mid-tier,False,7
1148,59,55-64,Male,Developing,Steady mid-tier,False,17
1149,34,25-34,Male,New,High-value regulars,False,10
1150,21,18-24,Male,Established,Steady mid-tier,False,40
1151,29,25-34,Male,Loyal,Steady mid-tier,False,50
1152,41,35-44,Male,Developing,High-value regulars,False,24
1153,62,55-64,Male,New,Steady mid-tier,False,8
1154,27,25-34,Male,New,Steady mid-tier,False,6
1155,49,45-54,Male,Loyal,High-value regulars,False,44
1156,67,65+,Male,Loyal,Steady mid-tier,False,47
1157,20,18-24,Male,New,Steady mid-tier,False,6
1158,37,35-44,Male,Developing,Steady mid-tier,False,11
1159,69,65+,Male,Loyal,Steady mid-tier,False,41
1160,66,65+,Male,Loyal,Steady mid-tier,False,46
1161,37,35-44,Male,New,Steady mid-tier,False,9
1162,63,55-64,Male,Established,Steady mid-tier,False,37
1163,47,45-54,Male,Developing,High-value regulars,False,13
1164,26,25-34,Male,Developing,Steady mid-tier,False,24
1165,68,65+,Male,Loyal,Steady mid-tier,False,47
1166,51,45-54,Male,Developing,Steady mid-tier,False,21
1167,48,45-54,Male,Developing,Steady mid-tier,False,22
1168,60,55-64,Male,Developing,Steady mid-tier,False,16
1169,68,65+,Male,Established,High-value regulars,False,37
1170,25,25-34,Male,New,Steady mid-tier,False,3
1171,57,55-64,Male,Established,High-value regulars,False,33
1172,41,35-44,Male,Developing,Steady mid-tier,False,15
1173,59,55-64,Male,Loyal,High-value regulars,False,42
1174,44,35-44,Male,Loyal,High-value regulars,False,42
1175,42,35-44,Male,Developing,Steady mid-tier,False,19
1176,35,35-44,Male,Established,Steady mid-tier,False,26
1177,36,35-44,Male,Established,Steady mid-tier,False,39
1178,54,45-54,Male,Developing,Steady mid-tier,False,24
1179,37,35-44,Male,Developing,Steady mid-tier,False,23
1180,20,18-24,Male,Loyal,Steady mid-tier,False,44
1181,23,18-24,Male,Established,Steady mid-tier,False,34
1182,61,55-64,Male,Loyal,Steady mid-tier,False,43
1183,37,35-44,Male,Loyal,Steady mid-tier,False,45
1184,23,18-24,Male,New,High-value regulars,False,4
1185,63,55-64,Male,Developing,Steady mid-tier,False,19
1186,47,45-54,Male,Established,Steady mid-tier,False,29
1187,63,55-64,Male,Established,Steady mid-tier,False,27
1188,56,55-64,Male,Established,Steady mid-tier,False,37
1189,68,65+,Male,Developing,High-value regulars,False,11
1190,64,55-64,Male,Established,Steady mid-tier,False,28
1191,62,55-64,Male,Established,High-value regulars,False,31
1192,34,25-34,Male,Loyal,Steady mid-tier,False,50
1193,49,45-54,Male,Loyal,Steady mid-tier,False,42
1194,40,35-44,Male,Developing,High-value regulars,False,18
1195,50,45-54,Male,New,Steady mid-tier,False,6
1196,25,25-34,Male,Established,Steady mid-tier,False,33
1197,30,25-34,Male,Developing,High-value regulars,False,13
1198,54,45-54,Male,Established,Steady mid-tier,False,26
1199,40,35-44,Male,Developing,Steady mid-tier,False,17
1200,49,45-54,Male,New,High-value regulars,False,3
1201,27,25-34,Male,New,High-value regulars,False,7
1202,27,25-34,Male,Loyal,High-value regulars,False,46
1203,48,45-54,Male,Developing,Steady mid-tier,False,14
1204,40,35-44,Male,Developing,Steady mid-tier,False,23
1205,67,65+,Male,Developing,Steady mid-tier,False,20
1206,52,45-54,Male,Established,High-value regulars,False,38
1207,22,18-24,Male,Developing,Steady mid-tier,False,16
1208,62,55-64,Male,Loyal,Steady mid-tier,False,48
1209,20,18-24,Male,New,Steady mid-tier,False,8
1210,41,35-44,Male,Developing,Steady mid-tier,False,16
1211,34,25-34,Male,New,Steady mid-tier,False,5
1212,23,18-24,Male,Developing,Steady mid-tier,False,14
1213,32,25-34,Male,Developing,High-value regulars,False,18
1214,68,65+,Male,Developing,Steady mid-tier,False,14
1215,30,25-34,Male,New,Steady mid-tier,False,5
1216,66,65+,Male,Developing,Steady mid-tier,False,15
1217,62,55-64,Male,New,Steady mid-tier,False,3
1218,50,45-54,Male,Developing,Steady mid-tier,False,12
1219,55,55-64,Male,Loyal,Steady mid-tier,False,43
1220,19,18-24,Male,Established,Steady mid-tier,False,35
1221,67,65+,Male,Established,Steady mid-tier,False,36
1222,18,18-24,Male,New,Steady mid-tier,False,3
1223,58,55-64,Male,Established,Steady mid-tier,False,27
1224,69,65+,Male,Developing,High-value regulars,False,21
1225,62,55-64,Male,Developing,High-value regulars,False,18
1226,28,25-34,Male,Developing,High-value regulars,False,16
1227,53,45-54,Male,Developing,High-value regulars,False,18
1228,27,25-34,Male,Developing,Steady mid-tier,False,19
1229,55,55-64,Male,New,Steady mid-tier,False,1
1230,34,25-34,Male,Established,Steady mid-tier,False,39
1231,25,25-34,Male,Loyal,Steady mid-tier,False,49
1232,66,65+,Male,Loyal,High-value regulars,False,43
1233,57,55-64,Male,Established,Steady mid-tier,False,31
1234,46,45-54,Male,Established,Steady mid-tier,False,40
1235,38,35-44,Male,New,High-value regulars,False,2
1236,23,18-24,Male,Loyal,Steady mid-tier,False,46
1237,42,35-44,Male,Established,Steady mid-tier,False,35
1238,25,25-34,Male,Loyal,Steady mid-tier,False,42
1239,55,55-64,Male,New,High-value regulars,False,3
1240,62,55-64,Male,Established,Steady mid-tier,False,32
1241,41,35-44,Male,Loyal,Steady mid-tier,False,48
1242,58,55-64,Male,Established,High-value regulars,False,34
1243,56,55-64,Male,Developing,Steady mid-tier,False,15
1244,25,25-34,Male,Developing,Steady mid-tier,False,22
1245,70,65+,Male,New,Steady mid-tier,False,2
1246,42,35-44,Male,Established,High-value regulars,False,30
1247,27,25-34,Male,Established,Steady mid-tier,False,27
1248,65,65+,Male,Developing,High-value regulars,False,18
1249,62,55-64,Male,New,Steady mid-tier,False,8
1250,62,55-64,Male,Loyal,Steady mid-tier,False,48
1251,52,45-54,Male,Developing,Steady mid-tier,False,24
1252,56,55-64,Male,Loyal,Steady mid-tier,False,43
1253,28,25-34,Male,New,Steady mid-tier,False,8
1254,39,35-44,Male,Loyal,Steady mid-tier,False,49
1255,54,45-54,Male,New,High-value regulars,False,2
1256,30,25-34,Male,Established,High-value regulars,False,38
1257,45,45-54,Male,New,Steady mid-tier,False,4
1258,68,65+,Male,Established,Steady mid-tier,False,31
1259,47,45-54,Male,Established,Steady mid-tier,False,34
1260,68,65+,Male,Loyal,Steady mid-tier,False,45
1261,63,55-64,Male,Established,Steady mid-tier,False,30
1262,20,18-24,Male,New,Steady mid-tier,False,2
1263,29,25-34,Male,Loyal,Steady mid-tier,False,44
1264,41,35-44,Male,New,High-value regulars,False,1
1265,52,45-54,Male,New,High-value regulars,False,1
1266,32,25-34,Male,Established,High-value regulars,False,27
1267,20,18-24,Male,Developing,Steady mid-tier,False,14
1268,47,45-54,Male,Loyal,High-value regulars,False,41
1269,23,18-24,Male,Developing,High-value regulars,False,25
1270,43,35-44,Male,Loyal,Steady mid-tier,False,47
1271,67,65+,Male,Developing,Steady mid-tier,False,20
1272,70,65+,Male,Loyal,Steady mid-tier,False,42
1273,35,35-44,Male,Developing,Steady mid-tier,False,16
1274,41,35-44,Male,Established,Steady mid-tier,False,32
1275,54,45-54,Male,Established,Steady mid-tier,False,37
1276,55,55-64,Male,New,Steady mid-tier,False,1
1277,51,45-54,Male,Established,High-value regulars,False,37
1278,19,18-24,Male,New,Steady mid-tier,False,5
1279,28,25-34,Male,Established,High-value regulars,False,31
1280,63,55-64,Male,Developing,Steady mid-tier,False,18
1281,30,25-34,Male,Established,Steady mid-tier,False,39
1282,29,25-34,Male,New,High-value regulars,False,8
1283,24,18-24,Male,Developing,Steady mid-tier,False,20
1284,69,65+,Male,Developing,Steady mid-tier,False,23
1285,65,65+,Male,Established,High-value regulars,False,38
1286,64,55-64,Male,Loyal,High-value regulars,False,45
1287,40,35-44,Male,Loyal,Steady mid-tier,False,44
1288,24,18-24,Male,Developing,Steady mid-tier,False,20
1289,66,65+,Male,Established,High-value regulars,False,34
1290,35,35-44,Male,New,High-value regulars,False,10
1291,67,65+,Male,New,Steady mid-tier,False,3
1292,69,65+,Male,Developing,High-value regulars,False,23
1293,26,25-34,Male,Loyal,Steady mid-tier,False,42
1294,23,18-24,Male,Established,Steady mid-tier,False,30
1295,27,25-34,Male,Developing,Steady mid-tier,False,21
1296,30,25-34,Male,Loyal,High-value regulars,False,50
1297,48,45-54,Male,Developing,Steady mid-tier,False,16
1298,44,35-44,Male,Established,Steady mid-tier,False,32
1299,29,25-34,Male,Developing,High-value regulars,False,14
1300,29,25-34,Male,Loyal,Steady mid-tier,False,42
1301,67,65+,Male,Loyal,Steady mid-tier,False,47
1302,42,35-44,Male,Developing,High-value regulars,False,21
1303,23,18-24,Male,Established,Steady mid-tier,False,37
1304,34,25-34,Male,New,Steady mid-tier,False,10
1305,64,55-64,Male,Developing,Steady mid-tier,False,18
1306,31,25-34,Male,New,Steady mid-tier,False,2
1307,54,45-54,Male,Established,Steady mid-tier,False,40
1308,23,18-24,Male,Loyal,Steady mid-tier,False,43
1309,59,55-64,Male,Developing,Steady mid-tier,False,14
1310,32,25-34,Male,Loyal,Steady mid-tier,False,41
1311,43,35-44,Male,Established,Steady mid-tier,False,38
1312,32,25-34,Male,Developing,Steady mid-tier,False,12
1313,66,65+,Male,Developing,Steady mid-tier,False,19
1314,70,65+,Male,Developing,Steady mid-tier,False,23
1315,42,35-44,Male,Loyal,Steady mid-tier,False,49
1316,56,55-64,Male,Established,Steady mid-tier,False,29
1317,28,25-34,Male,Developing,Steady mid-tier,False,14
1318,28,25-34,Male,Developing,Steady mid-tier,False,19
1319,52,45-54,Male,Developing,High-value regulars,False,19
1320,65,65+,Male,Loyal,High-value regulars,False,48
1321,56,55-64,Male,Developing,Steady mid-tier,False,19
1322,59,55-64,Male,Loyal,Steady mid-tier,False,45
1323,23,18-24,Male,Developing,Steady mid-tier,False,17
1324,58,55-64,Male,Developing,Steady mid-tier,False,15
1325,39,35-44,Male,Developing,High-value regulars,False,11
1326,28,25-34,Male,New,Steady mid-tier,False,1
1327,40,35-44,Male,Developing,Steady mid-tier,False,17
1328,52,45-54,Male,Established,High-value regulars,False,37
1329,37,35-44,Male,Established,High-value regulars,False,40
1330,70,65+,Male,Loyal,Steady mid-tier,False,50
1331,30,25-34,Male,Developing,High-value regulars,False,20
1332,38,35-44,Male,New,High-value regulars,False,8
1333,66,65+,Male,Developing,Steady mid-tier,False,16
1334,29,25-34,Male,New,Steady mid-tier,False,9
1335,46,45-54,Male,Developing,Steady mid-tier,False,12
1336,56,55-64,Male,Established,High-value regulars,False,26
1337,23,18-24,Male,Loyal,High-value regulars,False,44
1338,37,35-44,Male,Developing,High-value regulars,False,19
1339,56,55-64,Male,Loyal,Steady mid-tier,False,43
1340,36,35-44,Male,New,Steady mid-tier,False,5
1341,40,35-44,Male,New,Steady mid-tier,False,5
1342,26,25-34,Male,Established,Steady mid-tier,False,31
1343,57,55-64,Male,Developing,Steady mid-tier,False,11
1344,68,65+,Male,Established,Steady mid-tier,False,34
1345,56,55-64,Male,Developing,Steady mid-tier,False,14
1346,40,35-44,Male,Loyal,High-value regulars,False,42
1347,44,35-44,Male,Developing,High-value regulars,False,15
1348,44,35-44,Male,Loyal,Steady mid-tier,False,47
1349,19,18-24,Male,Developing,High-value regulars,False,23
1350,21,18-24,Male,Developing,Steady mid-tier,False,23
1351,31,25-34,Male,New,Steady mid-tier,False,1
1352,30,25-34,Male,Established,Steady mid-tier,False,28
1353,65,65+,Male,Established,High-value regulars,False,37
1354,39,35-44,Male,New,Steady mid-tier,False,4
1355,64,55-64,Male,Developing,Steady mid-tier,False,21
1356,59,55-64,Male,Loyal,High-value regulars,False,50
1357,49,45-54,Male,Established,Steady mid-tier,False,34
1358,24,18-24,Male,Developing,Steady mid-tier,False,20
1359,19,18-24,Male,Developing,Steady mid-tier,False,25
1360,27,25-34,Male,Established,High-value regulars,False,26
1361,56,55-64,Male,New,Steady mid-tier,False,4
1362,49,45-54,Male,Established,Steady mid-tier,False,39
1363,41,35-44,Male,Established,High-value regulars,False,29
1364,36,35-44,Male,Loyal,Steady mid-tier,False,47
1365,68,65+,Male,New,Steady mid-tier,False,5
1366,28,25-34,Male,Developing,High-value regulars,False,18
1367,45,45-54,Male,New,Steady mid-tier,False,10
1368,60,55-64,Male,Developing,Steady mid-tier,False,25
1369,21,18-24,Male,New,High-value regulars,False,2
1370,32,25-34,Male,Loyal,High-value regulars,False,48
1371,27,25-34,Male,Loyal,Steady mid-tier,False,41
1372,40,35-44,Male,Loyal,Steady mid-tier,False,42
1373,64,55-64,Male,Loyal,High-value regulars,False,44
1374,18,18-24,Male,New,Steady mid-tier,False,6
1375,22,18-24,Male,New,Steady mid-tier,False,5
1376,42,35-44,Male,New,Steady mid-tier,False,8
1377,57,55-64,Male,Developing,Steady mid-tier,False,24
1378,33,25-34,Male,Loyal,Steady mid-tier,False,42
1379,37,35-44,Male,Developing,High-value regulars,False,24
1380,21,18-24,Male,Established,High-value regulars,False,38
1381,51,45-54,Male,Loyal,Steady mid-tier,False,41
1382,30,25-34,Male,Loyal,Steady mid-tier,False,48
1383,68,65+,Male,Developing,Steady mid-tier,False,16
1384,36,35-44,Male,New,Steady mid-tier,False,4
1385,46,45-54,Male,New,High-value regulars,False,8
1386,41,35-44,Male,New,High-value regulars,False,1
1387,68,65+,Male,New,Steady mid-tier,False,4
1388,21,18-24,Male,Developing,Steady mid-tier,False,20
1389,62,55-64,Male,Established,Steady mid-tier,False,40
1390,59,55-64,Male,New,High-value regulars,False,8
1391,25,25-34,Male,Loyal,High-value regulars,False,42
1392,53,45-54,Male,Established,Steady mid-tier,False,38
1393,31,25-34,Male,Established,Steady mid-tier,False,34
1394,46,45-54,Male,Developing,High-value regulars,False,14
1395,26,25-34,Male,Established,High-value regulars,False,39
1396,47,45-54,Male,Established,Steady mid-tier,False,40
1397,37,35-44,Male,Loyal,Steady mid-tier,False,49
1398,55,55-64,Male,Established,Steady mid-tier,False,33
1399,30,25-34,Male,Developing,High-value regulars,False,25
1400,19,18-24,Male,Loyal,Steady mid-tier,False,48
1401,36,35-44,Male,Developing,Steady mid-tier,False,22
1402,23,18-24,Male,New,High-value regulars,False,1
1403,62,55-64,Male,Loyal,Steady mid-tier,False,47
1404,26,25-34,Male,Developing,Steady mid-tier,False,20
1405,36,35-44,Male,New,High-value regulars,False,10
1406,33,25-34,Male,Established,Steady mid-tier,False,39
1407,32,25-34,Male,Developing,Steady mid-tier,False,15
1408,56,55-64,Male,Developing,Steady mid-tier,False,11
1409,58,55-64,Male,Established,High-value regulars,False,38
1410,34,25-34,Male,Loyal,Steady mid-tier,False,41
1411,61,55-64,Male,Developing,Steady mid-tier,False,18
1412,48,45-54,Male,Developing,Steady mid-tier,False,13
1413,25,25-34,Male,Loyal,Steady mid-tier,False,43
1414,51,45-54,Male,Developing,Steady mid-tier,False,12
1415,29,25-34,Male,New,Steady mid-tier,False,3
1416,54,45-54,Male,Developing,Steady mid-tier,False,12
1417,48,45-54,Male,Loyal,Steady mid-tier,False,46
1418,62,55-64,Male,Developing,Steady mid-tier,False,21
1419,18,18-24,Male,Developing,Steady mid-tier,False,23
1420,43,35-44,Male,New,Steady mid-tier,False,4
1421,22,18-24,Male,Loyal,Steady mid-tier,False,45
1422,68,65+,Male,Developing,High-value regulars,False,24
1423,44,35-44,Male,New,Steady mid-tier,False,3
1424,51,45-54,Male,Developing,Steady mid-tier,False,12
1425,66,65+,Male,Established,Steady mid-tier,False,34
1426,59,55-64,Male,Established,Steady mid-tier,False,39
1427,60,55-64,Male,Established,Steady mid-tier,False,35
1428,31,25-34,Male,New,Steady mid-tier,False,8
1429,20,18-24,Male,Loyal,Steady mid-tier,False,42
1430,24,18-24,Male,New,Steady mid-tier,False,6
1431,48,45-54,Male,New,Steady mid-tier,False,3
1432,39,35-44,Male,Established,Steady mid-tier,False,29
1433,34,25-34,Male,Established,Steady mid-tier,False,32
1434,70,65+,Male,Loyal,High-value regulars,False,45
1435,59,55-64,Male,Developing,High-value regulars,False,21
1436,45,45-54,Male,Loyal,High-value regulars,False,41
1437,35,35-44,Male,Developing,High-value regulars,False,23
1438,69,65+,Male,Developing,Steady mid-tier,False,14
1439,58,55-64,Male,Developing,Steady mid-tier,False,24
1440,25,25-34,Male,Developing,Steady mid-tier,False,25
1441,27,25-34,Male,Developing,Steady mid-tier,False,13
1442,34,25-34,Male,New,Steady mid-tier,False,3
1443,53,45-54,Male,Loyal,Steady mid-tier,False,42
1444,58,55-64,Male,New,Steady mid-tier,False,2
1445,32,25-34,Male,Established,Steady mid-tier,False,26
1446,64,55-64,Male,Developing,Steady mid-tier,False,24
1447,63,55-64,Male,New,Steady mid-tier,False,6
1448,23,18-24,Male,Developing,Steady mid-tier,False,25
1449,64,55-64,Male,Developing,Steady mid-tier,False,11
1450,18,18-24,Male,Developing,Steady mid-tier,False,20
1451,25,25-34,Male,Developing,Steady mid-tier,False,25
1452,54,45-54,Male,Established,Steady mid-tier,False,35
1453,60,55-64,Male,Developing,Steady mid-tier,False,11
1454,36,35-44,Male,Loyal,High-value regulars,False,41
1455,66,65+,Male,Developing,Steady mid-tier,False,17
1456,60,55-64,Male,New,Steady mid-tier,False,1
1457,59,55-64,Male,Established,Steady mid-tier,False,30
1458,58,55-64,Male,Loyal,High-value regulars,False,47
1459,35,35-44,Male,Established,High-value regulars,False,34
1460,20,18-24,Male,Developing,Steady mid-tier,False,18
1461,70,65+,Male,Established,High-value regulars,False,33
1462,54,45-54,Male,Loyal,Steady mid-tier,False,42
1463,38,35-44,Male,New,Steady mid-tier,False,2
1464,54,45-54,Male,New,Steady mid-tier,False,1
1465,33,25-34,Male,Developing,Steady mid-tier,False,23
1466,46,45-54,Male,Loyal,High-value regulars,False,42
1467,58,55-64,Male,New,Steady mid-tier,False,3
1468,30,25-34,Male,Developing,Steady mid-tier,False,16
1469,42,35-44,Male,Loyal,Steady mid-tier,False,46
1470,28,25-34,Male,Established,Steady mid-tier,False,31
1471,43,35-44,Male,Developing,Steady mid-tier,False,15
1472,31,25-34,Male,Loyal,Steady mid-tier,False,48
1473,39,35-44,Male,Developing,High-value regulars,False,11
1474,69,65+,Male,Developing,Steady mid-tier,False,20
1475,31,25-34,Male,New,Steady mid-tier,False,6
1476,44,35-44,Male,Developing,Steady mid-tier,False,24
1477,39,35-44,Male,Developing,Steady mid-tier,False,18
1478,24,18-24,Male,New,Steady mid-tier,False,1
1479,28,25-34,Male,Developing,Steady mid-tier,False,13
1480,48,45-54,Male,New,High-value regulars,False,2
1481,39,35-44,Male,Established,Steady mid-tier,False,26
1482,64,55-64,Male,Established,Steady mid-tier,False,31
1483,28,25-34,Male,Loyal,High-value regulars,False,43
1484,39,35-44,Male,Developing,High-value regulars,False,12
1485,49,45-54,Male,Developing,Steady mid-tier,False,22
1486,22,18-24,Male,New,High-value regulars,False,3
1487,25,25-34,Male,Developing,Steady mid-tier,False,23
1488,40,35-44,Male,Established,Steady mid-tier,False,26
1489,23,18-24,Male,Established,High-value regulars,False,37
1490,24,18-24,Male,Loyal,Steady mid-tier,False,42
1491,66,65+,Male,Developing,Steady mid-tier,False,15
1492,27,25-34,Male,New,Steady mid-tier,False,10
1493,62,55-64,Male,New,Steady mid-tier,False,3
1494,70,65+,Male,Loyal,Steady mid-tier,False,44
1495,43,35-44,Male,Developing,High-value regulars,False,23
1496,45,45-54,Male,New,High-value regulars,False,6
1497,63,55-64,Male,New,High-value regulars,False,9
1498,69,65+,Male,Developing,Steady mid-tier,False,16
1499,59,55-64,Male,Loyal,Steady mid-tier,False,46
1500,19,18-24,Male,Developing,Steady mid-tier,False,24
1501,63,55-64,Male,Developing,Steady mid-tier,False,22
1502,37,35-44,Male,Developing,Steady mid-tier,False,13
1503,37,35-44,Male,Developing,High-value regulars,False,20
1504,50,45-54,Male,Loyal,Steady mid-tier,False,46
1505,60,55-64,Male,New,Steady mid-tier,False,10
1506,46,45-54,Male,Established,Steady mid-tier,False,39
1507,35,35-44,Male,Loyal,Steady mid-tier,False,44
1508,66,65+,Male,New,Steady mid-tier,False,7
1509,35,35-44,Male,New,Steady mid-tier,False,3
1510,20,18-24,Male,Loyal,Steady mid-tier,False,44
1511,55,55-64,Male,Established,Steady mid-tier,False,31
1512,34,25-34,Male,Loyal,High-value regulars,False,48
1513,60,55-64,Male,Developing,Steady mid-tier,False,18
1514,22,18-24,Male,Established,Steady mid-tier,False,27
1515,26,25-34,Male,New,High-value regulars,False,1
1516,39,35-44,Male,Established,High-value regulars,False,34
1517,20,18-24,Male,New,High-value regulars,False,5
1518,57,55-64,Male,Developing,Steady mid-tier,False,12
1519,68,65+,Male,Developing,High-value regulars,False,14
1520,50,45-54,Male,Established,High-value regulars,False,40
1521,21,18-24,Male,Established,Steady mid-tier,False,39
1522,29,25-34,Male,Loyal,High-value regulars,False,50
1523,38,35-44,Male,New,Steady mid-tier,False,5
1524,54,45-54,Male,Established,Steady mid-tier,False,35
1525,22,18-24,Male,New,High-value regulars,False,6
1526,29,25-34,Male,Developing,Steady mid-tier,False,22
1527,41,35-44,Male,Established,Steady mid-tier,False,27
1528,26,25-34,Male,Established,High-value regulars,False,33
1529,69,65+,Male,Loyal,High-value regulars,False,47
1530,20,18-24,Male,Loyal,High-value regulars,False,48
1531,59,55-64,Male,Developing,Steady mid-tier,False,22
1532,63,55-64,Male,New,High-value regulars,False,8
1533,68,65+,Male,New,Steady mid-tier,False,5
1534,50,45-54,Male,Developing,Steady mid-tier,False,16
1535,55,55-64,Male,Established,High-value regulars,False,26
1536,36,35-44,Male,New,Steady mid-tier,False,8
1537,18,18-24,Male,Developing,Steady mid-tier,False,17
1538,68,65+,Male,Loyal,Steady mid-tier,False,50
1539,56,55-64,Male,Developing,High-value regulars,False,22
1540,32,25-34,Male,Developing,Steady mid-tier,False,19
1541,28,25-34,Male,Developing,Steady mid-tier,False,14
1542,24,18-24,Male,Established,High-value regulars,False,35
1543,59,55-64,Male,Loyal,High-value regulars,False,43
1544,56,55-64,Male,Developing,Steady mid-tier,False,24
1545,30,25-34,Male,Developing,Steady mid-tier,False,17
1546,48,45-54,Male,Loyal,Steady mid-tier,False,49
1547,60,55-64,Male,Developing,Steady mid-tier,False,17
1548,46,45-54,Male,Established,Steady mid-tier,False,40
1549,69,65+,Male,Loyal,High-value regulars,False,43
1550,19,18-24,Male,Developing,Steady mid-tier,False,19
1551,66,65+,Male,Established,Steady mid-tier,False,40
1552,64,55-64,Male,Developing,Steady mid-tier,False,13
1553,54,45-54,Male,Developing,Steady mid-tier,False,20
1554,27,25-34,Male,Developing,Steady mid-tier,False,21
1555,64,55-64,Male,Developing,Steady mid-tier,False,18
1556,43,35-44,Male,Loyal,Steady mid-tier,False,44
1557,43,35-44,Male,Established,Steady mid-tier,False,26
1558,27,25-34,Male,Established,Steady mid-tier,False,34
1559,35,35-44,Male,Developing,Steady mid-tier,False,24
1560,43,35-44,Male,Developing,High-value regulars,False,23
1561,57,55-64,Male,New,High-value regulars,False,3
1562,50,45-54,Male,New,Steady mid-tier,False,2
1563,37,35-44,Male,Developing,High-value regulars,False,23
1564,68,65+,Male,New,High-value regulars,False,8
1565,22,18-24,Male,Established,Steady mid-tier,False,30
1566,58,55-64,Male,Loyal,Steady mid-tier,False,48
1567,48,45-54,Male,Developing,High-value regulars,False,21
1568,30,25-34,Male,New,Steady mid-tier,False,9
1569,51,45-54,Male,New,Steady mid-tier,False,8
1570,20,18-24,Male,Established,High-value regulars,False,29
1571,30,25-34,Male,New,Steady mid-tier,False,3
1572,28,25-34,Male,Developing,High-value regulars,False,11
1573,37,35-44,Male,Developing,Steady mid-tier,False,16
1574,36,35-44,Male,Developing,High-value regulars,False,25
1575,18,18-24,Male,Established,Steady mid-tier,False,32
1576,52,45-54,Male,Established,Steady mid-tier,False,28
1577,56,55-64,Male,Established,Steady mid-tier,False,36
1578,68,65+,Male,New,Steady mid-tier,False,7
1579,62,55-64,Male,New,Steady mid-tier,False,2
1580,35,35-44,Male,New,Steady mid-tier,False,6
1581,65,65+,Male,Established,Steady mid-tier,False,30
1582,69,65+,Male,Loyal,Steady mid-tier,False,46
1583,28,25-34,Male,Established,Steady mid-tier,False,39
1584,37,35-44,Male,New,Steady mid-tier,False,8
1585,41,35-44,Male,Loyal,Steady mid-tier,False,46
1586,37,35-44,Male,Established,Steady mid-tier,False,40
1587,25,25-34,Male,Developing,High-value regulars,False,21
1588,41,35-44,Male,Established,High-value regulars,False,33
1589,48,45-54,Male,New,Steady mid-tier,False,3
1590,42,35-44,Male,Loyal,High-value regulars,False,48
1591,54,45-54,Male,New,Steady mid-tier,False,8
1592,18,18-24,Male,Developing,Steady mid-tier,False,24
1593,56,55-64,Male,New,Steady mid-tier,False,10
1594,61,55-64,Male,Developing,Steady mid-tier,False,25
1595,40,35-44,Male,New,Steady mid-tier,False,3
1596,34,25-34,Male,Loyal,Steady mid-tier,False,45
1597,42,35-44,Male,Developing,Steady mid-tier,False,15
1598,43,35-44,Male,Established,Steady mid-tier,False,34
1599,47,45-54,Male,Developing,High-value regulars,False,21
1600,48,45-54,Male,Developing,Steady mid-tier,False,22
1601,20,18-24,Male,Developing,High-value regulars,False,24
1602,65,65+,Male,Established,Steady mid-tier,False,33
1603,54,45-54,Male,Developing,Steady mid-tier,False,13
1604,23,18-24,Male,Developing,High-value regulars,False,17
1605,18,18-24,Male,Developing,Steady mid-tier,False,25
1606,70,65+,Male,Developing,Steady mid-tier,False,15
1607,55,55-64,Male,New,Steady mid-tier,False,4
1608,49,45-54,Male,Loyal,Steady mid-tier,False,43
1609,26,25-34,Male,Developing,High-value regulars,False,12
1610,33,25-34,Male,New,Steady mid-tier,False,3
1611,20,18-24,Male,New,Steady mid-tier,False,1
1612,41,35-44,Male,New,Steady mid-tier,False,6
1613,18,18-24,Male,Established,Steady mid-tier,False,26
1614,26,25-34,Male,New,Steady mid-tier,False,6
1615,30,25-34,Male,Developing,Steady mid-tier,False,22
1616,64,55-64,Male,Loyal,High-value regulars,False,45
1617,26,25-34,Male,Loyal,Steady mid-tier,False,50
1618,43,35-44,Male,Loyal,High-value regulars,False,50
1619,63,55-64,Male,Established,Steady mid-tier,False,39
1620,57,55-64,Male,Loyal,High-value regulars,False,50
1621,25,25-34,Male,Established,Steady mid-tier,False,27
1622,68,65+,Male,Established,Steady mid-tier,False,38
1623,31,25-34,Male,Established,Steady mid-tier,False,37
1624,64,55-64,Male,Loyal,Steady mid-tier,False,50
1625,38,35-44,Male,Established,Steady mid-tier,False,40
1626,34,25-34,Male,New,Steady mid-tier,False,3
1627,32,25-34,Male,Loyal,Steady mid-tier,False,45
1628,69,65+,Male,New,Steady mid-tier,False,8
1629,45,45-54,Male,New,Steady mid-tier,False,7
1630,35,35-44,Male,Developing,Steady mid-tier,False,13
1631,63,55-64,Male,Established,Steady mid-tier,False,29
1632,65,65+,Male,New,Steady mid-tier,False,7
1633,35,35-44,Male,Loyal,Steady mid-tier,False,50
1634,54,45-54,Male,Established,High-value regulars,False,33
1635,28,25-34,Male,Established,Steady mid-tier,False,30
1636,68,65+,Male,Established,Steady mid-tier,False,40
1637,58,55-64,Male,Loyal,Steady mid-tier,False,49
1638,35,35-44,Male,Established,Steady mid-tier,False,32
1639,68,65+,Male,Developing,High-value regulars,False,18
1640,41,35-44,Male,Loyal,Steady mid-tier,False,50
1641,65,65+,Male,Developing,High-value regulars,False,13
1642,50,45-54,Male,New,Steady mid-tier,False,1
1643,18,18-24,Male,Developing,High-value regulars,False,16
1644,38,35-44,Male,New,Steady mid-tier,False,6
1645,68,65+,Male,Developing,Steady mid-tier,False,21
1646,53,45-54,Male,Established,Steady mid-tier,False,36
1647,58,55-64,Male,Developing,Steady mid-tier,False,20
1648,34,25-34,Male,New,Steady mid-tier,False,8
1649,36,35-44,Male,Developing,Steady mid-tier,False,22
1650,58,55-64,Male,New,Steady mid-tier,False,3
1651,60,55-64,Male,Loyal,Steady mid-tier,False,46
1652,59,55-64,Male,Loyal,Steady mid-tier,False,42
1653,65,65+,Male,New,Steady mid-tier,False,1
1654,31,25-34,Male,Established,High-value regulars,False,29
1655,43,35-44,Male,Developing,Steady mid-tier,False,14
1656,37,35-44,Male,New,Steady mid-tier,False,4
1657,21,18-24,Male,Loyal,Steady mid-tier,False,41
1658,69,65+,Male,New,Steady mid-tier,False,4
1659,32,25-34,Male,Loyal,High-value regulars,False,47
1660,53,45-54,Male,Loyal,Steady mid-tier,False,44
1661,59,55-64,Male,Established,Steady mid-tier,False,37
1662,64,55-64,Male,Developing,Steady mid-tier,False,21
1663,63,55-64,Male,Loyal,Steady mid-tier,False,46
1664,43,35-44,Male,New,Steady mid-tier,False,1
1665,19,18-24,Male,Established,High-value regulars,False,35
1666,40,35-44,Male,Loyal,Steady mid-tier,False,49
1667,51,45-54,Male,Loyal,Steady mid-tier,False,47
1668,51,45-54,Male,Developing,Steady mid-tier,False,24
1669,66,65+,Male,Established,Steady mid-tier,False,28
1670,42,35-44,Male,Developing,Steady mid-tier,False,22
1671,22,18-24,Male,Developing,High-value regulars,False,20
1672,31,25-34,Male,Developing,High-value regulars,False,25
1673,18,18-24,Male,Developing,Steady mid-tier,False,15
1674,21,18-24,Male,Loyal,High-value regulars,False,49
1675,35,35-44,Male,New,High-value regulars,False,10
1676,35,35-44,Male,Developing,Steady mid-tier,False,21
1677,27,25-34,Male,Established,High-value regulars,False,34
1678,65,65+,Male,Loyal,High-value regulars,False,41
1679,41,35-44,Male,Established,High-value regulars,False,30
1680,60,55-64,Male,Developing,Steady mid-tier,False,24
1681,61,55-64,Male,New,Steady mid-tier,False,6
1682,24,18-24,Male,Developing,High-value regulars,False,14
1683,65,65+,Male,Established,High-value regulars,False,37
1684,23,18-24,Male,Established,Steady mid-tier,False,37
1685,30,25-34,Male,Established,High-value regulars,False,28
1686,33,25-34,Male,Loyal,Steady mid-tier,False,43
1687,22,18-24,Male,Developing,Steady mid-tier,False,25
1688,67,65+,Male,New,Steady mid-tier,False,4
1689,28,25-34,Male,Developing,Steady mid-tier,False,13
1690,32,25-34,Male,Established,Steady mid-tier,False,32
1691,40,35-44,Male,New,Steady mid-tier,False,1
1692,64,55-64,Male,New,Steady mid-tier,False,4
1693,56,55-64,Male,Established,High-value regulars,False,33
1694,63,55-64,Male,Loyal,High-value regulars,False,45
1695,20,18-24,Male,Developing,High-value regulars,False,20
1696,54,45-54,Male,New,High-value regulars,False,1
1697,31,25-34,Male,New,High-value regulars,False,7
1698,36,35-44,Male,Loyal,Steady mid-tier,False,48
1699,25,25-34,Male,Loyal,Steady mid-tier,False,46
1700,20,18-24,Male,Established,Steady mid-tier,False,34
1701,62,55-64,Male,Established,Steady mid-tier,False,36
1702,69,65+,Male,Loyal,Steady mid-tier,False,44
1703,54,45-54,Male,Loyal,High-value regulars,False,48
1704,39,35-44,Male,Developing,Steady mid-tier,False,12
1705,56,55-64,Male,Developing,Steady mid-tier,False,19
1706,39,35-44,Male,Loyal,Steady mid-tier,False,49
1707,37,35-44,Male,Developing,High-value regulars,False,25
1708,25,25-34,Male,Developing,High-value regulars,False,25
1709,35,35-44,Male,New,Steady mid-tier,False,1
1710,45,45-54,Male,Developing,Steady mid-tier,False,19
1711,19,18-24,Male,New,Steady mid-tier,False,7
1712,21,18-24,Male,Developing,Steady mid-tier,False,19
1713,65,65+,Male,New,High-value regulars,False,9
1714,49,45-54,Male,Established,Steady mid-tier,False,37
1715,30,25-34,Male,Developing,Steady mid-tier,False,15
1716,23,18-24,Male,Established,High-value regulars,False,30
1717,69,65+,Male,Established,Steady mid-tier,False,30
1718,29,25-34,Male,Developing,Steady mid-tier,False,16
1719,54,45-54,Male,Developing,Steady mid-tier,False,14
1720,45,45-54,Male,New,Steady mid-tier,False,8
1721,25,25-34,Male,Established,High-value regulars,False,40
1722,34,25-34,Male,Developing,Steady mid-tier,False,24
1723,46,45-54,Male,Developing,Steady mid-tier,False,14
1724,70,65+,Male,Established,Steady mid-tier,False,39
1725,42,35-44,Male,Developing,High-value regulars,False,21
1726,45,45-54,Male,Established,Steady mid-tier,False,32
1727,57,55-64,Male,Loyal,High-value regulars,False,45
1728,49,45-54,Male,Developing,Steady mid-tier,False,19
1729,23,18-24,Male,New,Steady mid-tier,False,1
1730,47,45-54,Male,Developing,Steady mid-tier,False,12
1731,23,18-24,Male,Established,High-value regulars,False,26
1732,21,18-24,Male,Developing,Steady mid-tier,False,12
1733,45,45-54,Male,Established,Steady mid-tier,False,36
1734,67,65+,Male,Developing,Steady mid-tier,False,22
1735,31,25-34,Male,Developing,Steady mid-tier,False,16
1736,58,55-64,Male,Established,Steady mid-tier,False,31
1737,57,55-64,Male,Loyal,Steady mid-tier,False,43
1738,42,35-44,Male,Loyal,High-value regulars,False,50
1739,60,55-64,Male,Established,High-value regulars,False,37
1740,21,18-24,Male,Developing,High-value regulars,False,23
1741,69,65+,Male,New,Steady mid-tier,False,10
1742,41,35-44,Male,Developing,Steady mid-tier,False,20
1743,51,45-54,Male,Developing,Steady mid-tier,False,18
1744,23,18-24,Male,New,High-value regulars,False,3
1745,57,55-64,Male,Developing,High-value regulars,False,23
1746,40,35-44,Male,Established,High-value regulars,False,27
1747,65,65+,Male,Loyal,Steady mid-tier,False,44
1748,61,55-64,Male,Loyal,Steady mid-tier,False,41
1749,34,25-34,Male,Loyal,Steady mid-tier,False,41
1750,43,35-44,Male,Established,Steady mid-tier,False,36
1751,31,25-34,Male,Established,Steady mid-tier,False,38
1752,57,55-64,Male,Established,Steady mid-tier,False,34
1753,34,25-34,Male,Developing,Steady mid-tier,False,14
1754,25,25-34,Male,Developing,Steady mid-tier,False,23
1755,66,65+,Male,Developing,High-value regulars,False,18
1756,56,55-64,Male,Loyal,Steady mid-tier,False,45
1757,49,45-54,Male,Developing,High-value regulars,False,14
1758,19,18-24,Male,Loyal,Steady mid-tier,False,48
1759,27,25-34,Male,Developing,High-value regulars,False,17
1760,68,65+,Male,New,High-value regulars,False,1
1761,20,18-24,Male,Established,High-value regulars,False,39
1762,21,18-24,Male,Developing,High-value regulars,False,24
1763,36,35-44,Male,Loyal,Steady mid-tier,False,41
1764,37,35-44,Male,Established,Steady mid-tier,False,28
1765,61,55-64,Male,Established,Steady mid-tier,False,34
1766,68,65+,Male,Loyal,Steady mid-tier,False,41
1767,60,55-64,Male,Established,Steady mid-tier,False,27
1768,69,65+,Male,Loyal,High-value regulars,False,46
1769,25,25-34,Male,New,Steady mid-tier,False,2
1770,32,25-34,Male,Loyal,Steady mid-tier,False,45
1771,53,45-54,Male,Established,High-value regulars,False,34
1772,46,45-54,Male,New,Steady mid-tier,False,9
1773,58,55-64,Male,New,Steady mid-tier,False,1
1774,21,18-24,Male,Developing,Steady mid-tier,False,17
1775,46,45-54,Male,New,High-value regulars,False,6
1776,18,18-24,Male,Developing,Steady mid-tier,False,12
1777,56,55-64,Male,New,Steady mid-tier,False,10
1778,18,18-24,Male,New,Steady mid-tier,False,4
1779,49,45-54,Male,New,High-value regulars,False,8
1780,29,25-34,Male,Loyal,High-value regulars,False,41
1781,67,65+,Male,Loyal,High-value regulars,False,49
1782,31,25-34,Male,Loyal,Steady mid-tier,False,49
1783,52,45-54,Male,Established,High-value regulars,False,40
1784,42,35-44,Male,Established,Steady mid-tier,False,30
1785,32,25-34,Male,New,Steady mid-tier,False,4
1786,47,45-54,Male,Developing,Steady mid-tier,False,22
1787,45,45-54,Male,Developing,Steady mid-tier,False,22
1788,20,18-24,Male,New,Steady mid-tier,False,10
1789,66,65+,Male,Developing,Steady mid-tier,False,23
1790,52,45-54,Male,Loyal,Steady mid-tier,False,43
1791,50,45-54,Male,Established,Steady mid-tier,False,31
1792,62,55-64,Male,Established,Steady mid-tier,False,38
1793,38,35-44,Male,Developing,Steady mid-tier,False,22
1794,65,65+,Male,Loyal,Steady mid-tier,False,45
1795,60,55-64,Male,Developing,Steady mid-tier,False,21
1796,68,65+,Male,New,Steady mid-tier,False,9
1797,62,55-64,Male,Established,High-value regulars,False,34
1798,62,55-64,Male,Established,High-value regulars,False,26
1799,40,35-44,Male,New,High-value regulars,False,1
1800,32,25-34,Male,Loyal,High-value regulars,False,47
1801,22,18-24,Male,Established,High-value regulars,False,30
1802,33,25-34,Male,Loyal,High-value regulars,False,48
1803,57,55-64,Male,Established,High-value regulars,False,31
1804,60,55-64,Male,Established,High-value regulars,False,33
1805,30,25-34,Male,Established,High-value regulars,False,39
1806,41,35-44,Male,Loyal,High-value regulars,False,46
1807,58,55-64,Male,Developing,Steady mid-tier,False,24
1808,34,25-34,Male,Established,Steady mid-tier,False,37
1809,67,65+,Male,New,Steady mid-tier,False,7
1810,58,55-64,Male,New,High-value regulars,False,6
1811,41,35-44,Male,Developing,Steady mid-tier,False,16
1812,42,35-44,Male,Established,Steady mid-tier,False,33
1813,50,45-54,Male,Developing,High-value regulars,False,18
1814,40,35-44,Male,Developing,High-value regulars,False,24
1815,32,25-34,Male,Developing,Steady mid-tier,False,24
1816,51,45-54,Male,Loyal,Steady mid-tier,False,48
1817,26,25-34,Male,New,High-value regulars,False,4
1818,32,25-34,Male,Developing,High-value regulars,False,20
1819,58,55-64,Male,Loyal,Steady mid-tier,False,47
1820,51,45-54,Male,Loyal,Steady mid-tier,False,50
1821,19,18-24,Male,Established,Steady mid-tier,False,31
1822,57,55-64,Male,Established,Steady mid-tier,False,29
1823,66,65+,Male,New,Steady mid-tier,False,4
1824,62,55-64,Male,Established,Steady mid-tier,False,40
1825,58,55-64,Male,Established,Steady mid-tier,False,31
1826,23,18-24,Male,Loyal,High-value regulars,False,41
1827,45,45-54,Male,Loyal,Steady mid-tier,False,44
1828,20,18-24,Male,Established,High-value regulars,False,31
1829,33,25-34,Male,Loyal,Steady mid-tier,False,45
1830,30,25-34,Male,Loyal,Steady mid-tier,False,50
1831,50,45-54,Male,New,Steady mid-tier,False,7
1832,62,55-64,Male,New,Steady mid-tier,False,5
1833,69,65+,Male,Loyal,Steady mid-tier,False,48
1834,34,25-34,Male,Developing,Steady mid-tier,False,19
1835,49,45-54,Male,Established,Steady mid-tier,False,39
1836,65,65+,Male,Loyal,Steady mid-tier,False,45
1837,66,65+,Male,Established,Steady mid-tier,False,35
1838,41,35-44,Male,New,Steady mid-tier,False,8
1839,37,35-44,Male,Developing,Steady mid-tier,False,11
1840,32,25-34,Male,Established,Steady mid-tier,False,32
1841,42,35-44,Male,Loyal,Steady mid-tier,False,46
1842,31,25-34,Male,New,Steady mid-tier,False,7
1843,61,55-64,Male,New,Steady mid-tier,False,1
1844,36,35-44,Male,Established,Steady mid-tier,False,32
1845,60,55-64,Male,Established,Steady mid-tier,False,31
1846,51,45-54,Male,Established,Steady mid-tier,False,39
1847,68,65+,Male,New,Steady mid-tier,False,9
1848,46,45-54,Male,Loyal,High-value regulars,False,49
1849,19,18-24,Male,Established,Steady mid-tier,False,34
1850,30,25-34,Male,Established,Steady mid-tier,False,35
1851,51,45-54,Male,Loyal,High-value regulars,False,50
1852,28,25-34,Male,New,High-value regulars,False,4
1853,41,35-44,Male,Established,High-value regulars,False,32
1854,29,25-34,Male,Developing,High-value regulars,False,11
1855,25,25-34,Male,Loyal,Steady mid-tier,False,49
1856,60,55-64,Male,New,Steady mid-tier,False,9
1857,63,55-64,Male,Established,High-value regulars,False,30
1858,51,45-54,Male,Established,Steady mid-tier,False,33
1859,22,18-24,Male,New,Steady mid-tier,False,8
1860,54,45-54,Male,Established,Steady mid-tier,False,29
1861,18,18-24,Male,New,Steady mid-tier,False,4
1862,29,25-34,Male,Developing,Steady mid-tier,False,19
1863,59,55-64,Male,New,Steady mid-tier,False,10
1864,25,25-34,Male,Established,Steady mid-tier,False,39
1865,19,18-24,Male,Developing,Steady mid-tier,False,21
1866,56,55-64,Male,Developing,Steady mid-tier,False,12
1867,31,25-34,Male,New,Steady mid-tier,False,9
1868,45,45-54,Male,Developing,Steady mid-tier,False,20
1869,23,18-24,Male,Loyal,High-value regulars,False,44
1870,18,18-24,Male,Developing,Steady mid-tier,False,16
1871,43,35-44,Male,Established,High-value regulars,False,27
1872,56,55-64,Male,Developing,Steady mid-tier,False,14
1873,43,35-44,Male,Developing,Steady mid-tier,False,24
1874,64,55-64,Male,Loyal,High-value regulars,False,49
1875,67,65+,Male,Developing,High-value regulars,False,14
1876,63,55-64,Male,New,Steady mid-tier,False,6
1877,54,45-54,Male,Developing,Steady mid-tier,False,20
1878,69,65+,Male,New,Steady mid-tier,False,3
1879,34,25-34,Male,New,Steady mid-tier,False,5
1880,56,55-64,Male,Loyal,Steady mid-tier,False,46
1881,34,25-34,Male,New,Steady mid-tier,False,8
1882,58,55-64,Male,Developing,Steady mid-tier,False,13
1883,44,35-44,Male,Developing,Steady mid-tier,False,25
1884,25,25-34,Male,Established,High-value regulars,False,39
1885,27,25-34,Male,Developing,Steady mid-tier,False,15
1886,26,25-34,Male,Established,Steady mid-tier,False,35
1887,18,18-24,Male,Loyal,High-value regulars,False,46
1888,64,55-64,Male,New,Steady mid-tier,False,3
1889,62,55-64,Male,Loyal,High-value regulars,False,48
1890,59,55-64,Male,Established,High-value regulars,False,27
1891,36,35-44,Male,New,High-value regulars,False,5
1892,69,65+,Male,Loyal,Steady mid-tier,False,48
1893,39,35-44,Male,Developing,High-value regulars,False,12
1894,28,25-34,Male,New,Steady mid-tier,False,10
1895,42,35-44,Male,Loyal,High-value regulars,False,48
1896,31,25-34,Male,New,Steady mid-tier,False,3
1897,57,55-64,Male,Developing,Steady mid-tier,False,19
1898,53,45-54,Male,Developing,High-value regulars,False,11
1899,59,55-64,Male,Developing,Steady mid-tier,False,25
1900,32,25-34,Male,Loyal,High-value regulars,False,42
1901,65,65+,Male,Established,Steady mid-tier,False,34
1902,56,55-64,Male,Loyal,Steady mid-tier,False,50
1903,31,25-34,Male,Developing,Steady mid-tier,False,21
1904,59,55-64,Male,Established,High-value regulars,False,37
1905,22,18-24,Male,Loyal,Steady mid-tier,False,46
1906,47,45-54,Male,Developing,Steady mid-tier,False,14
1907,23,18-24,Male,Developing,Steady mid-tier,False,24
1908,69,65+,Male,Established,Steady mid-tier,False,36
1909,18,18-24,Male,Developing,High-value regulars,False,19
1910,50,45-54,Male,Developing,Steady mid-tier,False,12
1911,29,25-34,Male,Developing,Steady mid-tier,False,13
1912,65,65+,Male,Established,High-value regulars,False,32
1913,29,25-34,Male,New,High-value regulars,False,5
1914,49,45-54,Male,Established,Steady mid-tier,False,29
1915,28,25-34,Male,Established,High-value regulars,False,40
1916,51,45-54,Male,Loyal,High-value regulars,False,44
1917,26,25-34,Male,New,Steady mid-tier,False,3
1918,38,35-44,Male,Established,High-value regulars,False,35
1919,35,35-44,Male,Established,Steady mid-tier,False,33
1920,34,25-34,Male,Developing,High-value regulars,False,20
1921,51,45-54,Male,Established,Steady mid-tier,False,40
1922,47,45-54,Male,Developing,Steady mid-tier,False,13
1923,18,18-24,Male,New,Steady mid-tier,False,9
1924,64,55-64,Male,New,Steady mid-tier,False,7
1925,30,25-34,Male,Loyal,Steady mid-tier,False,42
1926,59,55-64,Male,Loyal,Steady mid-tier,False,44
1927,66,65+,Male,New,Steady mid-tier,False,6
1928,40,35-44,Male,New,Steady mid-tier,False,8
1929,25,25-34,Male,New,High-value regulars,False,10
1930,59,55-64,Male,Loyal,Steady mid-tier,False,46
1931,66,65+,Male,Established,High-value regulars,False,26
1932,54,45-54,Male,New,Steady mid-tier,False,6
1933,42,35-44,Male,Loyal,Steady mid-tier,False,47
1934,48,45-54,Male,Established,Steady mid-tier,False,28
1935,34,25-34,Male,Developing,Steady mid-tier,False,23
1936,19,18-24,Male,Loyal,High-value regulars,False,45
1937,70,65+,Male,Loyal,Steady mid-tier,False,44
1938,43,35-44,Male,Developing,Steady mid-tier,False,11
1939,46,45-54,Male,Established,Steady mid-tier,False,39
1940,66,65+,Male,Developing,Steady mid-tier,False,20
1941,50,45-54,Male,Loyal,High-value regulars,False,48
1942,55,55-64,Male,Loyal,Steady mid-tier,False,46
1943,63,55-64,Male,Developing,Steady mid-tier,False,22
1944,32,25-34,Male,Loyal,Steady mid-tier,False,45
1945,30,25-34,Male,Loyal,Steady mid-tier,False,49
1946,35,35-44,Male,New,Steady mid-tier,False,9
1947,59,55-64,Male,Loyal,Steady mid-tier,False,41
1948,59,55-64,Male,New,Steady mid-tier,False,2
1949,54,45-54,Male,Established,Steady mid-tier,False,39
1950,63,55-64,Male,Developing,Steady mid-tier,False,12
1951,43,35-44,Male,Established,Steady mid-tier,False,26
1952,33,25-34,Male,Established,Steady mid-tier,False,32
1953,57,55-64,Male,Loyal,High-value regulars,False,50
1954,25,25-34,Male,New,Steady mid-tier,False,3
1955,26,25-34,Male,New,Steady mid-tier,False,3
1956,50,45-54,Male,Established,Steady mid-tier,False,37
1957,70,65+,Male,Developing,Steady mid-tier,False,20
1958,68,65+,Male,Established,Steady mid-tier,False,26
1959,39,35-44,Male,Loyal,Steady mid-tier,False,47
1960,46,45-54,Male,New,Steady mid-tier,False,7
1961,57,55-64,Male,Established,Steady mid-tier,False,40
1962,47,45-54,Male,Loyal,Steady mid-tier,False,45
1963,40,35-44,Male,Developing,Steady mid-tier,False,20
1964,52,45-54,Male,Developing,High-value regulars,False,11
1965,40,35-44,Male,Loyal,Steady mid-tier,False,50
1966,67,65+,Male,Developing,Steady mid-tier,False,25
1967,67,65+,Male,New,High-value regulars,False,5
1968,37,35-44,Male,New,Steady mid-tier,False,4
1969,67,65+,Male,Developing,High-value regulars,False,25
1970,64,55-64,Male,Developing,Steady mid-tier,False,11
1971,28,25-34,Male,New,High-value regulars,False,4
1972,54,45-54,Male,New,Steady mid-tier,False,1
1973,54,45-54,Male,Loyal,Steady mid-tier,False,48
1974,24,18-24,Male,New,Steady mid-tier,False,9
1975,27,25-34,Male,New,Steady mid-tier,False,2
1976,53,45-54,Male,New,Steady mid-tier,False,4
1977,32,25-34,Male,Loyal,Steady mid-tier,False,43
1978,24,18-24,Male,Established,Steady mid-tier,False,32
1979,45,45-54,Male,New,Steady mid-tier,False,1
1980,49,45-54,Male,Established,High-value regulars,False,38
1981,51,45-54,Male,Developing,High-value regulars,False,25
1982,69,65+,Male,Loyal,Steady mid-tier,False,42
1983,41,35-44,Male,Established,Steady mid-tier,False,32
1984,59,55-64,Male,Developing,Steady mid-tier,False,21
1985,26,25-34,Male,Established,High-value regulars,False,26
1986,23,18-24,Male,New,High-value regulars,False,6
1987,62,55-64,Male,Developing,Steady mid-tier,False,14
1988,69,65+,Male,New,Steady mid-tier,False,4
1989,46,45-54,Male,Established,High-value regulars,False,26
1990,35,35-44,Male,Established,Steady mid-tier,False,39
1991,32,25-34,Male,Developing,Steady mid-tier,False,15
1992,46,45-54,Male,New,Steady mid-tier,False,1
1993,33,25-34,Male,Established,Steady mid-tier,False,28
1994,32,25-34,Male,Developing,High-value regulars,False,17
1995,33,25-34,Male,Developing,High-value regulars,False,24
1996,67,65+,Male,Established,Steady mid-tier,False,29
1997,67,65+,Male,Developing,Steady mid-tier,False,18
1998,42,35-44,Male,New,Steady mid-tier,False,10
1999,20,18-24,Male,Developing,Steady mid-tier,False,19
2000,39,35-44,Male,Established,Steady mid-tier,False,26
2001,26,25-34,Male,Developing,Steady mid-tier,False,25
2002,51,45-54,Male,New,High-value regulars,False,2
2003,31,25-34,Male,Developing,Steady mid-tier,False,19
2004,68,65+,Male,Established,Steady mid-tier,False,32
2005,44,35-44,Male,Developing,High-value regulars,False,13
2006,18,18-24,Male,Established,High-value regulars,False,30
2007,58,55-64,Male,New,Steady mid-tier,False,2
2008,26,25-34,Male,New,Steady mid-tier,False,8
2009,57,55-64,Male,Established,Steady mid-tier,False,27
2010,37,35-44,Male,Established,High-value regulars,False,26
2011,24,18-24,Male,New,Steady mid-tier,False,3
2012,57,55-64,Male,New,Steady mid-tier,False,4
2013,48,45-54,Male,New,Steady mid-tier,False,5
2014,39,35-44,Male,Developing,Steady mid-tier,False,25
2015,51,45-54,Male,Loyal,Steady mid-tier,False,47
2016,57,55-64,Male,New,High-value regulars,False,8
2017,53,45-54,Male,Developing,Steady mid-tier,False,20
2018,70,65+,Male,Loyal,Steady mid-tier,False,42
2019,60,55-64,Male,Developing,High-value regulars,False,20
2020,31,25-34,Male,Developing,High-value regulars,False,23
2021,41,35-44,Male,Established,Steady mid-tier,False,26
2022,62,55-64,Male,Loyal,Steady mid-tier,False,48
2023,59,55-64,Male,Developing,Steady mid-tier,False,16
2024,46,45-54,Male,Established,High-value regulars,False,28
2025,62,55-64,Male,Established,High-value regulars,False,39
2026,42,35-44,Male,Loyal,Steady mid-tier,False,43
2027,37,35-44,Male,Loyal,Steady mid-tier,False,45
2028,50,45-54,Male,Loyal,Steady mid-tier,False,50
2029,29,25-34,Male,New,High-value regulars,False,10
2030,25,25-34,Male,Established,Steady mid-tier,False,40
2031,66,65+,Male,Established,Steady mid-tier,False,38
2032,21,18-24,Male,New,Steady mid-tier,False,2
2033,46,45-54,Male,Developing,Steady mid-tier,False,13
2034,57,55-64,Male,Established,Steady mid-tier,False,33
2035,61,55-64,Male,Established,Steady mid-tier,False,27
2036,53,45-54,Male,Loyal,High-value regulars,False,43
2037,37,35-44,Male,Loyal,High-value regulars,False,46
2038,39,35-44,Male,New,High-value regulars,False,7
2039,53,45-54,Male,Established,High-value regulars,False,35
2040,35,35-44,Male,Established,Steady mid-tier,False,31
2041,69,65+,Male,Loyal,Steady mid-tier,False,42
2042,66,65+,Male,Developing,Steady mid-tier,False,14
2043,19,18-24,Male,Established,Steady mid-tier,False,35
2044,47,45-54,Male,Loyal,High-value regulars,False,49
2045,49,45-54,Male,Developing,High-value regulars,False,17
2046,31,25-34,Male,Established,Steady mid-tier,False,26
2047,39,35-44,Male,Established,Steady mid-tier,False,30
2048,58,55-64,Male,Established,Steady mid-tier,False,32
2049,45,45-54,Male,Established,Steady mid-tier,False,35
2050,68,65+,Male,Developing,Steady mid-tier,False,15
2051,35,35-44,Male,New,Steady mid-tier,False,10
2052,65,65+,Male,Developing,Steady mid-tier,False,14
2053,45,45-54,Male,Established,Steady mid-tier,False,30
2054,19,18-24,Male,Developing,High-value regulars,False,16
2055,65,65+,Male,Developing,Steady mid-tier,False,14
2056,28,25-34,Male,Established,High-value regulars,False,28
2057,55,55-64,Male,Established,Steady mid-tier,False,29
2058,66,65+,Male,New,Steady mid-tier,False,5
2059,29,25-34,Male,Developing,Steady mid-tier,False,17
2060,56,55-64,Male,Loyal,High-value regulars,False,50
2061,21,18-24,Male,Developing,Steady mid-tier,False,23
2062,32,25-34,Male,Developing,Steady mid-tier,False,22
2063,54,45-54,Male,Developing,Steady mid-tier,False,15
2064,61,55-64,Male,Established,Steady mid-tier,False,32
2065,31,25-34,Male,New,Steady mid-tier,False,5
2066,27,25-34,Male,New,Steady mid-tier,False,6
2067,64,55-64,Male,Loyal,High-value regulars,False,44
2068,60,55-64,Male,Developing,Steady mid-tier,False,23
2069,70,65+,Male,Loyal,Steady mid-tier,False,44
2070,36,35-44,Male,New,Steady mid-tier,False,3
2071,56,55-64,Male,Developing,Steady mid-tier,False,14
2072,69,65+,Male,Established,Steady mid-tier,False,37
2073,39,35-44,Male,Developing,High-value regulars,False,22
2074,38,35-44,Male,New,Steady mid-tier,False,2
2075,36,35-44,Male,Loyal,Steady mid-tier,False,44
2076,46,45-54,Male,Loyal,Steady mid-tier,False,49
2077,59,55-64,Male,Developing,Steady mid-tier,False,22
2078,64,55-64,Male,Established,Steady mid-tier,False,26
2079,49,45-54,Male,Established,High-value regulars,False,40
2080,32,25-34,Male,Developing,Steady mid-tier,False,16
2081,29,25-34,Male,Developing,Steady mid-tier,False,17
2082,24,18-24,Male,Loyal,High-value regulars,False,48
2083,41,35-44,Male,Established,Steady mid-tier,False,28
2084,41,35-44,Male,Established,High-value regulars,False,26
2085,32,25-34,Male,Loyal,Steady mid-tier,False,43
2086,69,65+,Male,Established,High-value regulars,False,38
2087,65,65+,Male,Established,Steady mid-tier,False,36
2088,54,45-54,Male,New,High-value regulars,False,1
2089,39,35-44,Male,Loyal,Steady mid-tier,False,49
2090,37,35-44,Male,Loyal,Steady mid-tier,False,41
2091,51,45-54,Male,Developing,Steady mid-tier,False,21
2092,26,25-34,Male,Developing,Steady mid-tier,False,24
2093,42,35-44,Male,Established,High-value regulars,False,27
2094,21,18-24,Male,New,Steady mid-tier,False,4
2095,53,45-54,Male,Developing,Steady mid-tier,False,19
2096,36,35-44,Male,New,High-value regulars,False,1
2097,21,18-24,Male,Established,Steady mid-tier,False,27
2098,33,25-34,Male,New,High-value regulars,False,5
2099,49,45-54,Male,Developing,Steady mid-tier,False,20
2100,31,25-34,Male,Loyal,Steady mid-tier,False,50
2101,68,65+,Male,Established,Steady mid-tier,False,36
2102,49,45-54,Male,Developing,Steady mid-tier,False,12
2103,23,18-24,Male,Developing,Steady mid-tier,False,23
2104,30,25-34,Male,Developing,High-value regulars,False,21
2105,53,45-54,Male,Loyal,High-value regulars,False,47
2106,65,65+,Male,Established,Steady mid-tier,False,38
2107,60,55-64,Male,Established,Steady mid-tier,False,40
2108,46,45-54,Male,Established,Steady mid-tier,False,35
2109,54,45-54,Male,New,Steady mid-tier,False,4
2110,59,55-64,Male,Established,Steady mid-tier,False,28
2111,52,45-54,Male,Established,Steady mid-tier,False,36
2112,41,35-44,Male,Developing,Steady mid-tier,False,15
2113,43,35-44,Male,New,High-value regulars,False,7
2114,63,55-64,Male,Established,Steady mid-tier,False,29
2115,37,35-44,Male,Developing,Steady mid-tier,False,12
2116,44,35-44,Male,Developing,High-value regulars,False,16
2117,67,65+,Male,Loyal,Steady mid-tier,False,50
2118,27,25-34,Male,Developing,Steady mid-tier,False,11
2119,60,55-64,Male,Established,Steady mid-tier,False,28
2120,58,55-64,Male,Established,High-value regulars,False,36
2121,53,45-54,Male,Established,Steady mid-tier,False,38
2122,43,35-44,Male,Established,Steady mid-tier,False,32
2123,32,25-34,Male,Loyal,High-value regulars,False,42
2124,54,45-54,Male,Developing,High-value regulars,False,22
2125,47,45-54,Male,Developing,Steady mid-tier,False,22
2126,57,55-64,Male,Established,Steady mid-tier,False,31
2127,63,55-64,Male,Established,Steady mid-tier,False,28
2128,70,65+,Male,Established,High-value regulars,False,40
2129,62,55-64,Male,Developing,High-value regulars,False,21
2130,40,35-44,Male,Developing,Steady mid-tier,False,12
2131,25,25-34,Male,Established,Steady mid-tier,False,33
2132,19,18-24,Male,New,Steady mid-tier,False,9
2133,25,25-34,Male,Developing,High-value regulars,False,15
2134,21,18-24,Male,Developing,Steady mid-tier,False,13
2135,55,55-64,Male,Established,Steady mid-tier,False,35
2136,34,25-34,Male,New,Steady mid-tier,False,1
2137,47,45-54,Male,Developing,High-value regulars,False,25
2138,27,25-34,Male,Developing,Steady mid-tier,False,20
2139,67,65+,Male,Established,Steady mid-tier,False,36
2140,40,35-44,Male,Established,High-value regulars,False,33
2141,53,45-54,Male,Established,High-value regulars,False,36
2142,24,18-24,Male,Established,Steady mid-tier,False,32
2143,47,45-54,Male,Developing,Steady mid-tier,False,21
2144,53,45-54,Male,Loyal,High-value regulars,False,48
2145,47,45-54,Male,Developing,Steady mid-tier,False,25
2146,38,35-44,Male,Established,Steady mid-tier,False,32
2147,48,45-54,Male,Loyal,Steady mid-tier,False,45
2148,47,45-54,Male,New,Steady mid-tier,False,4
2149,19,18-24,Male,Developing,Steady mid-tier,False,19
2150,38,35-44,Male,New,High-value regulars,False,1
2151,57,55-64,Male,Developing,High-value regulars,False,12
2152,70,65+,Male,Developing,Steady mid-tier,False,18
2153,38,35-44,Male,Loyal,Steady mid-tier,False,43
2154,35,35-44,Male,Established,Steady mid-tier,False,31
2155,46,45-54,Male,Established,Steady mid-tier,False,33
2156,32,25-34,Male,Loyal,Steady mid-tier,False,46
2157,38,35-44,Male,Loyal,High-value regulars,False,41
2158,41,35-44,Male,Loyal,High-value regulars,False,41
2159,19,18-24,Male,New,High-value regulars,False,9
2160,18,18-24,Male,Established,Steady mid-tier,False,34
2161,45,45-54,Male,Developing,Steady mid-tier,False,21
2162,23,18-24,Male,New,High-value regulars,False,5
2163,60,55-64,Male,Established,High-value regulars,False,32
2164,52,45-54,Male,Loyal,Steady mid-tier,False,44
2165,42,35-44,Male,Loyal,Steady mid-tier,False,46
2166,29,25-34,Male,Loyal,Steady mid-tier,False,42
2167,31,25-34,Male,Loyal,High-value regulars,False,50
2168,30,25-34,Male,Established,Steady mid-tier,False,33
2169,23,18-24,Male,Established,Steady mid-tier,False,32
2170,31,25-34,Male,Established,Steady mid-tier,False,32
2171,40,35-44,Male,Established,Steady mid-tier,False,37
2172,39,35-44,Male,New,High-value regulars,False,9
2173,28,25-34,Male,New,High-value regulars,False,6
2174,23,18-24,Male,Established,Steady mid-tier,False,36
2175,42,35-44,Male,New,Steady mid-tier,False,1
2176,68,65+,Male,Loyal,Steady mid-tier,False,48
2177,24,18-24,Male,Loyal,Steady mid-tier,False,44
2178,24,18-24,Male,New,High-value regulars,False,9
2179,21,18-24,Male,Established,Steady mid-tier,False,32
2180,49,45-54,Male,Developing,Steady mid-tier,False,14
2181,41,35-44,Male,Loyal,Steady mid-tier,False,43
2182,22,18-24,Male,Established,High-value regulars,False,32
2183,42,35-44,Male,Established,High-value regulars,False,26
2184,30,25-34,Male,New,Steady mid-tier,False,2
2185,38,35-44,Male,Developing,Steady mid-tier,False,16
2186,40,35-44,Male,Loyal,Steady mid-tier,False,50
2187,55,55-64,Male,New,Steady mid-tier,False,6
2188,37,35-44,Male,Developing,Steady mid-tier,False,20
2189,41,35-44,Male,New,High-value regulars,False,9
2190,38,35-44,Male,Loyal,High-value regulars,False,47
2191,42,35-44,Male,Established,Steady mid-tier,False,33
2192,26,25-34,Male,Loyal,High-value regulars,False,46
2193,41,35-44,Male,New,Steady mid-tier,False,9
2194,27,25-34,Male,New,Steady mid-tier,False,8
2195,61,55-64,Male,Loyal,Steady mid-tier,False,48
2196,58,55-64,Male,New,Steady mid-tier,False,2
2197,25,25-34,Male,Established,High-value regulars,False,31
2198,33,25-34,Male,Established,Steady mid-tier,False,40
2199,57,55-64,Male,Established,Steady mid-tier,False,35
2200,39,35-44,Male,Established,Steady mid-tier,False,40
2201,60,55-64,Male,Established,Steady mid-tier,False,27
2202,39,35-44,Male,New,Steady mid-tier,False,10
2203,42,35-44,Male,Developing,High-value regulars,False,23
2204,53,45-54,Male,Established,Steady mid-tier,False,32
2205,20,18-24,Male,New,Steady mid-tier,False,6
2206,46,45-54,Male,Established,High-value regulars,False,27
2207,46,45-54,Male,Developing,Steady mid-tier,False,25
2208,69,65+,Male,Developing,Steady mid-tier,False,11
2209,28,25-34,Male,Developing,Steady mid-tier,False,23
2210,42,35-44,Male,Loyal,Steady mid-tier,False,44
2211,30,25-34,Male,Established,Steady mid-tier,False,35
2212,50,45-54,Male,Loyal,Steady mid-tier,False,45
2213,59,55-64,Male,Developing,Steady mid-tier,False,22
2214,54,45-54,Male,Developing,Steady mid-tier,False,18
2215,50,45-54,Male,Developing,High-value regulars,False,20
2216,25,25-34,Male,Established,High-value regulars,False,28
2217,41,35-44,Male,Developing,Steady mid-tier,False,15
2218,35,35-44,Male,Loyal,Steady mid-tier,False,42
2219,67,65+,Male,Developing,Steady mid-tier,False,20
2220,33,25-34,Male,Developing,High-value regulars,False,16
2221,19,18-24,Male,Loyal,Steady mid-tier,False,47
2222,25,25-34,Male,Established,Steady mid-tier,False,34
2223,32,25-34,Male,Established,High-value regulars,False,30
2224,30,25-34,Male,New,Steady mid-tier,False,5
2225,18,18-24,Male,Established,Steady mid-tier,False,38
2226,38,35-44,Male,Developing,Steady mid-tier,False,18
2227,22,18-24,Male,Established,Steady mid-tier,False,28
2228,40,35-44,Male,Loyal,High-value regulars,False,42
2229,54,45-54,Male,New,High-value regulars,False,5
2230,70,65+,Male,Loyal,Steady mid-tier,False,50
2231,52,45-54,Male,Established,Steady mid-tier,False,33
2232,34,25-34,Male,New,High-value regulars,False,1
2233,65,65+,Male,Developing,High-value regulars,False,14
2234,38,35-44,Male,Loyal,Steady mid-tier,False,48
2235,35,35-44,Male,Established,High-value regulars,False,26
2236,40,35-44,Male,Loyal,Steady mid-tier,False,44
2237,23,18-24,Male,Developing,High-value regulars,False,18
2238,45,45-54,Male,Established,Steady mid-tier,False,31
2239,40,35-44,Male,Developing,High-value regulars,False,18
2240,42,35-44,Male,Loyal,Steady mid-tier,False,41
2241,57,55-64,Male,Developing,Steady mid-tier,False,18
2242,18,18-24,Male,New,High-value regulars,False,3
2243,18,18-24,Male,New,High-value regulars,False,5
2244,56,55-64,Male,Developing,Steady mid-tier,False,13
2245,35,35-44,Male,Developing,Steady mid-tier,False,22
2246,49,45-54,Male,Loyal,High-value regulars,False,45
2247,49,45-54,Male,Established,Steady mid-tier,False,39
2248,34,25-34,Male,Developing,Steady mid-tier,False,18
2249,63,55-64,Male,Developing,High-value regulars,False,19
2250,42,35-44,Male,Established,High-value regulars,False,29
2251,41,35-44,Male,Developing,High-value regulars,False,19
2252,26,25-34,Male,Developing,Steady mid-tier,False,22
2253,48,45-54,Male,Developing,Steady mid-tier,False,21
2254,62,55-64,Male,Developing,Steady mid-tier,False,22
2255,24,18-24,Male,Loyal,Steady mid-tier,False,44
2256,48,45-54,Male,Loyal,Steady mid-tier,False,42
2257,31,25-34,Male,Established,Steady mid-tier,False,33
2258,41,35-44,Male,New,Steady mid-tier,False,6
2259,24,18-24,Male,Loyal,Steady mid-tier,False,44
2260,60,55-64,Male,Developing,Steady mid-tier,False,24
2261,38,35-44,Male,Developing,Steady mid-tier,False,16
2262,58,55-64,Male,Developing,High-value regulars,False,12
2263,53,45-54,Male,Loyal,Steady mid-tier,False,50
2264,44,35-44,Male,Loyal,Steady mid-tier,False,42
2265,51,45-54,Male,Loyal,Steady mid-tier,False,50
2266,36,35-44,Male,New,Steady mid-tier,False,10
2267,20,18-24,Male,Established,High-value regulars,False,32
2268,32,25-34,Male,Established,High-value regulars,False,37
2269,66,65+,Male,Developing,Steady mid-tier,False,15
2270,49,45-54,Male,Established,Steady mid-tier,False,27
2271,27,25-34,Male,New,High-value regulars,False,7
2272,29,25-34,Male,Loyal,Steady mid-tier,False,49
2273,29,25-34,Male,Loyal,Steady mid-tier,False,44
2274,55,55-64,Male,Developing,High-value regulars,False,13
2275,57,55-64,Male,Established,Steady mid-tier,False,38
2276,29,25-34,Male,New,High-value regulars,False,10
2277,31,25-34,Male,Developing,High-value regulars,False,25
2278,25,25-34,Male,Developing,Steady mid-tier,False,18
2279,61,55-64,Male,New,Steady mid-tier,False,6
2280,53,45-54,Male,Established,Steady mid-tier,False,35
2281,22,18-24,Male,Established,Steady mid-tier,False,31
2282,28,25-34,Male,Loyal,Steady mid-tier,False,41
2283,18,18-24,Male,New,Steady mid-tier,False,8
2284,44,35-44,Male,Established,Steady mid-tier,False,34
2285,32,25-34,Male,Developing,Steady mid-tier,False,20
2286,34,25-34,Male,Established,Steady mid-tier,False,38
2287,67,65+,Male,Established,Steady mid-tier,False,35
2288,66,65+,Male,New,Steady mid-tier,False,6
2289,28,25-34,Male,Loyal,High-value regulars,False,50
2290,70,65+,Male,Loyal,High-value regulars,False,47
2291,37,35-44,Male,Developing,Steady mid-tier,False,23
2292,28,25-34,Male,Developing,Steady mid-tier,False,13
2293,43,35-44,Male,Established,Steady mid-tier,False,31
2294,37,35-44,Male,Developing,Steady mid-tier,False,16
2295,54,45-54,Male,Established,Steady mid-tier,False,40
2296,50,45-54,Male,Loyal,Steady mid-tier,False,45
2297,46,45-54,Male,Loyal,Steady mid-tier,False,50
2298,60,55-64,Male,New,Steady mid-tier,False,1
2299,40,35-44,Male,New,Steady mid-tier,False,10
2300,64,55-64,Male,Loyal,Steady mid-tier,False,48
2301,18,18-24,Male,Established,Steady mid-tier,False,38
2302,37,35-44,Male,Developing,Steady mid-tier,False,21
2303,36,35-44,Male,Established,Steady mid-tier,False,38
2304,51,45-54,Male,Established,High-value regulars,False,31
2305,26,25-34,Male,New,High-value regulars,False,9
2306,68,65+,Male,Loyal,High-value regulars,False,47
2307,27,25-34,Male,New,High-value regulars,False,8
2308,28,25-34,Male,Established,Steady mid-tier,False,30
2309,49,45-54,Male,Developing,Steady mid-tier,False,22
2310,70,65+,Male,New,Steady mid-tier,False,3
2311,30,25-34,Male,Developing,Steady mid-tier,False,15
2312,27,25-34,Male,New,Steady mid-tier,False,10
2313,19,18-24,Male,Developing,Steady mid-tier,False,19
2314,64,55-64,Male,Established,Steady mid-tier,False,36
2315,42,35-44,Male,Developing,Steady mid-tier,False,12
2316,69,65+,Male,Loyal,Steady mid-tier,False,49
2317,28,25-34,Male,New,Steady mid-tier,False,7
2318,47,45-54,Male,Established,Steady mid-tier,False,28
2319,69,65+,Male,Established,Steady mid-tier,False,30
2320,56,55-64,Male,Established,Steady mid-tier,False,29
2321,28,25-34,Male,New,Steady mid-tier,False,9
2322,50,45-54,Male,Established,Steady mid-tier,False,27
2323,39,35-44,Male,Developing,High-value regulars,False,21
2324,35,35-44,Male,Established,Steady mid-tier,False,36
2325,59,55-64,Male,Developing,Steady mid-tier,False,19
2326,44,35-44,Male,Loyal,High-value regulars,False,47
2327,66,65+,Male,Established,Steady mid-tier,False,38
2328,20,18-24,Male,Developing,High-value regulars,False,22
2329,45,45-54,Male,Established,Steady mid-tier,False,29
2330,49,45-54,Male,Loyal,Steady mid-tier,False,42
2331,60,55-64,Male,Loyal,Steady mid-tier,False,47
2332,61,55-64,Male,New,High-value regulars,False,10
2333,36,35-44,Male,New,Steady mid-tier,False,10
2334,33,25-34,Male,New,Steady mid-tier,False,1
2335,49,45-54,Male,New,Steady mid-tier,False,7
2336,31,25-34,Male,New,Steady mid-tier,False,10
2337,19,18-24,Male,Developing,High-value regulars,False,11
2338,39,35-44,Male,New,Steady mid-tier,False,5
2339,66,65+,Male,Developing,Steady mid-tier,False,21
2340,25,25-34,Male,Developing,Steady mid-tier,False,24
2341,63,55-64,Male,Established,Steady mid-tier,False,37
2342,56,55-64,Male,Developing,Steady mid-tier,False,22
2343,20,18-24,Male,Developing,High-value regulars,False,16
2344,58,55-64,Male,Loyal,Steady mid-tier,False,44
2345,34,25-34,Male,Developing,High-value regulars,False,14
2346,28,25-34,Male,Developing,Steady mid-tier,False,23
2347,22,18-24,Male,Loyal,High-value regulars,False,46
2348,37,35-44,Male,Loyal,Steady mid-tier,False,46
2349,54,45-54,Male,Developing,Steady mid-tier,False,16
2350,65,65+,Male,Established,Steady mid-tier,False,40
2351,57,55-64,Male,Developing,Steady mid-tier,False,21
2352,38,35-44,Male,Developing,Steady mid-tier,False,25
2353,70,65+,Male,Developing,Steady mid-tier,False,25
2354,56,55-64,Male,Developing,Steady mid-tier,False,25
2355,56,55-64,Male,Established,Steady mid-tier,False,27
2356,22,18-24,Male,Developing,Steady mid-tier,False,12
2357,57,55-64,Male,Established,Steady mid-tier,False,27
2358,53,45-54,Male,Established,High-value regulars,False,40
2359,53,45-54,Male,Established,Steady mid-tier,False,38
2360,19,18-24,Male,Loyal,Steady mid-tier,False,44
2361,49,45-54,Male,Established,Steady mid-tier,False,27
2362,44,35-44,Male,Established,Steady mid-tier,False,30
2363,27,25-34,Male,Developing,Steady mid-tier,False,24
2364,60,55-64,Male,Established,High-value regulars,False,38
2365,62,55-64,Male,New,Steady mid-tier,False,4
2366,52,45-54,Male,Established,Steady mid-tier,False,32
2367,30,25-34,Male,Established,High-value regulars,False,32
2368,66,65+,Male,Established,High-value regulars,False,28
2369,29,25-34,Male,New,Steady mid-tier,False,6
2370,24,18-24,Male,Developing,Steady mid-tier,False,24
2371,51,45-54,Male,Established,High-value regulars,False,38
2372,67,65+,Male,Established,Steady mid-tier,False,28
2373,50,45-54,Male,New,Steady mid-tier,False,9
2374,37,35-44,Male,Developing,Steady mid-tier,False,21
2375,69,65+,Male,Established,Steady mid-tier,False,31
2376,60,55-64,Male,Developing,Steady mid-tier,False,18
2377,21,18-24,Male,New,High-value regulars,False,5
2378,44,35-44,Male,Developing,Steady mid-tier,False,22
2379,26,25-34,Male,Established,High-value regulars,False,37
2380,40,35-44,Male,Developing,Steady mid-tier,False,22
2381,41,35-44,Male,Established,High-value regulars,False,36
2382,62,55-64,Male,Developing,Steady mid-tier,False,23
2383,39,35-44,Male,Loyal,High-value regulars,False,44
2384,53,45-54,Male,Developing,Steady mid-tier,False,25
2385,24,18-24,Male,Established,Steady mid-tier,False,40
2386,41,35-44,Male,Developing,High-value regulars,False,12
2387,19,18-24,Male,Developing,Steady mid-tier,False,14
2388,36,35-44,Male,Developing,Steady mid-tier,False,14
2389,21,18-24,Male,New,Steady mid-tier,False,10
2390,25,25-34,Male,Developing,Steady mid-tier,False,17
2391,65,65+,Male,Developing,High-value regulars,False,24
2392,42,35-44,Male,Established,Steady mid-tier,False,31
2393,40,35-44,Male,Established,Steady mid-tier,False,36
2394,58,55-64,Male,Established,Steady mid-tier,False,38
2395,40,35-44,Male,Developing,Steady mid-tier,False,23
2396,62,55-64,Male,Loyal,High-value regulars,False,47
2397,38,35-44,Male,Developing,High-value regulars,False,20
2398,37,35-44,Male,Loyal,Steady mid-tier,False,41
2399,65,65+,Male,Loyal,High-value regulars,False,44
2400,55,55-64,Male,Established,Steady mid-tier,False,31
2401,43,35-44,Male,Developing,High-value regulars,False,11
2402,43,35-44,Male,Developing,High-value regulars,False,25
2403,45,45-54,Male,Established,High-value regulars,False,31
2404,64,55-64,Male,Established,High-value regulars,False,40
2405,28,25-34,Male,Developing,Steady mid-tier,False,23
2406,69,65+,Male,New,Steady mid-tier,False,5
2407,54,45-54,Male,Established,High-value regulars,False,26
2408,52,45-54,Male,Developing,Steady mid-tier,False,11
2409,23,18-24,Male,Loyal,Steady mid-tier,False,44
2410,26,25-34,Male,Loyal,Steady mid-tier,False,47
2411,48,45-54,Male,Loyal,Steady mid-tier,False,46
2412,49,45-54,Male,Established,Steady mid-tier,False,35
2413,53,45-54,Male,New,Steady mid-tier,False,8
2414,69,65+,Male,Established,High-value regulars,False,30
2415,26,25-34,Male,Developing,Steady mid-tier,False,14
2416,21,18-24,Male,Established,High-value regulars,False,30
2417,59,55-64,Male,Established,Steady mid-tier,False,26
2418,21,18-24,Male,Established,Steady mid-tier,False,32
2419,22,18-24,Male,Loyal,Steady mid-tier,False,47
2420,26,25-34,Male,Developing,Steady mid-tier,False,11
2421,41,35-44,Male,Established,Steady mid-tier,False,28
2422,37,35-44,Male,New,Steady mid-tier,False,2
2423,30,25-34,Male,Loyal,High-value regulars,False,45
2424,49,45-54,Male,New,Steady mid-tier,False,7
2425,49,45-54,Male,Established,High-value regulars,False,28
2426,58,55-64,Male,Established,Steady mid-tier,False,34
2427,70,65+,Male,Established,Steady mid-tier,False,26
2428,27,25-34,Male,Loyal,Steady mid-tier,False,45
2429,65,65+,Male,Established,Steady mid-tier,False,34
2430,57,55-64,Male,Loyal,High-value regulars,False,47
2431,20,18-24,Male,Loyal,Steady mid-tier,False,42
2432,34,25-34,Male,Established,Steady mid-tier,False,27
2433,59,55-64,Male,Loyal,Steady mid-tier,False,43
2434,54,45-54,Male,Developing,High-value regulars,False,16
2435,36,35-44,Male,Established,Steady mid-tier,False,40
2436,21,18-24,Male,Established,Steady mid-tier,False,29
2437,52,45-54,Male,Established,Steady mid-tier,False,38
2438,43,35-44,Male,Established,High-value regulars,False,34
2439,32,25-34,Male,Established,High-value regulars,False,30
2440,55,55-64,Male,Loyal,Steady mid-tier,False,45
2441,31,25-34,Male,Loyal,Steady mid-tier,False,47
2442,45,45-54,Male,New,Steady mid-tier,False,5
2443,53,45-54,Male,Loyal,High-value regulars,False,50
2444,24,18-24,Male,Developing,Steady mid-tier,False,24
2445,47,45-54,Male,Developing,High-value regulars,False,15
2446,63,55-64,Male,Loyal,High-value regulars,False,50
2447,38,35-44,Male,New,Steady mid-tier,False,7
2448,59,55-64,Male,New,Steady mid-tier,False,10
2449,54,45-54,Male,Established,Steady mid-tier,False,38
2450,26,25-34,Male,Established,High-value regulars,False,31
2451,68,65+,Male,New,Steady mid-tier,False,7
2452,41,35-44,Male,Established,Steady mid-tier,False,27
2453,68,65+,Male,Loyal,Steady mid-tier,False,45
2454,21,18-24,Male,Developing,Steady mid-tier,False,13
2455,32,25-34,Male,Established,Steady mid-tier,False,33
2456,20,18-24,Male,Developing,Steady mid-tier,False,25
2457,59,55-64,Male,New,Steady mid-tier,False,5
2458,53,45-54,Male,Developing,Steady mid-tier,False,23
2459,66,65+,Male,Developing,High-value regulars,False,17
2460,47,45-54,Male,Developing,High-value regulars,False,14
2461,58,55-64,Male,Established,Steady mid-tier,False,28
2462,28,25-34,Male,Developing,High-value regulars,False,19
2463,68,65+,Male,Established,High-value regulars,False,31
2464,60,55-64,Male,Developing,Steady mid-tier,False,25
2465,47,45-54,Male,New,High-value regulars,False,4
2466,18,18-24,Male,Developing,High-value regulars,False,20
2467,32,25-34,Male,Established,Steady mid-tier,False,37
2468,27,25-34,Male,Established,Steady mid-tier,False,28
2469,65,65+,Male,New,High-value regulars,False,6
2470,68,65+,Male,Established,Steady mid-tier,False,27
2471,55,55-64,Male,Established,High-value regulars,False,29
2472,30,25-34,Male,New,Steady mid-tier,False,1
2473,24,18-24,Male,Established,Steady mid-tier,False,31
2474,57,55-64,Male,Established,Steady mid-tier,False,28
2475,23,18-24,Male,Developing,Steady mid-tier,False,19
2476,69,65+,Male,Established,Steady mid-tier,False,36
2477,60,55-64,Male,Established,Steady mid-tier,False,28
2478,25,25-34,Male,Established,High-value regulars,False,29
2479,18,18-24,Male,New,Steady mid-tier,False,9
2480,37,35-44,Male,Established,Steady mid-tier,False,26
2481,61,55-64,Male,New,High-value regulars,False,7
2482,41,35-44,Male,Established,High-value regulars,False,35
2483,69,65+,Male,Loyal,Steady mid-tier,False,46
2484,32,25-34,Male,New,Steady mid-tier,False,8
2485,60,55-64,Male,Loyal,Steady mid-tier,False,50
2486,43,35-44,Male,Established,Steady mid-tier,False,37
2487,61,55-64,Male,New,High-value regulars,False,6
2488,57,55-64,Male,Developing,Steady mid-tier,False,16
2489,56,55-64,Male,Established,Steady mid-tier,False,30
2490,66,65+,Male,Loyal,Steady mid-tier,False,50
2491,52,45-54,Male,New,Steady mid-tier,False,5
2492,63,55-64,Male,Developing,Steady mid-tier,False,15
2493,50,45-54,Male,Established,High-value regulars,False,34
2494,21,18-24,Male,New,Steady mid-tier,False,6
2495,42,35-44,Male,Established,Steady mid-tier,False,26
2496,40,35-44,Male,Established,Steady mid-tier,False,34
2497,67,65+,Male,Established,High-value regulars,False,37
2498,35,35-44,Male,Established,Steady mid-tier,False,28
2499,18,18-24,Male,Established,Steady mid-tier,False,38
2500,52,45-54,Male,New,Steady mid-tier,False,2
2501,59,55-64,Male,Established,High-value regulars,False,32
2502,49,45-54,Male,Established,High-value regulars,False,30
2503,46,45-54,Male,Developing,Steady mid-tier,False,17
2504,69,65+,Male,New,High-value regulars,False,5
2505,56,55-64,Male,Established,High-value regulars,False,31
2506,27,25-34,Male,Loyal,Steady mid-tier,False,43
2507,57,55-64,Male,Developing,Steady mid-tier,False,19
2508,58,55-64,Male,Established,Steady mid-tier,False,32
2509,23,18-24,Male,New,High-value regulars,False,5
2510,19,18-24,Male,New,Steady mid-tier,False,9
2511,40,35-44,Male,Loyal,High-value regulars,False,48
2512,54,45-54,Male,New,Steady mid-tier,False,1
2513,50,45-54,Male,Developing,Steady mid-tier,False,20
2514,69,65+,Male,Loyal,Steady mid-tier,False,42
2515,42,35-44,Male,Loyal,Steady mid-tier,False,45
2516,37,35-44,Male,Loyal,Steady mid-tier,False,41
2517,46,45-54,Male,Established,Steady mid-tier,False,36
2518,64,55-64,Male,New,Steady mid-tier,False,10
2519,20,18-24,Male,Established,Steady mid-tier,False,31
2520,40,35-44,Male,Developing,Steady mid-tier,False,21
2521,64,55-64,Male,Developing,Steady mid-tier,False,16
2522,29,25-34,Male,Developing,Steady mid-tier,False,18
2523,20,18-24,Male,Developing,High-value regulars,False,20
2524,43,35-44,Male,Developing,Steady mid-tier,False,21
2525,60,55-64,Male,Developing,Steady mid-tier,False,23
2526,39,35-44,Male,Developing,High-value regulars,False,20
2527,47,45-54,Male,Established,Steady mid-tier,False,30
2528,19,18-24,Male,Established,Steady mid-tier,False,33
2529,52,45-54,Male,Established,Steady mid-tier,False,31
2530,34,25-34,Male,Loyal,Steady mid-tier,False,48
2531,25,25-34,Male,Established,High-value regulars,False,28
2532,43,35-44,Male,New,Steady mid-tier,False,7
2533,55,55-64,Male,New,High-value regulars,False,4
2534,66,65+,Male,Loyal,Steady mid-tier,False,49
2535,41,35-44,Male,Developing,High-value regulars,False,22
2536,47,45-54,Male,Established,High-value regulars,False,39
2537,51,45-54,Male,Loyal,Steady mid-tier,False,45
2538,44,35-44,Male,Established,Steady mid-tier,False,30
2539,18,18-24,Male,Established,Steady mid-tier,False,33
2540,33,25-34,Male,Developing,High-value regulars,False,24
2541,24,18-24,Male,Developing,Steady mid-tier,False,11
2542,33,25-34,Male,Developing,Steady mid-tier,False,13
2543,61,55-64,Male,Established,Steady mid-tier,False,27
2544,27,25-34,Male,Established,High-value regulars,False,30
2545,46,45-54,Male,Established,Steady mid-tier,False,39
2546,38,35-44,Male,New,Steady mid-tier,False,10
2547,63,55-64,Male,New,Steady mid-tier,False,4
2548,47,45-54,Male,Developing,High-value regulars,False,16
2549,42,35-44,Male,Established,Steady mid-tier,False,34
2550,41,35-44,Male,Developing,Steady mid-tier,False,11
2551,53,45-54,Male,Established,Steady mid-tier,False,30
2552,29,25-34,Male,Established,Steady mid-tier,False,40
2553,61,55-64,Male,Developing,Steady mid-tier,False,13
2554,69,65+,Male,Established,Steady mid-tier,False,28
2555,51,45-54,Male,Loyal,High-value regulars,False,49
2556,24,18-24,Male,Developing,High-value regulars,False,23
2557,24,18-24,Male,New,Steady mid-tier,False,4
2558,70,65+,Male,Developing,Steady mid-tier,False,17
2559,49,45-54,Male,Developing,Steady mid-tier,False,24
2560,48,45-54,Male,Developing,Steady mid-tier,False,21
2561,58,55-64,Male,Developing,High-value regulars,False,17
2562,32,25-34,Male,Developing,Steady mid-tier,False,22
2563,57,55-64,Male,Established,High-value regulars,False,27
2564,69,65+,Male,New,Steady mid-tier,False,1
2565,42,35-44,Male,Established,High-value regulars,False,27
2566,30,25-34,Male,New,Steady mid-tier,False,8
2567,35,35-44,Male,Loyal,Steady mid-tier,False,43
2568,19,18-24,Male,Developing,Steady mid-tier,False,24
2569,52,45-54,Male,Established,High-value regulars,False,29
2570,42,35-44,Male,New,High-value regulars,False,10
2571,36,35-44,Male,Developing,Steady mid-tier,False,12
2572,45,45-54,Male,Loyal,Steady mid-tier,False,48
2573,54,45-54,Male,Established,Steady mid-tier,False,40
2574,54,45-54,Male,New,Steady mid-tier,False,1
2575,27,25-34,Male,Established,High-value regulars,False,26
2576,53,45-54,Male,New,Steady mid-tier,False,9
2577,20,18-24,Male,Developing,Steady mid-tier,False,19
2578,52,45-54,Male,Established,Steady mid-tier,False,37
2579,54,45-54,Male,New,Steady mid-tier,False,3
2580,65,65+,Male,Established,High-value regulars,False,40
2581,43,35-44,Male,Developing,Steady mid-tier,False,13
2582,57,55-64,Male,Loyal,Steady mid-tier,False,48
2583,19,18-24,Male,New,Steady mid-tier,False,4
2584,69,65+,Male,New,High-value regulars,False,9
2585,26,25-34,Male,Established,Steady mid-tier,False,26
2586,57,55-64,Male,Developing,High-value regulars,False,19
2587,20,18-24,Male,New,Steady mid-tier,False,1
2588,55,55-64,Male,Established,Steady mid-tier,False,29
2589,44,35-44,Male,Established,Steady mid-tier,False,38
2590,52,45-54,Male,Established,Steady mid-tier,False,31
2591,57,55-64,Male,Established,Steady mid-tier,False,35
2592,40,35-44,Male,Established,Steady mid-tier,False,40
2593,23,18-24,Male,Developing,Steady mid-tier,False,13
2594,36,35-44,Male,New,Steady mid-tier,False,9
2595,59,55-64,Male,Developing,Steady mid-tier,False,25
2596,29,25-34,Male,New,High-value regulars,False,3
2597,63,55-64,Male,Established,Steady mid-tier,False,35
2598,60,55-64,Male,Developing,Steady mid-tier,False,13
2599,64,55-64,Male,Established,Steady mid-tier,False,31
2600,63,55-64,Male,Loyal,Steady mid-tier,False,48
2601,21,18-24,Male,New,High-value regulars,False,6
2602,61,55-64,Male,Loyal,Steady mid-tier,False,43
2603,65,65+,Male,New,Steady mid-tier,False,1
2604,69,65+,Male,New,Steady mid-tier,False,8
2605,47,45-54,Male,New,High-value regulars,False,6
2606,41,35-44,Male,Established,High-value regulars,False,32
2607,68,65+,Male,Loyal,High-value regulars,False,46
2608,41,35-44,Male,Established,Steady mid-tier,False,38
2609,42,35-44,Male,Loyal,High-value regulars,False,48
2610,66,65+,Male,Developing,High-value regulars,False,18
2611,66,65+,Male,Developing,Steady mid-tier,False,25
2612,33,25-34,Male,New,High-value regulars,False,4
2613,55,55-64,Male,Established,Steady mid-tier,False,27
2614,58,55-64,Male,Developing,Steady mid-tier,False,14
2615,18,18-24,Male,Established,High-value regulars,False,36
2616,49,45-54,Male,New,Steady mid-tier,False,6
2617,61,55-64,Male,Loyal,Steady mid-tier,False,46
2618,31,25-34,Male,Established,Steady mid-tier,False,29
2619,70,65+,Male,Developing,Steady mid-tier,False,12
2620,68,65+,Male,Loyal,High-value regulars,False,47
2621,27,25-34,Male,Established,Steady mid-tier,False,28
2622,48,45-54,Male,Developing,Steady mid-tier,False,21
2623,63,55-64,Male,Developing,Steady mid-tier,False,15
2624,49,45-54,Male,Established,Steady mid-tier,False,38
2625,19,18-24,Male,Developing,Steady mid-tier,False,19
2626,30,25-34,Male,Established,High-value regulars,False,31
2627,50,45-54,Male,Established,Steady mid-tier,False,30
2628,66,65+,Male,Established,Steady mid-tier,False,40
2629,25,25-34,Male,Loyal,Steady mid-tier,False,42
2630,61,55-64,Male,Developing,Steady mid-tier,False,25
2631,29,25-34,Male,Developing,Steady mid-tier,False,20
2632,53,45-54,Male,New,High-value regulars,False,3
2633,24,18-24,Male,Developing,Steady mid-tier,False,14
2634,51,45-54,Male,Established,High-value regulars,False,32
2635,26,25-34,Male,Developing,Steady mid-tier,False,20
2636,59,55-64,Male,Established,High-value regulars,False,34
2637,41,35-44,Male,New,Steady mid-tier,False,6
2638,20,18-24,Male,New,Steady mid-tier,False,2
2639,22,18-24,Male,Established,Steady mid-tier,False,35
2640,18,18-24,Male,Established,Steady mid-tier,False,33
2641,30,25-34,Male,Loyal,High-value regulars,False,45
2642,25,25-34,Male,Developing,Steady mid-tier,False,20
2643,39,35-44,Male,Loyal,Steady mid-tier,False,48
2644,49,45-54,Male,Established,Steady mid-tier,False,37
2645,25,25-34,Male,New,Steady mid-tier,False,4
2646,23,18-24,Male,Developing,High-value regulars,False,24
2647,33,25-34,Male,New,Steady mid-tier,False,4
2648,60,55-64,Male,Developing,Steady mid-tier,False,25
2649,51,45-54,Male,Developing,High-value regulars,False,14
2650,23,18-24,Male,Developing,Steady mid-tier,False,14
2651,20,18-24,Male,Loyal,Steady mid-tier,False,46
2652,51,45-54,Male,Established,Steady mid-tier,False,27
2653,23,18-24,Female,Loyal,Steady mid-tier,False,46
2654,67,65+,Female,Developing,Steady mid-tier,False,24
2655,23,18-24,Female,New,Steady mid-tier,False,4
2656,26,25-34,Female,New,High-value regulars,False,2
2657,52,45-54,Female,Established,High-value regulars,False,29
2658,52,45-54,Female,New,High-value regulars,False,7
2659,52,45-54,Female,Established,Steady mid-tier,False,39
2660,35,35-44,Female,Loyal,Steady mid-tier,False,46
2661,24,18-24,Female,Loyal,Steady mid-tier,False,44
2662,43,35-44,Female,Developing,Steady mid-tier,False,20
2663,25,25-34,Female,Loyal,High-value regulars,False,44
2664,46,45-54,Female,Developing,Steady mid-tier,False,23
2665,22,18-24,Female,Established,High-value regulars,False,37
2666,70,65+,Female,New,High-value regulars,False,4
2667,49,45-54,Female,Developing,High-value regulars,False,14
2668,48,45-54,Female,Established,Steady mid-tier,False,31
2669,59,55-64,Female,New,Steady mid-tier,False,9
2670,39,35-44,Female,Established,High-value regulars,False,31
2671,30,25-34,Female,Established,Steady mid-tier,False,26
2672,37,35-44,Female,Loyal,Steady mid-tier,False,41
2673,56,55-64,Female,Developing,Steady mid-tier,False,13
2674,67,65+,Female,New,Steady mid-tier,False,4
2675,40,35-44,Female,Developing,Steady mid-tier,False,15
2676,24,18-24,Female,Established,Steady mid-tier,False,38
2677,43,35-44,Female,New,High-value regulars,False,3
2678,45,45-54,Female,New,Steady mid-tier,False,6
2679,33,25-34,Female,Established,High-value regulars,False,34
2680,53,45-54,Female,New,Steady mid-tier,False,7
2681,44,35-44,Female,Developing,Steady mid-tier,False,21
2682,23,18-24,Female,Developing,Steady mid-tier,False,17
2683,59,55-64,Female,New,Steady mid-tier,False,5
2684,68,65+,Female,Developing,Steady mid-tier,False,21
2685,46,45-54,Female,Loyal,Steady mid-tier,False,42
2686,56,55-64,Female,Loyal,Steady mid-tier,False,49
2687,40,35-44,Female,Established,High-value regulars,False,33
2688,61,55-64,Female,Developing,High-value regulars,False,12
2689,53,45-54,Female,Developing,Steady mid-tier,False,18
2690,29,25-34,Female,Loyal,Steady mid-tier,False,47
2691,44,35-44,Female,Developing,High-value regulars,False,18
2692,43,35-44,Female,Loyal,Steady mid-tier,False,48
2693,40,35-44,Female,Developing,Steady mid-tier,False,18
2694,55,55-64,Female,Loyal,Steady mid-tier,False,46
2695,66,65+,Female,Established,Steady mid-tier,False,34
2696,50,45-54,Female,New,High-value regulars,False,10
2697,57,55-64,Female,Developing,Steady mid-tier,False,12
2698,42,35-44,Female,Established,Steady mid-tier,False,36
2699,55,55-64,Female,Established,Steady mid-tier,False,34
2700,25,25-34,Female,Loyal,Steady mid-tier,False,49
2701,22,18-24,Female,Established,High-value regulars,False,36
2702,49,45-54,Female,Developing,Steady mid-tier,False,18
2703,70,65+,Female,Established,Steady mid-tier,False,39
2704,56,55-64,Female,Established,High-value regulars,False,34
2705,52,45-54,Female,Established,High-value regulars,False,35
2706,65,65+,Female,New,High-value regulars,False,1
2707,24,18-24,Female,Loyal,Steady mid-tier,False,48
2708,32,25-34,Female,Developing,High-value regulars,False,19
2709,57,55-64,Female,Loyal,High-value regulars,False,44
2710,35,35-44,Female,New,Steady mid-tier,False,9
2711,69,65+,Female,New,Steady mid-tier,False,3
2712,30,25-34,Female,Loyal,Steady mid-tier,False,50
2713,37,35-44,Female,New,Steady mid-tier,False,7
2714,19,18-24,Female,Developing,Steady mid-tier,False,20
2715,53,45-54,Female,Developing,Steady mid-tier,False,16
2716,25,25-34,Female,Established,High-value regulars,False,29
2717,47,45-54,Female,Developing,High-value regulars,False,21
2718,18,18-24,Female,Developing,Steady mid-tier,False,19
2719,22,18-24,Female,New,High-value regulars,False,10
2720,69,65+,Female,New,Steady mid-tier,False,4
2721,55,55-64,Female,Loyal,Steady mid-tier,False,45
2722,19,18-24,Female,Developing,High-value regulars,False,17
2723,23,18-24,Female,Developing,High-value regulars,False,22
2724,54,45-54,Female,New,Steady mid-tier,False,3
2725,52,45-54,Female,Developing,High-value regulars,False,11
2726,64,55-64,Female,New,Steady mid-tier,False,4
2727,33,25-34,Female,Developing,High-value regulars,False,11
2728,40,35-44,Female,Loyal,High-value regulars,False,47
2729,26,25-34,Female,Developing,High-value regulars,False,17
2730,31,25-34,Female,Established,Steady mid-tier,False,32
2731,23,18-24,Female,Established,Steady mid-tier,False,37
2732,52,45-54,Female,Loyal,Steady mid-tier,False,44
2733,21,18-24,Female,Established,Steady mid-tier,False,27
2734,31,25-34,Female,Loyal,Steady mid-tier,False,46
2735,63,55-64,Female,Developing,High-value regulars,False,13
2736,46,45-54,Female,New,Steady mid-tier,False,2
2737,44,35-44,Female,Loyal,Steady mid-tier,False,45
2738,57,55-64,Female,Established,Steady mid-tier,False,35
2739,50,45-54,Female,Established,Steady mid-tier,False,39
2740,33,25-34,Female,Established,Steady mid-tier,False,39
2741,19,18-24,Female,Established,High-value regulars,False,34
2742,68,65+,Female,Loyal,Steady mid-tier,False,41
2743,27,25-34,Female,Loyal,Steady mid-tier,False,47
2744,61,55-64,Female,Developing,Steady mid-tier,False,17
2745,38,35-44,Female,Established,Steady mid-tier,False,40
2746,28,25-34,Female,Loyal,High-value regulars,False,44
2747,39,35-44,Female,Developing,Steady mid-tier,False,21
2748,18,18-24,Female,Developing,Steady mid-tier,False,21
2749,24,18-24,Female,Developing,Steady mid-tier,False,16
2750,64,55-64,Female,Developing,Steady mid-tier,False,15
2751,51,45-54,Female,Established,Steady mid-tier,False,26
2752,27,25-34,Female,Loyal,Steady mid-tier,False,50
2753,48,45-54,Female,Established,High-value regulars,False,30
2754,69,65+,Female,Loyal,Steady mid-tier,False,48
2755,59,55-64,Female,Developing,High-value regulars,False,21
2756,59,55-64,Female,Developing,Steady mid-tier,False,18
2757,42,35-44,Female,Loyal,Steady mid-tier,False,41
2758,39,35-44,Female,Developing,Steady mid-tier,False,11
2759,32,25-34,Female,New,High-value regulars,False,8
2760,68,65+,Female,Loyal,Steady mid-tier,False,42
2761,41,35-44,Female,Loyal,High-value regulars,False,41
2762,31,25-34,Female,New,Steady mid-tier,False,3
2763,58,55-64,Female,New,Steady mid-tier,False,10
2764,28,25-34,Female,Established,Steady mid-tier,False,35
2765,63,55-64,Female,New,High-value regulars,False,2
2766,64,55-64,Female,Developing,Steady mid-tier,False,24
2767,66,65+,Female,Loyal,Steady mid-tier,False,47
2768,31,25-34,Female,Established,Steady mid-tier,False,31
2769,55,55-64,Female,Established,Steady mid-tier,False,28
2770,32,25-34,Female,Developing,High-value regulars,False,13
2771,50,45-54,Female,Developing,Steady mid-tier,False,22
2772,58,55-64,Female,Developing,Steady mid-tier,False,12
2773,18,18-24,Female,New,Steady mid-tier,False,10
2774,39,35-44,Female,Loyal,Steady mid-tier,False,45
2775,56,55-64,Female,Loyal,Steady mid-tier,False,42
2776,37,35-44,Female,Developing,High-value regulars,False,16
2777,46,45-54,Female,New,Steady mid-tier,False,6
2778,52,45-54,Female,Established,Steady mid-tier,False,28
2779,70,65+,Female,Developing,High-value regulars,False,24
2780,61,55-64,Female,Developing,High-value regulars,False,14
2781,33,25-34,Female,Established,High-value regulars,False,29
2782,65,65+,Female,Established,High-value regulars,False,33
2783,41,35-44,Female,Established,Steady mid-tier,False,30
2784,19,18-24,Female,Established,Steady mid-tier,False,26
2785,33,25-34,Female,Developing,Steady mid-tier,False,12
2786,53,45-54,Female,Developing,Steady mid-tier,False,13
2787,54,45-54,Female,Loyal,Steady mid-tier,False,41
2788,36,35-44,Female,New,High-value regulars,False,4
2789,56,55-64,Female,New,Steady mid-tier,False,2
2790,28,25-34,Female,Established,High-value regulars,False,28
2791,34,25-34,Female,Developing,Steady mid-tier,False,24
2792,43,35-44,Female,Developing,High-value regulars,False,14
2793,54,45-54,Female,Developing,High-value regulars,False,11
2794,37,35-44,Female,Established,High-value regulars,False,27
2795,33,25-34,Female,New,Steady mid-tier,False,7
2796,33,25-34,Female,Loyal,Steady mid-tier,False,49
2797,55,55-64,Female,Developing,Steady mid-tier,False,21
2798,63,55-64,Female,New,Steady mid-tier,False,10
2799,52,45-54,Female,Established,High-value regulars,False,37
2800,23,18-24,Female,New,Steady mid-tier,False,9
2801,70,65+,Female,Developing,High-value regulars,False,14
2802,64,55-64,Female,Established,Steady mid-tier,False,30
2803,22,18-24,Female,Loyal,High-value regulars,False,42
2804,46,45-54,Female,Established,Steady mid-tier,False,31
2805,65,65+,Female,Loyal,Steady mid-tier,False,48
2806,18,18-24,Female,Loyal,Steady mid-tier,False,48
2807,45,45-54,Female,Loyal,Steady mid-tier,False,50
2808,56,55-64,Female,New,High-value regulars,False,10
2809,49,45-54,Female,Loyal,Steady mid-tier,False,45
2810,66,65+,Female,Established,Steady mid-tier,False,27
2811,27,25-34,Female,New,Steady mid-tier,False,10
2812,69,65+,Female,Developing,Steady mid-tier,False,19
2813,66,65+,Female,New,Steady mid-tier,False,1
2814,45,45-54,Female,Established,Steady mid-tier,False,39
2815,31,25-34,Female,Developing,Steady mid-tier,False,14
2816,33,25-34,Female,Established,Steady mid-tier,False,40
2817,43,35-44,Female,Loyal,High-value regulars,False,45
2818,25,25-34,Female,New,High-value regulars,False,6
2819,46,45-54,Female,Developing,Steady mid-tier,False,12
2820,67,65+,Female,Developing,Steady mid-tier,False,19
2821,26,25-34,Female,New,High-value regulars,False,5
2822,35,35-44,Female,Established,Steady mid-tier,False,37
2823,61,55-64,Female,Established,Steady mid-tier,False,33
2824,26,25-34,Female,Loyal,High-value regulars,False,47
2825,39,35-44,Female,Loyal,Steady mid-tier,False,49
2826,69,65+,Female,Established,Steady mid-tier,False,28
2827,32,25-34,Female,Developing,Steady mid-tier,False,23
2828,20,18-24,Female,Developing,High-value regulars,False,11
2829,25,25-34,Female,Established,Steady mid-tier,False,33
2830,56,55-64,Female,Loyal,High-value regulars,False,47
2831,63,55-64,Female,Developing,Steady mid-tier,False,13
2832,34,25-34,Female,New,High-value regulars,False,4
2833,29,25-34,Female,Established,Steady mid-tier,False,40
2834,43,35-44,Female,Developing,Steady mid-tier,False,19
2835,39,35-44,Female,Developing,High-value regulars,False,17
2836,33,25-34,Female,New,Steady mid-tier,False,7
2837,51,45-54,Female,Developing,Steady mid-tier,False,21
2838,65,65+,Female,Loyal,High-value regulars,False,44
2839,51,45-54,Female,New,High-value regulars,False,2
2840,70,65+,Female,Established,Steady mid-tier,False,30
2841,40,35-44,Female,Loyal,Steady mid-tier,False,41
2842,19,18-24,Female,Established,High-value regulars,False,31
2843,28,25-34,Female,Loyal,Steady mid-tier,False,48
2844,51,45-54,Female,Loyal,High-value regulars,False,41
2845,32,25-34,Female,Loyal,Steady mid-tier,False,42
2846,26,25-34,Female,Established,Steady mid-tier,False,39
2847,50,45-54,Female,Developing,Steady mid-tier,False,15
2848,68,65+,Female,New,Steady mid-tier,False,3
2849,33,25-34,Female,Established,Steady mid-tier,False,28
2850,56,55-64,Female,Established,Steady mid-tier,False,27
2851,57,55-64,Female,Established,Steady mid-tier,False,36
2852,58,55-64,Female,Loyal,Steady mid-tier,False,42
2853,40,35-44,Female,Established,High-value regulars,False,30
2854,37,35-44,Female,New,High-value regulars,False,9
2855,36,35-44,Female,Developing,Steady mid-tier,False,25
2856,29,25-34,Female,Established,Steady mid-tier,False,33
2857,65,65+,Female,Established,Steady mid-tier,False,31
2858,44,35-44,Female,Established,Steady mid-tier,False,35
2859,34,25-34,Female,Loyal,Steady mid-tier,False,46
2860,31,25-34,Female,Established,Steady mid-tier,False,29
2861,28,25-34,Female,Loyal,High-value regulars,False,49
2862,66,65+,Female,Established,Steady mid-tier,False,27
2863,68,65+,Female,New,Steady mid-tier,False,5
2864,37,35-44,Female,Developing,Steady mid-tier,False,18
2865,58,55-64,Female,Established,High-value regulars,False,31
2866,28,25-34,Female,Established,High-value regulars,False,27
2867,54,45-54,Female,Developing,Steady mid-tier,False,19
2868,21,18-24,Female,Established,High-value regulars,False,33
2869,45,45-54,Female,Loyal,Steady mid-tier,False,42
2870,57,55-64,Female,Developing,High-value regulars,False,16
2871,47,45-54,Female,Loyal,Steady mid-tier,False,49
2872,46,45-54,Female,Established,Steady mid-tier,False,40
2873,63,55-64,Female,New,Steady mid-tier,False,5
2874,44,35-44,Female,New,Steady mid-tier,False,8
2875,36,35-44,Female,New,Steady mid-tier,False,2
2876,24,18-24,Female,Developing,High-value regulars,False,14
2877,65,65+,Female,New,High-value regulars,False,5
2878,32,25-34,Female,Established,Steady mid-tier,False,34
2879,63,55-64,Female,Developing,Steady mid-tier,False,13
2880,62,55-64,Female,Established,Steady mid-tier,False,31
2881,19,18-24,Female,Loyal,Steady mid-tier,False,43
2882,38,35-44,Female,New,Steady mid-tier,False,6
2883,59,55-64,Female,Developing,Steady mid-tier,False,23
2884,22,18-24,Female,New,High-value regulars,False,10
2885,55,55-64,Female,Loyal,Steady mid-tier,False,47
2886,29,25-34,Female,Developing,High-value regulars,False,14
2887,42,35-44,Female,Established,High-value regulars,False,29
2888,23,18-24,Female,Developing,Steady mid-tier,False,12
2889,70,65+,Female,Developing,Steady mid-tier,False,25
2890,64,55-64,Female,Developing,Steady mid-tier,False,21
2891,39,35-44,Female,Developing,Steady mid-tier,False,23
2892,47,45-54,Female,New,Steady mid-tier,False,10
2893,22,18-24,Female,Loyal,Steady mid-tier,False,47
2894,69,65+,Female,Loyal,Steady mid-tier,False,44
2895,35,35-44,Female,Loyal,Steady mid-tier,False,41
2896,56,55-64,Female,Established,Steady mid-tier,False,29
2897,30,25-34,Female,New,Steady mid-tier,False,2
2898,43,35-44,Female,New,High-value regulars,False,2
2899,23,18-24,Female,Established,Steady mid-tier,False,29
2900,50,45-54,Female,Developing,High-value regulars,False,22
2901,41,35-44,Female,Developing,High-value regulars,False,23
2902,41,35-44,Female,Loyal,Steady mid-tier,False,46
2903,27,25-34,Female,Developing,Steady mid-tier,False,19
2904,38,35-44,Female,Developing,Steady mid-tier,False,24
2905,41,35-44,Female,Loyal,Steady mid-tier,False,43
2906,58,55-64,Female,Developing,Steady mid-tier,False,14
2907,58,55-64,Female,New,Steady mid-tier,False,7
2908,19,18-24,Female,Loyal,High-value regulars,False,50
2909,43,35-44,Female,Developing,Steady mid-tier,False,15
2910,27,25-34,Female,Established,Steady mid-tier,False,40
2911,32,25-34,Female,Loyal,Steady mid-tier,False,41
2912,28,25-34,Female,Established,Steady mid-tier,False,34
2913,48,45-54,Female,Established,Steady mid-tier,False,27
2914,43,35-44,Female,Developing,Steady mid-tier,False,12
2915,45,45-54,Female,New,High-value regulars,False,1
2916,26,25-34,Female,Established,Steady mid-tier,False,39
2917,62,55-64,Female,Developing,High-value regulars,False,13
2918,58,55-64,Female,Loyal,Steady mid-tier,False,50
2919,19,18-24,Female,Established,High-value regulars,False,36
2920,64,55-64,Female,Established,Steady mid-tier,False,31
2921,33,25-34,Female,New,High-value regulars,False,3
2922,20,18-24,Female,Developing,Steady mid-tier,False,11
2923,45,45-54,Female,Developing,Steady mid-tier,False,16
2924,28,25-34,Female,Developing,Steady mid-tier,False,12
2925,47,45-54,Female,Established,Steady mid-tier,False,37
2926,54,45-54,Female,Loyal,Steady mid-tier,False,43
2927,64,55-64,Female,New,High-value regulars,False,9
2928,45,45-54,Female,Developing,Steady mid-tier,False,15
2929,40,35-44,Female,Developing,High-value regulars,False,17
2930,31,25-34,Female,Loyal,Steady mid-tier,False,42
2931,38,35-44,Female,Developing,Steady mid-tier,False,14
2932,36,35-44,Female,Loyal,Steady mid-tier,False,49
2933,65,65+,Female,New,Steady mid-tier,False,3
2934,27,25-34,Female,Established,Steady mid-tier,False,28
2935,38,35-44,Female,Loyal,Steady mid-tier,False,41
2936,58,55-64,Female,Developing,High-value regulars,False,11
2937,31,25-34,Female,Loyal,High-value regulars,False,46
2938,28,25-34,Female,Developing,High-value regulars,False,15
2939,28,25-34,Female,Developing,Steady mid-tier,False,15
2940,32,25-34,Female,Established,High-value regulars,False,34
2941,61,55-64,Female,Developing,Steady mid-tier,False,13
2942,38,35-44,Female,Established,Steady mid-tier,False,27
2943,54,45-54,Female,Established,High-value regulars,False,37
2944,29,25-34,Female,Established,Steady mid-tier,False,37
2945,50,45-54,Female,New,Steady mid-tier,False,4
2946,32,25-34,Female,New,Steady mid-tier,False,1
2947,38,35-44,Female,Established,Steady mid-tier,False,29
2948,52,45-54,Female,Loyal,Steady mid-tier,False,50
2949,61,55-64,Female,Established,High-value regulars,False,38
2950,25,25-34,Female,Developing,Steady mid-tier,False,15
2951,22,18-24,Female,Loyal,Steady mid-tier,False,44
2952,47,45-54,Female,Developing,High-value regulars,False,14
2953,50,45-54,Female,New,Steady mid-tier,False,5
2954,45,45-54,Female,Developing,Steady mid-tier,False,11
2955,33,25-34,Female,Developing,Steady mid-tier,False,15
2956,42,35-44,Female,Loyal,Steady mid-tier,False,46
2957,52,45-54,Female,Established,Steady mid-tier,False,30
2958,69,65+,Female,New,Steady mid-tier,False,2
2959,55,55-64,Female,Established,Steady mid-tier,False,28
2960,38,35-44,Female,New,Steady mid-tier,False,9
2961,57,55-64,Female,Loyal,High-value regulars,False,47
2962,33,25-34,Female,Developing,Steady mid-tier,False,21
2963,57,55-64,Female,Loyal,Steady mid-tier,False,42
2964,52,45-54,Female,Established,High-value regulars,False,28
2965,44,35-44,Female,Developing,Steady mid-tier,False,13
2966,48,45-54,Female,Developing,Steady mid-tier,False,25
2967,52,45-54,Female,Established,Steady mid-tier,False,38
2968,34,25-34,Female,Established,Steady mid-tier,False,40
2969,26,25-34,Female,Developing,Steady mid-tier,False,25
2970,36,35-44,Female,Developing,Steady mid-tier,False,20
2971,24,18-24,Female,Loyal,High-value regulars,False,44
2972,30,25-34,Female,New,Steady mid-tier,False,9
2973,31,25-34,Female,Developing,Steady mid-tier,False,11
2974,25,25-34,Female,New,High-value regulars,False,3
2975,57,55-64,Female,Established,High-value regulars,False,34
2976,61,55-64,Female,Loyal,Steady mid-tier,False,48
2977,30,25-34,Female,Established,High-value regulars,False,28
2978,38,35-44,Female,Developing,Steady mid-tier,False,20
2979,53,45-54,Female,Loyal,High-value regulars,False,49
2980,31,25-34,Female,Developing,High-value regulars,False,14
2981,70,65+,Female,New,Steady mid-tier,False,9
2982,21,18-24,Female,Established,Steady mid-tier,False,37
2983,33,25-34,Female,New,High-value regulars,False,4
2984,60,55-64,Female,New,Steady mid-tier,False,1
2985,45,45-54,Female,Established,Steady mid-tier,False,36
2986,46,45-54,Female,Developing,Steady mid-tier,False,21
2987,62,55-64,Female,Developing,Steady mid-tier,False,16
2988,63,55-64,Female,Loyal,Steady mid-tier,False,42
2989,69,65+,Female,Established,Steady mid-tier,False,31
2990,46,45-54,Female,New,High-value regulars,False,6
2991,69,65+,Female,Developing,Steady mid-tier,False,24
2992,66,65+,Female,New,High-value regulars,False,7
2993,41,35-44,Female,Developing,High-value regulars,False,25
2994,32,25-34,Female,Developing,Steady mid-tier,False,18
2995,69,65+,Female,Developing,Steady mid-tier,False,14
2996,29,25-34,Female,Loyal,High-value regulars,False,42
2997,70,65+,Female,New,Steady mid-tier,False,6
2998,41,35-44,Female,Developing,Steady mid-tier,False,14
2999,31,25-34,Female,Established,Steady mid-tier,False,30
3000,31,25-34,Female,New,Steady mid-tier,False,10
3001,57,55-64,Female,New,High-value regulars,False,7
3002,29,25-34,Female,Established,Steady mid-tier,False,28
3003,70,65+,Female,Developing,Steady mid-tier,False,19
3004,51,45-54,Female,Developing,Steady mid-tier,False,13
3005,45,45-54,Female,Developing,High-value regulars,False,23
3006,18,18-24,Female,New,High-value regulars,False,5
3007,37,35-44,Female,Developing,High-value regulars,False,17
3008,23,18-24,Female,Established,High-value regulars,False,31
3009,39,35-44,Female,Developing,High-value regulars,False,19
3010,62,55-64,Female,New,High-value regulars,False,8
3011,70,65+,Female,Developing,Steady mid-tier,False,15
3012,20,18-24,Female,Developing,Steady mid-tier,False,18
3013,42,35-44,Female,Developing,Steady mid-tier,False,16
3014,41,35-44,Female,Developing,Steady mid-tier,False,13
3015,24,18-24,Female,Established,Steady mid-tier,False,38
3016,37,35-44,Female,Established,Steady mid-tier,False,27
3017,30,25-34,Female,Established,Steady mid-tier,False,31
3018,58,55-64,Female,Developing,High-value regulars,False,24
3019,43,35-44,Female,Developing,Steady mid-tier,False,21
3020,19,18-24,Female,Developing,Steady mid-tier,False,15
3021,23,18-24,Female,Loyal,Steady mid-tier,False,48
3022,65,65+,Female,Loyal,Steady mid-tier,False,47
3023,58,55-64,Female,Developing,High-value regulars,False,23
3024,50,45-54,Female,New,Steady mid-tier,False,4
3025,67,65+,Female,Loyal,Steady mid-tier,False,47
3026,40,35-44,Female,New,Steady mid-tier,False,7
3027,55,55-64,Female,New,Steady mid-tier,False,6
3028,52,45-54,Female,Loyal,Steady mid-tier,False,47
3029,62,55-64,Female,New,Steady mid-tier,False,7
3030,64,55-64,Female,New,Steady mid-tier,False,1
3031,43,35-44,Female,Developing,High-value regulars,False,23
3032,61,55-64,Female,Established,Steady mid-tier,False,30
3033,26,25-34,Female,Developing,Steady mid-tier,False,24
3034,22,18-24,Female,New,High-value regulars,False,9
3035,51,45-54,Female,Developing,Steady mid-tier,False,25
3036,69,65+,Female,Developing,High-value regulars,False,18
3037,50,45-54,Female,New,High-value regulars,False,7
3038,51,45-54,Female,New,Steady mid-tier,False,2
3039,56,55-64,Female,Established,Steady mid-tier,False,36
3040,59,55-64,Female,Established,Steady mid-tier,False,31
3041,18,18-24,Female,New,Steady mid-tier,False,10
3042,48,45-54,Female,Established,Steady mid-tier,False,27
3043,53,45-54,Female,Developing,Steady mid-tier,False,14
3044,45,45-54,Female,Developing,Steady mid-tier,False,17
3045,21,18-24,Female,New,Steady mid-tier,False,10
3046,42,35-44,Female,New,Steady mid-tier,False,4
3047,60,55-64,Female,Developing,Steady mid-tier,False,25
3048,21,18-24,Female,New,High-value regulars,False,3
3049,69,65+,Female,Loyal,High-value regulars,False,47
3050,40,35-44,Female,Loyal,High-value regulars,False,41
3051,31,25-34,Female,Established,Steady mid-tier,False,28
3052,44,35-44,Female,Loyal,Steady mid-tier,False,49
3053,48,45-54,Female,New,Steady mid-tier,False,7
3054,32,25-34,Female,Developing,Steady mid-tier,False,22
3055,42,35-44,Female,Established,Steady mid-tier,False,34
3056,27,25-34,Female,New,Steady mid-tier,False,5
3057,69,65+,Female,Developing,High-value regulars,False,15
3058,67,65+,Female,Established,High-value regulars,False,26
3059,41,35-44,Female,New,High-value regulars,False,3
3060,46,45-54,Female,Loyal,Steady mid-tier,False,42
3061,47,45-54,Female,New,Steady mid-tier,False,1
3062,33,25-34,Female,Developing,Steady mid-tier,False,20
3063,51,45-54,Female,Established,Steady mid-tier,False,39
3064,26,25-34,Female,Developing,Steady mid-tier,False,24
3065,22,18-24,Female,Loyal,Steady mid-tier,False,49
3066,49,45-54,Female,New,High-value regulars,False,7
3067,58,55-64,Female,Developing,Steady mid-tier,False,13
3068,70,65+,Female,New,High-value regulars,False,2
3069,32,25-34,Female,New,High-value regulars,False,4
3070,62,55-64,Female,Developing,Steady mid-tier,False,17
3071,52,45-54,Female,Loyal,Steady mid-tier,False,43
3072,23,18-24,Female,New,Steady mid-tier,False,6
3073,26,25-34,Female,Loyal,Steady mid-tier,False,46
3074,58,55-64,Female,New,High-value regulars,False,7
3075,26,25-34,Female,Established,High-value regulars,False,34
3076,54,45-54,Female,Developing,Steady mid-tier,False,21
3077,66,65+,Female,Developing,Steady mid-tier,False,13
3078,60,55-64,Female,Established,High-value regulars,False,33
3079,32,25-34,Female,Developing,High-value regulars,False,24
3080,48,45-54,Female,New,Steady mid-tier,False,4
3081,69,65+,Female,New,Steady mid-tier,False,5
3082,64,55-64,Female,Developing,High-value regulars,False,11
3083,56,55-64,Female,Developing,Steady mid-tier,False,20
3084,22,18-24,Female,Established,Steady mid-tier,False,28
3085,46,45-54,Female,Loyal,Steady mid-tier,False,43
3086,24,18-24,Female,New,Steady mid-tier,False,10
3087,47,45-54,Female,Established,Steady mid-tier,False,26
3088,62,55-64,Female,Established,Steady mid-tier,False,29
3089,34,25-34,Female,Established,Steady mid-tier,False,35
3090,50,45-54,Female,Developing,Steady mid-tier,False,23
3091,29,25-34,Female,Developing,Steady mid-tier,False,15
3092,68,65+,Female,Loyal,Steady mid-tier,False,46
3093,52,45-54,Female,Developing,Steady mid-tier,False,14
3094,29,25-34,Female,Developing,Steady mid-tier,False,17
3095,22,18-24,Female,New,High-value regulars,False,9
3096,62,55-64,Female,Developing,Steady mid-tier,False,13
3097,69,65+,Female,Developing,Steady mid-tier,False,20
3098,48,45-54,Female,Established,Steady mid-tier,False,39
3099,66,65+,Female,Loyal,Steady mid-tier,False,50
3100,42,35-44,Female,Developing,High-value regulars,False,21
3101,50,45-54,Female,New,High-value regulars,False,3
3102,32,25-34,Female,New,High-value regulars,False,9
3103,51,45-54,Female,Established,High-value regulars,False,29
3104,27,25-34,Female,Loyal,High-value regulars,False,42
3105,43,35-44,Female,Loyal,High-value regulars,False,41
3106,48,45-54,Female,Developing,Steady mid-tier,False,17
3107,62,55-64,Female,Developing,Steady mid-tier,False,20
3108,65,65+,Female,Developing,Steady mid-tier,False,18
3109,50,45-54,Female,New,Steady mid-tier,False,7
3110,60,55-64,Female,Loyal,High-value regulars,False,47
3111,19,18-24,Female,New,Steady mid-tier,False,2
3112,21,18-24,Female,Developing,Steady mid-tier,False,25
3113,19,18-24,Female,Established,Steady mid-tier,False,26
3114,46,45-54,Female,New,High-value regulars,False,2
3115,21,18-24,Female,Loyal,High-value regulars,False,45
3116,26,25-34,Female,New,Steady mid-tier,False,9
3117,50,45-54,Female,New,High-value regulars,False,1
3118,43,35-44,Female,New,Steady mid-tier,False,4
3119,61,55-64,Female,Established,Steady mid-tier,False,31
3120,63,55-64,Female,Developing,Steady mid-tier,False,21
3121,46,45-54,Female,Established,High-value regulars,False,32
3122,63,55-64,Female,Developing,High-value regulars,False,16
3123,23,18-24,Female,Established,Steady mid-tier,False,34
3124,57,55-64,Female,Established,High-value regulars,False,40
3125,57,55-64,Female,New,Steady mid-tier,False,4
3126,33,25-34,Female,New,Steady mid-tier,False,3
3127,57,55-64,Female,Established,High-value regulars,False,28
3128,55,55-64,Female,Loyal,Steady mid-tier,False,43
3129,65,65+,Female,Developing,Steady mid-tier,False,20
3130,60,55-64,Female,Established,Steady mid-tier,False,40
3131,52,45-54,Female,Established,Steady mid-tier,False,34
3132,34,25-34,Female,Developing,Steady mid-tier,False,11
3133,33,25-34,Female,Established,Steady mid-tier,False,26
3134,58,55-64,Female,Established,High-value regulars,False,29
3135,35,35-44,Female,Loyal,High-value regulars,False,47
3136,68,65+,Female,Loyal,High-value regulars,False,48
3137,58,55-64,Female,Established,Steady mid-tier,False,29
3138,34,25-34,Female,Developing,Steady mid-tier,False,14
3139,47,45-54,Female,Established,Steady mid-tier,False,40
3140,35,35-44,Female,New,High-value regulars,False,4
3141,34,25-34,Female,Established,High-value regulars,False,37
3142,36,35-44,Female,Loyal,Steady mid-tier,False,47
3143,23,18-24,Female,New,Steady mid-tier,False,1
3144,68,65+,Female,Established,Steady mid-tier,False,26
3145,23,18-24,Female,Developing,Steady mid-tier,False,12
3146,57,55-64,Female,Developing,Steady mid-tier,False,16
3147,21,18-24,Female,Developing,Steady mid-tier,False,19
3148,45,45-54,Female,Developing,High-value regulars,False,21
3149,37,35-44,Female,Developing,High-value regulars,False,15
3150,18,18-24,Female,New,Steady mid-tier,False,9
3151,55,55-64,Female,New,Steady mid-tier,False,7
3152,52,45-54,Female,Loyal,Steady mid-tier,False,47
3153,49,45-54,Female,Developing,Steady mid-tier,False,17
3154,56,55-64,Female,Loyal,High-value regulars,False,46
3155,27,25-34,Female,Established,Steady mid-tier,False,32
3156,22,18-24,Female,Established,Steady mid-tier,False,34
3157,18,18-24,Female,Developing,Steady mid-tier,False,18
3158,21,18-24,Female,New,Steady mid-tier,False,5
3159,30,25-34,Female,Loyal,Steady mid-tier,False,44
3160,62,55-64,Female,New,Steady mid-tier,False,4
3161,28,25-34,Female,Established,High-value regulars,False,37
3162,66,65+,Female,Loyal,Steady mid-tier,False,43
3163,66,65+,Female,Established,Steady mid-tier,False,28
3164,49,45-54,Female,Established,Steady mid-tier,False,36
3165,40,35-44,Female,Developing,Steady mid-tier,False,16
3166,49,45-54,Female,Established,Steady mid-tier,False,38
3167,19,18-24,Female,Established,High-value regulars,False,37
3168,24,18-24,Female,New,High-value regulars,False,9
3169,31,25-34,Female,Developing,Steady mid-tier,False,14
3170,35,35-44,Female,New,High-value regulars,False,3
3171,65,65+,Female,New,Steady mid-tier,False,10
3172,68,65+,Female,Established,Steady mid-tier,False,26
3173,57,55-64,Female,Established,Steady mid-tier,False,30
3174,69,65+,Female,Established,Steady mid-tier,False,32
3175,45,45-54,Female,Established,Steady mid-tier,False,35
3176,35,35-44,Female,Established,Steady mid-tier,False,26
3177,36,35-44,Female,Established,Steady mid-tier,False,39
3178,55,55-64,Female,Established,Steady mid-tier,False,31
3179,66,65+,Female,Established,Steady mid-tier,False,28
3180,57,55-64,Female,Developing,High-value regulars,False,12
3181,18,18-24,Female,Loyal,High-value regulars,False,46
3182,31,25-34,Female,Established,Steady mid-tier,False,27
3183,50,45-54,Female,New,Steady mid-tier,False,4
3184,50,45-54,Female,Developing,Steady mid-tier,False,14
3185,61,55-64,Female,Established,Steady mid-tier,False,30
3186,52,45-54,Female,New,Steady mid-tier,False,6
3187,38,35-44,Female,Loyal,Steady mid-tier,False,43
3188,67,65+,Female,Established,High-value regulars,False,28
3189,42,35-44,Female,Established,Steady mid-tier,False,39
3190,25,25-34,Female,Established,High-value regulars,False,30
3191,41,35-44,Female,New,High-value regulars,False,5
3192,62,55-64,Female,Loyal,Steady mid-tier,False,42
3193,19,18-24,Female,Developing,High-value regulars,False,20
3194,63,55-64,Female,Established,High-value regulars,False,35
3195,43,35-44,Female,New,Steady mid-tier,False,10
3196,68,65+,Female,Established,Steady mid-tier,False,36
3197,24,18-24,Female,Developing,High-value regulars,False,21
3198,27,25-34,Female,Established,Steady mid-tier,False,29
3199,61,55-64,Female,Established,High-value regulars,False,39
3200,59,55-64,Female,Developing,Steady mid-tier,False,16
3201,67,65+,Female,Established,Steady mid-tier,False,32
3202,46,45-54,Female,Established,Steady mid-tier,False,34
3203,65,65+,Female,Established,Steady mid-tier,False,38
3204,63,55-64,Female,Developing,Steady mid-tier,False,14
3205,57,55-64,Female,Developing,High-value regulars,False,23
3206,40,35-44,Female,Loyal,Steady mid-tier,False,50
3207,36,35-44,Female,Loyal,Steady mid-tier,False,49
3208,67,65+,Female,Developing,Steady mid-tier,False,14
3209,61,55-64,Female,Loyal,High-value regulars,False,42
3210,64,55-64,Female,Established,Steady mid-tier,False,39
3211,30,25-34,Female,Loyal,High-value regulars,False,43
3212,53,45-54,Female,Developing,Steady mid-tier,False,12
3213,27,25-34,Female,Developing,High-value regulars,False,21
3214,27,25-34,Female,Established,Steady mid-tier,False,33
3215,53,45-54,Female,New,Steady mid-tier,False,6
3216,34,25-34,Female,New,Steady mid-tier,False,10
3217,39,35-44,Female,Developing,High-value regulars,False,18
3218,44,35-44,Female,Loyal,High-value regulars,False,46
3219,37,35-44,Female,Loyal,Steady mid-tier,False,49
3220,57,55-64,Female,Established,High-value regulars,False,39
3221,38,35-44,Female,Developing,Steady mid-tier,False,16
3222,21,18-24,Female,Established,Steady mid-tier,False,28
3223,45,45-54,Female,Developing,Steady mid-tier,False,22
3224,68,65+,Female,Established,High-value regulars,False,36
3225,37,35-44,Female,Developing,Steady mid-tier,False,18
3226,53,45-54,Female,Established,High-value regulars,False,31
3227,57,55-64,Female,Established,High-value regulars,False,38
3228,28,25-34,Female,Loyal,Steady mid-tier,False,42
3229,37,35-44,Female,Established,Steady mid-tier,False,27
3230,54,45-54,Female,Developing,Steady mid-tier,False,24
3231,49,45-54,Female,Established,Steady mid-tier,False,38
3232,62,55-64,Female,New,Steady mid-tier,False,9
3233,45,45-54,Female,Developing,Steady mid-tier,False,19
3234,45,45-54,Female,Developing,High-value regulars,False,11
3235,49,45-54,Female,Developing,Steady mid-tier,False,16
3236,27,25-34,Female,Developing,Steady mid-tier,False,18
3237,63,55-64,Female,New,Steady mid-tier,False,8
3238,61,55-64,Female,New,High-value regulars,False,4
3239,25,25-34,Female,Established,Steady mid-tier,False,37
3240,33,25-34,Female,Established,Steady mid-tier,False,30
3241,56,55-64,Female,Established,Steady mid-tier,False,37
3242,50,45-54,Female,Established,Steady mid-tier,False,30
3243,45,45-54,Female,Developing,High-value regulars,False,17
3244,45,45-54,Female,Developing,Steady mid-tier,False,11
3245,65,65+,Female,Loyal,Steady mid-tier,False,42
3246,63,55-64,Female,Developing,High-value regulars,False,20
3247,70,65+,Female,Established,Steady mid-tier,False,37
3248,53,45-54,Female,Developing,High-value regulars,False,12
3249,22,18-24,Female,Loyal,Steady mid-tier,False,41
3250,26,25-34,Female,Established,Steady mid-tier,False,32
3251,23,18-24,Female,Developing,High-value regulars,False,15
3252,25,25-34,Female,Established,Steady mid-tier,False,39
3253,69,65+,Female,Loyal,Steady mid-tier,False,48
3254,36,35-44,Female,New,High-value regulars,False,8
3255,21,18-24,Female,Developing,Steady mid-tier,False,11
3256,57,55-64,Female,Established,Steady mid-tier,False,36
3257,60,55-64,Female,Loyal,Steady mid-tier,False,50
3258,44,35-44,Female,Established,Steady mid-tier,False,39
3259,31,25-34,Female,Developing,Steady mid-tier,False,11
3260,57,55-64,Female,New,Steady mid-tier,False,5
3261,39,35-44,Female,New,Steady mid-tier,False,7
3262,48,45-54,Female,Loyal,High-value regulars,False,50
3263,42,35-44,Female,Developing,Steady mid-tier,False,21
3264,56,55-64,Female,Established,High-value regulars,False,31
3265,28,25-34,Female,Established,Steady mid-tier,False,39
3266,40,35-44,Female,Established,High-value regulars,False,28
3267,49,45-54,Female,Established,High-value regulars,False,33
3268,37,35-44,Female,Loyal,Steady mid-tier,False,42
3269,22,18-24,Female,New,Steady mid-tier,False,5
3270,27,25-34,Female,Developing,Steady mid-tier,False,25
3271,59,55-64,Female,Loyal,Steady mid-tier,False,48
3272,35,35-44,Female,Established,High-value regulars,False,30
3273,58,55-64,Female,Established,Steady mid-tier,False,34
3274,58,55-64,Female,Established,Steady mid-tier,False,34
3275,46,45-54,Female,Developing,Steady mid-tier,False,14
3276,43,35-44,Female,New,High-value regulars,False,2
3277,39,35-44,Female,Loyal,Steady mid-tier,False,41
3278,59,55-64,Female,New,Steady mid-tier,False,3
3279,59,55-64,Female,Developing,High-value regulars,False,18
3280,59,55-64,Female,New,Steady mid-tier,False,1
3281,45,45-54,Female,New,Steady mid-tier,False,5
3282,27,25-34,Female,Loyal,Steady mid-tier,False,41
3283,24,18-24,Female,New,Steady mid-tier,False,5
3284,47,45-54,Female,New,Steady mid-tier,False,10
3285,70,65+,Female,Developing,Steady mid-tier,False,20
3286,58,55-64,Female,Developing,High-value regulars,False,11
3287,45,45-54,Female,New,High-value regulars,False,4
3288,24,18-24,Female,Established,High-value regulars,False,38
3289,67,65+,Female,Developing,High-value regulars,False,19
3290,31,25-34,Female,Developing,Steady mid-tier,False,16
3291,52,45-54,Female,New,Steady mid-tier,False,2
3292,29,25-34,Female,Developing,Steady mid-tier,False,11
3293,62,55-64,Female,Developing,Steady mid-tier,False,18
3294,19,18-24,Female,Loyal,High-value regulars,False,47
3295,62,55-64,Female,Developing,High-value regulars,False,15
3296,70,65+,Female,Developing,High-value regulars,False,15
3297,20,18-24,Female,Loyal,Steady mid-tier,False,47
3298,67,65+,Female,Loyal,Steady mid-tier,False,47
3299,65,65+,Female,New,Steady mid-tier,False,6
3300,45,45-54,Female,Developing,Steady mid-tier,False,18
3301,26,25-34,Female,Established,High-value regulars,False,40
3302,36,35-44,Female,Established,High-value regulars,False,31
3303,36,35-44,Female,Established,High-value regulars,False,31
3304,20,18-24,Female,New,High-value regulars,False,4
3305,30,25-34,Female,Established,Steady mid-tier,False,36
3306,34,25-34,Female,Established,Steady mid-tier,False,31
3307,63,55-64,Female,New,Steady mid-tier,False,6
3308,18,18-24,Female,New,Steady mid-tier,False,1
3309,55,55-64,Female,Established,Steady mid-tier,False,29
3310,48,45-54,Female,Developing,Steady mid-tier,False,19
3311,45,45-54,Female,Developing,Steady mid-tier,False,12
3312,29,25-34,Female,Developing,Steady mid-tier,False,18
3313,55,55-64,Female,Loyal,Steady mid-tier,False,45
3314,55,55-64,Female,Loyal,Steady mid-tier,False,45
3315,55,55-64,Female,New,Steady mid-tier,False,8
3316,48,45-54,Female,New,Steady mid-tier,False,4
3317,42,35-44,Female,New,Steady mid-tier,False,5
3318,21,18-24,Female,Established,Steady mid-tier,False,30
3319,45,45-54,Female,Developing,Steady mid-tier,False,15
3320,23,18-24,Female,Developing,Steady mid-tier,False,17
3321,66,65+,Female,Loyal,Steady mid-tier,False,45
3322,32,25-34,Female,New,Steady mid-tier,False,3
3323,52,45-54,Female,Loyal,High-value regulars,False,43
3324,54,45-54,Female,New,Steady mid-tier,False,4
3325,37,35-44,Female,Loyal,High-value regulars,False,41
3326,29,25-34,Female,Developing,Steady mid-tier,False,16
3327,47,45-54,Female,New,Steady mid-tier,False,10
3328,47,45-54,Female,New,Steady mid-tier,False,2
3329,42,35-44,Female,Developing,Steady mid-tier,False,11
3330,34,25-34,Female,New,Steady mid-tier,False,1
3331,38,35-44,Female,Loyal,Steady mid-tier,False,41
3332,55,55-64,Female,Established,Steady mid-tier,False,39
3333,27,25-34,Female,New,Steady mid-tier,False,1
3334,55,55-64,Female,New,Steady mid-tier,False,3
3335,66,65+,Female,Developing,Steady mid-tier,False,21
3336,44,35-44,Female,Loyal,Steady mid-tier,False,48
3337,39,35-44,Female,Developing,Steady mid-tier,False,24
3338,23,18-24,Female,Loyal,Steady mid-tier,False,45
3339,29,25-34,Female,Loyal,Steady mid-tier,False,46
3340,20,18-24,Female,Established,High-value regulars,False,35
3341,42,35-44,Female,Loyal,Steady mid-tier,False,47
3342,55,55-64,Female,Established,Steady mid-tier,False,35
3343,66,65+,Female,Loyal,High-value regulars,False,45
3344,24,18-24,Female,New,Steady mid-tier,False,6
3345,62,55-64,Female,Developing,Steady mid-tier,False,20
3346,28,25-34,Female,New,High-value regulars,False,3
3347,30,25-34,Female,Established,Steady mid-tier,False,30
3348,22,18-24,Female,Established,High-value regulars,False,28
3349,28,25-34,Female,Developing,Steady mid-tier,False,15
3350,35,35-44,Female,Established,Steady mid-tier,False,29
3351,45,45-54,Female,Developing,Steady mid-tier,False,15
3352,43,35-44,Female,Developing,Steady mid-tier,False,18
3353,55,55-64,Female,New,High-value regulars,False,7
3354,31,25-34,Female,Developing,Steady mid-tier,False,19
3355,42,35-44,Female,Developing,High-value regulars,False,15
3356,40,35-44,Female,New,Steady mid-tier,False,3
3357,39,35-44,Female,Developing,Steady mid-tier,False,13
3358,41,35-44,Female,Established,Steady mid-tier,False,37
3359,56,55-64,Female,Established,Steady mid-tier,False,26
3360,43,35-44,Female,Established,Steady mid-tier,False,29
3361,22,18-24,Female,Loyal,Steady mid-tier,False,47
3362,47,45-54,Female,Loyal,Steady mid-tier,False,47
3363,50,45-54,Female,Loyal,High-value regulars,False,48
3364,58,55-64,Female,Loyal,Steady mid-tier,False,46
3365,50,45-54,Female,New,Steady mid-tier,False,7
3366,43,35-44,Female,Loyal,Steady mid-tier,False,45
3367,38,35-44,Female,Loyal,Steady mid-tier,False,47
3368,44,35-44,Female,New,Steady mid-tier,False,6
3369,30,25-34,Female,Established,Steady mid-tier,False,29
3370,47,45-54,Female,Loyal,Steady mid-tier,False,42
3371,30,25-34,Female,Loyal,Steady mid-tier,False,46
3372,49,45-54,Female,Established,Steady mid-tier,False,28
3373,56,55-64,Female,Developing,Steady mid-tier,False,14
3374,70,65+,Female,Developing,Steady mid-tier,False,12
3375,22,18-24,Female,Loyal,Steady mid-tier,False,41
3376,51,45-54,Female,New,Steady mid-tier,False,8
3377,22,18-24,Female,Developing,Steady mid-tier,False,24
3378,37,35-44,Female,Developing,Steady mid-tier,False,18
3379,49,45-54,Female,New,Steady mid-tier,False,6
3380,61,55-64,Female,Established,High-value regulars,False,40
3381,41,35-44,Female,New,Steady mid-tier,False,6
3382,57,55-64,Female,Established,Steady mid-tier,False,27
3383,34,25-34,Female,New,High-value regulars,False,2
3384,27,25-34,Female,Established,Steady mid-tier,False,39
3385,39,35-44,Female,New,Steady mid-tier,False,9
3386,62,55-64,Female,Developing,Steady mid-tier,False,16
3387,34,25-34,Female,Established,Steady mid-tier,False,36
3388,53,45-54,Female,New,High-value regulars,False,2
3389,35,35-44,Female,Developing,High-value regulars,False,21
3390,38,35-44,Female,Established,Steady mid-tier,False,39
3391,32,25-34,Female,Established,Steady mid-tier,False,38
3392,47,45-54,Female,New,Steady mid-tier,False,6
3393,53,45-54,Female,New,High-value regulars,False,6
3394,60,55-64,Female,Loyal,Steady mid-tier,False,50
3395,31,25-34,Female,New,Steady mid-tier,False,9
3396,44,35-44,Female,Developing,Steady mid-tier,False,15
3397,29,25-34,Female,New,Steady mid-tier,False,5
3398,19,18-24,Female,Developing,Steady mid-tier,False,13
3399,54,45-54,Female,Loyal,High-value regulars,False,44
3400,40,35-44,Female,Established,Steady mid-tier,False,36
3401,39,35-44,Female,Developing,Steady mid-tier,False,18
3402,44,35-44,Female,Established,High-value regulars,False,39
3403,22,18-24,Female,Developing,Steady mid-tier,False,11
3404,30,25-34,Female,New,High-value regulars,False,1
3405,69,65+,Female,Established,Steady mid-tier,False,34
3406,28,25-34,Female,Loyal,High-value regulars,False,47
3407,57,55-64,Female,Developing,Steady mid-tier,False,24
3408,46,45-54,Female,Developing,Steady mid-tier,False,20
3409,48,45-54,Female,Developing,Steady mid-tier,False,11
3410,24,18-24,Female,New,Steady mid-tier,False,3
3411,50,45-54,Female,Established,High-value regulars,False,38
3412,29,25-34,Female,Loyal,High-value regulars,False,45
3413,61,55-64,Female,Established,Steady mid-tier,False,31
3414,34,25-34,Female,Developing,High-value regulars,False,16
3415,27,25-34,Female,New,Steady mid-tier,False,3
3416,38,35-44,Female,Developing,Steady mid-tier,False,15
3417,25,25-34,Female,Developing,Steady mid-tier,False,11
3418,54,45-54,Female,Developing,Steady mid-tier,False,22
3419,53,45-54,Female,Established,Steady mid-tier,False,35
3420,23,18-24,Female,New,Steady mid-tier,False,5
3421,19,18-24,Female,Established,High-value regulars,False,35
3422,57,55-64,Female,Established,High-value regulars,False,27
3423,19,18-24,Female,New,Steady mid-tier,False,9
3424,33,25-34,Female,Developing,High-value regulars,False,21
3425,33,25-34,Female,Developing,Steady mid-tier,False,23
3426,38,35-44,Female,New,Steady mid-tier,False,3
3427,47,45-54,Female,Established,Steady mid-tier,False,31
3428,39,35-44,Female,Loyal,Steady mid-tier,False,44
3429,32,25-34,Female,Developing,Steady mid-tier,False,20
3430,27,25-34,Female,Established,High-value regulars,False,34
3431,67,65+,Female,Developing,Steady mid-tier,False,17
3432,46,45-54,Female,Developing,Steady mid-tier,False,20
3433,36,35-44,Female,Loyal,Steady mid-tier,False,46
3434,62,55-64,Female,Established,Steady mid-tier,False,28
3435,31,25-34,Female,New,High-value regulars,False,6
3436,68,65+,Female,Loyal,High-value regulars,False,50
3437,57,55-64,Female,Loyal,Steady mid-tier,False,41
3438,22,18-24,Female,Loyal,Steady mid-tier,False,50
3439,26,25-34,Female,Established,Steady mid-tier,False,33
3440,43,35-44,Female,Developing,Steady mid-tier,False,25
3441,45,45-54,Female,New,High-value regulars,False,2
3442,64,55-64,Female,Developing,Steady mid-tier,False,15
3443,28,25-34,Female,Developing,High-value regulars,False,12
3444,47,45-54,Female,Established,Steady mid-tier,False,28
3445,53,45-54,Female,Developing,High-value regulars,False,12
3446,42,35-44,Female,New,Steady mid-tier,False,3
3447,51,45-54,Female,Developing,High-value regulars,False,20
3448,62,55-64,Female,New,High-value regulars,False,3
3449,18,18-24,Female,Established,Steady mid-tier,False,32
3450,48,45-54,Female,Established,Steady mid-tier,False,35
3451,20,18-24,Female,Established,Steady mid-tier,False,31
3452,32,25-34,Female,Developing,Steady mid-tier,False,13
3453,26,25-34,Female,New,Steady mid-tier,False,3
3454,31,25-34,Female,Loyal,High-value regulars,False,48
3455,55,55-64,Female,Developing,High-value regulars,False,15
3456,49,45-54,Female,Developing,Steady mid-tier,False,13
3457,42,35-44,Female,Developing,Steady mid-tier,False,21
3458,64,55-64,Female,Established,High-value regulars,False,29
3459,68,65+,Female,Developing,Steady mid-tier,False,24
3460,68,65+,Female,Developing,Steady mid-tier,False,21
3461,41,35-44,Female,New,High-value regulars,False,5
3462,51,45-54,Female,Loyal,Steady mid-tier,False,47
3463,44,35-44,Female,Established,Steady mid-tier,False,34
3464,27,25-34,Female,Loyal,Steady mid-tier,False,45
3465,36,35-44,Female,Developing,Steady mid-tier,False,12
3466,19,18-24,Female,Established,High-value regulars,False,31
3467,49,45-54,Female,Loyal,Steady mid-tier,False,43
3468,18,18-24,Female,New,Steady mid-tier,False,5
3469,36,35-44,Female,Established,Steady mid-tier,False,36
3470,36,35-44,Female,Developing,Steady mid-tier,False,12
3471,19,18-24,Female,Established,High-value regulars,False,31
3472,43,35-44,Female,Established,High-value regulars,False,31
3473,31,25-34,Female,Developing,High-value regulars,False,15
3474,63,55-64,Female,Developing,High-value regulars,False,11
3475,41,35-44,Female,Developing,Steady mid-tier,False,18
3476,48,45-54,Female,New,Steady mid-tier,False,9
3477,68,65+,Female,Developing,High-value regulars,False,11
3478,53,45-54,Female,Established,High-value regulars,False,38
3479,36,35-44,Female,Loyal,Steady mid-tier,False,42
3480,46,45-54,Female,Loyal,Steady mid-tier,False,41
3481,21,18-24,Female,Loyal,Steady mid-tier,False,45
3482,52,45-54,Female,Loyal,High-value regulars,False,41
3483,66,65+,Female,Established,High-value regulars,False,35
3484,19,18-24,Female,Developing,Steady mid-tier,False,21
3485,44,35-44,Female,Developing,High-value regulars,False,13
3486,50,45-54,Female,Developing,Steady mid-tier,False,23
3487,51,45-54,Female,New,High-value regulars,False,6
3488,25,25-34,Female,Established,Steady mid-tier,False,39
3489,62,55-64,Female,New,Steady mid-tier,False,7
3490,48,45-54,Female,Established,Steady mid-tier,False,32
3491,62,55-64,Female,Loyal,Steady mid-tier,False,43
3492,22,18-24,Female,Developing,Steady mid-tier,False,15
3493,48,45-54,Female,Loyal,Steady mid-tier,False,48
3494,48,45-54,Female,Established,High-value regulars,False,35
3495,62,55-64,Female,Loyal,Steady mid-tier,False,41
3496,24,18-24,Female,Developing,High-value regulars,False,14
3497,39,35-44,Female,Developing,Steady mid-tier,False,22
3498,35,35-44,Female,Developing,Steady mid-tier,False,16
3499,47,45-54,Female,New,Steady mid-tier,False,2
3500,22,18-24,Female,Developing,Steady mid-tier,False,13
3501,38,35-44,Female,Established,Steady mid-tier,False,38
3502,53,45-54,Female,Loyal,High-value regulars,False,43
3503,31,25-34,Female,Established,Steady mid-tier,False,26
3504,31,25-34,Female,Established,High-value regulars,False,39
3505,65,65+,Female,Loyal,Steady mid-tier,False,50
3506,48,45-54,Female,Established,Steady mid-tier,False,40
3507,18,18-24,Female,Developing,High-value regulars,False,12
3508,46,45-54,Female,Established,Steady mid-tier,False,33
3509,52,45-54,Female,Loyal,High-value regulars,False,49
3510,50,45-54,Female,Loyal,Steady mid-tier,False,43
3511,49,45-54,Female,Developing,Steady mid-tier,False,14
3512,69,65+,Female,Developing,Steady mid-tier,False,21
3513,36,35-44,Female,Established,Steady mid-tier,False,31
3514,30,25-34,Female,Established,High-value regulars,False,29
3515,25,25-34,Female,Established,Steady mid-tier,False,32
3516,19,18-24,Female,Developing,High-value regulars,False,16
3517,34,25-34,Female,Established,High-value regulars,False,38
3518,29,25-34,Female,Established,Steady mid-tier,False,34
3519,50,45-54,Female,Established,Steady mid-tier,False,30
3520,31,25-34,Female,Developing,High-value regulars,False,14
3521,41,35-44,Female,Established,Steady mid-tier,False,33
3522,52,45-54,Female,Established,High-value regulars,False,35
3523,27,25-34,Female,Developing,Steady mid-tier,False,13
3524,49,45-54,Female,Established,High-value regulars,False,30
3525,69,65+,Female,Established,Steady mid-tier,False,30
3526,45,45-54,Female,Loyal,Steady mid-tier,False,47
3527,20,18-24,Female,New,Steady mid-tier,False,1
3528,25,25-34,Female,New,High-value regulars,False,1
3529,38,35-44,Female,Established,Steady mid-tier,False,33
3530,55,55-64,Female,Loyal,High-value regulars,False,43
3531,62,55-64,Female,Established,High-value regulars,False,37
3532,54,45-54,Female,Developing,Steady mid-tier,False,23
3533,61,55-64,Female,Developing,Steady mid-tier,False,12
3534,50,45-54,Female,Established,High-value regulars,False,30
3535,65,65+,Female,New,High-value regulars,False,7
3536,68,65+,Female,Developing,Steady mid-tier,False,20
3537,55,55-64,Female,New,Steady mid-tier,False,10
3538,57,55-64,Female,Established,Steady mid-tier,False,40
3539,56,55-64,Female,Developing,Steady mid-tier,False,21
3540,29,25-34,Female,Developing,High-value regulars,False,17
3541,24,18-24,Female,New,High-value regulars,False,5
3542,59,55-64,Female,Developing,Steady mid-tier,False,22
3543,62,55-64,Female,New,High-value regulars,False,5
3544,58,55-64,Female,Developing,Steady mid-tier,False,18
3545,64,55-64,Female,Loyal,Steady mid-tier,False,42
3546,48,45-54,Female,Developing,Steady mid-tier,False,22
3547,60,55-64,Female,Established,High-value regulars,False,37
3548,52,45-54,Female,Developing,Steady mid-tier,False,23
3549,63,55-64,Female,Loyal,Steady mid-tier,False,47
3550,44,35-44,Female,Developing,Steady mid-tier,False,11
3551,63,55-64,Female,Established,High-value regulars,False,32
3552,66,65+,Female,Developing,High-value regulars,False,20
3553,22,18-24,Female,New,Steady mid-tier,False,3
3554,62,55-64,Female,Established,High-value regulars,False,32
3555,39,35-44,Female,New,High-value regulars,False,5
3556,25,25-34,Female,Loyal,Steady mid-tier,False,45
3557,70,65+,Female,Loyal,High-value regulars,False,43
3558,52,45-54,Female,New,Steady mid-tier,False,1
3559,68,65+,Female,New,Steady mid-tier,False,9
3560,18,18-24,Female,Developing,Steady mid-tier,False,13
3561,18,18-24,Female,New,Steady mid-tier,False,5
3562,63,55-64,Female,Established,Steady mid-tier,False,39
3563,47,45-54,Female,New,High-value regulars,False,7
3564,43,35-44,Female,New,Steady mid-tier,False,8
3565,60,55-64,Female,Established,Steady mid-tier,False,40
3566,49,45-54,Female,Established,Steady mid-tier,False,35
3567,28,25-34,Female,Developing,Steady mid-tier,False,14
3568,32,25-34,Female,Established,Steady mid-tier,False,26
3569,29,25-34,Female,Developing,Steady mid-tier,False,14
3570,35,35-44,Female,New,High-value regulars,False,9
3571,23,18-24,Female,Established,Steady mid-tier,False,32
3572,70,65+,Female,Developing,Steady mid-tier,False,15
3573,23,18-24,Female,Developing,Steady mid-tier,False,25
3574,43,35-44,Female,Established,Steady mid-tier,False,27
3575,29,25-34,Female,Established,Steady mid-tier,False,39
3576,61,55-64,Female,Loyal,High-value regulars,False,49
3577,29,25-34,Female,Developing,Steady mid-tier,False,12
3578,66,65+,Female,Developing,High-value regulars,False,13
3579,46,45-54,Female,Developing,Steady mid-tier,False,22
3580,34,25-34,Female,Developing,Steady mid-tier,False,19
3581,51,45-54,Female,New,High-value regulars,False,3
3582,26,25-34,Female,Loyal,High-value regulars,False,50
3583,23,18-24,Female,Developing,Steady mid-tier,False,15
3584,52,45-54,Female,Loyal,Steady mid-tier,False,44
3585,39,35-44,Female,Loyal,Steady mid-tier,False,48
3586,39,35-44,Female,New,Steady mid-tier,False,4
3587,33,25-34,Female,Developing,Steady mid-tier,False,12
3588,33,25-34,Female,Established,Steady mid-tier,False,33
3589,23,18-24,Female,Established,Steady mid-tier,False,40
3590,31,25-34,Female,Established,Steady mid-tier,False,38
3591,27,25-34,Female,Developing,Steady mid-tier,False,19
3592,48,45-54,Female,Established,Steady mid-tier,False,38
3593,61,55-64,Female,Developing,High-value regulars,False,18
3594,63,55-64,Female,Developing,Steady mid-tier,False,24
3595,19,18-24,Female,Established,Steady mid-tier,False,29
3596,21,18-24,Female,Developing,Steady mid-tier,False,14
3597,28,25-34,Female,Loyal,High-value regulars,False,44
3598,29,25-34,Female,Developing,Steady mid-tier,False,18
3599,23,18-24,Female,Developing,High-value regulars,False,19
3600,37,35-44,Female,New,High-value regulars,False,4
3601,67,65+,Female,Developing,High-value regulars,False,25
3602,34,25-34,Female,New,Steady mid-tier,False,3
3603,58,55-64,Female,Established,Steady mid-tier,False,40
3604,45,45-54,Female,New,High-value regulars,False,5
3605,63,55-64,Female,Developing,Steady mid-tier,False,17
3606,68,65+,Female,Established,Steady mid-tier,False,36
3607,41,35-44,Female,Loyal,Steady mid-tier,False,41
3608,50,45-54,Female,Developing,High-value regulars,False,20
3609,24,18-24,Female,New,Steady mid-tier,False,2
3610,21,18-24,Female,Established,Steady mid-tier,False,31
3611,18,18-24,Female,Developing,High-value regulars,False,23
3612,63,55-64,Female,Established,Steady mid-tier,False,30
3613,47,45-54,Female,Established,Steady mid-tier,False,26
3614,58,55-64,Female,Established,Steady mid-tier,False,40
3615,46,45-54,Female,Developing,Steady mid-tier,False,19
3616,35,35-44,Female,New,Steady mid-tier,False,4
3617,42,35-44,Female,Established,Steady mid-tier,False,33
3618,48,45-54,Female,Established,Steady mid-tier,False,29
3619,28,25-34,Female,Loyal,High-value regulars,False,47
3620,44,35-44,Female,Loyal,High-value regulars,False,50
3621,60,55-64,Female,Established,High-value regulars,False,28
3622,38,35-44,Female,New,Steady mid-tier,False,5
3623,46,45-54,Female,Developing,Steady mid-tier,False,12
3624,39,35-44,Female,New,High-value regulars,False,4
3625,22,18-24,Female,Developing,High-value regulars,False,22
3626,44,35-44,Female,Established,High-value regulars,False,32
3627,69,65+,Female,Established,Steady mid-tier,False,32
3628,39,35-44,Female,Loyal,Steady mid-tier,False,48
3629,53,45-54,Female,Established,Steady mid-tier,False,35
3630,52,45-54,Female,Loyal,Steady mid-tier,False,44
3631,65,65+,Female,Established,High-value regulars,False,29
3632,48,45-54,Female,Established,Steady mid-tier,False,26
3633,27,25-34,Female,New,Steady mid-tier,False,3
3634,39,35-44,Female,New,Steady mid-tier,False,1
3635,59,55-64,Female,Developing,Steady mid-tier,False,17
3636,52,45-54,Female,Developing,Steady mid-tier,False,17
3637,50,45-54,Female,Established,High-value regulars,False,36
3638,32,25-34,Female,Established,High-value regulars,False,32
3639,40,35-44,Female,Loyal,Steady mid-tier,False,50
3640,26,25-34,Female,Established,Steady mid-tier,False,39
3641,47,45-54,Female,Developing,Steady mid-tier,False,17
3642,51,45-54,Female,Established,Steady mid-tier,False,39
3643,47,45-54,Female,New,Steady mid-tier,False,5
3644,53,45-54,Female,Loyal,Steady mid-tier,False,47
3645,35,35-44,Female,Developing,High-value regulars,False,18
3646,38,35-44,Female,Established,Steady mid-tier,False,31
3647,69,65+,Female,Established,High-value regulars,False,39
3648,47,45-54,Female,Developing,High-value regulars,False,12
3649,31,25-34,Female,Loyal,High-value regulars,False,45
3650,68,65+,Female,Established,High-value regulars,False,33
3651,51,45-54,Female,New,Steady mid-tier,False,3
3652,20,18-24,Female,New,Steady mid-tier,False,5
3653,27,25-34,Female,Developing,Steady mid-tier,False,23
3654,67,65+,Female,Established,Steady mid-tier,False,39
3655,21,18-24,Female,New,Steady mid-tier,False,10
3656,20,18-24,Female,New,Steady mid-tier,False,4
3657,35,35-44,Female,Developing,Steady mid-tier,False,18
3658,58,55-64,Female,New,Steady mid-tier,False,1
3659,28,25-34,Female,Developing,High-value regulars,False,18
3660,27,25-34,Female,Loyal,Steady mid-tier,False,46
3661,19,18-24,Female,Developing,High-value regulars,False,13
3662,63,55-64,Female,New,Steady mid-tier,False,5
3663,69,65+,Female,Developing,High-value regulars,False,11
3664,65,65+,Female,Loyal,High-value regulars,False,49
3665,63,55-64,Female,New,High-value regulars,False,1
3666,28,25-34,Female,Developing,Steady mid-tier,False,11
3667,67,65+,Female,Loyal,Steady mid-tier,False,47
3668,51,45-54,Female,Developing,Steady mid-tier,False,20
3669,59,55-64,Female,Developing,Steady mid-tier,False,18
3670,25,25-34,Female,Loyal,Steady mid-tier,False,43
3671,31,25-34,Female,New,Steady mid-tier,False,4
3672,62,55-64,Female,Developing,Steady mid-tier,False,20
3673,51,45-54,Female,New,Steady mid-tier,False,7
3674,32,25-34,Female,Established,Steady mid-tier,False,31
3675,35,35-44,Female,Loyal,High-value regulars,False,41
3676,70,65+,Female,New,Steady mid-tier,False,3
3677,19,18-24,Female,Developing,Steady mid-tier,False,16
3678,32,25-34,Female,Loyal,Steady mid-tier,False,43
3679,56,55-64,Female,Established,Steady mid-tier,False,29
3680,53,45-54,Female,New,High-value regulars,False,5
3681,22,18-24,Female,Established,Steady mid-tier,False,30
3682,26,25-34,Female,Established,Steady mid-tier,False,33
3683,42,35-44,Female,Loyal,High-value regulars,False,46
3684,30,25-34,Female,Developing,High-value regulars,False,17
3685,29,25-34,Female,Loyal,High-value regulars,False,47
3686,47,45-54,Female,Developing,Steady mid-tier,False,17
3687,59,55-64,Female,Developing,High-value regulars,False,17
3688,34,25-34,Female,Established,Steady mid-tier,False,28
3689,52,45-54,Female,New,Steady mid-tier,False,8
3690,47,45-54,Female,New,Steady mid-tier,False,8
3691,24,18-24,Female,New,Steady mid-tier,False,4
3692,63,55-64,Female,Developing,High-value regulars,False,24
3693,59,55-64,Female,Established,Steady mid-tier,False,29
3694,66,65+,Female,New,High-value regulars,False,10
3695,45,45-54,Female,Developing,Steady mid-tier,False,11
3696,38,35-44,Female,Developing,Steady mid-tier,False,18
3697,63,55-64,Female,Established,Steady mid-tier,False,26
3698,55,55-64,Female,Established,High-value regulars,False,39
3699,25,25-34,Female,New,Steady mid-tier,False,4
3700,51,45-54,Female,Developing,High-value regulars,False,24
3701,28,25-34,Female,New,Steady mid-tier,False,2
3702,46,45-54,Female,Established,Steady mid-tier,False,36
3703,58,55-64,Female,Established,High-value regulars,False,36
3704,30,25-34,Female,Developing,Steady mid-tier,False,23
3705,68,65+,Female,Established,Steady mid-tier,False,36
3706,28,25-34,Female,New,Steady mid-tier,False,2
3707,26,25-34,Female,Developing,High-value regulars,False,17
3708,35,35-44,Female,Developing,High-value regulars,False,19
3709,40,35-44,Female,Loyal,Steady mid-tier,False,41
3710,31,25-34,Female,Established,Steady mid-tier,False,27
3711,60,55-64,Female,Established,Steady mid-tier,False,32
3712,69,65+,Female,Established,Steady mid-tier,False,33
3713,51,45-54,Female,Developing,Steady mid-tier,False,24
3714,49,45-54,Female,Established,Steady mid-tier,False,31
3715,18,18-24,Female,Established,High-value regulars,False,35
3716,63,55-64,Female,New,Steady mid-tier,False,2
3717,57,55-64,Female,Loyal,Steady mid-tier,False,42
3718,45,45-54,Female,Loyal,Steady mid-tier,False,47
3719,36,35-44,Female,Loyal,Steady mid-tier,False,44
3720,20,18-24,Female,New,Steady mid-tier,False,8
3721,21,18-24,Female,Developing,Steady mid-tier,False,13
3722,62,55-64,Female,New,Steady mid-tier,False,10
3723,23,18-24,Female,New,Steady mid-tier,False,1
3724,26,25-34,Female,New,Steady mid-tier,False,1
3725,30,25-34,Female,Developing,Steady mid-tier,False,18
3726,18,18-24,Female,New,Steady mid-tier,False,2
3727,47,45-54,Female,Established,Steady mid-tier,False,36
3728,41,35-44,Female,Developing,High-value regulars,False,17
3729,62,55-64,Female,New,Steady mid-tier,False,1
3730,28,25-34,Female,Loyal,Steady mid-tier,False,50
3731,46,45-54,Female,New,High-value regulars,False,3
3732,54,45-54,Female,Loyal,Steady mid-tier,False,45
3733,36,35-44,Female,Established,Steady mid-tier,False,28
3734,25,25-34,Female,New,Steady mid-tier,False,6
3735,38,35-44,Female,Established,Steady mid-tier,False,33
3736,38,35-44,Female,Established,Steady mid-tier,False,29
3737,42,35-44,Female,New,Steady mid-tier,False,2
3738,19,18-24,Female,Loyal,Steady mid-tier,False,43
3739,34,25-34,Female,Loyal,Steady mid-tier,False,48
3740,38,35-44,Female,Loyal,High-value regulars,False,43
3741,42,35-44,Female,Established,High-value regulars,False,26
3742,58,55-64,Female,Established,High-value regulars,False,26
3743,56,55-64,Female,Loyal,High-value regulars,False,50
3744,62,55-64,Female,Established,Steady mid-tier,False,36
3745,24,18-24,Female,Established,Steady mid-tier,False,26
3746,60,55-64,Female,New,Steady mid-tier,False,2
3747,53,45-54,Female,Loyal,Steady mid-tier,False,49
3748,26,25-34,Female,Established,Steady mid-tier,False,32
3749,34,25-34,Female,New,Steady mid-tier,False,3
3750,24,18-24,Female,Established,Steady mid-tier,False,38
3751,42,35-44,Female,New,Steady mid-tier,False,5
3752,36,35-44,Female,New,Steady mid-tier,False,8
3753,24,18-24,Female,Loyal,High-value regulars,False,43
3754,39,35-44,Female,Developing,Steady mid-tier,False,22
3755,46,45-54,Female,New,Steady mid-tier,False,10
3756,64,55-64,Female,Established,Steady mid-tier,False,26
3757,64,55-64,Female,Loyal,High-value regulars,False,42
3758,61,55-64,Female,Established,High-value regulars,False,33
3759,61,55-64,Female,Developing,Steady mid-tier,False,23
3760,44,35-44,Female,Established,Steady mid-tier,False,30
3761,65,65+,Female,Established,High-value regulars,False,36
3762,60,55-64,Female,New,Steady mid-tier,False,3
3763,65,65+,Female,Developing,Steady mid-tier,False,13
3764,27,25-34,Female,Established,Steady mid-tier,False,38
3765,36,35-44,Female,Developing,Steady mid-tier,False,19
3766,22,18-24,Female,Developing,Steady mid-tier,False,14
3767,62,55-64,Female,Loyal,Steady mid-tier,False,43
3768,59,55-64,Female,New,Steady mid-tier,False,10
3769,50,45-54,Female,Established,Steady mid-tier,False,34
3770,51,45-54,Female,Established,Steady mid-tier,False,31
3771,23,18-24,Female,Established,High-value regulars,False,34
3772,21,18-24,Female,Established,High-value regulars,False,28
3773,44,35-44,Female,Established,Steady mid-tier,False,35
3774,25,25-34,Female,Loyal,Steady mid-tier,False,41
3775,57,55-64,Female,Loyal,High-value regulars,False,48
3776,41,35-44,Female,Loyal,Steady mid-tier,False,45
3777,19,18-24,Female,New,Steady mid-tier,False,10
3778,43,35-44,Female,New,High-value regulars,False,9
3779,25,25-34,Female,Established,Steady mid-tier,False,30
3780,60,55-64,Female,Loyal,Steady mid-tier,False,45
3781,54,45-54,Female,Loyal,Steady mid-tier,False,41
3782,52,45-54,Female,Established,High-value regulars,False,40
3783,40,35-44,Female,Loyal,Steady mid-tier,False,42
3784,39,35-44,Female,Developing,High-value regulars,False,17
3785,54,45-54,Female,New,Steady mid-tier,False,4
3786,64,55-64,Female,New,Steady mid-tier,False,6
3787,31,25-34,Female,Developing,High-value regulars,False,22
3788,37,35-44,Female,Loyal,Steady mid-tier,False,46
3789,43,35-44,Female,Established,Steady mid-tier,False,27
3790,56,55-64,Female,Developing,Steady mid-tier,False,18
3791,27,25-34,Female,Established,High-value regulars,False,31
3792,40,35-44,Female,New,High-value regulars,False,1
3793,43,35-44,Female,New,High-value regulars,False,2
3794,62,55-64,Female,Loyal,Steady mid-tier,False,46
3795,44,35-44,Female,Established,High-value regulars,False,27
3796,45,45-54,Female,New,High-value regulars,False,3
3797,40,35-44,Female,Loyal,Steady mid-tier,False,47
3798,68,65+,Female,Developing,Steady mid-tier,False,20
3799,63,55-64,Female,Developing,Steady mid-tier,False,23
3800,60,55-64,Female,Developing,Steady mid-tier,False,13
3801,19,18-24,Female,Developing,Steady mid-tier,False,12
3802,26,25-34,Female,Established,High-value regulars,False,36
3803,70,65+,Female,New,Steady mid-tier,False,1
3804,48,45-54,Female,Developing,High-value regulars,False,14
3805,37,35-44,Female,Loyal,Steady mid-tier,False,45
3806,48,45-54,Female,Established,Steady mid-tier,False,31
3807,18,18-24,Female,Loyal,High-value regulars,False,41
3808,38,35-44,Female,Established,Steady mid-tier,False,36
3809,33,25-34,Female,New,Steady mid-tier,False,6
3810,57,55-64,Female,Established,Steady mid-tier,False,28
3811,46,45-54,Female,Established,Steady mid-tier,False,29
3812,46,45-54,Female,Developing,Steady mid-tier,False,14
3813,50,45-54,Female,New,Steady mid-tier,False,7
3814,61,55-64,Female,Established,High-value regulars,False,31
3815,45,45-54,Female,Established,Steady mid-tier,False,26
3816,32,25-34,Female,Developing,Steady mid-tier,False,12
3817,29,25-34,Female,Loyal,High-value regulars,False,45
3818,66,65+,Female,Established,Steady mid-tier,False,40
3819,70,65+,Female,Loyal,Steady mid-tier,False,42
3820,36,35-44,Female,Loyal,Steady mid-tier,False,45
3821,34,25-34,Female,Established,Steady mid-tier,False,34
3822,20,18-24,Female,Established,Steady mid-tier,False,34
3823,70,65+,Female,Developing,Steady mid-tier,False,17
3824,50,45-54,Female,Established,High-value regulars,False,27
3825,54,45-54,Female,Established,Steady mid-tier,False,31
3826,49,45-54,Female,Loyal,Steady mid-tier,False,47
3827,50,45-54,Female,Developing,Steady mid-tier,False,25
3828,62,55-64,Female,Loyal,High-value regulars,False,47
3829,42,35-44,Female,New,High-value regulars,False,8
3830,69,65+,Female,Established,Steady mid-tier,False,32
3831,22,18-24,Female,Established,Steady mid-tier,False,33
3832,36,35-44,Female,Developing,Steady mid-tier,False,16
3833,64,55-64,Female,Established,High-value regulars,False,27
3834,44,35-44,Female,Developing,Steady mid-tier,False,17
3835,43,35-44,Female,Developing,Steady mid-tier,False,17
3836,58,55-64,Female,Established,High-value regulars,False,28
3837,62,55-64,Female,Established,High-value regulars,False,38
3838,45,45-54,Female,Established,High-value regulars,False,33
3839,47,45-54,Female,Developing,Steady mid-tier,False,24
3840,66,65+,Female,Developing,Steady mid-tier,False,14
3841,30,25-34,Female,New,Steady mid-tier,False,5
3842,68,65+,Female,New,Steady mid-tier,False,8
3843,35,35-44,Female,Loyal,Steady mid-tier,False,42
3844,64,55-64,Female,Loyal,Steady mid-tier,False,48
3845,30,25-34,Female,Established,Steady mid-tier,False,40
3846,58,55-64,Female,Loyal,Steady mid-tier,False,46
3847,57,55-64,Female,Established,Steady mid-tier,False,40
3848,60,55-64,Female,Established,Steady mid-tier,False,31
3849,22,18-24,Female,Established,Steady mid-tier,False,39
3850,46,45-54,Female,Established,High-value regulars,False,36
3851,27,25-34,Female,Developing,Steady mid-tier,False,25
3852,50,45-54,Female,Developing,Steady mid-tier,False,24
3853,65,65+,Female,Developing,High-value regulars,False,19
3854,61,55-64,Female,Loyal,High-value regulars,False,49
3855,57,55-64,Female,New,Steady mid-tier,False,4
3856,40,35-44,Female,Established,Steady mid-tier,False,36
3857,39,35-44,Female,New,Steady mid-tier,False,8
3858,42,35-44,Female,Established,Steady mid-tier,False,29
3859,30,25-34,Female,Established,Steady mid-tier,False,26
3860,65,65+,Female,Loyal,High-value regulars,False,47
3861,57,55-64,Female,Loyal,Steady mid-tier,False,44
3862,64,55-64,Female,Loyal,Steady mid-tier,False,49
3863,56,55-64,Female,New,Steady mid-tier,False,9
3864,40,35-44,Female,Established,Steady mid-tier,False,28
3865,55,55-64,Female,New,High-value regulars,False,1
3866,25,25-34,Female,Established,Steady mid-tier,False,28
3867,58,55-64,Female,Established,Steady mid-tier,False,33
3868,46,45-54,Female,Established,Steady mid-tier,False,28
3869,18,18-24,Female,New,Steady mid-tier,False,9
3870,26,25-34,Female,Established,Steady mid-tier,False,28
3871,61,55-64,Female,Developing,Steady mid-tier,False,19
3872,55,55-64,Female,Developing,Steady mid-tier,False,20
3873,41,35-44,Female,New,Steady mid-tier,False,3
3874,42,35-44,Female,Developing,High-value regulars,False,22
3875,70,65+,Female,Established,Steady mid-tier,False,33
3876,63,55-64,Female,Developing,Steady mid-tier,False,21
3877,60,55-64,Female,New,Steady mid-tier,False,7
3878,28,25-34,Female,Loyal,Steady mid-tier,False,46
3879,60,55-64,Female,Developing,Steady mid-tier,False,24
3880,26,25-34,Female,New,Steady mid-tier,False,6
3881,42,35-44,Female,Established,Steady mid-tier,False,40
3882,56,55-64,Female,Developing,High-value regulars,False,17
3883,35,35-44,Female,Developing,High-value regulars,False,24
3884,34,25-34,Female,Developing,Steady mid-tier,False,22
3885,47,45-54,Female,New,High-value regulars,False,3
3886,49,45-54,Female,Established,Steady mid-tier,False,39
3887,37,35-44,Female,Established,Steady mid-tier,False,40
3888,40,35-44,Female,New,Steady mid-tier,False,1
3889,45,45-54,Female,Developing,High-value regulars,False,14
3890,57,55-64,Female,Loyal,Steady mid-tier,False,49
3891,35,35-44,Female,Established,Steady mid-tier,False,33
3892,36,35-44,Female,New,Steady mid-tier,False,6
3893,35,35-44,Female,New,High-value regulars,False,5
3894,21,18-24,Female,Established,High-value regulars,False,29
3895,66,65+,Female,Loyal,Steady mid-tier,False,44
3896,40,35-44,Female,Established,High-value regulars,False,32
3897,52,45-54,Female,Loyal,Steady mid-tier,False,41
3898,46,45-54,Female,Developing,Steady mid-tier,False,24
3899,44,35-44,Female,Developing,High-value regulars,False,24
3900,52,45-54,Female,Established,Steady mid-tier,False,33
