purchase_key,customer_id,item_key,location_key,season,size,color,purchase_amount,review_rating,review_rating_imputed,received_discount,shipping_type,payment_method,purchase_frequency_days,purchases_per_year,est_annual_value
1,1,9,17,Winter,L,Gray,53,3.1,False,True,Express,Venmo,14,26.07,1381.71
2,2,18,19,Winter,L,Maroon,64,3.1,False,True,Express,Cash,14,26.07,1668.48
3,3,12,21,Spring,S,Maroon,73,3.1,False,True,Free Shipping,Credit Card,7,52.14,3806.22
4,4,21,39,Spring,M,Maroon,90,3.5,False,True,Next Day Air,PayPal,7,52.14,4692.6
5,5,9,37,Spring,M,Turquoise,49,2.7,False,True,Free Shipping,PayPal,365,1.0,49.0
6,6,23,50,Summer,M,White,20,2.9,False,True,Standard,Venmo,7,52.14,1042.8
7,7,14,26,Fall,M,Gray,85,3.2,False,True,Free Shipping,Cash,90,4.06,345.1
8,8,15,18,Winter,L,Charcoal,34,3.2,False,True,Free Shipping,Credit Card,7,52.14,1772.76
9,9,24,48,Summer,L,Silver,97,2.6,False,True,Express,Venmo,365,1.0,97.0
10,10,4,25,Spring,M,Pink,31,4.8,False,True,2-Day Shipping,Cash,90,4.06,125.86
11,11,22,4,Fall,L,Purple,34,4.1,False,True,Store Pickup,Bank Transfer,14,26.07,886.38
12,12,15,11,Winter,S,Olive,68,4.9,False,True,Store Pickup,Bank Transfer,14,26.07,1772.76
13,13,24,8,Winter,M,Gold,72,4.5,False,True,Express,Venmo,14,26.07,1877.04
14,14,10,29,Spring,M,Violet,51,4.7,False,True,Express,PayPal,7,52.14,2659.14
15,15,24,32,Winter,L,Teal,53,4.7,False,True,Free Shipping,Debit Card,7,52.14,2763.42
16,16,16,39,Winter,M,Teal,81,2.8,False,True,Store Pickup,PayPal,30,12.17,985.77
17,17,8,1,Spring,S,Gray,36,4.1,False,True,Next Day Air,Debit Card,14,26.07,938.52
18,18,10,24,Winter,XL,Lavender,38,4.7,False,True,2-Day Shipping,Venmo,90,4.06,154.28
19,19,18,26,Summer,S,Black,48,4.6,False,True,Free Shipping,Cash,7,52.14,2502.72
20,20,13,39,Summer,M,Green,90,3.3,False,True,Standard,Debit Card,14,26.07,2346.3
21,21,13,18,Winter,M,Black,51,2.8,False,True,Express,Cash,90,4.06,207.06
22,22,13,33,Winter,M,Charcoal,62,4.1,False,True,Store Pickup,Debit Card,90,4.06,251.72
23,23,13,5,Summer,M,Peach,37,3.2,False,True,Store Pickup,Debit Card,365,1.0,37.0
24,24,13,36,Winter,XL,White,88,4.4,False,True,Express,Credit Card,7,52.14,4588.32
25,25,25,9,Fall,M,Green,22,2.9,False,True,Store Pickup,Debit Card,7,52.14,1147.08
26,26,11,43,Summer,M,Silver,25,3.6,False,True,Express,PayPal,365,1.0,25.0
27,27,6,28,Spring,M,Red,20,3.6,False,True,Next Day Air,Credit Card,365,1.0,20.0
28,28,15,17,Summer,L,Cyan,56,5.0,False,True,Next Day Air,Bank Transfer,90,4.06,227.36
29,29,4,33,Fall,M,Gray,94,4.4,False,True,Free Shipping,PayPal,90,4.06,381.64
30,30,10,50,Fall,S,Black,48,4.1,False,True,Store Pickup,Credit Card,7,52.14,2502.72
31,31,6,33,Winter,L,Black,31,4.7,False,True,Standard,Credit Card,30,12.17,377.27
32,32,10,48,Winter,L,Brown,79,4.7,False,True,Store Pickup,Venmo,30,12.17,961.43
33,33,25,16,Summer,M,Silver,67,4.9,False,True,Free Shipping,Venmo,365,1.0,67.0
34,34,13,6,Summer,L,Green,38,3.3,False,True,Store Pickup,Cash,90,4.06,154.28
35,35,19,34,Spring,L,Violet,91,4.6,False,True,2-Day Shipping,PayPal,90,4.06,369.46
36,36,9,21,Summer,M,Cyan,33,4.0,False,True,2-Day Shipping,Credit Card,14,26.07,860.31
37,37,19,13,Winter,M,Maroon,69,4.6,False,True,Free Shipping,PayPal,14,26.07,1798.83
38,38,12,14,Summer,S,Cyan,45,2.8,False,True,Store Pickup,PayPal,7,52.14,2346.3
39,39,10,9,Winter,M,Red,37,3.7,True,True,2-Day Shipping,Venmo,90,4.06,150.22
40,40,13,3,Summer,S,Turquoise,60,4.2,False,True,Express,Credit Card,30,12.17,730.2
41,41,4,18,Winter,L,Beige,76,4.6,False,True,Next Day Air,Debit Card,90,4.06,308.56
42,42,7,2,Spring,M,Orange,39,4.5,False,True,Standard,Venmo,365,1.0,39.0
43,43,24,42,Spring,M,Beige,100,4.1,False,True,Free Shipping,PayPal,365,1.0,100.0
44,44,7,35,Fall,L,Lavender,69,3.7,False,True,Store Pickup,PayPal,14,26.07,1798.83
45,45,5,17,Summer,S,Silver,53,4.6,False,True,Free Shipping,PayPal,7,52.14,2763.42
46,46,17,42,Fall,XL,Indigo,21,2.9,False,True,2-Day Shipping,PayPal,365,1.0,21.0
47,47,14,5,Summer,L,White,43,2.9,False,True,Store Pickup,Cash,90,4.06,174.58
48,48,6,26,Winter,M,Charcoal,54,4.5,False,True,Free Shipping,Cash,7,52.14,2815.56
49,49,14,28,Summer,M,Orange,55,2.7,False,True,Store Pickup,Cash,30,12.17,669.35
50,50,11,30,Spring,S,Indigo,30,4.6,False,True,Next Day Air,Debit Card,14,26.07,782.1
51,51,9,20,Spring,M,Red,28,3.7,True,True,Store Pickup,Debit Card,14,26.07,729.96
52,52,16,45,Winter,XL,Gray,59,4.7,False,True,2-Day Shipping,Credit Card,90,4.06,239.54
53,53,19,2,Summer,M,Green,20,2.6,False,True,Free Shipping,Credit Card,7,52.14,1042.8
54,54,16,24,Winter,S,Peach,24,3.9,False,True,Next Day Air,Credit Card,7,52.14,1251.36
55,55,24,31,Summer,M,Brown,94,4.2,False,True,Next Day Air,Debit Card,14,26.07,2450.58
56,56,25,40,Winter,M,Lavender,28,3.0,False,True,2-Day Shipping,Credit Card,365,1.0,28.0
57,57,1,24,Summer,XL,Brown,73,4.7,False,True,Store Pickup,Credit Card,7,52.14,3806.22
58,58,24,48,Summer,M,White,64,4.4,False,True,Store Pickup,Debit Card,14,26.07,1668.48
59,59,11,25,Summer,M,Charcoal,54,4.2,False,True,Free Shipping,Venmo,30,12.17,657.18
60,60,2,18,Spring,L,Yellow,79,4.6,False,True,Standard,Debit Card,7,52.14,4119.06
61,61,18,12,Summer,L,Brown,37,4.0,False,True,Express,Cash,7,52.14,1929.18
62,62,7,43,Winter,M,Orange,68,4.7,False,True,Store Pickup,Credit Card,90,4.06,276.08
63,63,23,24,Spring,S,Magenta,21,3.8,False,True,Free Shipping,Credit Card,14,26.07,547.47
64,64,8,3,Winter,L,Lavender,79,2.7,False,True,2-Day Shipping,Credit Card,7,52.14,4119.06
65,65,20,1,Fall,S,Green,83,4.8,False,True,Standard,Debit Card,14,26.07,2163.81
66,66,1,30,Spring,M,Purple,36,4.8,False,True,2-Day Shipping,Venmo,90,4.06,146.16
67,67,9,38,Winter,S,Magenta,94,4.7,False,True,2-Day Shipping,Venmo,90,4.06,381.64
68,68,24,7,Winter,L,Gray,33,4.4,False,True,Store Pickup,Debit Card,30,12.17,401.61
69,69,4,44,Summer,L,Silver,46,3.9,False,True,Next Day Air,Cash,90,4.06,186.76
70,70,2,42,Summer,S,Cyan,70,4.4,False,True,Express,Cash,7,52.14,3649.8
71,71,2,1,Fall,M,Magenta,29,4.2,False,True,Express,Debit Card,90,4.06,117.74
72,72,10,46,Summer,L,Gold,48,2.9,False,True,Express,Bank Transfer,365,1.0,48.0
73,73,10,10,Winter,M,Olive,26,2.9,False,True,Store Pickup,Bank Transfer,90,4.06,105.56
74,74,13,11,Spring,M,Teal,85,2.7,False,True,Free Shipping,Bank Transfer,14,26.07,2215.95
75,75,3,14,Spring,L,Violet,58,4.5,False,True,Express,Cash,30,12.17,705.86
76,76,7,44,Summer,M,Blue,85,2.7,False,True,Free Shipping,Credit Card,365,1.0,85.0
77,77,5,8,Summer,S,Teal,43,4.2,False,True,Free Shipping,Venmo,30,12.17,523.31
78,78,10,8,Summer,L,Gold,53,3.3,False,True,Next Day Air,Debit Card,14,26.07,1381.71
79,79,16,27,Spring,M,Maroon,91,4.7,False,True,Free Shipping,Venmo,14,26.07,2372.37
80,80,25,15,Winter,M,Olive,96,2.6,False,True,2-Day Shipping,Bank Transfer,90,4.06,389.76
81,81,21,32,Summer,XL,Blue,72,3.8,True,True,Store Pickup,Credit Card,90,4.06,292.32
82,82,22,46,Summer,L,Maroon,96,2.6,False,True,Express,Credit Card,90,4.06,389.76
83,83,13,10,Spring,S,Olive,28,4.0,False,True,2-Day Shipping,Credit Card,90,4.06,113.68
84,84,10,43,Summer,M,Turquoise,40,4.1,False,True,Standard,Bank Transfer,7,52.14,2085.6
85,85,24,3,Spring,S,Peach,32,4.4,False,True,Standard,Bank Transfer,90,4.06,129.92
86,86,8,31,Winter,M,Charcoal,95,4.5,False,True,Next Day Air,Debit Card,14,26.07,2476.65
87,87,11,28,Spring,L,Pink,41,3.7,False,True,2-Day Shipping,Cash,14,26.07,1068.87
88,88,22,35,Fall,M,Green,53,3.7,False,True,2-Day Shipping,Debit Card,14,26.07,1381.71
89,89,19,50,Fall,M,Orange,47,3.5,False,True,Free Shipping,Credit Card,30,12.17,571.99
90,90,25,5,Fall,XL,Pink,83,3.6,False,True,Next Day Air,Cash,90,4.06,336.98
91,91,5,40,Summer,L,Violet,48,2.9,False,True,Express,Credit Card,30,12.17,584.16
92,92,7,40,Winter,S,Green,99,4.6,False,True,Standard,Credit Card,90,4.06,401.94
93,93,25,43,Winter,M,Olive,87,4.4,False,True,2-Day Shipping,Venmo,90,4.06,353.22
94,94,18,9,Fall,M,Purple,62,4.5,False,True,Standard,Credit Card,7,52.14,3232.68
95,95,16,28,Spring,S,Silver,76,4.6,False,True,Free Shipping,Credit Card,7,52.14,3962.64
96,96,23,25,Fall,L,Pink,100,3.8,False,True,Free Shipping,PayPal,30,12.17,1217.0
97,97,3,8,Spring,S,Gold,73,3.8,True,True,Express,Venmo,90,4.06,296.38
98,98,22,46,Winter,M,Teal,92,4.8,False,True,Store Pickup,Cash,365,1.0,92.0
99,99,12,32,Spring,XL,Teal,67,2.6,False,True,Next Day Air,Bank Transfer,365,1.0,67.0
100,100,11,25,Summer,XL,Indigo,40,3.7,False,True,Express,Debit Card,90,4.06,162.4
101,101,8,41,Fall,M,Maroon,98,2.7,False,True,Express,Cash,14,26.07,2554.86
102,102,24,34,Spring,XL,White,85,4.6,False,True,Express,Credit Card,14,26.07,2215.95
103,103,17,36,Winter,L,Violet,67,4.8,False,True,Next Day Air,Credit Card,90,4.06,272.02
104,104,20,48,Winter,L,Red,89,4.0,False,True,Next Day Air,Venmo,14,26.07,2320.23
105,105,8,29,Spring,L,Pink,24,4.4,False,True,2-Day Shipping,PayPal,30,12.17,292.08
106,106,1,32,Fall,M,Charcoal,96,3.6,False,True,Next Day Air,Bank Transfer,365,1.0,96.0
107,107,25,23,Summer,L,White,35,3.7,False,True,Standard,Credit Card,30,12.17,425.95
108,108,23,20,Winter,L,Olive,67,3.1,False,True,Next Day Air,PayPal,14,26.07,1746.69
109,109,17,26,Spring,L,Purple,79,3.4,False,True,Next Day Air,Bank Transfer,14,26.07,2059.53
110,110,19,1,Spring,M,Violet,85,2.6,False,True,Next Day Air,Bank Transfer,14,26.07,2215.95
111,111,1,32,Summer,M,Black,26,4.0,False,True,Standard,Venmo,14,26.07,677.82
112,112,2,21,Summer,L,Purple,75,5.0,False,True,Free Shipping,Credit Card,365,1.0,75.0
113,113,3,9,Spring,M,Red,65,4.3,False,True,Free Shipping,PayPal,14,26.07,1694.55
114,114,5,30,Winter,L,Maroon,54,3.1,False,True,Next Day Air,PayPal,90,4.06,219.24
115,115,24,21,Summer,S,Blue,95,3.7,False,True,Store Pickup,Cash,7,52.14,4953.3
116,116,16,50,Spring,M,Gray,94,3.8,False,True,Standard,Debit Card,90,4.06,381.64
117,117,22,46,Spring,S,Blue,86,3.4,False,True,Free Shipping,Venmo,365,1.0,86.0
118,118,21,41,Summer,L,Yellow,32,4.6,False,True,Express,Cash,14,26.07,834.24
119,119,18,17,Fall,L,Orange,45,4.8,False,True,2-Day Shipping,Cash,14,26.07,1173.15
120,120,24,50,Fall,M,Orange,76,4.3,False,True,Express,Cash,365,1.0,76.0
121,121,5,48,Summer,L,Red,84,4.0,False,True,Express,Bank Transfer,365,1.0,84.0
122,122,15,46,Winter,M,Olive,72,4.2,False,True,Standard,Cash,14,26.07,1877.04
123,123,1,47,Spring,L,Brown,40,4.8,False,True,2-Day Shipping,Cash,14,26.07,1042.8
124,124,18,18,Fall,L,Brown,89,3.1,False,True,Free Shipping,Cash,7,52.14,4640.46
125,125,18,28,Spring,M,Gray,86,3.1,False,True,Next Day Air,PayPal,365,1.0,86.0
126,126,15,5,Winter,M,Indigo,54,3.6,False,True,Next Day Air,Venmo,90,4.06,219.24
127,127,15,24,Spring,L,Pink,36,3.9,False,True,Store Pickup,Cash,90,4.06,146.16
128,128,18,24,Winter,M,Gray,89,4.8,False,True,Next Day Air,Credit Card,7,52.14,4640.46
129,129,7,5,Spring,M,Gold,32,4.7,False,True,Standard,Credit Card,14,26.07,834.24
130,130,10,38,Summer,XL,Olive,67,4.2,False,True,2-Day Shipping,PayPal,14,26.07,1746.69
131,131,7,17,Fall,L,Violet,39,3.7,False,True,Next Day Air,PayPal,14,26.07,1016.73
132,132,16,19,Summer,L,Indigo,29,3.9,False,True,Standard,Credit Card,7,52.14,1512.06
133,133,1,31,Fall,M,Orange,58,4.7,False,True,2-Day Shipping,PayPal,7,52.14,3024.12
134,134,18,26,Winter,M,Violet,65,2.5,False,True,Next Day Air,Venmo,365,1.0,65.0
135,135,5,43,Fall,L,Gray,94,4.9,False,True,Store Pickup,Cash,30,12.17,1143.98
136,136,21,16,Fall,M,Purple,81,4.1,False,True,Express,PayPal,90,4.06,328.86
137,137,9,40,Winter,M,White,86,3.3,False,True,Free Shipping,Debit Card,90,4.06,349.16
138,138,23,6,Spring,M,Turquoise,43,4.7,False,True,Free Shipping,PayPal,7,52.14,2242.02
139,139,16,10,Winter,M,Maroon,29,4.4,False,True,Store Pickup,Bank Transfer,7,52.14,1512.06
140,140,24,9,Fall,M,White,95,3.8,False,True,Store Pickup,Venmo,365,1.0,95.0
141,141,14,33,Fall,L,Yellow,28,3.9,False,True,2-Day Shipping,Credit Card,7,52.14,1459.92
142,142,3,46,Fall,M,Turquoise,46,4.9,False,True,Free Shipping,PayPal,7,52.14,2398.44
143,143,25,27,Fall,L,Violet,58,3.1,False,True,Free Shipping,Credit Card,14,26.07,1512.06
144,144,24,25,Fall,M,Beige,48,2.7,False,True,Store Pickup,PayPal,90,4.06,194.88
145,145,22,30,Fall,M,Silver,43,3.2,False,True,Express,Cash,30,12.17,523.31
146,146,6,25,Fall,M,Teal,95,4.5,False,True,Standard,Debit Card,90,4.06,385.7
147,147,16,6,Fall,S,Black,30,4.0,False,True,Standard,Venmo,14,26.07,782.1
148,148,22,12,Summer,M,Purple,64,3.5,False,True,2-Day Shipping,Bank Transfer,14,26.07,1668.48
149,149,3,50,Fall,M,Gray,90,2.6,False,True,Store Pickup,Debit Card,365,1.0,90.0
150,150,13,8,Summer,M,White,76,3.2,False,True,Free Shipping,PayPal,30,12.17,924.92
151,151,20,5,Fall,L,Cyan,96,4.9,False,True,Standard,Debit Card,90,4.06,389.76
152,152,8,34,Fall,L,Turquoise,47,4.5,False,True,Next Day Air,Venmo,365,1.0,47.0
153,153,14,40,Summer,S,Brown,85,4.3,False,True,Express,Venmo,365,1.0,85.0
154,154,11,33,Winter,M,Maroon,55,3.2,False,True,Standard,Debit Card,365,1.0,55.0
155,155,10,36,Fall,M,Charcoal,98,3.6,False,True,Next Day Air,Venmo,90,4.06,397.88
156,156,17,19,Spring,S,Olive,77,4.3,False,True,Free Shipping,Bank Transfer,90,4.06,312.62
157,157,15,25,Fall,M,Lavender,26,4.0,False,True,Standard,Debit Card,365,1.0,26.0
158,158,5,45,Fall,S,Yellow,68,3.0,False,True,Next Day Air,Bank Transfer,14,26.07,1772.76
159,159,14,7,Fall,XL,Teal,73,4.1,False,True,Standard,Bank Transfer,30,12.17,888.41
160,160,3,29,Fall,M,Charcoal,27,3.8,False,True,Store Pickup,Bank Transfer,90,4.06,109.62
161,161,3,43,Summer,M,Orange,23,4.6,False,True,Free Shipping,Venmo,30,12.17,279.91
162,162,1,34,Fall,M,Olive,49,3.0,False,True,Express,Venmo,14,26.07,1277.43
163,163,8,5,Summer,M,Turquoise,74,3.0,False,True,Store Pickup,PayPal,14,26.07,1929.18
164,164,16,46,Summer,M,Purple,67,3.4,False,True,Standard,Debit Card,7,52.14,3493.38
165,165,4,8,Spring,S,Purple,65,2.6,False,True,Free Shipping,Credit Card,14,26.07,1694.55
166,166,4,17,Winter,S,Yellow,60,2.8,False,True,Store Pickup,Cash,30,12.17,730.2
167,167,23,8,Fall,XL,Indigo,31,4.0,False,True,Store Pickup,Cash,30,12.17,377.27
168,168,3,4,Fall,M,Green,27,4.0,False,True,Express,Credit Card,90,4.06,109.62
169,169,22,18,Summer,M,Magenta,80,3.0,False,True,Express,Cash,14,26.07,2085.6
170,170,25,28,Summer,S,Gold,30,3.3,False,True,Standard,PayPal,90,4.06,121.8
171,171,14,50,Fall,M,Maroon,25,2.6,False,True,Store Pickup,Venmo,14,26.07,651.75
172,172,15,46,Summer,M,Blue,35,3.6,False,True,Store Pickup,Credit Card,7,52.14,1824.9
173,173,6,27,Summer,M,Violet,67,3.9,False,True,Next Day Air,Credit Card,14,26.07,1746.69
174,174,5,11,Fall,M,Turquoise,46,3.4,False,True,Standard,Cash,365,1.0,46.0
175,175,22,45,Winter,L,Brown,35,3.5,False,True,Express,Venmo,365,1.0,35.0
176,176,24,36,Fall,L,Violet,86,2.8,False,True,Next Day Air,Bank Transfer,365,1.0,86.0
177,177,1,29,Spring,L,Black,81,2.7,False,True,Next Day Air,Credit Card,90,4.06,328.86
178,178,11,16,Fall,L,Magenta,42,3.7,False,True,Next Day Air,Bank Transfer,30,12.17,511.14
179,179,16,12,Fall,L,Lavender,43,4.3,False,True,2-Day Shipping,PayPal,90,4.06,174.58
180,180,20,13,Fall,M,Violet,31,4.9,False,True,Store Pickup,Bank Transfer,14,26.07,808.17
181,181,21,41,Fall,L,Green,81,3.3,False,True,Store Pickup,Debit Card,14,26.07,2111.67
182,182,13,21,Summer,M,Beige,61,4.7,False,True,Next Day Air,Bank Transfer,7,52.14,3180.54
183,183,3,1,Summer,XL,Purple,96,2.8,False,True,Store Pickup,Debit Card,365,1.0,96.0
184,184,16,35,Spring,XL,Beige,29,3.6,False,True,2-Day Shipping,Credit Card,7,52.14,1512.06
185,185,23,11,Spring,L,Cyan,33,3.0,False,True,Express,Cash,14,26.07,860.31
186,186,19,49,Summer,XL,Silver,32,4.5,False,True,Store Pickup,Bank Transfer,14,26.07,834.24
187,187,1,23,Summer,S,Lavender,56,2.9,False,True,Standard,Debit Card,365,1.0,56.0
188,188,22,10,Spring,S,Purple,94,3.3,False,True,Store Pickup,Bank Transfer,14,26.07,2450.58
189,189,11,4,Spring,M,Pink,53,3.1,False,True,Express,Bank Transfer,14,26.07,1381.71
190,190,9,48,Fall,M,Maroon,82,4.4,False,True,Next Day Air,Credit Card,7,52.14,4275.48
191,191,24,14,Fall,XL,Beige,70,3.0,False,True,Free Shipping,Venmo,90,4.06,284.2
192,192,5,44,Fall,M,Gray,76,3.9,False,True,Free Shipping,Cash,90,4.06,308.56
193,193,22,27,Summer,L,Turquoise,29,2.9,False,True,Express,PayPal,14,26.07,756.03
194,194,2,34,Fall,S,Silver,100,3.0,False,True,Standard,Venmo,365,1.0,100.0
195,195,1,25,Spring,M,Olive,94,3.1,False,True,Express,Debit Card,90,4.06,381.64
196,196,25,32,Fall,M,Magenta,25,4.3,False,True,Free Shipping,Credit Card,30,12.17,304.25
197,197,20,47,Summer,M,Lavender,88,3.9,False,True,Next Day Air,Credit Card,14,26.07,2294.16
198,198,7,40,Fall,M,Black,78,3.2,False,True,2-Day Shipping,Credit Card,30,12.17,949.26
199,199,6,44,Winter,M,Turquoise,45,4.8,False,True,Standard,Credit Card,14,26.07,1173.15
200,200,5,12,Summer,XL,Green,73,3.8,False,True,Express,Cash,7,52.14,3806.22
201,201,10,38,Summer,S,Teal,61,3.3,False,True,Next Day Air,Venmo,30,12.17,742.37
202,202,9,25,Fall,S,Beige,22,4.3,False,True,Free Shipping,Bank Transfer,365,1.0,22.0
203,203,5,27,Spring,L,Magenta,38,2.7,False,True,Express,Venmo,365,1.0,38.0
204,204,7,14,Fall,S,Yellow,38,3.2,False,True,Next Day Air,Bank Transfer,7,52.14,1981.32
205,205,23,3,Fall,M,Yellow,100,4.0,False,True,Store Pickup,Cash,14,26.07,2607.0
206,206,14,11,Winter,M,Silver,64,3.0,False,True,Standard,PayPal,7,52.14,3336.96
207,207,19,49,Summer,L,Silver,55,4.2,False,True,Free Shipping,Venmo,14,26.07,1433.85
208,208,3,39,Summer,M,Silver,91,2.9,False,True,Express,Bank Transfer,14,26.07,2372.37
209,209,16,49,Spring,M,Gold,38,4.1,False,True,Store Pickup,Credit Card,30,12.17,462.46
210,210,21,23,Winter,S,Olive,97,3.2,False,True,Store Pickup,Cash,90,4.06,393.82
211,211,25,45,Fall,L,Teal,22,3.0,False,True,2-Day Shipping,PayPal,14,26.07,573.54
212,212,16,41,Fall,L,Maroon,92,4.2,False,True,2-Day Shipping,Debit Card,14,26.07,2398.44
213,213,4,46,Fall,L,Blue,84,4.2,False,True,Express,Debit Card,365,1.0,84.0
214,214,4,28,Fall,L,Peach,93,4.4,False,True,Store Pickup,Debit Card,90,4.06,377.58
215,215,25,11,Summer,L,Blue,50,4.2,False,True,Next Day Air,Cash,90,4.06,203.0
216,216,7,30,Spring,S,Orange,64,2.8,False,True,2-Day Shipping,PayPal,14,26.07,1668.48
217,217,15,21,Spring,L,Yellow,61,3.7,False,True,Free Shipping,Venmo,7,52.14,3180.54
218,218,8,36,Winter,M,Purple,48,3.5,False,True,Next Day Air,Bank Transfer,365,1.0,48.0
219,219,19,5,Spring,S,Magenta,45,2.9,False,True,Store Pickup,Credit Card,90,4.06,182.7
220,220,2,28,Spring,M,Cyan,88,3.0,False,True,Free Shipping,Cash,14,26.07,2294.16
221,221,23,3,Spring,S,Indigo,57,3.7,False,True,Express,Debit Card,14,26.07,1485.99
222,222,5,33,Summer,XL,Magenta,68,4.4,False,True,Store Pickup,Bank Transfer,90,4.06,276.08
223,223,3,32,Spring,XL,Gray,94,4.5,False,True,2-Day Shipping,PayPal,14,26.07,2450.58
224,224,13,50,Spring,M,Turquoise,41,4.8,False,True,Free Shipping,PayPal,365,1.0,41.0
225,225,17,41,Summer,S,Beige,83,2.9,False,True,Free Shipping,Cash,90,4.06,336.98
226,226,25,4,Spring,M,Olive,22,3.2,False,True,Next Day Air,Bank Transfer,365,1.0,22.0
227,227,22,43,Spring,L,Violet,74,3.3,False,True,Free Shipping,PayPal,30,12.17,900.58
228,228,12,39,Winter,M,Turquoise,90,4.2,False,True,Standard,Venmo,14,26.07,2346.3
229,229,17,29,Spring,M,White,79,2.9,False,True,Store Pickup,Credit Card,365,1.0,79.0
230,230,21,35,Spring,S,Silver,28,4.6,False,True,Next Day Air,PayPal,90,4.06,113.68
231,231,7,44,Fall,L,Olive,88,4.1,False,True,Standard,Credit Card,365,1.0,88.0
232,232,9,42,Spring,M,Blue,26,3.1,False,True,2-Day Shipping,Debit Card,90,4.06,105.56
233,233,6,11,Winter,L,Purple,27,4.2,False,True,Express,Bank Transfer,14,26.07,703.89
234,234,18,3,Fall,XL,Yellow,83,4.5,False,True,Next Day Air,Bank Transfer,90,4.06,336.98
235,235,3,41,Summer,S,Silver,39,3.7,False,True,Next Day Air,Credit Card,7,52.14,2033.46
236,236,8,30,Winter,M,Cyan,89,3.7,False,True,Free Shipping,Debit Card,90,4.06,361.34
237,237,24,34,Winter,L,Green,68,3.4,False,True,Next Day Air,PayPal,14,26.07,1772.76
238,238,10,15,Summer,M,Beige,90,3.0,False,True,Store Pickup,Debit Card,14,26.07,2346.3
239,239,16,35,Fall,M,Peach,34,4.2,False,True,Free Shipping,Cash,365,1.0,34.0
240,240,13,45,Summer,L,Yellow,51,2.9,False,True,Express,Credit Card,14,26.07,1329.57
241,241,18,26,Winter,XL,Turquoise,45,3.5,False,True,Free Shipping,Bank Transfer,14,26.07,1173.15
242,242,11,8,Winter,M,Peach,88,4.1,False,True,Free Shipping,Venmo,14,26.07,2294.16
243,243,24,32,Summer,L,Gray,85,4.3,False,True,Store Pickup,Debit Card,90,4.06,345.1
244,244,6,17,Winter,M,Olive,100,2.8,False,True,2-Day Shipping,Debit Card,30,12.17,1217.0
245,245,2,37,Spring,S,Indigo,42,4.9,False,True,2-Day Shipping,PayPal,7,52.14,2189.88
246,246,21,39,Summer,L,Charcoal,53,3.3,False,True,Next Day Air,Venmo,14,26.07,1381.71
247,247,8,28,Spring,XL,Beige,86,3.2,False,True,Express,Venmo,14,26.07,2242.02
248,248,18,26,Spring,XL,Brown,66,4.4,False,True,Standard,Debit Card,7,52.14,3441.24
249,249,2,38,Winter,M,Blue,100,4.8,False,True,Express,PayPal,7,52.14,5214.0
250,250,4,2,Fall,S,Teal,47,4.2,False,True,Standard,Credit Card,365,1.0,47.0
251,251,16,24,Fall,L,Black,25,4.0,False,True,Express,Bank Transfer,7,52.14,1303.5
252,252,4,50,Winter,XL,Gold,51,2.5,False,True,Standard,PayPal,365,1.0,51.0
253,253,15,8,Summer,M,Violet,41,3.9,False,True,Free Shipping,Venmo,14,26.07,1068.87
254,254,20,36,Winter,L,Cyan,73,4.9,False,True,2-Day Shipping,Bank Transfer,14,26.07,1903.11
255,255,8,14,Winter,M,White,42,3.5,False,True,Store Pickup,PayPal,14,26.07,1094.94
256,256,7,20,Spring,M,Charcoal,20,4.2,False,True,Free Shipping,Debit Card,365,1.0,20.0
257,257,6,41,Spring,XL,Violet,30,4.7,False,True,Express,Credit Card,90,4.06,121.8
258,258,4,48,Summer,M,Red,53,4.5,False,True,Express,Credit Card,90,4.06,215.18
259,259,3,1,Spring,S,Lavender,74,2.8,False,True,Express,Cash,90,4.06,300.44
260,260,12,18,Fall,M,Gold,57,2.9,False,True,Standard,Debit Card,365,1.0,57.0
261,261,5,26,Winter,S,Red,57,3.2,False,True,2-Day Shipping,Credit Card,90,4.06,231.42
262,262,12,5,Winter,L,Magenta,77,4.9,False,True,Standard,Credit Card,365,1.0,77.0
263,263,13,11,Summer,M,Teal,40,3.7,True,True,Next Day Air,Debit Card,365,1.0,40.0
264,264,15,15,Summer,M,Purple,46,4.3,False,True,Store Pickup,Venmo,30,12.17,559.82
265,265,13,6,Fall,S,Charcoal,78,3.9,False,True,Store Pickup,Cash,365,1.0,78.0
266,266,1,22,Spring,M,Gray,59,3.2,False,True,2-Day Shipping,Bank Transfer,14,26.07,1538.13
267,267,6,18,Summer,L,White,75,3.1,False,True,Express,Credit Card,7,52.14,3910.5
268,268,18,20,Spring,M,Olive,54,3.9,False,True,2-Day Shipping,Venmo,365,1.0,54.0
269,269,22,10,Spring,M,Charcoal,42,2.6,False,True,Store Pickup,Cash,30,12.17,511.14
270,270,9,10,Winter,M,Charcoal,44,3.3,False,True,Next Day Air,Cash,14,26.07,1147.08
271,271,12,34,Fall,XL,Orange,52,4.6,False,True,Free Shipping,Bank Transfer,365,1.0,52.0
272,272,8,20,Summer,XL,Yellow,69,4.6,False,True,Express,Credit Card,14,26.07,1798.83
273,273,6,37,Summer,M,Beige,26,4.4,False,True,2-Day Shipping,Debit Card,14,26.07,677.82
274,274,24,34,Spring,S,Silver,33,4.2,False,True,Express,Debit Card,90,4.06,133.98
275,275,6,20,Spring,M,Indigo,32,3.0,False,True,Express,Cash,14,26.07,834.24
276,276,1,46,Winter,XL,Lavender,85,4.0,False,True,Express,Credit Card,7,52.14,4431.9
277,277,16,41,Fall,XL,Turquoise,30,3.5,False,True,Express,Bank Transfer,14,26.07,782.1
278,278,14,10,Winter,M,Green,29,3.0,False,True,Store Pickup,Bank Transfer,14,26.07,756.03
279,279,18,11,Spring,M,Orange,95,3.7,False,True,Express,Debit Card,365,1.0,95.0
280,280,23,4,Summer,L,Turquoise,69,4.0,False,True,Standard,Bank Transfer,30,12.17,839.73
281,281,21,26,Fall,S,Cyan,69,4.2,False,True,2-Day Shipping,Cash,14,26.07,1798.83
282,282,2,36,Spring,XL,Charcoal,61,2.5,False,True,Standard,Debit Card,14,26.07,1590.27
283,283,16,23,Summer,M,Teal,94,3.0,False,True,2-Day Shipping,Cash,30,12.17,1143.98
284,284,18,26,Fall,S,Maroon,30,3.2,False,True,Next Day Air,Venmo,365,1.0,30.0
285,285,16,35,Summer,M,Red,45,3.5,False,True,Standard,PayPal,90,4.06,182.7
286,286,4,17,Summer,XL,Yellow,39,4.8,False,True,Express,Debit Card,14,26.07,1016.73
287,287,6,27,Summer,L,Gray,51,2.6,False,True,Store Pickup,Debit Card,365,1.0,51.0
288,288,7,8,Spring,L,Blue,37,3.4,False,True,2-Day Shipping,Venmo,14,26.07,964.59
289,289,19,33,Winter,M,Lavender,62,3.7,False,True,2-Day Shipping,Venmo,14,26.07,1616.34
290,290,24,32,Fall,M,Yellow,85,4.5,False,True,2-Day Shipping,Credit Card,30,12.17,1034.45
291,291,19,6,Winter,M,Indigo,33,3.7,False,True,Standard,PayPal,7,52.14,1720.62
292,292,10,8,Fall,XL,Violet,26,3.3,False,True,Next Day Air,Bank Transfer,30,12.17,316.42
293,293,22,44,Spring,M,Green,99,4.7,False,True,Free Shipping,Cash,90,4.06,401.94
294,294,4,7,Spring,M,White,39,2.7,False,True,Express,PayPal,365,1.0,39.0
295,295,16,30,Spring,M,Gold,20,4.6,False,True,Store Pickup,Credit Card,90,4.06,81.2
296,296,8,48,Winter,M,Indigo,42,2.7,False,True,Store Pickup,Credit Card,90,4.06,170.52
297,297,21,14,Spring,S,Lavender,74,4.8,False,True,2-Day Shipping,Credit Card,7,52.14,3858.36
298,298,22,8,Summer,XL,Purple,26,4.4,False,True,Standard,Credit Card,14,26.07,677.82
299,299,19,20,Winter,M,Lavender,53,4.0,False,True,Standard,Venmo,90,4.06,215.18
300,300,23,38,Summer,M,Maroon,80,3.2,False,True,Next Day Air,PayPal,14,26.07,2085.6
301,301,5,15,Spring,M,Teal,98,4.4,False,True,Store Pickup,PayPal,7,52.14,5109.72
302,302,16,38,Spring,M,Green,95,3.8,False,True,Standard,Credit Card,90,4.06,385.7
303,303,18,8,Summer,L,Olive,44,3.6,False,True,Express,Bank Transfer,90,4.06,178.64
304,304,21,37,Summer,M,Turquoise,60,3.3,False,True,Next Day Air,Venmo,7,52.14,3128.4
305,305,10,37,Winter,M,Green,84,3.4,False,True,Next Day Air,Credit Card,14,26.07,2189.88
306,306,18,44,Fall,M,Teal,59,3.5,False,True,2-Day Shipping,PayPal,365,1.0,59.0
307,307,25,34,Summer,S,White,49,3.6,False,True,Express,Cash,365,1.0,49.0
308,308,3,9,Winter,M,Orange,32,3.2,False,True,Free Shipping,Credit Card,90,4.06,129.92
309,309,4,20,Fall,M,Beige,29,3.7,False,True,Standard,Venmo,14,26.07,756.03
310,310,10,23,Spring,M,Yellow,22,4.5,False,True,Standard,Cash,14,26.07,573.54
311,311,13,26,Winter,M,Charcoal,85,4.6,False,True,Standard,Cash,14,26.07,2215.95
312,312,12,39,Winter,L,Silver,52,4.1,False,True,Store Pickup,Bank Transfer,30,12.17,632.84
313,313,13,21,Spring,L,Green,89,3.4,False,True,Next Day Air,PayPal,365,1.0,89.0
314,314,10,45,Spring,M,Pink,77,3.7,False,True,Express,Credit Card,90,4.06,312.62
315,315,13,30,Summer,M,Purple,24,3.3,False,True,Store Pickup,Debit Card,90,4.06,97.44
316,316,6,49,Spring,XL,Orange,24,4.5,False,True,Express,Debit Card,365,1.0,24.0
317,317,4,5,Fall,M,Charcoal,22,3.3,False,True,Free Shipping,Venmo,30,12.17,267.74
318,318,18,48,Fall,L,Teal,82,4.3,False,True,Standard,Cash,90,4.06,332.92
319,319,1,41,Winter,M,Beige,67,2.5,False,True,Standard,Cash,365,1.0,67.0
320,320,15,19,Spring,XL,White,74,2.6,False,True,Standard,Cash,90,4.06,300.44
321,321,6,16,Summer,L,White,72,4.9,False,True,Standard,Debit Card,90,4.06,292.32
322,322,23,45,Summer,L,Orange,36,4.7,False,True,Free Shipping,Debit Card,90,4.06,146.16
323,323,2,42,Winter,S,Cyan,95,3.0,False,True,Standard,Credit Card,30,12.17,1156.15
324,324,11,42,Winter,M,Orange,78,3.5,False,True,Next Day Air,PayPal,14,26.07,2033.46
325,325,14,50,Summer,M,Olive,82,4.8,False,True,Standard,Venmo,90,4.06,332.92
326,326,13,45,Winter,M,Charcoal,70,4.3,False,True,Free Shipping,Debit Card,365,1.0,70.0
327,327,7,30,Fall,M,White,41,3.2,False,True,Store Pickup,Bank Transfer,7,52.14,2137.74
328,328,24,15,Summer,M,Teal,42,3.1,False,True,Free Shipping,PayPal,7,52.14,2189.88
329,329,24,9,Fall,M,Yellow,50,2.8,False,True,Free Shipping,Credit Card,7,52.14,2607.0
330,330,17,28,Summer,S,White,31,2.9,False,True,2-Day Shipping,Bank Transfer,30,12.17,377.27
331,331,18,34,Winter,M,Beige,51,3.7,True,True,Express,Venmo,14,26.07,1329.57
332,332,14,9,Fall,L,Beige,98,3.3,False,True,Store Pickup,PayPal,90,4.06,397.88
333,333,14,32,Winter,M,Maroon,86,2.8,False,True,2-Day Shipping,Credit Card,30,12.17,1046.62
334,334,18,2,Winter,M,Teal,64,4.5,False,True,Standard,Bank Transfer,14,26.07,1668.48
335,335,9,16,Fall,M,Lavender,46,2.6,False,True,Next Day Air,Credit Card,365,1.0,46.0
336,336,18,37,Spring,L,Maroon,85,3.7,False,True,Standard,Venmo,90,4.06,345.1
337,337,5,39,Fall,S,Orange,81,4.4,False,True,Express,PayPal,365,1.0,81.0
338,338,18,31,Winter,M,Cyan,59,4.3,False,True,2-Day Shipping,Bank Transfer,365,1.0,59.0
339,339,11,21,Winter,M,Silver,79,3.5,False,True,Express,Cash,7,52.14,4119.06
340,340,15,38,Spring,M,Teal,33,3.8,False,True,2-Day Shipping,Credit Card,90,4.06,133.98
341,341,15,30,Summer,L,Blue,47,3.5,False,True,Express,Venmo,90,4.06,190.82
342,342,5,44,Summer,S,Blue,20,4.6,False,True,Store Pickup,Debit Card,14,26.07,521.4
343,343,24,17,Spring,M,Olive,36,2.6,False,True,Next Day Air,Credit Card,90,4.06,146.16
344,344,21,27,Summer,M,Purple,39,4.4,False,True,Next Day Air,Venmo,30,12.17,474.63
345,345,16,46,Winter,M,Charcoal,71,4.0,False,True,Standard,Debit Card,30,12.17,864.07
346,346,22,50,Winter,S,Olive,59,4.4,False,True,Next Day Air,Bank Transfer,365,1.0,59.0
347,347,12,31,Spring,L,Violet,50,4.7,False,True,Next Day Air,Cash,7,52.14,2607.0
348,348,21,37,Fall,L,Red,41,3.9,False,True,Store Pickup,PayPal,14,26.07,1068.87
349,349,9,40,Fall,M,Beige,59,2.7,False,True,Free Shipping,PayPal,14,26.07,1538.13
350,350,5,3,Winter,M,Green,87,3.7,False,True,2-Day Shipping,Bank Transfer,14,26.07,2268.09
351,351,18,17,Spring,M,Violet,68,2.6,False,True,2-Day Shipping,Bank Transfer,14,26.07,1772.76
352,352,16,32,Winter,M,Teal,90,3.9,False,True,Standard,Debit Card,14,26.07,2346.3
353,353,12,43,Fall,XL,Yellow,71,4.9,False,True,Next Day Air,Cash,90,4.06,288.26
354,354,23,25,Fall,L,Yellow,64,4.1,False,True,Store Pickup,Debit Card,30,12.17,778.88
355,355,6,38,Fall,S,Olive,76,3.0,False,True,Free Shipping,Venmo,7,52.14,3962.64
356,356,6,37,Fall,XL,Magenta,42,4.1,False,True,2-Day Shipping,PayPal,90,4.06,170.52
357,357,13,28,Spring,L,Black,80,3.7,True,True,Standard,Cash,7,52.14,4171.2
358,358,2,4,Spring,M,Olive,56,4.0,False,True,Standard,Credit Card,14,26.07,1459.92
359,359,5,23,Summer,XL,Magenta,25,3.6,False,True,Express,Credit Card,90,4.06,101.5
360,360,23,10,Winter,M,Olive,74,3.0,False,True,Store Pickup,Credit Card,90,4.06,300.44
361,361,13,39,Summer,M,Teal,30,3.0,False,True,Standard,Debit Card,14,26.07,782.1
362,362,19,28,Spring,M,White,96,2.6,False,True,Free Shipping,Cash,365,1.0,96.0
363,363,23,43,Fall,M,Charcoal,64,3.4,False,True,Free Shipping,Venmo,14,26.07,1668.48
364,364,15,9,Winter,L,Yellow,88,3.1,False,True,Free Shipping,Bank Transfer,14,26.07,2294.16
365,365,22,34,Summer,L,Charcoal,88,3.0,False,True,Free Shipping,Venmo,90,4.06,357.28
366,366,3,48,Summer,XL,Gray,88,3.7,False,True,Standard,PayPal,90,4.06,357.28
367,367,17,27,Spring,M,Turquoise,36,3.5,False,True,Store Pickup,Venmo,14,26.07,938.52
368,368,10,42,Spring,XL,Cyan,40,2.8,False,True,Store Pickup,Bank Transfer,30,12.17,486.8
369,369,4,36,Spring,M,Charcoal,39,4.5,False,True,Standard,Cash,30,12.17,474.63
370,370,2,49,Summer,M,Silver,40,3.3,False,True,Store Pickup,PayPal,90,4.06,162.4
371,371,7,37,Winter,M,Olive,34,3.4,False,True,Express,PayPal,7,52.14,1772.76
372,372,23,33,Winter,S,Pink,83,3.2,False,True,2-Day Shipping,PayPal,30,12.17,1010.11
373,373,18,38,Summer,L,Orange,85,3.7,False,True,Standard,Debit Card,7,52.14,4431.9
374,374,24,34,Summer,L,White,27,4.6,False,True,Express,Venmo,14,26.07,703.89
375,375,6,35,Spring,S,Purple,78,5.0,False,True,Store Pickup,Bank Transfer,30,12.17,949.26
376,376,8,36,Summer,M,Olive,32,4.4,False,True,Standard,Debit Card,90,4.06,129.92
377,377,22,40,Fall,S,Gray,51,4.9,False,True,Express,Venmo,14,26.07,1329.57
378,378,7,19,Spring,M,Silver,32,4.1,False,True,Standard,Credit Card,90,4.06,129.92
379,379,10,28,Winter,L,Orange,62,4.9,False,True,Next Day Air,Credit Card,30,12.17,754.54
380,380,19,26,Fall,S,Magenta,29,4.7,False,True,2-Day Shipping,Debit Card,14,26.07,756.03
381,381,1,29,Fall,XL,Beige,69,3.0,False,True,Store Pickup,Bank Transfer,7,52.14,3597.66
382,382,6,19,Winter,L,Lavender,25,3.4,False,True,Store Pickup,Credit Card,90,4.06,101.5
383,383,12,5,Winter,M,Peach,76,3.2,False,True,Store Pickup,PayPal,90,4.06,308.56
384,384,8,48,Fall,S,Magenta,77,3.8,True,True,Standard,PayPal,90,4.06,312.62
385,385,18,5,Fall,M,Beige,33,4.5,False,True,2-Day Shipping,Venmo,365,1.0,33.0
386,386,15,48,Fall,S,Yellow,93,2.7,False,True,Next Day Air,Credit Card,14,26.07,2424.51
387,387,6,18,Spring,L,Brown,39,3.4,False,True,Express,PayPal,90,4.06,158.34
388,388,24,10,Summer,L,Silver,93,4.6,False,True,Store Pickup,PayPal,14,26.07,2424.51
389,389,4,47,Summer,M,Orange,82,2.7,False,True,Store Pickup,PayPal,90,4.06,332.92
390,390,20,46,Spring,L,Purple,42,4.2,False,True,Standard,Bank Transfer,30,12.17,511.14
391,391,3,14,Winter,M,Indigo,71,3.2,False,True,2-Day Shipping,PayPal,365,1.0,71.0
392,392,18,23,Spring,L,Gray,86,4.8,False,True,Standard,Cash,14,26.07,2242.02
393,393,19,12,Spring,XL,Black,82,3.3,False,True,Next Day Air,Credit Card,365,1.0,82.0
394,394,22,45,Fall,L,Maroon,65,4.2,False,True,Standard,PayPal,14,26.07,1694.55
395,395,7,34,Spring,M,Beige,29,4.8,False,True,Store Pickup,Debit Card,14,26.07,756.03
396,396,23,39,Winter,L,Brown,65,4.9,False,True,Store Pickup,PayPal,365,1.0,65.0
397,397,10,40,Fall,S,Black,88,3.9,False,True,Standard,Bank Transfer,365,1.0,88.0
398,398,2,24,Fall,M,Indigo,46,3.0,False,True,Free Shipping,Cash,365,1.0,46.0
399,399,20,26,Winter,S,Silver,67,4.6,False,True,Free Shipping,Debit Card,90,4.06,272.02
400,400,7,12,Fall,L,Blue,35,3.5,False,True,2-Day Shipping,Debit Card,30,12.17,425.95
401,401,20,44,Winter,M,Green,66,4.8,False,True,Free Shipping,PayPal,14,26.07,1720.62
402,402,19,36,Fall,L,Orange,91,4.8,False,True,Standard,Cash,90,4.06,369.46
403,403,1,5,Fall,L,Cyan,78,3.0,False,True,Express,PayPal,30,12.17,949.26
404,404,23,28,Winter,M,Orange,45,4.5,False,True,Next Day Air,Bank Transfer,365,1.0,45.0
405,405,19,8,Spring,M,Indigo,93,4.8,False,True,Store Pickup,Credit Card,30,12.17,1131.81
406,406,12,40,Summer,S,Silver,74,3.8,False,True,Standard,Cash,365,1.0,74.0
407,407,3,20,Spring,M,Peach,55,4.6,False,True,Express,Cash,30,12.17,669.35
408,408,11,33,Spring,XL,Teal,76,3.1,False,True,Next Day Air,Credit Card,14,26.07,1981.32
409,409,23,1,Spring,L,White,66,3.4,False,True,Express,Cash,14,26.07,1720.62
410,410,15,23,Winter,M,Brown,51,3.3,False,True,2-Day Shipping,Bank Transfer,30,12.17,620.67
411,411,18,46,Spring,L,Lavender,26,4.8,False,True,2-Day Shipping,Credit Card,90,4.06,105.56
412,412,12,22,Summer,M,Indigo,29,2.8,False,True,Express,PayPal,365,1.0,29.0
413,413,25,19,Summer,M,Yellow,74,3.1,False,True,Store Pickup,Bank Transfer,7,52.14,3858.36
414,414,6,28,Summer,S,White,99,4.6,False,True,Free Shipping,Cash,30,12.17,1204.83
415,415,1,50,Winter,L,Violet,88,2.6,False,True,Store Pickup,Debit Card,7,52.14,4588.32
416,416,24,7,Winter,M,Lavender,31,2.6,False,True,Express,Bank Transfer,30,12.17,377.27
417,417,2,37,Spring,L,Olive,55,3.8,False,True,Free Shipping,Bank Transfer,14,26.07,1433.85
418,418,21,24,Fall,L,Beige,81,4.5,False,True,Free Shipping,Debit Card,90,4.06,328.86
419,419,18,13,Spring,L,Purple,73,3.0,False,True,Standard,Venmo,14,26.07,1903.11
420,420,15,44,Winter,S,Teal,91,3.7,True,True,Free Shipping,Credit Card,90,4.06,369.46
421,421,17,33,Spring,S,Peach,54,3.8,False,True,Free Shipping,Debit Card,14,26.07,1407.78
422,422,14,17,Winter,M,Violet,40,3.5,False,True,Standard,Cash,14,26.07,1042.8
423,423,13,23,Fall,M,Purple,59,3.1,False,True,Store Pickup,Debit Card,365,1.0,59.0
424,424,7,32,Spring,L,Teal,26,3.0,False,True,Store Pickup,Credit Card,14,26.07,677.82
425,425,18,13,Winter,M,Gold,23,4.3,False,True,Standard,PayPal,14,26.07,599.61
426,426,12,34,Winter,S,Teal,87,3.3,False,True,Store Pickup,Credit Card,90,4.06,353.22
427,427,13,18,Winter,M,Violet,71,4.7,False,True,Express,Credit Card,90,4.06,288.26
428,428,1,13,Winter,L,Black,91,4.5,False,True,Store Pickup,Credit Card,90,4.06,369.46
429,429,24,50,Winter,XL,Gold,64,2.9,False,True,Free Shipping,Debit Card,14,26.07,1668.48
430,430,21,47,Winter,M,Gold,94,4.1,False,True,2-Day Shipping,Cash,14,26.07,2450.58
431,431,14,43,Summer,M,Brown,40,3.5,False,True,Store Pickup,Debit Card,365,1.0,40.0
432,432,5,29,Winter,L,Cyan,76,3.4,False,True,Store Pickup,Cash,14,26.07,1981.32
433,433,14,14,Fall,S,Indigo,86,3.3,False,True,Free Shipping,Venmo,7,52.14,4484.04
434,434,16,1,Fall,M,Orange,92,3.2,False,True,Store Pickup,Credit Card,14,26.07,2398.44
435,435,22,36,Spring,L,Pink,52,4.0,False,True,Store Pickup,PayPal,90,4.06,211.12
436,436,24,26,Winter,XL,Olive,28,3.6,False,True,Next Day Air,Bank Transfer,30,12.17,340.76
437,437,13,42,Summer,L,Cyan,46,4.6,False,True,Free Shipping,Bank Transfer,7,52.14,2398.44
438,438,6,31,Summer,M,Peach,50,2.6,False,True,Next Day Air,PayPal,365,1.0,50.0
439,439,2,15,Winter,M,Turquoise,23,4.3,False,True,Express,Credit Card,14,26.07,599.61
440,440,25,12,Summer,M,Turquoise,50,3.4,False,True,Free Shipping,Cash,30,12.17,608.5
441,441,14,36,Winter,XL,Maroon,89,3.5,False,True,Store Pickup,Debit Card,14,26.07,2320.23
442,442,11,9,Winter,M,Maroon,81,4.2,False,True,Standard,Credit Card,365,1.0,81.0
443,443,8,22,Fall,M,Olive,69,3.8,True,True,Store Pickup,Credit Card,90,4.06,280.14
444,444,8,11,Summer,M,Magenta,67,3.6,False,True,Free Shipping,PayPal,365,1.0,67.0
445,445,10,5,Summer,M,Red,20,4.3,False,True,Store Pickup,Debit Card,365,1.0,20.0
446,446,20,15,Fall,M,Olive,29,4.9,False,True,Standard,Venmo,365,1.0,29.0
447,447,14,48,Summer,M,Silver,74,4.1,False,True,Store Pickup,Venmo,30,12.17,900.58
448,448,15,47,Spring,S,Turquoise,82,3.6,False,True,Standard,Bank Transfer,90,4.06,332.92
449,449,3,25,Summer,M,Yellow,23,3.4,False,True,Next Day Air,Bank Transfer,14,26.07,599.61
450,450,6,32,Summer,L,Peach,45,2.9,False,True,2-Day Shipping,Bank Transfer,30,12.17,547.65
451,451,20,7,Summer,L,Beige,21,2.7,False,True,Store Pickup,Credit Card,30,12.17,255.57
452,452,6,46,Summer,M,Pink,31,4.3,False,True,Express,Credit Card,14,26.07,808.17
453,453,13,25,Summer,M,Violet,45,3.7,True,True,Express,PayPal,14,26.07,1173.15
454,454,6,27,Winter,XL,Peach,56,2.8,False,True,Next Day Air,Credit Card,7,52.14,2919.84
455,455,25,30,Summer,S,Gold,97,3.2,False,True,Next Day Air,Cash,14,26.07,2528.79
456,456,9,44,Fall,XL,Gold,100,3.6,False,True,Store Pickup,Debit Card,14,26.07,2607.0
457,457,9,33,Fall,S,Indigo,96,4.0,False,True,2-Day Shipping,Credit Card,90,4.06,389.76
458,458,3,39,Spring,M,Blue,99,4.9,False,True,Next Day Air,Debit Card,90,4.06,401.94
459,459,15,4,Winter,L,Black,91,4.0,False,True,2-Day Shipping,PayPal,30,12.17,1107.47
460,460,5,20,Winter,L,Black,30,3.8,False,True,Standard,PayPal,14,26.07,782.1
461,461,22,40,Summer,L,Teal,65,3.8,True,True,Store Pickup,Bank Transfer,7,52.14,3389.1
462,462,20,35,Winter,M,Yellow,93,3.9,False,True,Express,Venmo,7,52.14,4849.02
463,463,25,13,Fall,M,White,81,3.3,False,True,Express,Venmo,90,4.06,328.86
464,464,6,10,Summer,S,Orange,81,2.7,False,True,Standard,Venmo,7,52.14,4223.34
465,465,8,1,Winter,M,Silver,52,4.7,False,True,Next Day Air,PayPal,30,12.17,632.84
466,466,16,36,Summer,M,Pink,88,2.8,False,True,Next Day Air,Cash,90,4.06,357.28
467,467,12,45,Winter,L,Turquoise,24,4.6,False,True,Free Shipping,PayPal,7,52.14,1251.36
468,468,1,27,Spring,S,Orange,51,4.5,False,True,2-Day Shipping,Debit Card,90,4.06,207.06
469,469,1,10,Fall,S,Peach,38,5.0,False,True,Free Shipping,Cash,90,4.06,154.28
470,470,15,1,Fall,L,Pink,46,4.1,False,True,2-Day Shipping,Debit Card,14,26.07,1199.22
471,471,10,23,Summer,L,Teal,63,4.6,False,True,Express,Cash,90,4.06,255.78
472,472,7,25,Winter,XL,White,72,4.9,False,True,2-Day Shipping,Bank Transfer,90,4.06,292.32
473,473,12,10,Winter,L,Gray,39,3.9,False,True,Free Shipping,Bank Transfer,90,4.06,158.34
474,474,24,48,Spring,L,Olive,42,3.9,False,True,Store Pickup,PayPal,90,4.06,170.52
475,475,18,4,Summer,XL,Maroon,76,2.6,False,True,2-Day Shipping,Cash,90,4.06,308.56
476,476,23,35,Summer,L,Magenta,66,2.7,False,True,Free Shipping,Debit Card,365,1.0,66.0
477,477,7,7,Spring,M,Magenta,90,3.5,False,True,Free Shipping,Debit Card,14,26.07,2346.3
478,478,18,34,Summer,M,Green,56,3.7,False,True,Free Shipping,Debit Card,7,52.14,2919.84
479,479,6,16,Winter,XL,Turquoise,43,3.2,False,True,Free Shipping,Venmo,365,1.0,43.0
480,480,4,15,Winter,L,Yellow,84,3.3,False,True,Store Pickup,Venmo,30,12.17,1022.28
481,481,11,45,Summer,M,Gray,88,4.8,False,True,Standard,Debit Card,14,26.07,2294.16
482,482,5,49,Fall,L,Peach,88,3.2,False,True,2-Day Shipping,PayPal,14,26.07,2294.16
483,483,2,7,Winter,M,Yellow,42,2.5,False,True,2-Day Shipping,Venmo,365,1.0,42.0
484,484,11,36,Fall,M,White,73,3.9,False,True,Store Pickup,Debit Card,7,52.14,3806.22
485,485,5,25,Summer,L,Lavender,73,4.7,False,True,Free Shipping,Bank Transfer,90,4.06,296.38
486,486,22,42,Spring,S,Blue,44,2.6,False,True,Next Day Air,Debit Card,14,26.07,1147.08
487,487,21,31,Fall,M,Charcoal,63,2.8,False,True,Store Pickup,Venmo,90,4.06,255.78
488,488,25,15,Winter,L,Red,68,4.4,False,True,Store Pickup,Credit Card,90,4.06,276.08
489,489,18,19,Spring,L,Olive,29,4.6,False,True,Standard,Venmo,7,52.14,1512.06
490,490,17,41,Summer,M,Green,85,3.2,False,True,Standard,PayPal,365,1.0,85.0
491,491,23,6,Winter,M,Silver,42,4.2,False,True,2-Day Shipping,Cash,30,12.17,511.14
492,492,24,45,Summer,M,Silver,69,3.8,True,True,2-Day Shipping,Credit Card,14,26.07,1798.83
493,493,14,22,Fall,M,Black,62,3.9,False,True,Standard,Debit Card,7,52.14,3232.68
494,494,1,28,Summer,XL,Red,48,4.7,False,True,Store Pickup,Cash,14,26.07,1251.36
495,495,20,14,Winter,M,Indigo,68,4.5,False,True,Express,Debit Card,7,52.14,3545.52
496,496,4,22,Fall,XL,Cyan,36,3.3,False,True,Free Shipping,Debit Card,14,26.07,938.52
497,497,10,5,Fall,S,Maroon,63,3.3,False,True,Express,Venmo,14,26.07,1642.41
498,498,23,36,Winter,S,Silver,39,4.6,False,True,Free Shipping,Cash,7,52.14,2033.46
499,499,20,15,Spring,M,Lavender,78,3.6,False,True,Free Shipping,Bank Transfer,30,12.17,949.26
500,500,22,39,Winter,L,Silver,99,4.8,False,True,Express,PayPal,30,12.17,1204.83
501,501,19,47,Fall,L,Purple,31,4.8,False,True,Next Day Air,Venmo,90,4.06,125.86
502,502,20,9,Spring,M,Cyan,45,2.9,False,True,Next Day Air,Venmo,365,1.0,45.0
503,503,13,40,Fall,S,Cyan,30,2.8,False,True,Express,PayPal,14,26.07,782.1
504,504,22,48,Summer,M,Lavender,24,3.2,False,True,Next Day Air,Bank Transfer,90,4.06,97.44
505,505,22,25,Winter,M,Maroon,22,3.9,False,True,Free Shipping,PayPal,365,1.0,22.0
506,506,19,19,Spring,L,Gray,63,4.3,False,True,Express,Cash,14,26.07,1642.41
507,507,7,10,Fall,M,Olive,40,2.7,False,True,2-Day Shipping,Debit Card,365,1.0,40.0
508,508,15,19,Spring,M,Magenta,20,5.0,False,True,Store Pickup,Debit Card,14,26.07,521.4
509,509,6,13,Winter,S,Yellow,20,3.7,False,True,Store Pickup,PayPal,90,4.06,81.2
510,510,19,8,Summer,L,Cyan,80,3.9,False,True,Free Shipping,Debit Card,7,52.14,4171.2
511,511,14,48,Fall,M,Teal,87,3.9,False,True,2-Day Shipping,Venmo,365,1.0,87.0
512,512,14,11,Fall,L,Yellow,46,3.1,False,True,Free Shipping,PayPal,365,1.0,46.0
513,513,3,32,Winter,L,Peach,49,3.8,True,True,Next Day Air,Bank Transfer,30,12.17,596.33
514,514,7,31,Fall,M,Peach,65,3.6,False,True,Store Pickup,Venmo,365,1.0,65.0
515,515,16,14,Winter,S,Olive,62,4.3,False,True,Standard,PayPal,90,4.06,251.72
516,516,5,17,Spring,L,Charcoal,67,4.5,False,True,Next Day Air,Cash,30,12.17,815.39
517,517,11,48,Fall,L,Indigo,41,2.8,False,True,2-Day Shipping,Debit Card,14,26.07,1068.87
518,518,20,34,Fall,L,Silver,49,2.7,False,True,Free Shipping,Cash,90,4.06,198.94
519,519,9,37,Fall,M,Beige,100,2.9,False,True,Next Day Air,Venmo,90,4.06,406.0
520,520,2,23,Summer,L,Blue,54,4.4,False,True,2-Day Shipping,Bank Transfer,90,4.06,219.24
521,521,8,40,Spring,M,White,84,3.9,False,True,Free Shipping,Debit Card,90,4.06,341.04
522,522,15,45,Winter,L,Gold,41,3.5,False,True,Standard,Bank Transfer,365,1.0,41.0
523,523,3,23,Spring,M,Blue,88,2.5,False,True,Store Pickup,Cash,90,4.06,357.28
524,524,21,8,Spring,M,Orange,40,4.9,False,True,Express,PayPal,90,4.06,162.4
525,525,14,38,Summer,M,Gold,39,4.8,False,True,Free Shipping,PayPal,365,1.0,39.0
526,526,24,15,Spring,M,Cyan,37,3.2,False,True,Next Day Air,Debit Card,30,12.17,450.29
527,527,13,30,Winter,S,Red,52,4.9,False,True,Standard,Cash,30,12.17,632.84
528,528,19,40,Winter,L,Yellow,23,4.3,False,True,Next Day Air,Bank Transfer,90,4.06,93.38
529,529,23,20,Winter,S,Beige,88,3.2,False,True,Express,Cash,365,1.0,88.0
530,530,15,5,Fall,M,Orange,84,3.7,False,True,Standard,Credit Card,30,12.17,1022.28
531,531,24,26,Winter,XL,Magenta,37,3.2,False,True,Store Pickup,Credit Card,14,26.07,964.59
532,532,21,45,Fall,L,Purple,51,3.4,False,True,Next Day Air,Cash,7,52.14,2659.14
533,533,13,43,Winter,L,Black,76,4.1,False,True,Express,Bank Transfer,90,4.06,308.56
534,534,21,33,Spring,L,Pink,60,4.5,False,True,Next Day Air,Debit Card,7,52.14,3128.4
535,535,3,9,Fall,L,Pink,72,4.5,False,True,Next Day Air,PayPal,90,4.06,292.32
536,536,19,48,Spring,L,Maroon,45,3.2,False,True,Free Shipping,Bank Transfer,7,52.14,2346.3
537,537,25,13,Fall,S,Maroon,84,4.4,False,True,Store Pickup,Debit Card,90,4.06,341.04
538,538,9,46,Summer,S,Turquoise,49,3.0,False,True,Store Pickup,Debit Card,365,1.0,49.0
539,539,17,46,Spring,XL,Green,22,3.2,False,True,Free Shipping,Cash,7,52.14,1147.08
540,540,24,50,Winter,M,Violet,48,4.0,False,True,Store Pickup,Debit Card,7,52.14,2502.72
541,541,10,40,Spring,M,Lavender,37,3.1,False,True,Next Day Air,Cash,90,4.06,150.22
542,542,25,7,Fall,L,Gray,27,2.8,False,True,Next Day Air,Cash,14,26.07,703.89
543,543,20,13,Spring,XL,Teal,79,4.6,False,True,Next Day Air,Cash,14,26.07,2059.53
544,544,16,1,Spring,S,Red,98,4.3,False,True,Express,Credit Card,30,12.17,1192.66
545,545,21,47,Summer,S,Yellow,64,3.3,False,True,Standard,Bank Transfer,90,4.06,259.84
546,546,24,1,Summer,L,Magenta,32,3.5,False,True,2-Day Shipping,Debit Card,365,1.0,32.0
547,547,11,31,Winter,M,Brown,74,3.4,False,True,Free Shipping,Venmo,14,26.07,1929.18
548,548,25,28,Winter,M,Blue,50,2.8,False,True,Free Shipping,Venmo,7,52.14,2607.0
549,549,1,27,Winter,M,Black,64,4.6,False,True,Store Pickup,Debit Card,90,4.06,259.84
550,550,1,3,Fall,S,Olive,29,3.6,False,True,Express,Venmo,14,26.07,756.03
551,551,2,10,Summer,M,Olive,62,3.3,False,True,Store Pickup,PayPal,7,52.14,3232.68
552,552,24,12,Fall,XL,Green,78,3.1,False,True,2-Day Shipping,Cash,14,26.07,2033.46
553,553,19,25,Fall,M,Peach,94,3.5,False,True,Express,Bank Transfer,7,52.14,4901.16
554,554,8,9,Winter,M,White,59,3.2,False,True,Express,Credit Card,90,4.06,239.54
555,555,23,23,Summer,M,Red,47,3.0,False,True,Express,Bank Transfer,7,52.14,2450.58
556,556,3,19,Fall,M,White,57,4.8,False,True,Express,Venmo,365,1.0,57.0
557,557,24,26,Winter,L,Indigo,90,5.0,False,True,Store Pickup,Cash,14,26.07,2346.3
558,558,14,2,Spring,M,White,60,2.9,False,True,Free Shipping,Debit Card,7,52.14,3128.4
559,559,23,15,Fall,L,Teal,77,3.2,False,True,Express,Debit Card,90,4.06,312.62
560,560,7,3,Fall,M,Indigo,41,2.9,False,True,Store Pickup,Bank Transfer,30,12.17,498.97
561,561,6,18,Fall,L,Red,48,3.8,True,True,Free Shipping,Debit Card,365,1.0,48.0
562,562,25,1,Fall,M,Blue,65,2.6,False,True,Next Day Air,PayPal,14,26.07,1694.55
563,563,12,25,Summer,M,Blue,62,3.5,False,True,Standard,Debit Card,365,1.0,62.0
564,564,22,12,Fall,M,Black,99,4.4,False,True,Standard,Debit Card,90,4.06,401.94
565,565,11,9,Winter,M,Olive,58,3.4,False,True,Next Day Air,Bank Transfer,7,52.14,3024.12
566,566,1,12,Fall,L,Lavender,43,4.2,False,True,Store Pickup,Venmo,7,52.14,2242.02
567,567,23,1,Spring,M,Indigo,93,3.6,False,True,Store Pickup,Debit Card,14,26.07,2424.51
568,568,9,29,Winter,S,Red,50,3.0,False,True,Next Day Air,Venmo,14,26.07,1303.5
569,569,13,44,Summer,L,Red,88,4.0,False,True,Free Shipping,PayPal,30,12.17,1070.96
570,570,16,1,Fall,M,Pink,33,4.4,False,True,Express,Credit Card,90,4.06,133.98
571,571,19,15,Fall,XL,Purple,99,4.1,False,True,Standard,Cash,365,1.0,99.0
572,572,25,17,Spring,XL,Cyan,76,3.6,False,True,Free Shipping,Venmo,7,52.14,3962.64
573,573,7,40,Summer,XL,Cyan,97,4.6,False,True,Next Day Air,Bank Transfer,365,1.0,97.0
574,574,13,5,Summer,M,Charcoal,68,3.2,False,True,2-Day Shipping,Credit Card,14,26.07,1772.76
575,575,23,19,Fall,L,Red,79,4.8,False,True,Free Shipping,Bank Transfer,14,26.07,2059.53
576,576,12,27,Fall,M,Peach,86,4.8,False,True,Express,PayPal,30,12.17,1046.62
577,577,5,47,Winter,M,Black,68,5.0,False,True,2-Day Shipping,Credit Card,90,4.06,276.08
578,578,16,1,Fall,M,Black,52,3.7,False,True,Store Pickup,Venmo,365,1.0,52.0
579,579,21,19,Fall,M,Purple,90,4.6,False,True,Next Day Air,Credit Card,14,26.07,2346.3
580,580,21,5,Winter,M,Violet,41,3.7,False,True,Free Shipping,Credit Card,365,1.0,41.0
581,581,18,15,Spring,M,Orange,80,4.1,False,True,Free Shipping,PayPal,7,52.14,4171.2
582,582,18,15,Winter,XL,Charcoal,100,2.7,False,True,Store Pickup,Bank Transfer,90,4.06,406.0
583,583,25,6,Spring,L,Turquoise,77,4.9,False,True,Store Pickup,Bank Transfer,90,4.06,312.62
584,584,15,5,Spring,L,Yellow,78,4.0,False,True,Store Pickup,PayPal,30,12.17,949.26
585,585,17,14,Spring,M,White,94,4.7,False,True,Free Shipping,Debit Card,30,12.17,1143.98
586,586,17,40,Fall,M,Gray,23,2.8,False,True,Next Day Air,Cash,90,4.06,93.38
587,587,11,49,Winter,S,Blue,20,4.9,False,True,2-Day Shipping,Venmo,365,1.0,20.0
588,588,17,47,Fall,S,Maroon,86,4.2,False,True,Express,Debit Card,90,4.06,349.16
589,589,20,41,Fall,M,Violet,60,3.0,False,True,Standard,Debit Card,90,4.06,243.6
590,590,14,23,Fall,M,Orange,70,3.4,False,True,2-Day Shipping,PayPal,365,1.0,70.0
591,591,2,2,Fall,S,Turquoise,39,4.6,False,True,Standard,Venmo,14,26.07,1016.73
592,592,1,17,Fall,L,Olive,37,4.2,False,True,Store Pickup,Debit Card,14,26.07,964.59
593,593,20,34,Fall,M,Brown,29,3.2,False,True,Free Shipping,Venmo,90,4.06,117.74
594,594,24,2,Winter,S,Green,35,4.4,False,True,Store Pickup,PayPal,90,4.06,142.1
595,595,11,36,Winter,S,Brown,83,2.5,False,True,Next Day Air,Debit Card,30,12.17,1010.11
596,596,22,8,Summer,M,Silver,77,3.6,False,True,Next Day Air,PayPal,90,4.06,312.62
597,597,22,26,Summer,XL,White,37,4.5,False,True,Store Pickup,Venmo,365,1.0,37.0
598,598,6,2,Summer,L,Gold,69,3.4,False,True,Standard,Bank Transfer,14,26.07,1798.83
599,599,10,5,Winter,L,Green,66,3.2,False,True,2-Day Shipping,Cash,90,4.06,267.96
600,600,20,21,Spring,L,Teal,26,4.2,False,True,Standard,Debit Card,90,4.06,105.56
601,601,5,40,Spring,M,Charcoal,63,5.0,False,True,2-Day Shipping,Venmo,30,12.17,766.71
602,602,1,48,Summer,M,Maroon,38,4.7,False,True,Store Pickup,Cash,14,26.07,990.66
603,603,22,37,Summer,L,Lavender,58,4.2,False,True,Next Day Air,Cash,90,4.06,235.48
604,604,4,21,Winter,L,Green,46,3.4,False,True,2-Day Shipping,PayPal,90,4.06,186.76
605,605,8,48,Fall,S,Pink,92,4.4,False,True,Store Pickup,Credit Card,90,4.06,373.52
606,606,5,5,Winter,XL,Charcoal,32,4.2,False,True,Standard,Bank Transfer,7,52.14,1668.48
607,607,7,6,Spring,M,Blue,90,4.5,False,True,Standard,PayPal,30,12.17,1095.3
608,608,11,14,Fall,L,Purple,23,2.8,False,True,Next Day Air,Cash,30,12.17,279.91
609,609,1,8,Fall,S,Gold,25,3.3,False,True,Next Day Air,Venmo,90,4.06,101.5
610,610,18,35,Fall,L,Purple,54,4.6,False,True,Next Day Air,Credit Card,14,26.07,1407.78
611,611,15,36,Summer,M,Charcoal,72,2.5,False,True,Free Shipping,Bank Transfer,90,4.06,292.32
612,612,7,5,Winter,M,Black,33,4.7,False,True,Store Pickup,Cash,30,12.17,401.61
613,613,5,29,Fall,L,Lavender,43,4.6,False,True,Express,Credit Card,90,4.06,174.58
614,614,24,38,Fall,L,Lavender,51,2.6,False,True,Standard,Cash,14,26.07,1329.57
615,615,6,12,Winter,M,Lavender,85,4.0,False,True,Standard,Credit Card,14,26.07,2215.95
616,616,21,20,Summer,L,Olive,100,2.6,False,True,Next Day Air,Venmo,365,1.0,100.0
617,617,3,38,Spring,L,Teal,72,4.6,False,True,Free Shipping,Credit Card,90,4.06,292.32
618,618,1,6,Fall,M,Maroon,57,2.6,False,True,Standard,Bank Transfer,90,4.06,231.42
619,619,25,14,Spring,L,Cyan,94,4.0,False,True,Express,Debit Card,14,26.07,2450.58
620,620,1,27,Summer,M,Charcoal,34,4.6,False,True,Store Pickup,Debit Card,90,4.06,138.04
621,621,1,39,Fall,M,Black,89,3.7,False,True,2-Day Shipping,Venmo,90,4.06,361.34
622,622,8,16,Fall,S,Red,27,4.4,False,True,Store Pickup,Credit Card,7,52.14,1407.78
623,623,17,10,Spring,S,Peach,63,4.0,False,True,Next Day Air,Bank Transfer,14,26.07,1642.41
624,624,22,28,Fall,M,White,70,4.7,False,True,Standard,PayPal,14,26.07,1824.9
625,625,13,40,Fall,XL,Pink,87,3.4,False,True,Express,PayPal,365,1.0,87.0
626,626,6,8,Fall,M,Red,79,4.0,False,True,Next Day Air,Venmo,7,52.14,4119.06
627,627,8,29,Spring,M,Indigo,79,3.9,False,True,Standard,Venmo,365,1.0,79.0
628,628,21,37,Winter,L,Black,44,4.1,False,True,Express,PayPal,30,12.17,535.48
629,629,18,21,Fall,M,White,85,3.7,True,True,2-Day Shipping,Credit Card,30,12.17,1034.45
630,630,22,45,Spring,L,Beige,90,4.7,False,True,Standard,Debit Card,365,1.0,90.0
631,631,6,24,Fall,S,Silver,94,4.3,False,True,2-Day Shipping,Debit Card,365,1.0,94.0
632,632,20,47,Summer,S,Violet,68,4.1,False,True,Store Pickup,Cash,14,26.07,1772.76
633,633,1,50,Winter,M,Red,51,3.9,False,True,Next Day Air,Venmo,14,26.07,1329.57
634,634,21,23,Spring,M,Orange,33,2.9,False,True,Express,Debit Card,90,4.06,133.98
635,635,23,35,Summer,M,Teal,60,3.9,False,True,Standard,PayPal,7,52.14,3128.4
636,636,11,40,Fall,M,Brown,59,4.3,False,True,2-Day Shipping,Cash,90,4.06,239.54
637,637,4,49,Summer,M,Indigo,30,2.8,False,True,Store Pickup,Bank Transfer,90,4.06,121.8
638,638,18,42,Winter,M,Cyan,20,3.4,False,True,2-Day Shipping,Cash,14,26.07,521.4
639,639,21,20,Summer,S,Blue,20,2.7,False,True,Express,PayPal,30,12.17,243.4
640,640,10,24,Spring,L,Olive,24,4.0,False,True,2-Day Shipping,Credit Card,365,1.0,24.0
641,641,16,23,Summer,M,Gray,88,4.4,False,True,Store Pickup,Debit Card,14,26.07,2294.16
642,642,9,2,Winter,M,Red,78,3.9,False,True,2-Day Shipping,Credit Card,90,4.06,316.68
643,643,16,4,Spring,L,Red,25,2.8,False,True,2-Day Shipping,Debit Card,14,26.07,651.75
644,644,18,37,Winter,XL,Green,57,3.2,False,True,Next Day Air,Bank Transfer,90,4.06,231.42
645,645,1,18,Summer,S,Blue,93,4.3,False,True,Next Day Air,Cash,7,52.14,4849.02
646,646,11,36,Summer,S,Purple,42,4.2,False,True,Express,Venmo,14,26.07,1094.94
647,647,20,14,Spring,XL,Pink,54,4.9,False,True,Standard,Venmo,14,26.07,1407.78
648,648,9,24,Summer,XL,Charcoal,70,3.7,False,True,Express,Credit Card,14,26.07,1824.9
649,649,11,22,Winter,M,Brown,31,4.1,False,True,Store Pickup,Credit Card,7,52.14,1616.34
650,650,13,8,Spring,L,Orange,93,4.2,False,True,Store Pickup,PayPal,90,4.06,377.58
651,651,3,9,Spring,M,Magenta,40,3.9,False,True,Next Day Air,Bank Transfer,365,1.0,40.0
652,652,5,4,Summer,L,Yellow,32,2.9,False,True,Next Day Air,Venmo,14,26.07,834.24
653,653,8,23,Winter,M,Beige,27,3.1,False,True,Free Shipping,Venmo,7,52.14,1407.78
654,654,7,34,Winter,M,Olive,68,3.6,False,True,2-Day Shipping,Cash,14,26.07,1772.76
655,655,4,5,Summer,L,Gray,59,4.4,False,True,2-Day Shipping,Venmo,365,1.0,59.0
656,656,4,24,Fall,S,Purple,36,3.1,False,True,Free Shipping,Venmo,30,12.17,438.12
657,657,12,38,Summer,M,Beige,23,3.9,False,True,Standard,PayPal,90,4.06,93.38
658,658,25,3,Winter,M,White,80,4.3,False,True,Free Shipping,PayPal,90,4.06,324.8
659,659,1,18,Fall,S,White,37,4.9,False,True,Store Pickup,Venmo,7,52.14,1929.18
660,660,15,46,Spring,S,Gold,52,3.6,False,True,2-Day Shipping,Cash,7,52.14,2711.28
661,661,24,26,Fall,M,Olive,79,5.0,False,True,2-Day Shipping,Credit Card,90,4.06,320.74
662,662,14,15,Fall,XL,Green,68,4.1,False,True,Store Pickup,Credit Card,90,4.06,276.08
663,663,3,13,Fall,L,Magenta,98,2.8,False,True,Express,Venmo,14,26.07,2554.86
664,664,10,2,Fall,M,Charcoal,83,4.7,False,True,Express,Credit Card,30,12.17,1010.11
665,665,13,6,Winter,M,Indigo,83,4.4,False,True,Express,PayPal,14,26.07,2163.81
666,666,13,31,Spring,M,Peach,55,4.9,False,True,2-Day Shipping,Credit Card,365,1.0,55.0
667,667,11,6,Winter,L,Turquoise,26,3.1,False,True,Free Shipping,Debit Card,90,4.06,105.56
668,668,8,3,Winter,S,Blue,76,2.6,False,True,Standard,Bank Transfer,90,4.06,308.56
669,669,19,11,Fall,S,Turquoise,85,2.9,False,True,Express,Bank Transfer,30,12.17,1034.45
670,670,25,13,Spring,M,Gray,89,3.3,False,True,Free Shipping,Venmo,14,26.07,2320.23
671,671,18,18,Spring,XL,Purple,41,4.8,False,True,Next Day Air,Cash,14,26.07,1068.87
672,672,25,15,Winter,L,Black,30,4.7,False,True,Express,Cash,7,52.14,1564.2
673,673,17,47,Winter,M,Peach,53,3.3,False,True,2-Day Shipping,Cash,90,4.06,215.18
674,674,14,36,Spring,M,Indigo,66,4.2,False,True,Free Shipping,Venmo,14,26.07,1720.62
675,675,6,47,Winter,XL,Beige,33,4.7,False,True,Store Pickup,Bank Transfer,365,1.0,33.0
676,676,8,4,Spring,M,Yellow,86,2.6,False,True,2-Day Shipping,Cash,365,1.0,86.0
677,677,13,7,Winter,M,Peach,60,2.9,False,True,2-Day Shipping,Venmo,14,26.07,1564.2
678,678,17,47,Summer,S,Turquoise,62,2.7,False,True,Express,PayPal,365,1.0,62.0
679,679,9,19,Fall,M,Teal,74,3.3,False,True,Store Pickup,Debit Card,90,4.06,300.44
680,680,21,22,Fall,M,Turquoise,95,3.4,False,True,Express,Venmo,14,26.07,2476.65
681,681,23,42,Spring,M,Magenta,25,4.2,False,True,Express,PayPal,365,1.0,25.0
682,682,14,18,Winter,XL,Purple,59,3.8,False,True,2-Day Shipping,Credit Card,90,4.06,239.54
683,683,25,25,Summer,M,Brown,29,4.0,False,True,Standard,Credit Card,14,26.07,756.03
684,684,21,22,Winter,S,Violet,36,2.7,False,True,Free Shipping,Bank Transfer,30,12.17,438.12
685,685,5,1,Summer,M,Yellow,82,4.7,False,True,Express,Debit Card,30,12.17,997.94
686,686,9,21,Winter,XL,Magenta,71,3.5,False,True,Standard,Cash,14,26.07,1850.97
687,687,18,14,Fall,L,Beige,35,3.0,False,True,2-Day Shipping,Venmo,14,26.07,912.45
688,688,3,48,Winter,XL,Turquoise,38,3.3,False,True,Free Shipping,Bank Transfer,90,4.06,154.28
689,689,7,22,Summer,S,Peach,59,4.7,False,True,Store Pickup,Venmo,30,12.17,718.03
690,690,11,38,Summer,M,Orange,91,4.7,False,True,Express,Credit Card,90,4.06,369.46
691,691,15,2,Spring,XL,Red,68,4.8,False,True,Standard,Bank Transfer,7,52.14,3545.52
692,692,1,21,Summer,L,Silver,21,2.9,False,True,Standard,PayPal,14,26.07,547.47
693,693,8,34,Spring,M,Cyan,95,4.0,False,True,2-Day Shipping,Debit Card,90,4.06,385.7
694,694,15,45,Spring,L,Turquoise,52,3.1,False,True,Free Shipping,Cash,90,4.06,211.12
695,695,10,17,Fall,S,Charcoal,21,3.5,False,True,2-Day Shipping,Venmo,90,4.06,85.26
696,696,15,28,Summer,XL,Peach,67,3.7,False,True,Next Day Air,Debit Card,90,4.06,272.02
697,697,2,44,Fall,L,Green,42,2.8,False,True,Standard,Cash,30,12.17,511.14
698,698,7,34,Summer,XL,Brown,63,4.6,False,True,Free Shipping,Debit Card,90,4.06,255.78
699,699,20,15,Winter,M,Yellow,41,3.8,False,True,Standard,Debit Card,7,52.14,2137.74
700,700,4,7,Fall,M,Charcoal,46,2.6,False,True,2-Day Shipping,PayPal,7,52.14,2398.44
701,701,13,49,Winter,L,Olive,79,4.1,False,True,Standard,PayPal,30,12.17,961.43
702,702,20,12,Fall,L,Red,90,3.3,False,True,Next Day Air,Debit Card,90,4.06,365.4
703,703,14,26,Winter,M,White,71,3.4,False,True,Store Pickup,Cash,7,52.14,3701.94
704,704,10,7,Summer,L,Pink,87,3.0,False,True,Standard,Venmo,7,52.14,4536.18
705,705,11,12,Spring,S,Black,66,3.2,False,True,Express,PayPal,365,1.0,66.0
706,706,13,4,Summer,XL,Indigo,90,4.5,False,True,Free Shipping,Cash,90,4.06,365.4
707,707,12,15,Summer,L,Turquoise,47,4.8,False,True,Express,Debit Card,7,52.14,2450.58
708,708,14,18,Spring,L,Purple,38,3.7,False,True,Next Day Air,Venmo,365,1.0,38.0
709,709,1,17,Summer,L,Beige,50,3.4,False,True,Store Pickup,Cash,14,26.07,1303.5
710,710,25,21,Summer,L,Charcoal,79,4.6,False,True,Standard,Debit Card,30,12.17,961.43
711,711,7,46,Spring,L,Turquoise,91,4.1,False,True,Standard,PayPal,14,26.07,2372.37
712,712,20,29,Spring,M,Maroon,60,3.5,False,True,2-Day Shipping,Bank Transfer,14,26.07,1564.2
713,713,9,29,Summer,XL,Black,81,3.8,False,True,Next Day Air,Bank Transfer,90,4.06,328.86
714,714,11,37,Summer,M,Lavender,90,2.6,False,True,Express,Bank Transfer,14,26.07,2346.3
715,715,25,41,Fall,M,Magenta,70,4.4,False,True,Store Pickup,Debit Card,14,26.07,1824.9
716,716,12,8,Spring,L,Green,63,2.6,False,True,Express,Debit Card,90,4.06,255.78
717,717,6,25,Spring,M,Olive,29,3.6,False,True,Express,Venmo,14,26.07,756.03
718,718,17,2,Spring,L,Green,90,4.2,False,True,Express,Venmo,90,4.06,365.4
719,719,14,9,Summer,M,Peach,22,4.6,False,True,Standard,Bank Transfer,365,1.0,22.0
720,720,15,24,Summer,L,Turquoise,22,3.3,False,True,Next Day Air,Venmo,14,26.07,573.54
721,721,6,31,Fall,L,Orange,62,3.4,False,True,Free Shipping,Debit Card,7,52.14,3232.68
722,722,9,5,Summer,L,Silver,57,4.4,False,True,Next Day Air,Debit Card,90,4.06,231.42
723,723,18,50,Summer,S,Blue,32,4.3,False,True,Store Pickup,Cash,14,26.07,834.24
724,724,6,25,Fall,L,Cyan,53,3.5,False,True,Express,PayPal,30,12.17,645.01
725,725,19,29,Fall,XL,Green,79,4.7,False,True,Store Pickup,Venmo,90,4.06,320.74
726,726,5,43,Winter,L,Silver,61,3.1,False,True,Standard,Debit Card,14,26.07,1590.27
727,727,15,34,Summer,L,Yellow,78,3.6,False,True,Next Day Air,Bank Transfer,90,4.06,316.68
728,728,18,4,Winter,S,Gray,97,4.8,False,True,Next Day Air,Venmo,90,4.06,393.82
729,729,12,27,Winter,M,Pink,78,3.7,False,True,Next Day Air,PayPal,90,4.06,316.68
730,730,8,23,Summer,L,Beige,56,3.2,False,True,Express,PayPal,90,4.06,227.36
731,731,20,21,Summer,M,Indigo,25,3.9,False,True,Standard,Venmo,14,26.07,651.75
732,732,24,4,Spring,M,Red,28,3.5,False,True,Free Shipping,PayPal,14,26.07,729.96
733,733,14,29,Spring,L,Blue,57,2.8,False,True,Express,Cash,14,26.07,1485.99
734,734,10,39,Fall,L,Cyan,36,2.7,False,True,2-Day Shipping,Debit Card,14,26.07,938.52
735,735,14,30,Winter,S,Violet,69,3.1,False,True,Express,Bank Transfer,90,4.06,280.14
736,736,8,26,Fall,M,Orange,48,3.6,False,True,2-Day Shipping,Cash,14,26.07,1251.36
737,737,10,6,Spring,L,Maroon,58,2.9,False,True,2-Day Shipping,Credit Card,90,4.06,235.48
738,738,8,27,Spring,M,Teal,24,3.6,False,True,Store Pickup,PayPal,365,1.0,24.0
739,739,8,23,Winter,L,Orange,31,3.5,False,True,2-Day Shipping,Venmo,90,4.06,125.86
740,740,15,23,Summer,S,Purple,29,3.5,False,True,Free Shipping,Venmo,14,26.07,756.03
741,741,12,41,Summer,M,Orange,69,2.8,False,True,Next Day Air,Credit Card,14,26.07,1798.83
742,742,19,48,Summer,XL,Yellow,79,4.7,False,True,Free Shipping,Bank Transfer,90,4.06,320.74
743,743,13,28,Summer,M,Charcoal,39,3.1,False,True,Express,Debit Card,90,4.06,158.34
744,744,8,33,Fall,L,Gray,84,4.9,False,True,Free Shipping,Cash,7,52.14,4379.76
745,745,20,13,Spring,S,Charcoal,66,4.1,False,True,Next Day Air,Debit Card,14,26.07,1720.62
746,746,19,22,Fall,L,Orange,92,4.7,False,True,Standard,Venmo,30,12.17,1119.64
747,747,21,22,Winter,M,Red,45,2.5,False,True,Free Shipping,Credit Card,365,1.0,45.0
748,748,15,36,Spring,L,Gold,74,4.4,False,True,Next Day Air,Bank Transfer,7,52.14,3858.36
749,749,5,41,Fall,L,Brown,39,3.9,False,True,Free Shipping,Bank Transfer,90,4.06,158.34
750,750,7,36,Winter,M,Olive,71,3.7,False,True,Standard,Debit Card,90,4.06,288.26
751,751,19,20,Fall,L,Violet,95,3.4,False,True,Free Shipping,Venmo,365,1.0,95.0
752,752,3,35,Fall,L,Indigo,72,4.8,False,True,Free Shipping,Credit Card,30,12.17,876.24
753,753,7,35,Fall,L,Yellow,85,4.2,False,True,2-Day Shipping,PayPal,90,4.06,345.1
754,754,20,21,Fall,M,Teal,54,3.4,False,True,Store Pickup,Venmo,90,4.06,219.24
755,755,3,33,Spring,L,Pink,41,2.9,False,True,Store Pickup,Debit Card,90,4.06,166.46
756,756,24,9,Spring,M,Violet,24,3.3,False,True,Free Shipping,PayPal,7,52.14,1251.36
757,757,2,26,Summer,S,Orange,99,4.8,False,True,Standard,Cash,14,26.07,2580.93
758,758,11,23,Fall,M,Red,32,3.8,False,True,Store Pickup,Debit Card,90,4.06,129.92
759,759,22,21,Summer,L,Peach,71,4.6,False,True,2-Day Shipping,Bank Transfer,90,4.06,288.26
760,760,10,39,Winter,XL,Green,49,2.6,False,True,Next Day Air,Credit Card,14,26.07,1277.43
761,761,3,23,Fall,XL,Violet,50,3.4,False,True,Free Shipping,Cash,365,1.0,50.0
762,762,6,28,Fall,L,Yellow,91,4.2,False,True,Express,Bank Transfer,7,52.14,4744.74
763,763,2,31,Fall,M,Pink,46,3.9,False,True,Standard,Debit Card,14,26.07,1199.22
764,764,18,33,Spring,M,Brown,50,2.9,False,True,2-Day Shipping,Credit Card,30,12.17,608.5
765,765,16,46,Fall,XL,Silver,39,4.2,False,True,Free Shipping,Debit Card,90,4.06,158.34
766,766,23,2,Summer,M,Pink,99,3.0,False,True,Store Pickup,Cash,90,4.06,401.94
767,767,3,28,Winter,M,Cyan,48,3.6,False,True,Next Day Air,PayPal,30,12.17,584.16
768,768,24,38,Fall,M,Brown,77,2.5,False,True,Next Day Air,Cash,365,1.0,77.0
769,769,1,13,Spring,XL,Red,95,2.6,False,True,Express,Venmo,7,52.14,4953.3
770,770,17,8,Spring,M,Silver,100,4.3,False,True,Store Pickup,PayPal,30,12.17,1217.0
771,771,23,45,Spring,M,Gray,54,3.3,False,True,Express,Credit Card,365,1.0,54.0
772,772,18,11,Fall,L,Cyan,68,2.6,False,True,Next Day Air,Bank Transfer,14,26.07,1772.76
773,773,12,13,Fall,L,Teal,22,3.6,False,True,Free Shipping,Debit Card,14,26.07,573.54
774,774,5,5,Winter,L,Indigo,84,2.6,False,True,Express,Debit Card,14,26.07,2189.88
775,775,5,28,Summer,M,Yellow,46,3.5,False,True,Standard,Credit Card,90,4.06,186.76
776,776,4,17,Winter,S,Gold,53,3.0,False,True,Store Pickup,PayPal,30,12.17,645.01
777,777,14,1,Spring,M,Maroon,60,5.0,False,True,Standard,Venmo,90,4.06,243.6
778,778,17,50,Spring,XL,Silver,32,2.5,False,True,Express,Venmo,7,52.14,1668.48
779,779,17,21,Summer,M,Yellow,50,2.9,False,True,Store Pickup,Debit Card,365,1.0,50.0
780,780,10,44,Spring,M,Blue,94,4.6,False,True,Express,Cash,365,1.0,94.0
781,781,22,32,Spring,M,Turquoise,26,3.6,False,True,Free Shipping,Cash,90,4.06,105.56
782,782,7,45,Winter,L,Indigo,44,3.0,False,True,Store Pickup,Credit Card,14,26.07,1147.08
783,783,11,11,Summer,M,Green,57,4.5,False,True,Standard,Cash,7,52.14,2971.98
784,784,19,18,Winter,L,Purple,65,4.5,False,True,Next Day Air,PayPal,14,26.07,1694.55
785,785,12,1,Winter,M,Peach,72,3.2,False,True,Store Pickup,Bank Transfer,90,4.06,292.32
786,786,15,18,Spring,S,Purple,62,4.0,False,True,Next Day Air,PayPal,14,26.07,1616.34
787,787,5,14,Winter,S,Teal,21,4.8,False,True,Express,Bank Transfer,90,4.06,85.26
788,788,4,22,Spring,S,Green,85,3.7,False,True,Free Shipping,Venmo,7,52.14,4431.9
789,789,13,39,Summer,XL,Yellow,51,3.8,False,True,Store Pickup,Bank Transfer,90,4.06,207.06
790,790,4,12,Fall,S,Purple,84,2.7,False,True,Standard,Credit Card,14,26.07,2189.88
791,791,18,18,Summer,M,Indigo,37,4.9,False,True,Store Pickup,Bank Transfer,90,4.06,150.22
792,792,7,33,Summer,S,Magenta,44,3.1,False,True,2-Day Shipping,PayPal,14,26.07,1147.08
793,793,23,30,Spring,M,Violet,45,4.2,False,True,Next Day Air,Venmo,7,52.14,2346.3
794,794,13,1,Summer,L,Maroon,35,3.8,False,True,Free Shipping,Credit Card,30,12.17,425.95
795,795,1,17,Winter,XL,Yellow,50,4.2,False,True,Store Pickup,Debit Card,14,26.07,1303.5
796,796,21,32,Summer,M,Beige,26,4.6,False,True,Store Pickup,Venmo,365,1.0,26.0
797,797,17,3,Fall,XL,Black,78,4.0,False,True,2-Day Shipping,Credit Card,365,1.0,78.0
798,798,24,20,Fall,M,Violet,82,4.0,False,True,2-Day Shipping,Debit Card,7,52.14,4275.48
799,799,17,2,Spring,M,Violet,39,3.8,False,True,2-Day Shipping,PayPal,90,4.06,158.34
800,800,2,28,Summer,L,Brown,55,3.8,True,True,Free Shipping,PayPal,365,1.0,55.0
801,801,17,44,Summer,S,Gold,20,2.6,False,True,Free Shipping,Cash,90,4.06,81.2
802,802,2,31,Fall,L,Blue,29,4.9,False,True,Express,Credit Card,14,26.07,756.03
803,803,13,8,Winter,M,Teal,41,3.5,False,True,Next Day Air,Bank Transfer,7,52.14,2137.74
804,804,15,7,Winter,L,Silver,38,2.8,False,True,Express,Venmo,90,4.06,154.28
805,805,20,24,Summer,M,Maroon,47,2.6,False,True,Store Pickup,Venmo,90,4.06,190.82
806,806,10,7,Summer,L,White,30,3.7,False,True,Next Day Air,Debit Card,30,12.17,365.1
807,807,12,9,Summer,L,Charcoal,56,2.7,False,True,Standard,PayPal,90,4.06,227.36
808,808,19,32,Winter,S,Brown,89,3.3,False,True,Express,Credit Card,7,52.14,4640.46
809,809,22,49,Fall,L,Lavender,96,4.6,False,True,Next Day Air,Cash,90,4.06,389.76
810,810,20,40,Fall,M,Violet,81,4.9,False,True,Next Day Air,PayPal,14,26.07,2111.67
811,811,7,41,Fall,S,Lavender,83,4.9,False,True,Store Pickup,Debit Card,14,26.07,2163.81
812,812,23,13,Winter,M,Green,35,2.7,False,True,Free Shipping,Venmo,90,4.06,142.1
813,813,20,2,Summer,M,Olive,56,3.2,False,True,Standard,Credit Card,7,52.14,2919.84
814,814,4,26,Summer,S,Olive,45,2.9,False,True,Store Pickup,Debit Card,365,1.0,45.0
815,815,14,23,Winter,M,Pink,62,3.8,False,True,Express,PayPal,30,12.17,754.54
816,816,5,48,Spring,L,Teal,84,3.0,False,True,Next Day Air,Venmo,14,26.07,2189.88
817,817,18,13,Summer,L,Cyan,24,3.9,False,True,Store Pickup,Debit Card,30,12.17,292.08
818,818,4,28,Spring,S,Gray,21,4.7,False,True,Store Pickup,PayPal,14,26.07,547.47
819,819,14,12,Winter,M,Peach,91,4.9,False,True,Store Pickup,Debit Card,30,12.17,1107.47
820,820,8,6,Winter,S,Teal,36,4.8,False,True,Next Day Air,Debit Card,90,4.06,146.16
821,821,23,18,Spring,M,Turquoise,39,2.5,False,True,2-Day Shipping,Debit Card,30,12.17,474.63
822,822,11,45,Spring,M,Green,39,3.9,False,True,Standard,Credit Card,14,26.07,1016.73
823,823,14,24,Winter,L,Magenta,59,3.4,False,True,Standard,Bank Transfer,365,1.0,59.0
824,824,8,10,Winter,M,Green,27,2.5,False,True,Free Shipping,Credit Card,90,4.06,109.62
825,825,9,10,Spring,M,White,94,3.0,False,True,Store Pickup,Cash,90,4.06,381.64
826,826,2,27,Fall,XL,Brown,94,3.6,False,True,Next Day Air,Cash,30,12.17,1143.98
827,827,10,21,Winter,M,Purple,94,3.6,False,True,Standard,PayPal,7,52.14,4901.16
828,828,22,6,Fall,S,Green,51,4.1,False,True,Free Shipping,Bank Transfer,14,26.07,1329.57
829,829,17,28,Fall,M,Peach,62,3.7,False,True,2-Day Shipping,PayPal,14,26.07,1616.34
830,830,17,12,Spring,S,Silver,57,3.7,True,True,2-Day Shipping,Credit Card,14,26.07,1485.99
831,831,15,50,Fall,M,Maroon,76,4.2,False,True,Express,Credit Card,365,1.0,76.0
832,832,3,47,Summer,M,Red,63,4.3,False,True,Express,Cash,90,4.06,255.78
833,833,25,5,Fall,L,Blue,80,2.5,False,True,Express,Cash,14,26.07,2085.6
834,834,4,36,Fall,M,Purple,68,3.5,False,True,Standard,Credit Card,365,1.0,68.0
835,835,1,28,Summer,M,Indigo,89,3.1,False,True,Free Shipping,Credit Card,7,52.14,4640.46
836,836,20,20,Summer,L,Indigo,26,2.5,False,True,Next Day Air,Debit Card,7,52.14,1355.64
837,837,3,48,Winter,L,Violet,90,3.9,False,True,Store Pickup,Cash,14,26.07,2346.3
838,838,11,13,Spring,L,Brown,28,4.9,False,True,Express,Cash,90,4.06,113.68
839,839,24,17,Spring,M,Gray,29,4.3,False,True,Express,Credit Card,365,1.0,29.0
840,840,14,13,Spring,L,Teal,31,2.6,False,True,Free Shipping,Debit Card,90,4.06,125.86
841,841,14,1,Summer,L,Teal,24,4.2,False,True,2-Day Shipping,PayPal,7,52.14,1251.36
842,842,18,43,Summer,M,Beige,88,2.6,False,True,Store Pickup,PayPal,14,26.07,2294.16
843,843,14,25,Spring,M,Violet,87,3.6,False,True,Express,PayPal,7,52.14,4536.18
844,844,11,38,Summer,S,Beige,80,3.2,False,True,Express,PayPal,7,52.14,4171.2
845,845,21,25,Winter,L,Purple,48,4.4,False,True,Express,Venmo,14,26.07,1251.36
846,846,2,22,Winter,XL,Charcoal,21,3.7,False,True,Standard,Venmo,30,12.17,255.57
847,847,20,17,Spring,M,Pink,72,3.7,False,True,Express,Debit Card,90,4.06,292.32
848,848,11,30,Fall,L,Blue,44,4.1,False,True,Standard,PayPal,30,12.17,535.48
849,849,21,8,Fall,M,Lavender,73,3.6,False,True,Store Pickup,Credit Card,14,26.07,1903.11
850,850,12,25,Spring,S,Charcoal,61,4.3,False,True,Express,PayPal,90,4.06,247.66
851,851,22,7,Winter,L,Turquoise,20,2.6,False,True,Store Pickup,Venmo,30,12.17,243.4
852,852,21,21,Summer,M,Red,86,2.9,False,True,Express,Debit Card,30,12.17,1046.62
853,853,10,9,Spring,L,Yellow,60,4.2,False,True,Next Day Air,Debit Card,90,4.06,243.6
854,854,5,8,Winter,L,Orange,43,4.0,False,True,Free Shipping,Cash,30,12.17,523.31
855,855,13,5,Spring,L,Blue,44,4.3,False,True,Free Shipping,Venmo,30,12.17,535.48
856,856,17,37,Spring,L,Gold,76,3.0,False,True,2-Day Shipping,Credit Card,90,4.06,308.56
857,857,14,2,Summer,M,Gold,33,3.5,False,True,Express,Debit Card,14,26.07,860.31
858,858,15,25,Fall,L,Cyan,60,3.0,False,True,Standard,Debit Card,90,4.06,243.6
859,859,25,36,Fall,L,Olive,26,3.1,False,True,Free Shipping,PayPal,7,52.14,1355.64
860,860,11,49,Winter,M,Teal,73,4.0,False,True,Next Day Air,Debit Card,30,12.17,888.41
861,861,22,40,Spring,M,Maroon,87,4.1,False,True,Standard,Cash,30,12.17,1058.79
862,862,16,46,Spring,XL,Green,100,3.7,True,True,2-Day Shipping,Credit Card,90,4.06,406.0
863,863,24,4,Winter,M,Charcoal,84,4.9,False,True,Standard,PayPal,14,26.07,2189.88
864,864,23,45,Summer,M,Cyan,41,3.9,False,True,Standard,PayPal,14,26.07,1068.87
865,865,12,17,Winter,S,Charcoal,59,3.9,False,True,Next Day Air,PayPal,365,1.0,59.0
866,866,9,6,Winter,L,Charcoal,26,4.8,False,True,Store Pickup,Venmo,365,1.0,26.0
867,867,8,31,Summer,M,Lavender,69,2.7,False,True,Free Shipping,PayPal,14,26.07,1798.83
868,868,25,6,Spring,M,Turquoise,20,3.1,False,True,Free Shipping,Bank Transfer,14,26.07,521.4
869,869,10,33,Summer,M,Green,83,3.2,False,True,Next Day Air,Credit Card,90,4.06,336.98
870,870,5,29,Spring,M,Silver,54,2.7,False,True,2-Day Shipping,PayPal,7,52.14,2815.56
871,871,11,48,Fall,M,Blue,66,2.5,False,True,Standard,Bank Transfer,14,26.07,1720.62
872,872,4,11,Spring,M,Charcoal,42,2.6,False,True,Next Day Air,Debit Card,90,4.06,170.52
873,873,12,34,Spring,M,Pink,33,2.9,False,True,Standard,Cash,90,4.06,133.98
874,874,20,24,Summer,M,Pink,77,4.2,False,True,Free Shipping,Venmo,90,4.06,312.62
875,875,25,19,Fall,M,Magenta,65,4.4,False,True,Free Shipping,Venmo,90,4.06,263.9
876,876,21,34,Summer,L,Gray,39,4.1,False,True,Free Shipping,Bank Transfer,90,4.06,158.34
877,877,2,27,Summer,L,Gray,51,3.8,False,True,2-Day Shipping,Debit Card,7,52.14,2659.14
878,878,4,27,Winter,M,Orange,65,4.9,False,True,Next Day Air,Venmo,90,4.06,263.9
879,879,8,42,Summer,S,Black,89,4.9,False,True,Express,Debit Card,7,52.14,4640.46
880,880,16,50,Spring,S,Lavender,76,4.1,False,True,Free Shipping,PayPal,90,4.06,308.56
881,881,1,28,Spring,L,Red,75,3.1,False,True,Express,Debit Card,30,12.17,912.75
882,882,21,40,Summer,M,Silver,61,2.7,False,True,Next Day Air,Venmo,365,1.0,61.0
883,883,20,46,Fall,M,Cyan,35,3.8,False,True,Next Day Air,Cash,90,4.06,142.1
884,884,23,38,Fall,S,Gold,37,4.3,False,True,Free Shipping,Bank Transfer,30,12.17,450.29
885,885,16,11,Winter,L,Yellow,91,4.1,False,True,Express,Bank Transfer,7,52.14,4744.74
886,886,10,35,Fall,L,Purple,99,4.4,False,True,Free Shipping,Debit Card,90,4.06,401.94
887,887,15,44,Summer,S,Brown,54,3.6,False,True,Express,Bank Transfer,30,12.17,657.18
888,888,4,23,Winter,L,Turquoise,47,3.3,False,True,2-Day Shipping,PayPal,14,26.07,1225.29
889,889,7,29,Spring,S,Gold,77,3.8,True,True,Express,Cash,365,1.0,77.0
890,890,2,3,Fall,S,Olive,84,2.8,False,True,Free Shipping,Venmo,7,52.14,4379.76
891,891,3,32,Spring,S,Purple,51,4.3,False,True,2-Day Shipping,Credit Card,30,12.17,620.67
892,892,16,38,Summer,S,Lavender,26,3.9,False,True,Store Pickup,PayPal,90,4.06,105.56
893,893,15,31,Summer,L,Gray,64,2.7,False,True,Free Shipping,Debit Card,30,12.17,778.88
894,894,1,27,Spring,M,Red,51,4.7,False,True,Express,Venmo,30,12.17,620.67
895,895,11,50,Spring,L,Purple,60,3.8,False,True,Free Shipping,Debit Card,90,4.06,243.6
896,896,5,24,Spring,XL,Olive,69,4.7,False,True,Next Day Air,Debit Card,90,4.06,280.14
897,897,6,4,Spring,M,Lavender,29,4.7,False,True,Express,Cash,14,26.07,756.03
898,898,14,13,Spring,M,Gray,91,3.4,False,True,Express,Venmo,7,52.14,4744.74
899,899,2,28,Spring,L,Red,70,3.5,False,True,2-Day Shipping,Bank Transfer,90,4.06,284.2
900,900,18,39,Summer,M,Peach,58,4.0,False,True,Standard,PayPal,365,1.0,58.0
901,901,5,48,Fall,L,Gray,98,3.3,False,True,Free Shipping,Bank Transfer,90,4.06,397.88
902,902,7,25,Summer,L,Violet,68,4.7,False,True,2-Day Shipping,Cash,30,12.17,827.56
903,903,5,17,Summer,M,Beige,44,2.8,False,True,Next Day Air,Cash,30,12.17,535.48
904,904,25,47,Winter,M,Blue,45,3.3,False,True,Express,PayPal,90,4.06,182.7
905,905,19,2,Spring,L,Magenta,99,2.9,False,True,Free Shipping,PayPal,90,4.06,401.94
906,906,10,24,Spring,S,Cyan,68,2.8,False,True,Standard,Venmo,365,1.0,68.0
907,907,13,40,Spring,M,Red,56,4.2,False,True,Standard,Debit Card,14,26.07,1459.92
908,908,18,25,Winter,L,Cyan,43,4.4,False,True,Express,Credit Card,14,26.07,1121.01
909,909,8,30,Winter,M,Turquoise,99,3.6,False,True,Free Shipping,PayPal,90,4.06,401.94
910,910,2,18,Fall,L,Silver,56,2.7,False,True,Express,PayPal,7,52.14,2919.84
911,911,11,40,Spring,S,Pink,25,3.4,False,True,Express,Credit Card,30,12.17,304.25
912,912,13,45,Winter,M,Black,74,2.8,False,True,2-Day Shipping,Bank Transfer,90,4.06,300.44
913,913,11,4,Winter,M,Green,56,3.4,False,True,Next Day Air,Bank Transfer,30,12.17,681.52
914,914,23,44,Fall,M,Yellow,47,2.6,False,True,Next Day Air,Cash,90,4.06,190.82
915,915,10,47,Summer,L,Purple,67,4.1,False,True,Standard,Venmo,90,4.06,272.02
916,916,10,39,Winter,L,Purple,22,2.9,False,True,Store Pickup,Credit Card,14,26.07,573.54
917,917,12,13,Spring,S,Blue,34,2.7,False,True,Standard,Venmo,30,12.17,413.78
918,918,18,25,Spring,M,Maroon,64,3.7,False,True,Standard,Bank Transfer,90,4.06,259.84
919,919,15,33,Spring,M,Orange,42,4.3,False,True,2-Day Shipping,Cash,14,26.07,1094.94
920,920,14,21,Winter,L,Green,82,2.6,False,True,2-Day Shipping,Debit Card,14,26.07,2137.74
921,921,2,4,Summer,XL,Gold,81,4.3,False,True,Free Shipping,Cash,7,52.14,4223.34
922,922,24,41,Summer,L,Silver,24,4.1,False,True,Express,PayPal,7,52.14,1251.36
923,923,23,10,Fall,M,Cyan,60,4.2,False,True,Standard,Credit Card,30,12.17,730.2
924,924,14,4,Spring,M,Silver,24,4.2,False,True,2-Day Shipping,PayPal,7,52.14,1251.36
925,925,17,16,Winter,XL,Beige,78,3.1,False,True,Standard,Cash,90,4.06,316.68
926,926,12,3,Winter,L,Teal,88,4.9,False,True,Express,Cash,30,12.17,1070.96
927,927,12,21,Spring,XL,Green,63,4.4,False,True,Express,Cash,14,26.07,1642.41
928,928,23,31,Summer,L,Black,78,4.4,False,True,Standard,Venmo,14,26.07,2033.46
929,929,10,4,Winter,XL,Yellow,37,3.4,False,True,Store Pickup,Cash,90,4.06,150.22
930,930,20,27,Fall,M,White,94,4.5,False,True,2-Day Shipping,Debit Card,14,26.07,2450.58
931,931,19,11,Fall,L,Green,78,4.5,False,True,Store Pickup,Credit Card,14,26.07,2033.46
932,932,24,27,Winter,M,Silver,36,4.1,False,True,Standard,Bank Transfer,14,26.07,938.52
933,933,16,14,Winter,L,Blue,24,3.2,False,True,Standard,Debit Card,14,26.07,625.68
934,934,23,6,Spring,M,Magenta,84,2.7,False,True,Store Pickup,Debit Card,30,12.17,1022.28
935,935,12,37,Spring,S,Yellow,47,3.7,False,True,Express,Bank Transfer,30,12.17,571.99
936,936,11,35,Fall,L,White,51,2.6,False,True,Store Pickup,Bank Transfer,14,26.07,1329.57
937,937,22,19,Summer,M,Pink,84,2.7,False,True,Free Shipping,Cash,7,52.14,4379.76
938,938,15,15,Summer,M,Magenta,24,2.7,False,True,Express,Venmo,90,4.06,97.44
939,939,9,49,Fall,S,Teal,97,4.8,False,True,Free Shipping,Debit Card,14,26.07,2528.79
940,940,19,32,Winter,L,Indigo,89,4.8,False,True,Next Day Air,Credit Card,30,12.17,1083.13
941,941,2,6,Spring,S,Maroon,44,2.6,False,True,Store Pickup,PayPal,90,4.06,178.64
942,942,4,13,Winter,L,Black,35,4.5,False,True,2-Day Shipping,PayPal,90,4.06,142.1
943,943,10,3,Winter,M,Cyan,91,3.2,False,True,Express,PayPal,14,26.07,2372.37
944,944,5,36,Winter,L,Cyan,63,3.8,False,True,Next Day Air,Venmo,14,26.07,1642.41
945,945,2,14,Spring,S,Gray,97,4.8,False,True,Express,Cash,14,26.07,2528.79
946,946,20,23,Summer,M,Violet,38,4.1,False,True,Store Pickup,Venmo,90,4.06,154.28
947,947,24,38,Spring,XL,Blue,24,2.8,False,True,Next Day Air,PayPal,90,4.06,97.44
948,948,9,14,Winter,M,Charcoal,32,3.9,False,True,Store Pickup,Cash,90,4.06,129.92
949,949,5,1,Summer,L,Olive,90,4.9,False,True,Express,Venmo,90,4.06,365.4
950,950,12,26,Summer,M,Olive,36,3.4,False,True,Standard,Venmo,30,12.17,438.12
951,951,1,31,Winter,XL,Turquoise,37,4.1,False,True,Free Shipping,PayPal,90,4.06,150.22
952,952,10,2,Summer,M,Cyan,51,2.9,False,True,Express,Bank Transfer,30,12.17,620.67
953,953,5,12,Fall,S,Red,71,3.1,False,True,2-Day Shipping,PayPal,30,12.17,864.07
954,954,8,44,Spring,S,Cyan,50,3.6,False,True,2-Day Shipping,Venmo,90,4.06,203.0
955,955,5,18,Fall,S,Turquoise,74,3.5,False,True,Standard,Credit Card,90,4.06,300.44
956,956,10,24,Summer,L,Lavender,75,3.4,False,True,Free Shipping,PayPal,30,12.17,912.75
957,957,14,24,Spring,XL,Cyan,99,2.9,False,True,2-Day Shipping,Debit Card,90,4.06,401.94
958,958,7,14,Spring,XL,Violet,23,4.7,False,True,Store Pickup,Cash,90,4.06,93.38
959,959,23,47,Winter,XL,Beige,53,4.4,False,True,Free Shipping,Credit Card,14,26.07,1381.71
960,960,16,28,Spring,M,Cyan,99,2.6,False,True,Standard,Cash,14,26.07,2580.93
961,961,6,18,Spring,XL,Indigo,48,4.4,False,True,Standard,Venmo,90,4.06,194.88
962,962,20,38,Fall,L,Olive,72,3.7,False,True,Next Day Air,Debit Card,90,4.06,292.32
963,963,8,22,Spring,L,Green,64,4.4,False,True,Standard,Debit Card,14,26.07,1668.48
964,964,20,40,Spring,L,Green,63,2.5,False,True,2-Day Shipping,Credit Card,7,52.14,3284.82
965,965,21,3,Spring,M,Beige,51,2.6,False,True,Next Day Air,Venmo,14,26.07,1329.57
966,966,20,8,Spring,L,Black,55,5.0,False,True,Store Pickup,Credit Card,365,1.0,55.0
967,967,10,17,Spring,M,Brown,55,4.9,False,True,Express,Cash,365,1.0,55.0
968,968,11,10,Summer,S,Silver,26,3.7,False,True,Store Pickup,Cash,7,52.14,1355.64
969,969,15,33,Summer,L,Gray,67,3.1,False,True,Next Day Air,Bank Transfer,90,4.06,272.02
970,970,24,5,Fall,S,Pink,31,3.2,False,True,Express,PayPal,30,12.17,377.27
971,971,12,5,Winter,S,Maroon,66,4.4,False,True,Free Shipping,Cash,30,12.17,803.22
972,972,8,14,Summer,M,Cyan,67,4.3,False,True,Next Day Air,Credit Card,7,52.14,3493.38
973,973,23,6,Winter,L,Gold,61,3.0,False,True,Standard,Credit Card,7,52.14,3180.54
974,974,25,6,Fall,M,Teal,75,3.5,False,True,2-Day Shipping,Bank Transfer,90,4.06,304.5
975,975,16,33,Spring,M,Beige,90,3.6,False,True,2-Day Shipping,Bank Transfer,30,12.17,1095.3
976,976,18,47,Summer,M,Olive,40,3.8,False,True,2-Day Shipping,Bank Transfer,7,52.14,2085.6
977,977,19,9,Fall,M,Gray,90,3.6,False,True,Express,Credit Card,90,4.06,365.4
978,978,2,47,Spring,M,Black,20,4.6,False,True,Express,Cash,14,26.07,521.4
979,979,3,6,Summer,M,Turquoise,40,2.5,False,True,Standard,Credit Card,7,52.14,2085.6
980,980,5,29,Fall,S,Brown,33,3.5,False,True,Store Pickup,Debit Card,30,12.17,401.61
981,981,20,20,Spring,S,Magenta,98,4.0,False,True,Free Shipping,PayPal,90,4.06,397.88
982,982,2,20,Spring,M,Silver,42,3.5,False,True,Next Day Air,Credit Card,90,4.06,170.52
983,983,24,43,Summer,S,Red,62,3.2,False,True,Standard,PayPal,30,12.17,754.54
984,984,5,31,Winter,L,Indigo,45,3.5,False,True,Free Shipping,Venmo,14,26.07,1173.15
985,985,22,44,Summer,M,Green,78,3.4,False,True,Free Shipping,Credit Card,14,26.07,2033.46
986,986,4,48,Fall,M,Gray,80,5.0,False,True,Express,Bank Transfer,365,1.0,80.0
987,987,7,7,Spring,S,Peach,96,4.5,False,True,Store Pickup,Bank Transfer,30,12.17,1168.32
988,988,4,48,Summer,M,Charcoal,47,2.8,False,True,Express,PayPal,7,52.14,2450.58
989,989,13,35,Winter,M,Orange,84,4.9,False,True,2-Day Shipping,PayPal,14,26.07,2189.88
990,990,22,43,Spring,M,Beige,31,3.1,False,True,Store Pickup,Bank Transfer,30,12.17,377.27
991,991,8,47,Spring,S,Yellow,63,4.8,False,True,Store Pickup,Cash,7,52.14,3284.82
992,992,15,49,Spring,XL,White,97,2.7,False,True,Standard,Bank Transfer,14,26.07,2528.79
993,993,25,18,Winter,M,Gray,99,4.6,False,True,Express,Debit Card,7,52.14,5161.86
994,994,21,15,Winter,M,Peach,90,4.4,False,True,Store Pickup,Cash,7,52.14,4692.6
995,995,22,32,Fall,L,Violet,68,3.2,False,True,Express,Debit Card,30,12.17,827.56
996,996,6,12,Spring,M,Magenta,80,3.0,False,True,2-Day Shipping,Venmo,7,52.14,4171.2
997,997,21,8,Summer,L,Maroon,91,4.9,False,True,Standard,Bank Transfer,90,4.06,369.46
998,998,13,17,Spring,M,Cyan,30,3.6,False,True,Express,Cash,14,26.07,782.1
999,999,22,7,Spring,M,White,90,3.8,False,True,Next Day Air,Bank Transfer,14,26.07,2346.3
1000,1000,17,31,Spring,L,Brown,28,2.9,False,True,Standard,Debit Card,30,12.17,340.76
1001,1001,17,10,Winter,M,Red,46,3.9,False,True,Express,Bank Transfer,14,26.07,1199.22
1002,1002,10,47,Fall,M,Orange,60,3.6,False,True,Standard,Debit Card,14,26.07,1564.2
1003,1003,22,34,Spring,M,White,59,3.5,False,True,Store Pickup,Bank Transfer,14,26.07,1538.13
1004,1004,5,35,Fall,M,Green,68,4.0,False,True,Store Pickup,Cash,14,26.07,1772.76
1005,1005,1,42,Summer,M,Black,79,4.8,False,True,2-Day Shipping,Cash,365,1.0,79.0
1006,1006,1,32,Winter,M,Gold,94,3.9,False,True,Store Pickup,Debit Card,14,26.07,2450.58
1007,1007,13,22,Summer,S,Lavender,83,4.5,False,True,Next Day Air,Venmo,90,4.06,336.98
1008,1008,3,10,Spring,XL,Turquoise,62,4.8,False,True,Standard,Credit Card,365,1.0,62.0
1009,1009,7,31,Spring,M,Pink,85,2.6,False,True,Store Pickup,PayPal,365,1.0,85.0
1010,1010,11,18,Summer,M,Silver,30,3.1,False,True,Express,Venmo,365,1.0,30.0
1011,1011,12,41,Spring,XL,Gray,24,4.7,False,True,2-Day Shipping,Credit Card,14,26.07,625.68
1012,1012,1,26,Spring,L,Indigo,25,2.9,False,True,Next Day Air,Debit Card,14,26.07,651.75
1013,1013,21,31,Summer,L,Teal,37,3.8,False,True,Express,Credit Card,365,1.0,37.0
1014,1014,2,40,Summer,XL,Green,69,3.8,False,True,2-Day Shipping,Venmo,14,26.07,1798.83
1015,1015,22,35,Summer,M,Violet,97,3.0,False,True,Standard,Debit Card,14,26.07,2528.79
1016,1016,3,33,Summer,M,Cyan,24,4.1,False,True,Standard,Cash,7,52.14,1251.36
1017,1017,2,12,Summer,XL,Blue,30,3.4,False,True,Express,Bank Transfer,90,4.06,121.8
1018,1018,25,36,Fall,L,Orange,53,2.5,False,True,Express,Credit Card,365,1.0,53.0
1019,1019,10,10,Spring,XL,Charcoal,70,4.9,False,True,Next Day Air,Cash,7,52.14,3649.8
1020,1020,14,17,Winter,S,Beige,76,2.8,False,True,Standard,Venmo,14,26.07,1981.32
1021,1021,7,8,Fall,M,Black,95,4.5,False,True,Express,Debit Card,365,1.0,95.0
1022,1022,24,21,Winter,S,Lavender,51,4.9,False,True,2-Day Shipping,PayPal,7,52.14,2659.14
1023,1023,4,27,Winter,M,Lavender,41,4.9,False,True,Store Pickup,Cash,365,1.0,41.0
1024,1024,8,19,Winter,S,Turquoise,71,3.5,False,True,Free Shipping,Bank Transfer,90,4.06,288.26
1025,1025,19,38,Summer,M,Purple,66,3.5,False,True,Free Shipping,Venmo,90,4.06,267.96
1026,1026,14,27,Winter,M,Olive,84,4.9,False,True,Free Shipping,Credit Card,365,1.0,84.0
1027,1027,4,46,Winter,L,Turquoise,95,3.0,False,True,Express,PayPal,14,26.07,2476.65
1028,1028,6,35,Summer,L,Teal,90,2.8,False,True,Next Day Air,Cash,30,12.17,1095.3
1029,1029,11,27,Summer,S,Lavender,36,3.7,False,True,Standard,Cash,14,26.07,938.52
1030,1030,3,35,Spring,M,Purple,22,3.6,False,True,2-Day Shipping,Venmo,14,26.07,573.54
1031,1031,24,17,Winter,L,Blue,89,3.3,False,True,Next Day Air,Debit Card,90,4.06,361.34
1032,1032,21,42,Spring,M,Teal,50,3.4,False,True,Free Shipping,Cash,90,4.06,203.0
1033,1033,20,19,Fall,M,Lavender,36,4.0,False,True,Free Shipping,Credit Card,90,4.06,146.16
1034,1034,13,26,Spring,S,Silver,52,4.6,False,True,Free Shipping,Bank Transfer,90,4.06,211.12
1035,1035,17,20,Fall,M,Olive,29,4.2,False,True,Next Day Air,Bank Transfer,7,52.14,1512.06
1036,1036,9,10,Fall,M,Brown,89,2.8,False,True,Express,Venmo,365,1.0,89.0
1037,1037,4,11,Fall,M,Yellow,47,3.7,False,True,2-Day Shipping,Bank Transfer,30,12.17,571.99
1038,1038,6,39,Spring,XL,Brown,25,3.4,False,True,Standard,Debit Card,90,4.06,101.5
1039,1039,13,27,Fall,XL,Cyan,74,3.0,False,True,Express,Bank Transfer,7,52.14,3858.36
1040,1040,2,22,Fall,M,Magenta,46,4.8,False,True,Standard,Venmo,30,12.17,559.82
1041,1041,12,33,Fall,S,Magenta,22,4.0,False,True,Next Day Air,Cash,14,26.07,573.54
1042,1042,14,23,Summer,M,Orange,25,4.9,False,True,Next Day Air,Cash,14,26.07,651.75
1043,1043,2,20,Spring,M,Maroon,80,4.9,False,True,Next Day Air,Credit Card,7,52.14,4171.2
1044,1044,12,11,Spring,M,Green,76,3.3,False,True,2-Day Shipping,Debit Card,14,26.07,1981.32
1045,1045,12,37,Summer,L,Teal,30,4.4,False,True,Next Day Air,Bank Transfer,90,4.06,121.8
1046,1046,18,31,Fall,L,Black,79,3.5,False,True,2-Day Shipping,PayPal,14,26.07,2059.53
1047,1047,23,13,Winter,M,Magenta,22,4.2,False,True,Standard,Venmo,365,1.0,22.0
1048,1048,17,44,Fall,S,Olive,36,4.2,False,True,Standard,Credit Card,14,26.07,938.52
1049,1049,17,19,Fall,L,Yellow,77,2.7,False,True,Standard,Venmo,14,26.07,2007.39
1050,1050,8,46,Fall,S,Purple,33,2.8,False,True,Store Pickup,Cash,90,4.06,133.98
1051,1051,23,9,Winter,M,Beige,64,3.8,False,True,Next Day Air,Venmo,30,12.17,778.88
1052,1052,17,35,Fall,M,Indigo,53,2.6,False,True,Free Shipping,PayPal,365,1.0,53.0
1053,1053,22,46,Fall,XL,Pink,36,3.0,False,True,2-Day Shipping,Credit Card,14,26.07,938.52
1054,1054,9,16,Spring,M,Blue,70,3.3,False,True,2-Day Shipping,Debit Card,14,26.07,1824.9
1055,1055,15,4,Winter,L,Cyan,96,4.9,False,True,Express,PayPal,90,4.06,389.76
1056,1056,25,21,Spring,M,Orange,27,3.3,False,True,Next Day Air,Debit Card,365,1.0,27.0
1057,1057,18,12,Winter,L,Black,64,2.9,False,True,2-Day Shipping,Venmo,14,26.07,1668.48
1058,1058,25,49,Spring,S,Maroon,23,4.4,False,True,2-Day Shipping,Credit Card,7,52.14,1199.22
1059,1059,7,31,Summer,L,Violet,33,3.1,False,True,Next Day Air,Bank Transfer,90,4.06,133.98
1060,1060,25,33,Winter,M,Beige,34,2.5,False,True,Standard,Debit Card,30,12.17,413.78
1061,1061,18,15,Summer,S,Gray,35,2.6,False,True,Next Day Air,Debit Card,90,4.06,142.1
1062,1062,24,12,Summer,M,Gray,62,4.4,False,True,Free Shipping,Venmo,90,4.06,251.72
1063,1063,20,35,Fall,M,Brown,75,2.6,False,True,Next Day Air,Debit Card,90,4.06,304.5
1064,1064,11,1,Summer,S,Indigo,29,3.3,False,True,Free Shipping,Cash,30,12.17,352.93
1065,1065,5,50,Spring,M,Violet,28,3.5,False,True,Express,Credit Card,90,4.06,113.68
1066,1066,19,1,Spring,XL,Blue,20,4.1,False,True,Store Pickup,PayPal,90,4.06,81.2
1067,1067,24,24,Winter,M,Red,96,4.0,False,True,Store Pickup,PayPal,14,26.07,2502.72
1068,1068,10,38,Summer,S,Peach,43,2.7,False,True,2-Day Shipping,PayPal,90,4.06,174.58
1069,1069,14,50,Fall,M,Olive,94,2.5,False,True,Standard,Credit Card,7,52.14,4901.16
1070,1070,16,20,Fall,XL,White,81,4.3,False,True,Next Day Air,Venmo,90,4.06,328.86
1071,1071,6,33,Summer,M,Magenta,75,3.3,False,True,Free Shipping,Debit Card,7,52.14,3910.5
1072,1072,5,38,Summer,M,Beige,81,2.6,False,True,Express,Credit Card,30,12.17,985.77
1073,1073,15,12,Fall,L,Gold,92,3.7,True,True,Express,Debit Card,14,26.07,2398.44
1074,1074,7,5,Spring,XL,Purple,96,4.0,False,True,Store Pickup,Credit Card,30,12.17,1168.32
1075,1075,6,42,Fall,S,White,71,2.6,False,True,Standard,Bank Transfer,14,26.07,1850.97
1076,1076,8,25,Summer,L,Indigo,50,4.9,False,True,Next Day Air,Debit Card,14,26.07,1303.5
1077,1077,24,34,Spring,L,Charcoal,72,2.9,False,True,Standard,Venmo,14,26.07,1877.04
1078,1078,25,48,Winter,M,Pink,28,3.7,False,True,Standard,PayPal,90,4.06,113.68
1079,1079,18,3,Fall,M,Silver,59,4.4,False,True,Express,Credit Card,14,26.07,1538.13
1080,1080,24,36,Summer,S,Blue,33,4.4,False,True,Free Shipping,Bank Transfer,30,12.17,401.61
1081,1081,7,38,Fall,L,Blue,59,3.8,False,True,Express,Cash,90,4.06,239.54
1082,1082,2,12,Spring,XL,Brown,30,4.5,False,True,Standard,Credit Card,365,1.0,30.0
1083,1083,5,40,Winter,XL,Cyan,85,2.6,False,True,Next Day Air,Venmo,90,4.06,345.1
1084,1084,1,47,Summer,L,Teal,97,3.3,False,True,Store Pickup,Cash,7,52.14,5057.58
1085,1085,19,4,Fall,S,Purple,36,4.1,False,True,Next Day Air,Cash,90,4.06,146.16
1086,1086,6,44,Winter,M,Turquoise,85,3.0,False,True,Store Pickup,Venmo,14,26.07,2215.95
1087,1087,8,2,Winter,M,Olive,62,3.0,False,True,Free Shipping,PayPal,14,26.07,1616.34
1088,1088,12,48,Winter,S,White,71,3.4,False,True,Next Day Air,Bank Transfer,30,12.17,864.07
1089,1089,13,18,Winter,M,Turquoise,21,2.7,False,True,Free Shipping,PayPal,7,52.14,1094.94
1090,1090,1,3,Spring,M,Silver,61,3.8,False,True,Next Day Air,PayPal,14,26.07,1590.27
1091,1091,7,7,Spring,M,Violet,58,4.2,False,True,Store Pickup,Cash,14,26.07,1512.06
1092,1092,18,33,Spring,L,Lavender,80,4.7,False,True,Store Pickup,Credit Card,14,26.07,2085.6
1093,1093,6,41,Spring,L,Magenta,50,4.1,False,True,2-Day Shipping,Venmo,90,4.06,203.0
1094,1094,23,8,Winter,S,Indigo,48,4.2,False,True,2-Day Shipping,Venmo,90,4.06,194.88
1095,1095,6,7,Winter,M,Black,40,4.8,False,True,Next Day Air,Cash,90,4.06,162.4
1096,1096,24,42,Summer,S,Peach,34,3.0,False,True,Free Shipping,Bank Transfer,90,4.06,138.04
1097,1097,24,29,Fall,S,Beige,46,2.6,False,True,Standard,Credit Card,365,1.0,46.0
1098,1098,8,45,Summer,M,Black,27,3.2,False,True,Store Pickup,Bank Transfer,7,52.14,1407.78
1099,1099,4,12,Spring,S,Turquoise,98,3.6,False,True,Next Day Air,Credit Card,7,52.14,5109.72
1100,1100,18,33,Fall,M,Peach,73,2.6,False,True,Next Day Air,Bank Transfer,14,26.07,1903.11
1101,1101,13,28,Spring,L,Gold,28,4.4,False,True,Express,Credit Card,7,52.14,1459.92
1102,1102,3,8,Fall,XL,Silver,76,3.0,False,True,Free Shipping,Cash,14,26.07,1981.32
1103,1103,18,43,Fall,M,Peach,83,2.9,False,True,Express,Cash,14,26.07,2163.81
1104,1104,11,42,Spring,S,Charcoal,23,4.3,False,True,Free Shipping,Debit Card,14,26.07,599.61
1105,1105,5,8,Fall,M,Beige,28,3.1,False,True,Express,Bank Transfer,90,4.06,113.68
1106,1106,19,21,Spring,S,Olive,83,3.0,False,True,Next Day Air,Venmo,90,4.06,336.98
1107,1107,16,23,Winter,L,Violet,96,3.6,False,True,Store Pickup,Venmo,14,26.07,2502.72
1108,1108,23,43,Fall,M,Peach,62,2.8,False,True,Store Pickup,Bank Transfer,7,52.14,3232.68
1109,1109,15,27,Fall,M,Teal,25,2.8,False,True,Standard,Cash,14,26.07,651.75
1110,1110,11,36,Winter,L,Violet,97,3.7,True,True,Next Day Air,Venmo,7,52.14,5057.58
1111,1111,11,43,Fall,L,Cyan,61,3.0,False,True,Standard,Cash,14,26.07,1590.27
1112,1112,22,32,Summer,S,Olive,66,4.1,False,True,Next Day Air,Credit Card,14,26.07,1720.62
1113,1113,11,47,Spring,XL,Pink,67,4.6,False,True,Free Shipping,PayPal,90,4.06,272.02
1114,1114,8,20,Summer,M,Purple,80,4.8,False,True,Next Day Air,PayPal,14,26.07,2085.6
1115,1115,16,29,Fall,L,Violet,25,2.6,False,True,Next Day Air,Bank Transfer,90,4.06,101.5
1116,1116,5,32,Fall,S,Peach,58,4.0,False,True,2-Day Shipping,Cash,7,52.14,3024.12
1117,1117,1,11,Winter,M,Charcoal,96,4.2,False,True,Express,PayPal,14,26.07,2502.72
1118,1118,8,5,Spring,L,Lavender,77,4.5,False,True,Store Pickup,Credit Card,30,12.17,937.09
1119,1119,2,14,Summer,M,Purple,65,4.9,False,True,Standard,PayPal,90,4.06,263.9
1120,1120,6,18,Spring,M,Indigo,36,3.1,False,True,Standard,Credit Card,7,52.14,1877.04
1121,1121,23,38,Winter,M,Magenta,84,4.0,False,True,Next Day Air,Debit Card,30,12.17,1022.28
1122,1122,19,9,Fall,XL,Peach,58,3.2,False,True,Express,Cash,90,4.06,235.48
1123,1123,4,33,Spring,S,Charcoal,62,4.3,False,True,2-Day Shipping,Credit Card,365,1.0,62.0
1124,1124,5,21,Fall,S,Purple,67,2.5,False,True,Store Pickup,Cash,30,12.17,815.39
1125,1125,18,15,Spring,M,Orange,20,3.7,True,True,Express,Cash,90,4.06,81.2
1126,1126,21,34,Summer,M,Lavender,90,2.7,False,True,2-Day Shipping,Bank Transfer,7,52.14,4692.6
1127,1127,7,15,Winter,L,Beige,58,3.4,False,True,Standard,Venmo,14,26.07,1512.06
1128,1128,14,8,Spring,XL,Maroon,53,4.8,False,True,Store Pickup,Debit Card,30,12.17,645.01
1129,1129,3,32,Winter,L,Charcoal,30,4.7,False,True,Next Day Air,Debit Card,30,12.17,365.1
1130,1130,11,29,Winter,XL,White,65,4.7,False,True,Express,Venmo,14,26.07,1694.55
1131,1131,6,17,Summer,M,Lavender,41,3.9,False,True,Standard,PayPal,14,26.07,1068.87
1132,1132,14,13,Spring,M,Black,73,3.7,False,True,Express,Bank Transfer,30,12.17,888.41
1133,1133,11,33,Spring,S,Teal,98,4.3,False,True,Store Pickup,Cash,14,26.07,2554.86
1134,1134,22,7,Winter,XL,Magenta,36,4.1,False,True,2-Day Shipping,Cash,7,52.14,1877.04
1135,1135,19,49,Summer,M,Brown,81,3.7,True,True,Express,Venmo,90,4.06,328.86
1136,1136,16,21,Winter,L,Peach,90,3.6,False,True,2-Day Shipping,Bank Transfer,90,4.06,365.4
1137,1137,4,13,Summer,S,Cyan,83,4.8,False,True,Free Shipping,Cash,30,12.17,1010.11
1138,1138,14,31,Winter,XL,Pink,91,2.8,False,True,2-Day Shipping,Bank Transfer,90,4.06,369.46
1139,1139,13,15,Summer,M,Purple,36,4.7,False,True,Express,Venmo,14,26.07,938.52
1140,1140,24,1,Spring,L,Purple,53,3.9,False,True,Standard,Debit Card,14,26.07,1381.71
1141,1141,12,20,Winter,M,White,39,2.6,False,True,Store Pickup,Credit Card,90,4.06,158.34
1142,1142,3,35,Winter,S,Silver,33,4.7,False,True,Next Day Air,PayPal,14,26.07,860.31
1143,1143,19,35,Spring,L,Green,76,3.5,False,True,Store Pickup,Venmo,14,26.07,1981.32
1144,1144,20,28,Winter,L,Teal,23,4.4,False,True,Standard,PayPal,90,4.06,93.38
1145,1145,12,40,Fall,S,Indigo,54,4.4,False,True,2-Day Shipping,Bank Transfer,14,26.07,1407.78
1146,1146,23,28,Summer,L,Pink,89,3.0,False,True,Express,Cash,90,4.06,361.34
1147,1147,23,49,Summer,M,Indigo,38,4.2,False,True,Standard,Bank Transfer,90,4.06,154.28
1148,1148,5,42,Winter,XL,Red,36,4.3,False,True,Next Day Air,Debit Card,365,1.0,36.0
1149,1149,13,9,Spring,M,Violet,66,2.6,False,True,Store Pickup,PayPal,14,26.07,1720.62
1150,1150,6,10,Spring,L,Cyan,42,3.3,False,True,Store Pickup,Venmo,365,1.0,42.0
1151,1151,6,17,Winter,S,Red,36,2.7,False,True,Next Day Air,Venmo,14,26.07,938.52
1152,1152,9,35,Spring,M,Gray,86,3.7,True,True,Express,Credit Card,7,52.14,4484.04
1153,1153,4,7,Fall,M,Gold,49,4.0,False,True,Standard,PayPal,90,4.06,198.94
1154,1154,14,12,Summer,M,Pink,41,4.0,False,True,Free Shipping,Bank Transfer,90,4.06,166.46
1155,1155,10,10,Spring,L,Cyan,82,2.9,False,True,2-Day Shipping,Credit Card,14,26.07,2137.74
1156,1156,19,42,Fall,S,Red,53,2.6,False,True,Express,PayPal,90,4.06,215.18
1157,1157,22,11,Summer,M,Gold,21,4.8,False,True,Express,Venmo,90,4.06,85.26
1158,1158,2,20,Fall,M,Charcoal,66,4.4,False,True,Standard,Cash,90,4.06,267.96
1159,1159,2,28,Summer,L,Orange,89,4.0,False,True,2-Day Shipping,Bank Transfer,365,1.0,89.0
1160,1160,4,29,Fall,L,Blue,55,3.6,False,True,2-Day Shipping,Venmo,90,4.06,223.3
1161,1161,7,34,Summer,S,Blue,42,3.2,False,True,Next Day Air,Venmo,14,26.07,1094.94
1162,1162,15,36,Fall,S,Orange,52,3.1,False,True,2-Day Shipping,PayPal,30,12.17,632.84
1163,1163,21,33,Winter,M,Blue,92,4.2,False,True,Express,PayPal,7,52.14,4796.88
1164,1164,13,42,Summer,L,White,56,3.0,False,True,2-Day Shipping,Debit Card,30,12.17,681.52
1165,1165,10,26,Winter,M,Green,96,4.2,False,True,Standard,PayPal,90,4.06,389.76
1166,1166,19,49,Winter,M,Silver,64,2.9,False,True,Next Day Air,Venmo,90,4.06,259.84
1167,1167,10,7,Winter,S,Lavender,48,3.7,False,True,Store Pickup,Venmo,14,26.07,1251.36
1168,1168,17,30,Summer,XL,Beige,83,3.6,False,True,Free Shipping,PayPal,90,4.06,336.98
1169,1169,7,24,Summer,L,Violet,91,3.6,False,True,Standard,Debit Card,14,26.07,2372.37
1170,1170,1,50,Fall,S,Gray,94,4.5,False,True,2-Day Shipping,Cash,365,1.0,94.0
1171,1171,16,13,Spring,S,Red,62,3.2,False,True,Express,Cash,14,26.07,1616.34
1172,1172,17,18,Spring,M,Lavender,55,3.9,False,True,Next Day Air,Debit Card,365,1.0,55.0
1173,1173,24,37,Spring,L,Peach,68,4.6,False,True,Store Pickup,Bank Transfer,14,26.07,1772.76
1174,1174,6,41,Winter,M,Indigo,76,2.5,False,True,Express,Cash,14,26.07,1981.32
1175,1175,1,22,Winter,M,Black,31,4.3,False,True,Express,Bank Transfer,14,26.07,808.17
1176,1176,2,30,Spring,M,Beige,81,4.1,False,True,Store Pickup,PayPal,90,4.06,328.86
1177,1177,10,37,Winter,M,Red,83,3.7,True,True,Free Shipping,PayPal,90,4.06,336.98
1178,1178,16,15,Spring,M,Black,21,4.8,False,True,Standard,Debit Card,30,12.17,255.57
1179,1179,10,40,Spring,M,Teal,22,4.9,False,True,Express,Debit Card,365,1.0,22.0
1180,1180,19,14,Summer,M,Blue,33,2.8,False,True,Free Shipping,Bank Transfer,365,1.0,33.0
1181,1181,16,37,Spring,S,Beige,23,4.9,False,True,Standard,Cash,30,12.17,279.91
1182,1182,15,32,Summer,L,Teal,96,3.5,False,True,Free Shipping,Bank Transfer,90,4.06,389.76
1183,1183,6,31,Spring,M,Maroon,21,3.8,False,True,Express,PayPal,90,4.06,85.26
1184,1184,13,18,Spring,M,Yellow,39,4.5,False,True,2-Day Shipping,Credit Card,7,52.14,2033.46
1185,1185,2,40,Fall,S,Indigo,73,3.4,False,True,Express,Credit Card,365,1.0,73.0
1186,1186,12,19,Spring,M,Magenta,64,3.9,False,True,Standard,Credit Card,30,12.17,778.88
1187,1187,12,14,Summer,M,Beige,68,4.1,False,True,2-Day Shipping,Credit Card,365,1.0,68.0
1188,1188,5,15,Fall,L,Maroon,89,3.0,False,True,Express,Credit Card,90,4.06,361.34
1189,1189,9,24,Summer,M,Magenta,29,3.3,False,True,Next Day Air,Credit Card,7,52.14,1512.06
1190,1190,14,4,Summer,XL,Teal,97,3.7,True,True,Free Shipping,Debit Card,365,1.0,97.0
1191,1191,14,40,Winter,M,Orange,45,4.3,False,True,Next Day Air,Credit Card,7,52.14,2346.3
1192,1192,19,14,Winter,L,Charcoal,70,4.1,False,True,Free Shipping,Venmo,90,4.06,284.2
1193,1193,24,9,Summer,M,Turquoise,56,4.0,False,True,2-Day Shipping,Venmo,90,4.06,227.36
1194,1194,25,2,Fall,L,Pink,55,5.0,False,True,2-Day Shipping,Credit Card,14,26.07,1433.85
1195,1195,11,32,Winter,S,Teal,46,3.1,False,True,2-Day Shipping,Credit Card,14,26.07,1199.22
1196,1196,7,43,Winter,M,White,95,4.0,False,True,2-Day Shipping,Venmo,30,12.17,1156.15
1197,1197,2,34,Winter,M,Maroon,88,3.2,False,True,2-Day Shipping,Bank Transfer,14,26.07,2294.16
1198,1198,23,45,Fall,L,Violet,92,3.9,False,True,Standard,PayPal,365,1.0,92.0
1199,1199,17,30,Summer,M,Brown,49,3.9,False,True,2-Day Shipping,Cash,365,1.0,49.0
1200,1200,21,20,Fall,M,Indigo,89,4.5,False,True,Free Shipping,Debit Card,7,52.14,4640.46
1201,1201,24,7,Winter,XL,Black,22,4.4,False,True,Store Pickup,PayPal,7,52.14,1147.08
1202,1202,22,13,Summer,XL,Black,61,3.1,False,True,2-Day Shipping,Venmo,14,26.07,1590.27
1203,1203,7,20,Spring,S,Olive,29,2.9,False,True,Standard,Venmo,90,4.06,117.74
1204,1204,23,23,Winter,M,Orange,82,3.7,False,True,Free Shipping,Bank Transfer,365,1.0,82.0
1205,1205,2,9,Spring,M,Pink,94,3.2,False,True,2-Day Shipping,Credit Card,90,4.06,381.64
1206,1206,4,5,Spring,M,Olive,99,3.5,False,True,Standard,Bank Transfer,14,26.07,2580.93
1207,1207,4,24,Fall,S,Cyan,59,3.0,False,True,Free Shipping,Venmo,90,4.06,239.54
1208,1208,20,47,Summer,M,White,90,4.1,False,True,Next Day Air,Credit Card,90,4.06,365.4
1209,1209,20,49,Winter,S,Red,100,3.8,True,True,2-Day Shipping,Debit Card,365,1.0,100.0
1210,1210,13,38,Winter,M,Blue,62,3.8,False,True,Next Day Air,Bank Transfer,30,12.17,754.54
1211,1211,8,25,Fall,M,Olive,78,4.1,False,True,Next Day Air,Cash,90,4.06,316.68
1212,1212,11,36,Spring,M,Green,94,4.6,False,True,Store Pickup,Venmo,90,4.06,381.64
1213,1213,22,38,Summer,M,Yellow,74,2.5,False,True,Free Shipping,Credit Card,7,52.14,3858.36
1214,1214,4,17,Spring,XL,Black,52,3.7,False,True,Express,Debit Card,90,4.06,211.12
1215,1215,25,45,Fall,M,Blue,81,3.8,False,True,Free Shipping,Cash,90,4.06,328.86
1216,1216,9,37,Winter,L,Pink,20,2.6,False,True,2-Day Shipping,Credit Card,90,4.06,81.2
1217,1217,13,44,Summer,XL,Lavender,32,3.7,False,True,Free Shipping,Venmo,90,4.06,129.92
1218,1218,20,27,Fall,XL,Cyan,63,2.6,False,True,Free Shipping,Cash,90,4.06,255.78
1219,1219,20,38,Spring,M,Cyan,79,3.1,False,True,Store Pickup,Cash,90,4.06,320.74
1220,1220,18,45,Winter,M,Gold,23,2.5,False,True,Next Day Air,Credit Card,14,26.07,599.61
1221,1221,3,17,Winter,M,Green,64,3.8,True,True,Express,Bank Transfer,90,4.06,259.84
1222,1222,17,15,Winter,M,Red,69,4.5,False,True,Standard,Cash,90,4.06,280.14
1223,1223,12,14,Fall,L,Magenta,69,3.4,False,True,Store Pickup,Bank Transfer,365,1.0,69.0
1224,1224,13,16,Winter,L,Red,24,3.9,False,True,Free Shipping,Bank Transfer,7,52.14,1251.36
1225,1225,15,13,Summer,M,Yellow,50,3.7,False,True,Store Pickup,Venmo,7,52.14,2607.0
1226,1226,3,33,Fall,S,Turquoise,97,2.6,False,True,Free Shipping,Debit Card,7,52.14,5057.58
1227,1227,21,35,Fall,S,Cyan,91,3.4,False,True,Store Pickup,Venmo,14,26.07,2372.37
1228,1228,9,13,Spring,L,Yellow,37,4.9,False,True,Store Pickup,Bank Transfer,14,26.07,964.59
1229,1229,25,14,Winter,S,Yellow,55,3.9,False,True,Express,Cash,365,1.0,55.0
1230,1230,6,16,Winter,XL,Maroon,52,3.6,False,True,Express,Bank Transfer,365,1.0,52.0
1231,1231,5,13,Spring,L,Brown,80,3.8,True,True,Standard,Venmo,30,12.17,973.6
1232,1232,17,38,Spring,M,Gold,79,4.0,False,True,2-Day Shipping,Credit Card,14,26.07,2059.53
1233,1233,4,32,Summer,M,Charcoal,23,3.6,False,True,Free Shipping,Debit Card,90,4.06,93.38
1234,1234,13,44,Winter,L,Beige,73,3.5,False,True,Next Day Air,Venmo,90,4.06,296.38
1235,1235,3,30,Fall,M,Indigo,99,4.1,False,True,Store Pickup,Bank Transfer,14,26.07,2580.93
1236,1236,18,12,Spring,M,Red,22,3.0,False,True,Store Pickup,PayPal,90,4.06,89.32
1237,1237,5,31,Summer,M,White,68,4.4,False,True,Store Pickup,Debit Card,90,4.06,276.08
1238,1238,10,22,Spring,S,Charcoal,92,4.4,False,True,2-Day Shipping,Credit Card,90,4.06,373.52
1239,1239,13,50,Winter,M,Violet,77,3.7,False,True,Express,Venmo,14,26.07,2007.39
1240,1240,24,30,Spring,XL,Magenta,37,4.8,False,True,Standard,Debit Card,90,4.06,150.22
1241,1241,7,30,Winter,L,White,79,2.9,False,True,Store Pickup,Debit Card,365,1.0,79.0
1242,1242,11,11,Winter,XL,Pink,51,3.1,False,True,Express,Credit Card,7,52.14,2659.14
1243,1243,17,28,Summer,M,Lavender,27,4.0,False,True,Next Day Air,Bank Transfer,90,4.06,109.62
1244,1244,9,29,Spring,S,Pink,23,3.0,False,True,Store Pickup,Debit Card,365,1.0,23.0
1245,1245,17,14,Summer,S,Silver,76,3.9,False,True,2-Day Shipping,Cash,30,12.17,924.92
1246,1246,10,32,Fall,M,Violet,31,3.4,False,True,Standard,Bank Transfer,7,52.14,1616.34
1247,1247,11,18,Winter,M,Charcoal,60,2.7,False,True,Standard,Cash,30,12.17,730.2
1248,1248,19,46,Spring,M,Charcoal,99,3.7,True,True,Express,Venmo,14,26.07,2580.93
1249,1249,5,49,Winter,XL,Red,37,3.0,False,True,Free Shipping,Credit Card,365,1.0,37.0
1250,1250,20,37,Winter,M,Peach,50,4.5,False,True,Express,Venmo,14,26.07,1303.5
1251,1251,12,29,Winter,XL,Purple,26,4.1,False,True,Free Shipping,Cash,30,12.17,316.42
1252,1252,15,14,Spring,XL,Orange,86,5.0,False,True,Next Day Air,Credit Card,30,12.17,1046.62
1253,1253,21,21,Fall,L,Magenta,41,4.0,False,True,Standard,Cash,90,4.06,166.46
1254,1254,21,26,Winter,XL,Red,23,4.9,False,True,Express,PayPal,365,1.0,23.0
1255,1255,23,5,Spring,XL,Black,56,3.3,False,True,2-Day Shipping,Credit Card,14,26.07,1459.92
1256,1256,5,14,Fall,M,Peach,68,4.1,False,True,Standard,Cash,14,26.07,1772.76
1257,1257,24,48,Winter,S,Olive,48,3.6,False,True,Express,Cash,14,26.07,1251.36
1258,1258,10,23,Spring,L,Gold,67,3.0,False,True,Free Shipping,Cash,90,4.06,272.02
1259,1259,20,35,Spring,XL,Gold,87,4.1,False,True,2-Day Shipping,Debit Card,90,4.06,353.22
1260,1260,16,23,Fall,M,Turquoise,64,3.9,False,True,Standard,Credit Card,30,12.17,778.88
1261,1261,14,46,Spring,XL,Green,93,4.1,False,True,Store Pickup,Debit Card,90,4.06,377.58
1262,1262,14,7,Summer,L,Maroon,29,2.8,False,True,Next Day Air,Credit Card,14,26.07,756.03
1263,1263,20,42,Winter,L,Brown,62,4.8,False,True,Store Pickup,Venmo,30,12.17,754.54
1264,1264,11,8,Winter,L,Brown,70,4.6,False,True,2-Day Shipping,Credit Card,14,26.07,1824.9
1265,1265,18,45,Winter,S,Blue,92,2.5,False,True,Next Day Air,Venmo,14,26.07,2398.44
1266,1266,14,18,Spring,M,Lavender,79,2.7,False,True,Next Day Air,Bank Transfer,7,52.14,4119.06
1267,1267,9,34,Fall,M,Peach,31,4.0,False,True,Standard,Debit Card,90,4.06,125.86
1268,1268,19,37,Spring,S,Gray,83,2.7,False,True,Standard,Cash,7,52.14,4327.62
1269,1269,25,12,Winter,XL,Charcoal,88,2.9,False,True,Next Day Air,Debit Card,14,26.07,2294.16
1270,1270,6,45,Spring,M,Lavender,53,3.0,False,True,Standard,PayPal,90,4.06,215.18
1271,1271,11,48,Fall,M,Green,98,3.3,False,True,Standard,Cash,365,1.0,98.0
1272,1272,6,17,Spring,S,Gray,57,4.3,False,True,Store Pickup,PayPal,365,1.0,57.0
1273,1273,21,49,Winter,M,Orange,80,4.4,False,True,Express,Bank Transfer,30,12.17,973.6
1274,1274,12,24,Spring,L,Silver,29,4.1,False,True,Next Day Air,Credit Card,90,4.06,117.74
1275,1275,5,25,Spring,M,Olive,73,3.1,False,True,2-Day Shipping,PayPal,90,4.06,296.38
1276,1276,18,4,Fall,S,Turquoise,32,4.5,False,True,Standard,PayPal,30,12.17,389.44
1277,1277,20,50,Spring,L,Turquoise,68,4.8,False,True,Next Day Air,Bank Transfer,7,52.14,3545.52
1278,1278,9,39,Spring,L,Green,97,5.0,False,True,Express,Venmo,90,4.06,393.82
1279,1279,15,44,Fall,M,Violet,98,2.8,False,True,Next Day Air,Venmo,14,26.07,2554.86
1280,1280,11,20,Fall,L,Charcoal,56,3.7,False,True,Express,Debit Card,365,1.0,56.0
1281,1281,13,10,Winter,L,White,78,4.4,False,True,2-Day Shipping,Venmo,90,4.06,316.68
1282,1282,2,30,Spring,M,Olive,81,4.5,False,True,Store Pickup,Venmo,14,26.07,2111.67
1283,1283,14,29,Winter,L,Violet,68,3.0,False,True,Free Shipping,Venmo,30,12.17,827.56
1284,1284,14,37,Winter,M,Violet,94,3.9,False,True,2-Day Shipping,Debit Card,90,4.06,381.64
1285,1285,10,4,Spring,M,Black,93,3.9,False,True,Express,PayPal,14,26.07,2424.51
1286,1286,3,33,Fall,M,Charcoal,99,3.5,False,True,Next Day Air,Bank Transfer,14,26.07,2580.93
1287,1287,3,48,Winter,L,Yellow,49,4.9,False,True,Next Day Air,Debit Card,14,26.07,1277.43
1288,1288,12,44,Winter,XL,Blue,28,3.4,False,True,Standard,PayPal,30,12.17,340.76
1289,1289,2,41,Winter,XL,Charcoal,93,4.1,False,True,Standard,PayPal,14,26.07,2424.51
1290,1290,25,29,Fall,M,Red,24,2.9,False,True,Next Day Air,PayPal,7,52.14,1251.36
1291,1291,16,20,Spring,M,Indigo,35,3.4,False,True,Free Shipping,PayPal,365,1.0,35.0
1292,1292,21,41,Spring,S,Beige,68,3.2,False,True,2-Day Shipping,Debit Card,14,26.07,1772.76
1293,1293,2,17,Summer,M,Maroon,61,3.8,True,True,Free Shipping,Bank Transfer,365,1.0,61.0
1294,1294,18,9,Fall,XL,Yellow,74,4.1,False,True,Standard,Debit Card,365,1.0,74.0
1295,1295,14,43,Summer,M,Silver,64,4.5,False,True,Standard,Cash,90,4.06,259.84
1296,1296,23,31,Fall,M,Olive,60,2.8,False,True,Standard,PayPal,7,52.14,3128.4
1297,1297,12,41,Spring,S,Teal,29,2.8,False,True,Express,Cash,14,26.07,756.03
1298,1298,21,30,Summer,M,Silver,85,4.6,False,True,Standard,Venmo,365,1.0,85.0
1299,1299,13,14,Summer,S,Indigo,81,3.0,False,True,Free Shipping,Bank Transfer,14,26.07,2111.67
1300,1300,2,18,Fall,L,Teal,23,3.6,False,True,2-Day Shipping,Venmo,14,26.07,599.61
1301,1301,19,48,Spring,M,Charcoal,100,4.5,False,True,Next Day Air,Credit Card,90,4.06,406.0
1302,1302,14,19,Fall,M,Orange,54,5.0,False,True,Express,Debit Card,7,52.14,2815.56
1303,1303,23,12,Fall,M,Gold,25,2.9,False,True,Next Day Air,Credit Card,30,12.17,304.25
1304,1304,9,32,Summer,L,Silver,32,3.1,False,True,Next Day Air,Credit Card,365,1.0,32.0
1305,1305,1,26,Spring,S,Orange,63,4.0,False,True,2-Day Shipping,PayPal,90,4.06,255.78
1306,1306,13,24,Spring,XL,Peach,56,4.5,False,True,Express,PayPal,90,4.06,227.36
1307,1307,18,2,Winter,L,Brown,33,4.5,False,True,Next Day Air,PayPal,365,1.0,33.0
1308,1308,24,25,Summer,L,Black,32,3.1,False,True,Express,PayPal,365,1.0,32.0
1309,1309,10,39,Summer,L,Red,38,4.4,False,True,Next Day Air,Credit Card,90,4.06,154.28
1310,1310,9,11,Summer,L,Lavender,21,4.7,False,True,Store Pickup,Cash,90,4.06,85.26
1311,1311,11,40,Winter,L,Brown,59,3.1,False,True,Store Pickup,Credit Card,90,4.06,239.54
1312,1312,22,42,Fall,M,Maroon,87,4.2,False,True,Express,Venmo,365,1.0,87.0
1313,1313,19,25,Winter,M,Violet,79,3.0,False,True,Store Pickup,Bank Transfer,30,12.17,961.43
1314,1314,22,25,Summer,M,Lavender,28,3.8,True,True,Free Shipping,Credit Card,14,26.07,729.96
1315,1315,20,25,Summer,S,Magenta,67,3.4,False,True,Free Shipping,Debit Card,365,1.0,67.0
1316,1316,15,24,Spring,L,Green,75,4.2,False,True,2-Day Shipping,Debit Card,90,4.06,304.5
1317,1317,2,4,Spring,S,Lavender,32,4.6,False,True,Standard,Debit Card,14,26.07,834.24
1318,1318,13,17,Spring,M,Green,43,2.8,False,True,Free Shipping,Cash,30,12.17,523.31
1319,1319,15,7,Spring,M,Maroon,93,2.7,False,True,Express,Credit Card,14,26.07,2424.51
1320,1320,8,36,Spring,M,Magenta,24,4.0,False,True,Standard,Bank Transfer,7,52.14,1251.36
1321,1321,5,5,Fall,XL,Teal,31,3.1,False,True,Free Shipping,Debit Card,365,1.0,31.0
1322,1322,19,25,Winter,L,Orange,84,3.7,False,True,Express,Bank Transfer,90,4.06,341.04
1323,1323,13,47,Winter,M,Violet,74,4.0,False,True,Next Day Air,Bank Transfer,90,4.06,300.44
1324,1324,15,32,Spring,M,Yellow,62,4.6,False,True,Standard,Debit Card,90,4.06,251.72
1325,1325,6,14,Summer,S,Orange,77,3.8,False,True,Free Shipping,Credit Card,14,26.07,2007.39
1326,1326,1,37,Summer,L,Gold,73,3.5,False,True,Express,Cash,30,12.17,888.41
1327,1327,22,43,Spring,M,Indigo,50,3.8,True,True,Free Shipping,Cash,30,12.17,608.5
1328,1328,24,9,Winter,M,Turquoise,40,2.8,False,True,Standard,Cash,7,52.14,2085.6
1329,1329,18,39,Winter,M,Orange,97,3.7,False,True,Standard,Bank Transfer,7,52.14,5057.58
1330,1330,3,43,Fall,M,Indigo,63,3.3,False,True,Express,PayPal,90,4.06,255.78
1331,1331,4,45,Fall,M,Charcoal,65,2.9,False,True,Standard,PayPal,14,26.07,1694.55
1332,1332,17,20,Spring,M,Lavender,91,3.2,False,True,Standard,PayPal,14,26.07,2372.37
1333,1333,11,2,Spring,S,Gold,60,4.3,False,True,Store Pickup,Bank Transfer,90,4.06,243.6
1334,1334,13,12,Winter,M,Lavender,69,2.7,False,True,Next Day Air,Bank Transfer,90,4.06,280.14
1335,1335,24,48,Spring,S,White,52,3.8,True,True,Store Pickup,Venmo,30,12.17,632.84
1336,1336,20,28,Fall,M,Lavender,49,4.8,False,True,2-Day Shipping,Credit Card,7,52.14,2554.86
1337,1337,23,37,Spring,M,Charcoal,85,4.8,False,True,Store Pickup,Debit Card,14,26.07,2215.95
1338,1338,18,42,Spring,L,Silver,86,3.4,False,True,Express,Credit Card,14,26.07,2242.02
1339,1339,4,1,Winter,S,Yellow,51,2.6,False,True,Standard,PayPal,14,26.07,1329.57
1340,1340,2,14,Winter,L,Olive,56,5.0,False,True,Next Day Air,Bank Transfer,90,4.06,227.36
1341,1341,2,12,Fall,M,Peach,72,4.4,False,True,Next Day Air,Debit Card,90,4.06,292.32
1342,1342,11,39,Fall,XL,Yellow,27,3.7,True,True,Standard,Bank Transfer,90,4.06,109.62
1343,1343,8,3,Summer,XL,Yellow,43,3.4,False,True,2-Day Shipping,Bank Transfer,30,12.17,523.31
1344,1344,23,9,Spring,M,Indigo,56,3.4,False,True,Standard,Bank Transfer,30,12.17,681.52
1345,1345,19,32,Fall,S,Violet,37,4.9,False,True,Next Day Air,Cash,365,1.0,37.0
1346,1346,10,27,Fall,M,White,21,3.6,False,True,Standard,Venmo,7,52.14,1094.94
1347,1347,11,24,Winter,L,White,91,3.0,False,True,Free Shipping,Venmo,14,26.07,2372.37
1348,1348,18,45,Summer,M,Cyan,95,3.9,False,True,2-Day Shipping,Bank Transfer,30,12.17,1156.15
1349,1349,2,27,Spring,XL,Purple,54,3.2,False,True,Standard,Credit Card,14,26.07,1407.78
1350,1350,17,40,Spring,XL,Black,36,3.2,False,True,Next Day Air,Cash,14,26.07,938.52
1351,1351,8,8,Fall,M,Orange,71,4.3,False,True,Next Day Air,Cash,90,4.06,288.26
1352,1352,24,45,Summer,L,Maroon,31,2.8,False,True,2-Day Shipping,Bank Transfer,90,4.06,125.86
1353,1353,5,14,Spring,XL,Orange,89,4.5,False,True,Next Day Air,Credit Card,14,26.07,2320.23
1354,1354,13,37,Winter,M,Teal,83,4.1,False,True,Next Day Air,Cash,90,4.06,336.98
1355,1355,1,20,Spring,M,Gray,42,3.6,False,True,2-Day Shipping,Bank Transfer,90,4.06,170.52
1356,1356,15,9,Summer,M,Blue,91,3.0,False,True,2-Day Shipping,PayPal,14,26.07,2372.37
1357,1357,25,14,Spring,M,Cyan,61,4.0,False,True,Free Shipping,Bank Transfer,365,1.0,61.0
1358,1358,1,43,Summer,S,Red,66,3.5,False,True,Next Day Air,Cash,90,4.06,267.96
1359,1359,7,27,Spring,XL,Pink,22,2.5,False,True,Store Pickup,Venmo,90,4.06,89.32
1360,1360,11,33,Winter,S,Cyan,68,4.3,False,True,Store Pickup,Bank Transfer,14,26.07,1772.76
1361,1361,16,1,Fall,L,Black,43,2.8,False,True,Express,Bank Transfer,365,1.0,43.0
1362,1362,10,1,Fall,M,Beige,32,3.7,False,True,Next Day Air,Debit Card,30,12.17,389.44
1363,1363,24,6,Fall,M,Gray,46,4.3,False,True,Express,Cash,7,52.14,2398.44
1364,1364,9,49,Summer,L,Red,90,4.0,False,True,Express,PayPal,90,4.06,365.4
1365,1365,5,8,Fall,L,Yellow,75,4.7,False,True,Express,Cash,90,4.06,304.5
1366,1366,4,14,Winter,M,Magenta,69,4.5,False,True,Store Pickup,Bank Transfer,14,26.07,1798.83
1367,1367,2,15,Fall,M,Magenta,40,3.1,False,True,Free Shipping,Credit Card,14,26.07,1042.8
1368,1368,2,15,Fall,S,Black,63,3.8,False,True,Express,Cash,90,4.06,255.78
1369,1369,14,49,Summer,L,Orange,36,4.9,False,True,Express,Cash,7,52.14,1877.04
1370,1370,22,15,Winter,M,Green,75,3.2,False,True,Standard,Venmo,14,26.07,1955.25
1371,1371,7,26,Summer,L,Peach,67,3.8,True,True,2-Day Shipping,Bank Transfer,90,4.06,272.02
1372,1372,13,24,Spring,M,Charcoal,64,2.8,False,True,Store Pickup,Credit Card,30,12.17,778.88
1373,1373,9,22,Fall,M,Gray,61,4.0,False,True,2-Day Shipping,PayPal,14,26.07,1590.27
1374,1374,3,46,Winter,L,Turquoise,40,2.6,False,True,Store Pickup,Cash,90,4.06,162.4
1375,1375,4,32,Fall,M,Red,97,2.7,False,True,Free Shipping,Bank Transfer,90,4.06,393.82
1376,1376,23,19,Spring,L,Brown,31,4.1,False,True,2-Day Shipping,Credit Card,365,1.0,31.0
1377,1377,21,30,Spring,L,Pink,65,5.0,False,True,Free Shipping,PayPal,365,1.0,65.0
1378,1378,8,20,Spring,L,Olive,54,3.0,False,True,Next Day Air,Venmo,30,12.17,657.18
1379,1379,25,17,Fall,XL,Lavender,49,3.6,False,True,Free Shipping,Venmo,7,52.14,2554.86
1380,1380,19,23,Fall,L,Purple,64,2.8,False,True,2-Day Shipping,Venmo,14,26.07,1668.48
1381,1381,23,21,Winter,S,Beige,35,4.6,False,True,Standard,Cash,14,26.07,912.45
1382,1382,22,13,Winter,L,Green,86,2.9,False,True,Standard,Venmo,90,4.06,349.16
1383,1383,25,22,Winter,L,Brown,55,4.8,False,True,Express,Bank Transfer,90,4.06,223.3
1384,1384,7,49,Spring,M,Beige,58,3.3,False,True,Express,Venmo,30,12.17,705.86
1385,1385,23,2,Fall,M,Beige,96,4.6,False,True,Standard,Bank Transfer,7,52.14,5005.44
1386,1386,6,24,Fall,M,Indigo,64,2.6,False,True,Store Pickup,Bank Transfer,14,26.07,1668.48
1387,1387,25,37,Fall,M,Silver,56,4.0,False,True,Next Day Air,Debit Card,90,4.06,227.36
1388,1388,9,20,Winter,M,Gold,85,3.8,False,True,Standard,Credit Card,30,12.17,1034.45
1389,1389,10,4,Spring,M,Lavender,23,3.9,False,True,Express,Cash,90,4.06,93.38
1390,1390,7,13,Fall,L,Orange,72,2.6,False,True,Store Pickup,Debit Card,14,26.07,1877.04
1391,1391,5,4,Summer,M,Maroon,38,4.3,False,True,Standard,Debit Card,7,52.14,1981.32
1392,1392,9,24,Winter,S,White,29,3.6,False,True,Express,Credit Card,365,1.0,29.0
1393,1393,3,4,Spring,M,Yellow,46,4.2,False,True,Express,Venmo,90,4.06,186.76
1394,1394,3,12,Spring,L,Yellow,58,3.9,False,True,Express,PayPal,14,26.07,1512.06
1395,1395,24,15,Fall,L,Magenta,43,4.7,False,True,Next Day Air,Cash,7,52.14,2242.02
1396,1396,7,48,Spring,L,Turquoise,32,2.8,False,True,Next Day Air,PayPal,14,26.07,834.24
1397,1397,13,49,Winter,XL,Lavender,30,3.0,False,True,Next Day Air,Debit Card,30,12.17,365.1
1398,1398,8,21,Summer,S,Magenta,67,4.7,False,True,Store Pickup,PayPal,365,1.0,67.0
1399,1399,10,43,Summer,M,Cyan,45,2.5,False,True,Free Shipping,Credit Card,7,52.14,2346.3
1400,1400,5,27,Winter,M,Olive,81,3.1,False,True,Store Pickup,Venmo,365,1.0,81.0
1401,1401,1,28,Fall,M,Red,23,3.6,False,True,Next Day Air,Credit Card,90,4.06,93.38
1402,1402,21,14,Fall,M,Blue,59,3.5,False,True,2-Day Shipping,PayPal,7,52.14,3076.26
1403,1403,8,34,Summer,L,White,21,3.1,False,True,Express,PayPal,30,12.17,255.57
1404,1404,1,10,Spring,M,Peach,20,3.6,False,True,Store Pickup,Credit Card,14,26.07,521.4
1405,1405,6,31,Winter,M,Charcoal,28,3.5,False,True,Next Day Air,Debit Card,7,52.14,1459.92
1406,1406,17,29,Winter,M,Peach,100,2.7,False,True,Store Pickup,Credit Card,30,12.17,1217.0
1407,1407,14,47,Spring,L,Turquoise,46,3.6,False,True,Express,Debit Card,30,12.17,559.82
1408,1408,4,28,Spring,XL,Charcoal,61,4.5,False,True,Express,Credit Card,365,1.0,61.0
1409,1409,9,19,Winter,M,Yellow,58,4.1,False,True,Free Shipping,Venmo,7,52.14,3024.12
1410,1410,1,12,Spring,M,Blue,50,4.2,False,True,Standard,Cash,14,26.07,1303.5
1411,1411,5,42,Summer,M,Purple,93,4.0,False,True,Store Pickup,Debit Card,365,1.0,93.0
1412,1412,16,18,Summer,L,Green,24,2.8,False,True,Store Pickup,Venmo,90,4.06,97.44
1413,1413,15,22,Summer,M,Charcoal,100,2.6,False,True,2-Day Shipping,Venmo,365,1.0,100.0
1414,1414,9,29,Fall,S,Indigo,79,2.7,False,True,Store Pickup,Bank Transfer,90,4.06,320.74
1415,1415,17,23,Summer,M,Black,51,4.5,False,True,Store Pickup,Credit Card,14,26.07,1329.57
1416,1416,2,13,Winter,M,Blue,90,3.7,False,True,Free Shipping,Credit Card,90,4.06,365.4
1417,1417,20,12,Summer,L,Silver,56,3.4,False,True,Free Shipping,Cash,90,4.06,227.36
1418,1418,15,26,Spring,S,Brown,25,4.6,False,True,Standard,Debit Card,14,26.07,651.75
1419,1419,14,1,Summer,M,Violet,75,4.1,False,True,2-Day Shipping,Venmo,90,4.06,304.5
1420,1420,4,26,Summer,M,Orange,75,2.6,False,True,Free Shipping,Debit Card,90,4.06,304.5
1421,1421,12,5,Summer,XL,Gray,53,4.6,False,True,Store Pickup,PayPal,90,4.06,215.18
1422,1422,10,38,Spring,S,Gold,100,3.0,False,True,Standard,Bank Transfer,14,26.07,2607.0
1423,1423,10,43,Fall,L,Charcoal,27,3.4,False,True,Free Shipping,PayPal,14,26.07,703.89
1424,1424,21,22,Fall,S,Black,60,3.5,False,True,Free Shipping,Venmo,90,4.06,243.6
1425,1425,25,7,Fall,S,Indigo,23,3.5,False,True,Standard,Bank Transfer,90,4.06,93.38
1426,1426,24,50,Winter,S,White,40,3.7,False,True,Next Day Air,Credit Card,365,1.0,40.0
1427,1427,13,22,Summer,M,Yellow,38,4.8,False,True,Free Shipping,PayPal,90,4.06,154.28
1428,1428,1,41,Summer,S,Orange,90,4.9,False,True,Store Pickup,Credit Card,365,1.0,90.0
1429,1429,9,34,Summer,S,Green,97,4.9,False,True,Express,PayPal,90,4.06,393.82
1430,1430,16,20,Fall,L,Gold,38,4.7,False,True,Standard,Credit Card,90,4.06,154.28
1431,1431,21,22,Summer,S,Orange,30,4.9,False,True,Free Shipping,Credit Card,14,26.07,782.1
1432,1432,13,41,Fall,M,Cyan,88,2.9,False,True,Express,Venmo,90,4.06,357.28
1433,1433,5,9,Winter,L,Black,33,4.4,False,True,Express,Debit Card,90,4.06,133.98
1434,1434,11,23,Winter,L,Yellow,60,3.2,False,True,Next Day Air,Debit Card,7,52.14,3128.4
1435,1435,18,32,Summer,L,Maroon,64,4.6,False,True,Free Shipping,Debit Card,14,26.07,1668.48
1436,1436,7,37,Fall,XL,Black,95,4.0,False,True,Standard,Cash,7,52.14,4953.3
1437,1437,23,23,Winter,M,Gray,83,3.7,False,True,Free Shipping,PayPal,14,26.07,2163.81
1438,1438,20,26,Winter,XL,Orange,97,4.2,False,True,Free Shipping,Cash,365,1.0,97.0
1439,1439,24,47,Spring,M,Cyan,38,2.9,False,True,Standard,Debit Card,30,12.17,462.46
1440,1440,20,31,Summer,M,Magenta,48,4.8,False,True,Next Day Air,Cash,14,26.07,1251.36
1441,1441,21,3,Spring,M,Pink,76,4.4,False,True,Standard,Venmo,30,12.17,924.92
1442,1442,13,27,Summer,S,Turquoise,25,3.4,False,True,Free Shipping,Venmo,90,4.06,101.5
1443,1443,11,12,Spring,S,Violet,92,2.8,False,True,2-Day Shipping,Credit Card,365,1.0,92.0
1444,1444,21,12,Fall,L,Teal,47,4.2,False,True,Next Day Air,Cash,30,12.17,571.99
1445,1445,18,45,Fall,L,Pink,36,3.8,False,True,Express,Cash,90,4.06,146.16
1446,1446,2,4,Fall,M,Gold,51,3.1,False,True,2-Day Shipping,Credit Card,365,1.0,51.0
1447,1447,12,50,Summer,XL,Red,35,3.2,False,True,Express,Credit Card,90,4.06,142.1
1448,1448,11,31,Summer,S,Beige,57,3.0,False,True,Next Day Air,PayPal,30,12.17,693.69
1449,1449,20,48,Summer,M,Black,95,3.6,False,True,Free Shipping,Credit Card,90,4.06,385.7
1450,1450,17,32,Winter,L,Lavender,41,2.5,False,True,Store Pickup,Cash,90,4.06,166.46
1451,1451,10,13,Winter,S,Teal,44,3.4,False,True,Free Shipping,Cash,90,4.06,178.64
1452,1452,25,44,Fall,M,Maroon,34,2.5,False,True,Next Day Air,PayPal,90,4.06,138.04
1453,1453,25,6,Spring,L,Blue,25,4.7,False,True,2-Day Shipping,Bank Transfer,90,4.06,101.5
1454,1454,20,46,Winter,S,Teal,93,3.2,False,True,2-Day Shipping,Bank Transfer,14,26.07,2424.51
1455,1455,23,10,Winter,L,Maroon,50,2.9,False,True,Free Shipping,Credit Card,365,1.0,50.0
1456,1456,13,1,Fall,L,Silver,79,4.9,False,True,Express,PayPal,90,4.06,320.74
1457,1457,24,26,Spring,S,Olive,100,2.7,False,True,Store Pickup,PayPal,90,4.06,406.0
1458,1458,14,38,Spring,S,Gray,57,4.7,False,True,Express,Venmo,14,26.07,1485.99
1459,1459,18,25,Spring,M,Peach,28,2.9,False,True,2-Day Shipping,Venmo,7,52.14,1459.92
1460,1460,22,19,Winter,L,Yellow,35,4.8,False,True,Express,Venmo,14,26.07,912.45
1461,1461,20,38,Fall,L,Violet,85,4.6,False,True,Standard,Venmo,14,26.07,2215.95
1462,1462,8,37,Summer,S,Red,95,5.0,False,True,2-Day Shipping,Venmo,90,4.06,385.7
1463,1463,23,44,Summer,S,Charcoal,90,4.8,False,True,2-Day Shipping,Venmo,90,4.06,365.4
1464,1464,6,36,Summer,M,Beige,49,4.9,False,True,Store Pickup,Bank Transfer,30,12.17,596.33
1465,1465,2,26,Winter,M,Peach,92,4.6,False,True,2-Day Shipping,Bank Transfer,90,4.06,373.52
1466,1466,3,27,Winter,XL,Violet,72,3.9,False,True,Store Pickup,Cash,14,26.07,1877.04
1467,1467,15,1,Summer,M,Green,71,4.5,False,True,Store Pickup,PayPal,365,1.0,71.0
1468,1468,6,35,Winter,XL,Olive,27,4.7,False,True,Store Pickup,Debit Card,14,26.07,703.89
1469,1469,3,4,Fall,S,Silver,39,3.9,False,True,Express,Cash,14,26.07,1016.73
1470,1470,6,24,Winter,M,Purple,98,4.4,False,True,Standard,PayPal,90,4.06,397.88
1471,1471,21,5,Spring,M,Silver,27,3.9,False,True,Next Day Air,Cash,90,4.06,109.62
1472,1472,6,2,Spring,S,Gray,71,2.8,False,True,2-Day Shipping,Venmo,90,4.06,288.26
1473,1473,5,14,Spring,L,Turquoise,24,3.5,False,True,Store Pickup,Cash,7,52.14,1251.36
1474,1474,15,49,Fall,M,Violet,63,4.3,False,True,Express,Credit Card,90,4.06,255.78
1475,1475,18,30,Fall,S,Pink,72,3.9,False,True,Next Day Air,Credit Card,30,12.17,876.24
1476,1476,9,39,Spring,M,Teal,61,4.0,False,True,Express,Cash,30,12.17,742.37
1477,1477,5,50,Fall,M,Magenta,56,4.1,False,True,Next Day Air,Credit Card,30,12.17,681.52
1478,1478,2,37,Summer,XL,Silver,32,4.3,False,True,Standard,PayPal,90,4.06,129.92
1479,1479,3,47,Summer,M,Blue,23,4.2,False,True,Free Shipping,Venmo,14,26.07,599.61
1480,1480,24,47,Spring,L,Black,100,4.0,False,True,Standard,Bank Transfer,7,52.14,5214.0
1481,1481,6,29,Fall,M,Gold,74,3.6,False,True,Express,Cash,90,4.06,300.44
1482,1482,16,20,Spring,S,Gray,33,3.3,False,True,Standard,PayPal,90,4.06,133.98
1483,1483,3,49,Spring,S,Magenta,67,4.1,False,True,2-Day Shipping,Bank Transfer,7,52.14,3493.38
1484,1484,6,21,Summer,S,Yellow,61,4.7,False,True,Next Day Air,Debit Card,14,26.07,1590.27
1485,1485,15,27,Summer,M,Teal,46,4.4,False,True,Store Pickup,Venmo,90,4.06,186.76
1486,1486,3,27,Spring,L,Red,56,3.4,False,True,Standard,Cash,14,26.07,1459.92
1487,1487,23,12,Spring,S,Yellow,73,5.0,False,True,Free Shipping,Venmo,90,4.06,296.38
1488,1488,16,3,Summer,L,Black,44,4.6,False,True,Store Pickup,PayPal,365,1.0,44.0
1489,1489,5,11,Winter,L,Pink,44,4.0,False,True,Standard,Credit Card,7,52.14,2294.16
1490,1490,6,25,Summer,XL,Magenta,26,4.1,False,True,Next Day Air,Venmo,90,4.06,105.56
1491,1491,23,18,Spring,L,Olive,52,4.9,False,True,Express,Venmo,14,26.07,1355.64
1492,1492,14,4,Summer,S,Black,54,2.7,False,True,Free Shipping,Bank Transfer,90,4.06,219.24
1493,1493,25,33,Summer,M,Maroon,38,4.5,False,True,Free Shipping,Venmo,90,4.06,154.28
1494,1494,2,34,Fall,S,Gold,44,2.7,False,True,Standard,Credit Card,90,4.06,178.64
1495,1495,19,26,Spring,M,Gray,76,3.0,False,True,Next Day Air,Bank Transfer,14,26.07,1981.32
1496,1496,6,39,Winter,M,Brown,23,4.5,False,True,Next Day Air,PayPal,7,52.14,1199.22
1497,1497,19,12,Winter,M,Purple,98,5.0,False,True,Standard,Venmo,14,26.07,2554.86
1498,1498,25,22,Spring,S,Magenta,33,3.8,False,True,2-Day Shipping,Debit Card,90,4.06,133.98
1499,1499,18,13,Summer,M,Teal,32,3.1,False,True,Standard,Venmo,14,26.07,834.24
1500,1500,20,10,Fall,S,Olive,85,3.4,False,True,Free Shipping,Credit Card,90,4.06,345.1
1501,1501,12,1,Summer,L,Maroon,69,4.8,False,True,Next Day Air,Debit Card,30,12.17,839.73
1502,1502,12,2,Spring,XL,Silver,55,2.7,False,True,Standard,Debit Card,90,4.06,223.3
1503,1503,13,21,Summer,M,Black,66,3.2,False,True,Store Pickup,Cash,14,26.07,1720.62
1504,1504,25,22,Fall,M,Maroon,30,3.9,False,True,2-Day Shipping,Cash,90,4.06,121.8
1505,1505,25,2,Winter,M,Teal,80,4.2,False,True,Next Day Air,Bank Transfer,30,12.17,973.6
1506,1506,2,34,Summer,M,Teal,20,3.0,False,True,Express,Cash,30,12.17,243.4
1507,1507,14,40,Fall,L,Beige,30,3.0,False,True,2-Day Shipping,PayPal,90,4.06,121.8
1508,1508,10,38,Winter,S,Maroon,86,3.7,False,True,2-Day Shipping,Venmo,365,1.0,86.0
1509,1509,9,6,Spring,L,Beige,84,4.4,False,True,Store Pickup,Cash,90,4.06,341.04
1510,1510,10,29,Summer,XL,White,54,4.6,False,True,Free Shipping,Debit Card,365,1.0,54.0
1511,1511,9,20,Fall,XL,Gray,30,3.0,False,True,Free Shipping,Venmo,365,1.0,30.0
1512,1512,10,10,Winter,M,Violet,91,3.6,False,True,Express,Credit Card,7,52.14,4744.74
1513,1513,23,49,Winter,L,Silver,23,3.9,False,True,Standard,PayPal,14,26.07,599.61
1514,1514,17,43,Spring,M,Red,35,4.1,False,True,Free Shipping,Cash,30,12.17,425.95
1515,1515,22,44,Winter,L,Brown,90,3.9,False,True,2-Day Shipping,Venmo,7,52.14,4692.6
1516,1516,12,14,Fall,S,Turquoise,93,3.9,False,True,2-Day Shipping,Cash,7,52.14,4849.02
1517,1517,12,28,Winter,L,Indigo,68,4.5,False,True,Express,Bank Transfer,14,26.07,1772.76
1518,1518,3,29,Spring,M,Violet,41,3.4,False,True,Standard,Cash,90,4.06,166.46
1519,1519,2,32,Winter,M,Yellow,73,4.1,False,True,Next Day Air,Venmo,14,26.07,1903.11
1520,1520,8,43,Fall,L,Cyan,73,4.9,False,True,Next Day Air,PayPal,7,52.14,3806.22
1521,1521,5,15,Summer,M,Brown,66,4.4,False,True,2-Day Shipping,Cash,90,4.06,267.96
1522,1522,1,47,Summer,M,White,59,2.7,False,True,2-Day Shipping,Bank Transfer,7,52.14,3076.26
1523,1523,15,42,Spring,L,Yellow,72,4.8,False,True,Free Shipping,Debit Card,30,12.17,876.24
1524,1524,17,10,Summer,M,White,88,3.3,False,True,2-Day Shipping,Debit Card,365,1.0,88.0
1525,1525,17,21,Summer,L,Pink,76,4.4,False,True,Free Shipping,Cash,14,26.07,1981.32
1526,1526,2,37,Winter,M,Indigo,31,4.6,False,True,2-Day Shipping,Cash,14,26.07,808.17
1527,1527,25,36,Summer,L,White,22,3.1,False,True,Next Day Air,PayPal,30,12.17,267.74
1528,1528,5,49,Fall,L,Red,75,4.5,False,True,2-Day Shipping,Debit Card,14,26.07,1955.25
1529,1529,19,37,Spring,S,Red,75,4.0,False,True,Store Pickup,Venmo,14,26.07,1955.25
1530,1530,1,10,Winter,M,Lavender,63,3.1,False,True,Free Shipping,Credit Card,14,26.07,1642.41
1531,1531,24,31,Spring,M,Teal,21,3.9,False,True,Next Day Air,Bank Transfer,90,4.06,85.26
1532,1532,1,24,Spring,S,Violet,83,4.5,False,True,Next Day Air,PayPal,14,26.07,2163.81
1533,1533,25,49,Winter,S,Silver,46,4.4,False,True,Next Day Air,PayPal,90,4.06,186.76
1534,1534,22,29,Summer,M,Gold,59,3.6,False,True,2-Day Shipping,Bank Transfer,90,4.06,239.54
1535,1535,9,50,Summer,M,Green,66,3.4,False,True,Free Shipping,Venmo,14,26.07,1720.62
1536,1536,21,48,Fall,S,Turquoise,74,4.0,False,True,2-Day Shipping,Venmo,30,12.17,900.58
1537,1537,8,22,Summer,M,Indigo,82,2.6,False,True,Store Pickup,Cash,90,4.06,332.92
1538,1538,22,2,Spring,L,Black,89,3.2,False,True,Next Day Air,Venmo,365,1.0,89.0
1539,1539,10,13,Fall,L,Charcoal,65,3.2,False,True,Standard,Venmo,14,26.07,1694.55
1540,1540,2,11,Spring,M,Turquoise,55,5.0,False,True,2-Day Shipping,Cash,90,4.06,223.3
1541,1541,15,6,Winter,M,Red,95,2.9,False,True,Next Day Air,Bank Transfer,30,12.17,1156.15
1542,1542,4,13,Winter,S,Indigo,77,2.9,False,True,Store Pickup,Cash,14,26.07,2007.39
1543,1543,9,11,Winter,M,Maroon,44,3.5,False,True,Next Day Air,PayPal,7,52.14,2294.16
1544,1544,12,49,Fall,M,Indigo,89,4.0,False,True,Standard,Venmo,365,1.0,89.0
1545,1545,6,4,Spring,M,Maroon,24,3.9,False,True,Standard,Debit Card,14,26.07,625.68
1546,1546,2,8,Winter,M,Black,43,4.9,False,True,Store Pickup,Bank Transfer,365,1.0,43.0
1547,1547,23,37,Summer,XL,Purple,51,3.8,False,True,Express,Bank Transfer,365,1.0,51.0
1548,1548,5,40,Summer,L,Teal,46,3.5,False,True,Standard,Cash,90,4.06,186.76
1549,1549,10,20,Summer,M,Silver,32,3.7,False,True,Store Pickup,Bank Transfer,7,52.14,1668.48
1550,1550,23,16,Spring,M,Black,55,2.9,False,True,2-Day Shipping,Debit Card,90,4.06,223.3
1551,1551,8,4,Summer,S,Black,26,2.8,False,True,Free Shipping,Bank Transfer,90,4.06,105.56
1552,1552,4,23,Summer,M,Olive,29,3.7,False,True,2-Day Shipping,Credit Card,30,12.17,352.93
1553,1553,9,31,Spring,L,Purple,49,3.0,False,True,Express,Credit Card,30,12.17,596.33
1554,1554,9,8,Spring,M,Indigo,45,4.8,False,True,Free Shipping,Debit Card,90,4.06,182.7
1555,1555,15,44,Winter,S,Lavender,48,2.7,False,True,Standard,Cash,14,26.07,1251.36
1556,1556,15,35,Winter,S,Cyan,47,4.5,False,True,Free Shipping,Cash,90,4.06,190.82
1557,1557,11,1,Fall,M,Gold,57,2.7,False,True,Standard,Credit Card,90,4.06,231.42
1558,1558,1,41,Fall,L,Magenta,34,3.5,False,True,Next Day Air,PayPal,90,4.06,138.04
1559,1559,8,31,Fall,XL,Teal,75,3.5,False,True,Express,Credit Card,90,4.06,304.5
1560,1560,7,37,Fall,L,Beige,94,4.5,False,True,Store Pickup,PayPal,14,26.07,2450.58
1561,1561,5,37,Winter,M,Teal,84,3.8,False,True,Free Shipping,Debit Card,7,52.14,4379.76
1562,1562,7,24,Summer,M,Indigo,38,3.8,False,True,Standard,Bank Transfer,90,4.06,154.28
1563,1563,7,1,Winter,M,Purple,75,3.2,False,True,Next Day Air,Venmo,14,26.07,1955.25
1564,1564,13,16,Fall,M,Teal,44,4.3,False,True,Next Day Air,Cash,7,52.14,2294.16
1565,1565,1,5,Summer,XL,Turquoise,33,4.5,False,True,Next Day Air,Debit Card,90,4.06,133.98
1566,1566,8,12,Fall,L,Peach,93,4.2,False,True,Free Shipping,PayPal,365,1.0,93.0
1567,1567,23,50,Winter,S,Green,99,3.0,False,True,Free Shipping,Cash,14,26.07,2580.93
1568,1568,1,23,Spring,M,Turquoise,33,4.1,False,True,Standard,Cash,30,12.17,401.61
1569,1569,23,47,Spring,L,Yellow,76,4.6,False,True,Store Pickup,Debit Card,30,12.17,924.92
1570,1570,16,11,Summer,M,Orange,63,2.9,False,True,Standard,Debit Card,7,52.14,3284.82
1571,1571,13,25,Winter,L,Brown,41,4.8,False,True,Next Day Air,Bank Transfer,90,4.06,166.46
1572,1572,6,6,Winter,L,Silver,88,4.5,False,True,Next Day Air,Bank Transfer,14,26.07,2294.16
1573,1573,16,47,Summer,L,White,92,3.4,False,True,2-Day Shipping,Debit Card,30,12.17,1119.64
1574,1574,19,34,Summer,L,Indigo,31,4.3,False,True,2-Day Shipping,Debit Card,7,52.14,1616.34
1575,1575,16,23,Spring,S,Magenta,25,4.2,False,True,Free Shipping,PayPal,14,26.07,651.75
1576,1576,14,5,Spring,M,Turquoise,28,3.6,False,True,Next Day Air,Cash,14,26.07,729.96
1577,1577,10,22,Spring,M,White,75,3.7,False,True,2-Day Shipping,PayPal,30,12.17,912.75
1578,1578,20,8,Spring,S,Olive,34,4.0,False,True,Standard,Venmo,14,26.07,886.38
1579,1579,13,5,Winter,S,Maroon,97,4.9,False,True,2-Day Shipping,PayPal,90,4.06,393.82
1580,1580,25,36,Summer,M,Violet,80,3.1,False,True,Free Shipping,Bank Transfer,30,12.17,973.6
1581,1581,23,34,Summer,L,Cyan,71,3.7,False,True,Standard,Cash,365,1.0,71.0
1582,1582,6,35,Fall,L,Teal,77,4.2,False,True,Free Shipping,Cash,90,4.06,312.62
1583,1583,2,11,Spring,L,Red,41,2.5,False,True,Next Day Air,Cash,30,12.17,498.97
1584,1584,7,20,Summer,XL,Yellow,92,4.3,False,True,Next Day Air,Venmo,365,1.0,92.0
1585,1585,9,11,Spring,S,Silver,95,3.1,False,True,Store Pickup,Credit Card,90,4.06,385.7
1586,1586,18,1,Fall,M,Charcoal,25,3.0,False,True,Next Day Air,Debit Card,14,26.07,651.75
1587,1587,20,36,Fall,M,Purple,77,4.0,False,True,Express,Bank Transfer,7,52.14,4014.78
1588,1588,17,1,Summer,M,Beige,99,3.5,False,True,Free Shipping,Credit Card,14,26.07,2580.93
1589,1589,2,45,Winter,L,Cyan,24,3.2,False,True,Next Day Air,Venmo,30,12.17,292.08
1590,1590,23,35,Summer,M,Silver,72,2.7,False,True,Store Pickup,Cash,7,52.14,3754.08
1591,1591,12,49,Winter,S,Pink,80,3.0,False,True,Free Shipping,PayPal,365,1.0,80.0
1592,1592,16,41,Winter,L,Gold,100,2.9,False,True,Next Day Air,PayPal,365,1.0,100.0
1593,1593,22,15,Summer,M,Cyan,83,3.3,False,True,Free Shipping,Bank Transfer,90,4.06,336.98
1594,1594,10,20,Spring,M,Black,95,4.9,False,True,2-Day Shipping,Bank Transfer,30,12.17,1156.15
1595,1595,4,6,Summer,XL,Charcoal,41,3.7,False,True,Store Pickup,Cash,14,26.07,1068.87
1596,1596,1,49,Spring,S,Magenta,35,3.5,False,True,Standard,Debit Card,14,26.07,912.45
1597,1597,6,24,Fall,S,Pink,30,4.7,False,True,Store Pickup,Debit Card,30,12.17,365.1
1598,1598,5,24,Winter,XL,Maroon,21,2.6,False,True,Store Pickup,Bank Transfer,90,4.06,85.26
1599,1599,6,5,Fall,M,Teal,85,4.1,False,True,Express,Venmo,14,26.07,2215.95
1600,1600,14,8,Winter,M,Orange,54,2.8,False,True,2-Day Shipping,Debit Card,14,26.07,1407.78
1601,1601,20,26,Spring,S,Yellow,26,4.7,False,True,Next Day Air,PayPal,7,52.14,1355.64
1602,1602,14,14,Spring,XL,Red,59,2.9,False,True,Store Pickup,Credit Card,30,12.17,718.03
1603,1603,8,48,Winter,S,Charcoal,48,2.8,False,True,Free Shipping,Venmo,14,26.07,1251.36
1604,1604,15,15,Summer,L,Black,98,4.3,False,True,Next Day Air,Debit Card,14,26.07,2554.86
1605,1605,18,19,Summer,M,White,92,4.8,False,True,2-Day Shipping,Credit Card,90,4.06,373.52
1606,1606,2,7,Winter,M,Lavender,46,3.4,False,True,Next Day Air,Credit Card,14,26.07,1199.22
1607,1607,19,16,Spring,S,White,21,4.3,False,True,Standard,PayPal,14,26.07,547.47
1608,1608,15,45,Fall,S,Gray,72,2.7,False,True,Free Shipping,Debit Card,90,4.06,292.32
1609,1609,21,27,Fall,XL,Cyan,58,4.6,False,True,Next Day Air,Bank Transfer,14,26.07,1512.06
1610,1610,14,28,Fall,S,Brown,93,4.1,False,True,Standard,Venmo,30,12.17,1131.81
1611,1611,17,42,Spring,L,Purple,31,3.4,False,True,2-Day Shipping,PayPal,365,1.0,31.0
1612,1612,13,4,Winter,L,Yellow,26,4.5,False,True,Next Day Air,Debit Card,30,12.17,316.42
1613,1613,16,49,Summer,M,Indigo,68,4.4,False,True,Standard,Venmo,30,12.17,827.56
1614,1614,6,13,Summer,S,Black,31,4.0,False,True,Next Day Air,Credit Card,14,26.07,808.17
1615,1615,19,16,Summer,S,Gray,41,3.4,False,True,Free Shipping,Cash,14,26.07,1068.87
1616,1616,6,32,Fall,M,Indigo,62,3.2,False,True,Standard,Cash,14,26.07,1616.34
1617,1617,5,6,Spring,M,Green,41,3.4,False,True,Standard,Cash,90,4.06,166.46
1618,1618,9,49,Winter,M,Peach,64,4.3,False,True,Standard,Credit Card,14,26.07,1668.48
1619,1619,21,22,Summer,L,Purple,72,5.0,False,True,Standard,Debit Card,90,4.06,292.32
1620,1620,4,11,Winter,L,Beige,78,3.5,False,True,Store Pickup,Venmo,14,26.07,2033.46
1621,1621,5,46,Winter,M,Charcoal,47,3.1,False,True,2-Day Shipping,PayPal,90,4.06,190.82
1622,1622,7,35,Summer,L,Gray,46,3.9,False,True,2-Day Shipping,Debit Card,14,26.07,1199.22
1623,1623,15,25,Winter,S,Brown,43,4.0,False,True,Store Pickup,Bank Transfer,90,4.06,174.58
1624,1624,1,14,Summer,M,Cyan,58,3.5,False,True,Next Day Air,Debit Card,365,1.0,58.0
1625,1625,18,9,Winter,M,White,32,3.6,False,True,Free Shipping,PayPal,90,4.06,129.92
1626,1626,16,23,Winter,L,Beige,45,3.0,False,True,Next Day Air,PayPal,14,26.07,1173.15
1627,1627,23,28,Summer,L,Orange,35,2.6,False,True,Next Day Air,Credit Card,14,26.07,912.45
1628,1628,8,19,Winter,M,Olive,21,2.9,False,True,Next Day Air,Credit Card,365,1.0,21.0
1629,1629,10,21,Winter,S,Teal,64,3.1,False,True,Next Day Air,Cash,30,12.17,778.88
1630,1630,9,34,Spring,S,Silver,88,3.3,False,True,Next Day Air,Venmo,90,4.06,357.28
1631,1631,22,30,Summer,M,Gold,48,2.9,False,True,Store Pickup,Venmo,90,4.06,194.88
1632,1632,18,14,Summer,L,Violet,36,3.9,False,True,2-Day Shipping,Bank Transfer,14,26.07,938.52
1633,1633,3,37,Summer,S,White,28,4.7,False,True,2-Day Shipping,Debit Card,90,4.06,113.68
1634,1634,17,34,Spring,M,Peach,80,4.4,False,True,2-Day Shipping,Debit Card,14,26.07,2085.6
1635,1635,24,40,Summer,S,Orange,23,3.6,False,True,Store Pickup,Cash,90,4.06,93.38
1636,1636,8,33,Summer,L,Violet,24,3.2,False,True,Standard,Cash,365,1.0,24.0
1637,1637,20,34,Fall,L,Green,22,4.0,False,True,Free Shipping,Cash,14,26.07,573.54
1638,1638,10,21,Spring,M,Peach,21,3.5,False,True,Next Day Air,Venmo,14,26.07,547.47
1639,1639,25,42,Spring,M,Black,51,4.6,False,True,Free Shipping,Venmo,7,52.14,2659.14
1640,1640,3,25,Summer,L,Blue,65,3.3,False,True,Free Shipping,PayPal,365,1.0,65.0
1641,1641,7,42,Spring,S,Magenta,51,4.0,False,True,2-Day Shipping,PayPal,7,52.14,2659.14
1642,1642,11,6,Summer,L,Violet,32,3.4,False,True,Free Shipping,Bank Transfer,90,4.06,129.92
1643,1643,24,24,Spring,M,Beige,70,4.2,False,True,Store Pickup,PayPal,14,26.07,1824.9
1644,1644,7,35,Summer,L,Pink,77,3.9,False,True,2-Day Shipping,PayPal,30,12.17,937.09
1645,1645,24,33,Summer,S,Beige,90,3.9,False,True,Next Day Air,Debit Card,30,12.17,1095.3
1646,1646,7,35,Summer,L,Green,36,2.8,False,True,Standard,Venmo,90,4.06,146.16
1647,1647,4,27,Summer,S,Silver,77,3.7,False,True,Standard,Bank Transfer,90,4.06,312.62
1648,1648,20,11,Summer,M,Purple,78,4.9,False,True,Store Pickup,Debit Card,90,4.06,316.68
1649,1649,13,36,Summer,M,Gray,69,2.6,False,True,Express,Credit Card,30,12.17,839.73
1650,1650,19,49,Summer,M,White,63,4.9,False,True,Free Shipping,Credit Card,90,4.06,255.78
1651,1651,7,4,Winter,M,Silver,36,3.4,False,True,Next Day Air,Credit Card,14,26.07,938.52
1652,1652,24,43,Winter,M,Blue,80,3.9,False,True,Standard,Debit Card,30,12.17,973.6
1653,1653,18,31,Summer,M,Orange,35,4.0,False,True,Next Day Air,Bank Transfer,14,26.07,912.45
1654,1654,2,6,Winter,L,Silver,93,3.0,False,True,2-Day Shipping,Debit Card,14,26.07,2424.51
1655,1655,2,14,Spring,L,Gray,25,2.6,False,True,Store Pickup,Credit Card,90,4.06,101.5
1656,1656,18,3,Spring,L,Gold,81,3.2,False,True,Next Day Air,PayPal,30,12.17,985.77
1657,1657,9,14,Spring,L,Brown,42,2.6,False,True,2-Day Shipping,PayPal,90,4.06,170.52
1658,1658,16,14,Spring,L,Turquoise,36,3.2,False,True,Store Pickup,Debit Card,14,26.07,938.52
1659,1659,6,2,Spring,S,Pink,66,4.1,False,True,Store Pickup,Cash,7,52.14,3441.24
1660,1660,3,44,Fall,M,Black,37,3.9,False,True,Next Day Air,Venmo,365,1.0,37.0
1661,1661,19,18,Winter,L,Yellow,45,4.1,False,True,Standard,Venmo,30,12.17,547.65
1662,1662,3,15,Summer,S,Beige,86,2.7,False,True,2-Day Shipping,Debit Card,90,4.06,349.16
1663,1663,8,31,Winter,M,Olive,24,4.6,False,True,Free Shipping,Debit Card,14,26.07,625.68
1664,1664,14,19,Summer,XL,Gold,22,3.5,False,True,Standard,Cash,14,26.07,573.54
1665,1665,4,23,Spring,M,Purple,53,5.0,False,True,Next Day Air,PayPal,7,52.14,2763.42
1666,1666,25,31,Fall,L,Pink,41,3.4,False,True,Next Day Air,Venmo,30,12.17,498.97
1667,1667,16,4,Summer,M,Blue,64,3.1,False,True,Store Pickup,PayPal,365,1.0,64.0
1668,1668,4,36,Winter,L,Brown,40,3.4,False,True,2-Day Shipping,Bank Transfer,90,4.06,162.4
1669,1669,9,44,Summer,L,Charcoal,33,4.0,False,True,Standard,Debit Card,14,26.07,860.31
1670,1670,19,49,Winter,L,Maroon,59,2.7,False,True,Store Pickup,Bank Transfer,90,4.06,239.54
1671,1671,13,44,Fall,L,Cyan,73,3.6,False,True,Free Shipping,Cash,7,52.14,3806.22
1672,1672,11,44,Winter,M,Olive,22,4.0,False,True,Free Shipping,Bank Transfer,7,52.14,1147.08
1673,1673,20,40,Fall,L,Gold,73,3.8,False,True,Free Shipping,Venmo,90,4.06,296.38
1674,1674,9,11,Fall,M,Violet,62,3.4,False,True,Next Day Air,Venmo,14,26.07,1616.34
1675,1675,24,2,Winter,M,Peach,56,3.2,False,True,Free Shipping,Debit Card,14,26.07,1459.92
1676,1676,13,6,Spring,M,Beige,90,4.7,False,True,Next Day Air,Credit Card,365,1.0,90.0
1677,1677,8,48,Winter,M,Cyan,44,3.1,False,True,Next Day Air,Bank Transfer,7,52.14,2294.16
1678,1678,12,37,Summer,L,Silver,35,3.3,False,False,Next Day Air,Debit Card,7,52.14,1824.9
1679,1679,13,35,Summer,S,Magenta,71,4.8,False,False,2-Day Shipping,Venmo,14,26.07,1850.97
1680,1680,10,21,Fall,S,Black,52,4.5,False,False,Next Day Air,Debit Card,14,26.07,1355.64
1681,1681,22,18,Summer,M,Olive,37,3.4,False,False,Store Pickup,Credit Card,365,1.0,37.0
1682,1682,23,46,Winter,L,Green,95,3.7,False,False,2-Day Shipping,Credit Card,14,26.07,2476.65
1683,1683,17,32,Fall,M,Yellow,97,4.9,False,False,2-Day Shipping,Credit Card,14,26.07,2528.79
1684,1684,24,4,Spring,S,Lavender,57,3.5,False,False,Next Day Air,Venmo,90,4.06,231.42
1685,1685,14,31,Spring,M,Indigo,93,4.6,False,False,Standard,PayPal,7,52.14,4849.02
1686,1686,9,23,Winter,M,Pink,48,4.6,False,False,Standard,PayPal,14,26.07,1251.36
1687,1687,3,13,Fall,L,Red,75,4.2,False,False,Store Pickup,Cash,365,1.0,75.0
1688,1688,16,10,Winter,S,Magenta,70,3.7,False,False,Free Shipping,PayPal,365,1.0,70.0
1689,1689,4,24,Winter,S,Peach,26,3.0,False,False,Next Day Air,Venmo,14,26.07,677.82
1690,1690,14,33,Winter,L,Turquoise,73,4.6,False,False,Store Pickup,Bank Transfer,30,12.17,888.41
1691,1691,24,28,Summer,M,Black,30,3.2,False,False,Free Shipping,Cash,365,1.0,30.0
1692,1692,22,7,Summer,L,Blue,61,3.5,False,False,Next Day Air,Cash,365,1.0,61.0
1693,1693,4,44,Winter,M,Beige,75,2.6,False,False,Standard,Cash,14,26.07,1955.25
1694,1694,25,42,Fall,XL,Olive,88,4.9,False,False,Standard,Bank Transfer,14,26.07,2294.16
1695,1695,14,24,Summer,M,Turquoise,67,2.7,False,False,Express,Debit Card,14,26.07,1746.69
1696,1696,5,27,Fall,S,Yellow,95,4.7,False,False,2-Day Shipping,PayPal,14,26.07,2476.65
1697,1697,8,48,Spring,S,Turquoise,69,4.0,False,False,Free Shipping,Credit Card,14,26.07,1798.83
1698,1698,14,40,Fall,L,Lavender,87,3.5,False,False,Next Day Air,Credit Card,90,4.06,353.22
1699,1699,2,15,Winter,XL,Turquoise,41,4.8,False,False,Standard,Bank Transfer,90,4.06,166.46
1700,1700,18,34,Spring,L,Teal,67,4.0,False,False,Free Shipping,Debit Card,365,1.0,67.0
1701,1701,11,48,Fall,L,Black,70,4.1,False,False,Express,Bank Transfer,30,12.17,851.9
1702,1702,4,24,Winter,XL,Blue,41,3.8,False,False,Next Day Air,Debit Card,90,4.06,166.46
1703,1703,12,1,Summer,XL,Yellow,83,5.0,False,False,Express,Bank Transfer,7,52.14,4327.62
1704,1704,1,5,Spring,M,Black,22,4.0,False,False,Next Day Air,Bank Transfer,365,1.0,22.0
1705,1705,23,12,Summer,M,Lavender,20,3.9,False,False,Store Pickup,Cash,90,4.06,81.2
1706,1706,6,41,Summer,L,Cyan,29,3.4,False,False,2-Day Shipping,Venmo,14,26.07,756.03
1707,1707,8,34,Spring,M,Brown,87,3.0,False,False,Standard,Venmo,14,26.07,2268.09
1708,1708,15,28,Fall,L,Maroon,81,4.9,False,False,2-Day Shipping,Cash,14,26.07,2111.67
1709,1709,20,9,Spring,L,Cyan,58,3.2,False,False,Express,Credit Card,90,4.06,235.48
1710,1710,16,14,Winter,M,Pink,83,3.8,False,False,Standard,Bank Transfer,365,1.0,83.0
1711,1711,13,4,Fall,XL,Orange,59,3.8,False,False,Store Pickup,Credit Card,90,4.06,239.54
1712,1712,19,33,Spring,M,Lavender,93,4.7,False,False,Express,Credit Card,30,12.17,1131.81
1713,1713,19,13,Fall,S,Beige,87,3.8,False,False,2-Day Shipping,Cash,14,26.07,2268.09
1714,1714,25,25,Winter,M,Pink,22,4.6,False,False,Free Shipping,PayPal,90,4.06,89.32
1715,1715,12,41,Summer,S,Charcoal,71,4.4,False,False,Standard,Cash,30,12.17,864.07
1716,1716,10,12,Spring,XL,Gray,69,3.4,False,False,2-Day Shipping,PayPal,14,26.07,1798.83
1717,1717,9,7,Winter,M,Cyan,47,4.7,False,False,Standard,Cash,90,4.06,190.82
1718,1718,11,11,Summer,L,Orange,50,2.9,False,False,Express,Debit Card,14,26.07,1303.5
1719,1719,19,20,Winter,L,Pink,96,3.4,False,False,2-Day Shipping,PayPal,90,4.06,389.76
1720,1720,18,20,Winter,M,White,39,3.2,False,False,Free Shipping,Venmo,90,4.06,158.34
1721,1721,15,21,Winter,S,Beige,84,2.8,False,False,Express,Debit Card,14,26.07,2189.88
1722,1722,6,8,Spring,S,Magenta,28,4.3,False,False,Free Shipping,Credit Card,30,12.17,340.76
1723,1723,19,21,Summer,L,Violet,51,3.3,False,False,Standard,Cash,14,26.07,1329.57
1724,1724,7,32,Spring,XL,Gold,20,3.3,False,False,Standard,PayPal,365,1.0,20.0
1725,1725,22,8,Winter,S,Teal,72,3.3,False,False,Free Shipping,PayPal,7,52.14,3754.08
1726,1726,8,21,Spring,M,Indigo,33,3.0,False,False,Next Day Air,Venmo,90,4.06,133.98
1727,1727,24,14,Summer,S,Olive,28,2.8,False,False,Express,Debit Card,7,52.14,1459.92
1728,1728,9,46,Spring,S,Violet,53,4.0,False,False,Express,PayPal,30,12.17,645.01
1729,1729,12,50,Fall,L,Black,48,4.3,False,False,Express,Debit Card,90,4.06,194.88
1730,1730,15,13,Winter,M,Brown,21,3.8,False,False,Store Pickup,Venmo,14,26.07,547.47
1731,1731,14,1,Fall,S,Silver,22,4.2,False,False,Free Shipping,Credit Card,7,52.14,1147.08
1732,1732,1,12,Fall,M,Gray,87,3.1,False,False,Next Day Air,Cash,30,12.17,1058.79
1733,1733,2,39,Winter,S,Charcoal,50,2.6,False,False,Free Shipping,Cash,90,4.06,203.0
1734,1734,9,32,Summer,L,Black,85,3.4,False,False,Express,Credit Card,365,1.0,85.0
1735,1735,12,25,Spring,L,Brown,98,3.1,False,False,Next Day Air,PayPal,90,4.06,397.88
1736,1736,10,43,Winter,M,Purple,34,3.6,False,False,Express,Venmo,365,1.0,34.0
1737,1737,15,42,Summer,M,Purple,61,2.6,False,False,2-Day Shipping,Cash,90,4.06,247.66
1738,1738,6,35,Summer,L,Gray,98,4.2,False,False,Store Pickup,Venmo,14,26.07,2554.86
1739,1739,4,42,Spring,M,Green,61,2.9,False,False,2-Day Shipping,Credit Card,7,52.14,3180.54
1740,1740,6,23,Winter,L,Silver,98,4.2,False,False,Express,Cash,7,52.14,5109.72
1741,1741,13,49,Fall,L,Charcoal,21,3.3,False,False,Next Day Air,Bank Transfer,90,4.06,85.26
1742,1742,13,8,Winter,XL,Teal,51,3.6,False,False,Next Day Air,Bank Transfer,30,12.17,620.67
1743,1743,21,16,Spring,XL,White,80,4.3,False,False,Express,Venmo,90,4.06,324.8
1744,1744,16,25,Winter,XL,Brown,72,3.3,False,False,Standard,Bank Transfer,7,52.14,3754.08
1745,1745,8,22,Winter,L,Teal,63,3.0,False,False,Standard,PayPal,7,52.14,3284.82
1746,1746,16,48,Winter,L,Red,27,3.6,False,False,Store Pickup,Cash,7,52.14,1407.78
1747,1747,4,1,Summer,L,Brown,44,3.1,False,False,Store Pickup,Bank Transfer,14,26.07,1147.08
1748,1748,24,29,Winter,M,Yellow,23,2.9,False,False,Express,Venmo,90,4.06,93.38
1749,1749,16,26,Winter,L,Teal,93,3.9,False,False,2-Day Shipping,Bank Transfer,365,1.0,93.0
1750,1750,11,50,Fall,L,Pink,70,3.2,False,False,2-Day Shipping,Debit Card,90,4.06,284.2
1751,1751,8,25,Fall,M,White,85,3.1,False,False,Express,Venmo,90,4.06,345.1
1752,1752,18,35,Winter,M,Silver,40,3.2,False,False,2-Day Shipping,Cash,365,1.0,40.0
1753,1753,20,41,Winter,L,Blue,29,3.3,False,False,Store Pickup,Venmo,90,4.06,117.74
1754,1754,16,6,Fall,L,Black,27,4.8,False,False,Next Day Air,Credit Card,14,26.07,703.89
1755,1755,10,21,Fall,S,Beige,93,3.8,False,False,2-Day Shipping,Credit Card,14,26.07,2424.51
1756,1756,2,8,Spring,XL,Charcoal,20,4.6,False,False,Next Day Air,Cash,30,12.17,243.4
1757,1757,6,29,Fall,S,Cyan,55,2.8,False,False,Free Shipping,Bank Transfer,7,52.14,2867.7
1758,1758,10,22,Fall,L,Yellow,94,3.6,False,False,Standard,Debit Card,365,1.0,94.0
1759,1759,5,38,Winter,M,Silver,56,4.3,False,False,Free Shipping,Venmo,14,26.07,1459.92
1760,1760,18,18,Spring,L,Green,58,4.0,False,False,Next Day Air,PayPal,7,52.14,3024.12
1761,1761,16,23,Spring,XL,Peach,44,3.5,False,False,Standard,PayPal,7,52.14,2294.16
1762,1762,11,11,Fall,S,Green,95,4.9,False,False,2-Day Shipping,Cash,7,52.14,4953.3
1763,1763,21,12,Summer,M,Brown,42,3.1,False,False,Express,Bank Transfer,14,26.07,1094.94
1764,1764,6,45,Winter,M,Lavender,93,3.9,False,False,Store Pickup,PayPal,365,1.0,93.0
1765,1765,10,8,Summer,M,Charcoal,56,3.0,False,False,Store Pickup,Venmo,90,4.06,227.36
1766,1766,11,31,Spring,M,Orange,88,4.1,False,False,2-Day Shipping,Venmo,90,4.06,357.28
1767,1767,18,2,Winter,S,Cyan,54,4.3,False,False,2-Day Shipping,Cash,14,26.07,1407.78
1768,1768,6,23,Fall,L,Lavender,89,3.8,False,False,2-Day Shipping,Debit Card,14,26.07,2320.23
1769,1769,21,27,Summer,M,Indigo,45,3.9,False,False,2-Day Shipping,PayPal,90,4.06,182.7
1770,1770,17,2,Winter,L,Brown,75,4.3,False,False,Free Shipping,Cash,30,12.17,912.75
1771,1771,1,22,Fall,M,Pink,22,4.3,False,False,Express,Bank Transfer,7,52.14,1147.08
1772,1772,14,14,Fall,XL,Turquoise,82,4.7,False,False,Store Pickup,Credit Card,365,1.0,82.0
1773,1773,22,11,Summer,M,Gold,34,3.1,False,False,2-Day Shipping,Bank Transfer,365,1.0,34.0
1774,1774,24,48,Summer,M,Blue,92,2.7,False,False,Free Shipping,PayPal,365,1.0,92.0
1775,1775,18,32,Spring,M,Lavender,78,3.7,False,False,Express,PayPal,7,52.14,4066.92
1776,1776,25,15,Spring,M,Violet,47,3.3,False,False,2-Day Shipping,Cash,14,26.07,1225.29
1777,1777,25,3,Summer,L,Cyan,64,3.4,False,False,Free Shipping,Venmo,90,4.06,259.84
1778,1778,23,23,Winter,L,Purple,44,4.7,False,False,Free Shipping,Cash,14,26.07,1147.08
1779,1779,2,43,Winter,M,Red,94,4.9,False,False,Store Pickup,Debit Card,14,26.07,2450.58
1780,1780,7,46,Winter,M,Charcoal,62,4.3,False,False,Free Shipping,Venmo,7,52.14,3232.68
1781,1781,6,34,Summer,S,Gray,81,4.2,False,False,Next Day Air,Credit Card,7,52.14,4223.34
1782,1782,19,15,Fall,M,Pink,33,3.7,False,False,Express,Bank Transfer,90,4.06,133.98
1783,1783,13,44,Fall,M,Lavender,88,2.7,False,False,Next Day Air,Bank Transfer,14,26.07,2294.16
1784,1784,4,35,Winter,L,Lavender,49,3.3,False,False,Free Shipping,Credit Card,30,12.17,596.33
1785,1785,1,18,Summer,L,Yellow,31,4.8,False,False,Standard,Debit Card,90,4.06,125.86
1786,1786,3,15,Fall,S,Peach,29,4.1,False,False,Next Day Air,Venmo,30,12.17,352.93
1787,1787,25,20,Spring,M,Brown,34,4.6,False,False,2-Day Shipping,Venmo,30,12.17,413.78
1788,1788,18,26,Fall,L,Gold,38,4.9,False,False,2-Day Shipping,Bank Transfer,90,4.06,154.28
1789,1789,9,13,Summer,L,Pink,41,3.1,False,False,Store Pickup,Cash,14,26.07,1068.87
1790,1790,9,3,Spring,L,Peach,34,3.0,False,False,2-Day Shipping,Debit Card,90,4.06,138.04
1791,1791,3,33,Summer,S,Violet,26,3.7,False,False,Store Pickup,PayPal,14,26.07,677.82
1792,1792,12,26,Winter,S,Purple,98,4.0,False,False,Store Pickup,Cash,365,1.0,98.0
1793,1793,23,15,Fall,M,Peach,59,3.0,False,False,Express,Debit Card,90,4.06,239.54
1794,1794,5,15,Fall,S,White,92,3.8,False,False,Store Pickup,Cash,90,4.06,373.52
1795,1795,1,35,Spring,L,Indigo,40,3.7,False,False,Express,Debit Card,14,26.07,1042.8
1796,1796,12,49,Fall,S,Violet,20,4.0,False,False,2-Day Shipping,Debit Card,14,26.07,521.4
1797,1797,16,40,Spring,S,Brown,35,3.1,False,False,Store Pickup,Venmo,7,52.14,1824.9
1798,1798,2,37,Spring,L,Maroon,35,3.9,False,False,2-Day Shipping,Venmo,7,52.14,1824.9
1799,1799,10,34,Winter,L,Magenta,82,3.7,False,False,Express,Cash,7,52.14,4275.48
1800,1800,11,5,Fall,M,Charcoal,48,3.9,False,False,Express,Venmo,7,52.14,2502.72
1801,1801,24,24,Winter,XL,Indigo,58,2.7,False,False,Express,Credit Card,7,52.14,3024.12
1802,1802,18,30,Spring,M,Turquoise,57,3.9,False,False,Express,Debit Card,14,26.07,1485.99
1803,1803,15,39,Winter,L,Turquoise,96,2.6,False,False,Store Pickup,Venmo,14,26.07,2502.72
1804,1804,23,29,Summer,S,Gray,97,3.5,False,False,Free Shipping,Venmo,14,26.07,2528.79
1805,1805,18,18,Winter,L,Peach,42,4.4,False,False,Next Day Air,Credit Card,7,52.14,2189.88
1806,1806,19,3,Spring,L,Gold,62,4.9,False,False,Store Pickup,Debit Card,7,52.14,3232.68
1807,1807,4,39,Fall,M,Green,67,3.9,False,False,Standard,Venmo,365,1.0,67.0
1808,1808,23,45,Summer,L,Gold,46,3.5,False,False,Standard,Venmo,14,26.07,1199.22
1809,1809,25,42,Spring,M,Lavender,71,4.3,False,False,Next Day Air,Debit Card,30,12.17,864.07
1810,1810,1,2,Fall,S,Blue,99,3.4,False,False,Free Shipping,Debit Card,14,26.07,2580.93
1811,1811,12,20,Fall,M,Magenta,28,2.7,False,False,Standard,Cash,14,26.07,729.96
1812,1812,2,49,Summer,L,Blue,77,3.6,False,False,Standard,Bank Transfer,365,1.0,77.0
1813,1813,20,28,Summer,S,Blue,63,4.9,False,False,Express,PayPal,14,26.07,1642.41
1814,1814,15,13,Spring,M,Olive,62,3.5,False,False,Free Shipping,PayPal,7,52.14,3232.68
1815,1815,12,26,Summer,M,White,92,3.8,False,False,Free Shipping,Cash,90,4.06,373.52
1816,1816,22,31,Winter,L,White,72,4.5,False,False,2-Day Shipping,Credit Card,90,4.06,292.32
1817,1817,5,46,Summer,M,Purple,79,4.0,False,False,Express,Cash,7,52.14,4119.06
1818,1818,19,8,Summer,M,White,27,4.7,False,False,Free Shipping,Cash,7,52.14,1407.78
1819,1819,8,33,Fall,M,White,39,3.8,False,False,Express,Debit Card,90,4.06,158.34
1820,1820,17,28,Spring,S,Peach,86,4.5,False,False,Next Day Air,Cash,90,4.06,349.16
1821,1821,14,47,Fall,XL,Gold,94,5.0,False,False,Express,PayPal,30,12.17,1143.98
1822,1822,15,19,Spring,M,Teal,53,2.8,False,False,Express,PayPal,90,4.06,215.18
1823,1823,14,7,Summer,S,Cyan,85,4.4,False,False,Standard,Cash,365,1.0,85.0
1824,1824,17,18,Fall,L,Pink,50,4.7,False,False,Free Shipping,Bank Transfer,14,26.07,1303.5
1825,1825,13,13,Winter,XL,Magenta,47,3.8,False,False,Express,Cash,30,12.17,571.99
1826,1826,20,41,Winter,M,Pink,75,4.9,False,False,Next Day Air,Credit Card,7,52.14,3910.5
1827,1827,19,14,Winter,M,Turquoise,60,4.2,False,False,Express,Debit Card,365,1.0,60.0
1828,1828,19,45,Spring,S,Pink,36,4.9,False,False,2-Day Shipping,Bank Transfer,7,52.14,1877.04
1829,1829,24,29,Spring,L,Gray,80,3.9,False,False,Express,Cash,90,4.06,324.8
1830,1830,5,37,Spring,M,White,96,4.9,False,False,2-Day Shipping,Credit Card,90,4.06,389.76
1831,1831,8,16,Winter,M,Blue,80,4.8,False,False,Express,Venmo,365,1.0,80.0
1832,1832,9,19,Summer,M,Cyan,71,3.3,False,False,Free Shipping,Bank Transfer,90,4.06,288.26
1833,1833,6,18,Fall,M,Blue,29,4.6,False,False,Free Shipping,Cash,30,12.17,352.93
1834,1834,6,18,Spring,M,Yellow,53,4.5,False,False,2-Day Shipping,PayPal,14,26.07,1381.71
1835,1835,16,14,Summer,M,Charcoal,35,4.1,False,False,2-Day Shipping,Venmo,14,26.07,912.45
1836,1836,7,17,Fall,M,Lavender,75,3.2,False,False,2-Day Shipping,Credit Card,90,4.06,304.5
1837,1837,13,40,Fall,M,Teal,52,4.2,False,False,2-Day Shipping,Credit Card,30,12.17,632.84
1838,1838,5,26,Winter,M,Beige,77,4.8,False,False,Free Shipping,Venmo,30,12.17,937.09
1839,1839,3,45,Fall,L,Blue,24,4.1,False,False,Next Day Air,Credit Card,90,4.06,97.44
1840,1840,14,24,Winter,XL,Purple,78,3.7,False,False,Store Pickup,Cash,365,1.0,78.0
1841,1841,21,50,Winter,M,Gold,98,2.6,False,False,Store Pickup,Bank Transfer,90,4.06,397.88
1842,1842,17,45,Winter,L,Blue,57,3.0,False,False,Standard,PayPal,90,4.06,231.42
1843,1843,4,1,Summer,M,Black,78,4.4,False,False,Express,Debit Card,365,1.0,78.0
1844,1844,25,17,Fall,M,Charcoal,76,4.7,False,False,Next Day Air,Credit Card,30,12.17,924.92
1845,1845,15,41,Spring,M,Purple,26,2.7,False,False,2-Day Shipping,Credit Card,365,1.0,26.0
1846,1846,21,8,Winter,M,Orange,78,2.8,False,False,2-Day Shipping,Bank Transfer,90,4.06,316.68
1847,1847,7,49,Summer,M,Yellow,53,2.9,False,False,Standard,Venmo,90,4.06,215.18
1848,1848,21,3,Summer,XL,Cyan,100,4.4,False,False,Free Shipping,Credit Card,7,52.14,5214.0
1849,1849,12,19,Winter,XL,Yellow,73,2.7,False,False,Express,Cash,90,4.06,296.38
1850,1850,16,31,Winter,M,Maroon,40,4.5,False,False,Store Pickup,Bank Transfer,30,12.17,486.8
1851,1851,3,50,Winter,S,Black,76,2.8,False,False,Store Pickup,Debit Card,7,52.14,3962.64
1852,1852,16,8,Fall,S,Lavender,80,3.1,False,False,Free Shipping,Bank Transfer,14,26.07,2085.6
1853,1853,18,38,Winter,XL,Violet,80,3.8,False,False,Store Pickup,Cash,7,52.14,4171.2
1854,1854,9,34,Spring,XL,Olive,67,2.9,False,False,Express,PayPal,14,26.07,1746.69
1855,1855,18,17,Spring,M,Teal,61,3.8,False,False,Express,Credit Card,365,1.0,61.0
1856,1856,14,39,Spring,XL,Teal,76,4.7,False,False,Standard,Cash,365,1.0,76.0
1857,1857,6,3,Summer,XL,Beige,55,3.2,False,False,Free Shipping,PayPal,14,26.07,1433.85
1858,1858,19,6,Summer,L,Maroon,85,4.0,False,False,Next Day Air,Cash,30,12.17,1034.45
1859,1859,7,19,Spring,S,Peach,69,4.9,False,False,2-Day Shipping,Debit Card,365,1.0,69.0
1860,1860,2,30,Summer,L,Beige,26,3.7,False,False,Store Pickup,Debit Card,14,26.07,677.82
1861,1861,19,16,Summer,M,Silver,64,4.8,False,False,Next Day Air,Credit Card,30,12.17,778.88
1862,1862,23,41,Fall,S,Peach,60,3.6,False,False,Standard,Debit Card,30,12.17,730.2
1863,1863,3,29,Winter,M,Turquoise,36,4.6,False,False,Express,PayPal,14,26.07,938.52
1864,1864,21,7,Spring,L,Orange,21,4.3,False,False,2-Day Shipping,Debit Card,30,12.17,255.57
1865,1865,1,50,Fall,S,Cyan,72,3.2,False,False,2-Day Shipping,Venmo,90,4.06,292.32
1866,1866,13,25,Summer,S,Silver,62,3.8,False,False,Store Pickup,Bank Transfer,30,12.17,754.54
1867,1867,19,2,Winter,XL,Gold,44,4.2,False,False,Standard,Credit Card,14,26.07,1147.08
1868,1868,16,8,Fall,M,Brown,52,3.4,False,False,2-Day Shipping,Venmo,90,4.06,211.12
1869,1869,3,14,Spring,M,Silver,58,4.7,False,False,Next Day Air,Cash,14,26.07,1512.06
1870,1870,9,48,Spring,S,Beige,77,3.9,False,False,2-Day Shipping,Debit Card,90,4.06,312.62
1871,1871,9,50,Spring,L,Violet,99,4.3,False,False,Store Pickup,Debit Card,14,26.07,2580.93
1872,1872,12,13,Fall,XL,Violet,96,2.7,False,False,Standard,Cash,90,4.06,389.76
1873,1873,19,2,Summer,M,Lavender,64,4.6,False,False,Standard,Credit Card,30,12.17,778.88
1874,1874,18,49,Fall,XL,Red,44,2.9,False,False,Express,Bank Transfer,7,52.14,2294.16
1875,1875,13,14,Fall,L,Purple,33,3.6,False,False,Free Shipping,Cash,7,52.14,1720.62
1876,1876,20,42,Winter,M,Brown,71,3.9,False,False,Next Day Air,Credit Card,90,4.06,288.26
1877,1877,16,13,Fall,M,Gray,36,2.6,False,False,Standard,Venmo,90,4.06,146.16
1878,1878,3,38,Fall,L,Pink,62,3.6,False,False,Express,Credit Card,365,1.0,62.0
1879,1879,17,36,Summer,L,Magenta,29,3.4,False,False,Store Pickup,Credit Card,30,12.17,352.93
1880,1880,19,42,Spring,L,Charcoal,33,3.5,False,False,Express,Cash,14,26.07,860.31
1881,1881,9,30,Fall,L,Yellow,33,3.1,False,False,2-Day Shipping,Debit Card,30,12.17,401.61
1882,1882,9,30,Winter,M,Red,41,4.3,False,False,Standard,Cash,14,26.07,1068.87
1883,1883,7,42,Winter,L,Blue,54,5.0,False,False,Store Pickup,Bank Transfer,90,4.06,219.24
1884,1884,1,10,Spring,M,Cyan,58,4.9,False,False,Store Pickup,Debit Card,14,26.07,1512.06
1885,1885,15,3,Summer,S,Pink,30,4.3,False,False,Next Day Air,Bank Transfer,14,26.07,782.1
1886,1886,6,28,Winter,S,Maroon,53,4.4,False,False,Standard,Cash,30,12.17,645.01
1887,1887,3,4,Spring,L,Beige,91,4.4,False,False,Next Day Air,Cash,14,26.07,2372.37
1888,1888,11,34,Fall,XL,Gold,44,3.5,False,False,Express,PayPal,30,12.17,535.48
1889,1889,11,41,Winter,XL,Turquoise,89,3.4,False,False,Free Shipping,Credit Card,7,52.14,4640.46
1890,1890,16,33,Spring,L,Peach,57,2.5,False,False,Next Day Air,Bank Transfer,7,52.14,2971.98
1891,1891,8,11,Spring,M,Lavender,57,3.4,False,False,Store Pickup,Credit Card,7,52.14,2971.98
1892,1892,6,29,Summer,M,Gray,74,2.6,False,False,Next Day Air,Debit Card,90,4.06,300.44
1893,1893,25,5,Fall,M,Blue,30,4.6,False,False,2-Day Shipping,Venmo,7,52.14,1564.2
1894,1894,10,8,Summer,L,Red,20,3.7,False,False,Express,PayPal,14,26.07,521.4
1895,1895,11,3,Fall,M,Purple,90,2.5,False,False,Free Shipping,Debit Card,14,26.07,2346.3
1896,1896,12,47,Fall,L,Indigo,61,4.5,False,False,Express,Debit Card,30,12.17,742.37
1897,1897,21,28,Fall,M,Gold,51,2.9,False,False,Standard,Venmo,30,12.17,620.67
1898,1898,8,2,Winter,L,Teal,97,2.9,False,False,Free Shipping,Debit Card,14,26.07,2528.79
1899,1899,13,43,Fall,L,Magenta,97,3.5,False,False,Next Day Air,Venmo,30,12.17,1180.49
1900,1900,15,32,Winter,L,Maroon,40,4.2,False,False,Store Pickup,PayPal,7,52.14,2085.6
1901,1901,6,15,Summer,S,Blue,85,3.3,False,False,Free Shipping,Cash,90,4.06,345.1
1902,1902,17,3,Winter,S,Beige,76,3.9,False,False,Store Pickup,Cash,90,4.06,308.56
1903,1903,21,31,Spring,S,Olive,22,5.0,False,False,Store Pickup,Venmo,30,12.17,267.74
1904,1904,13,33,Summer,M,Gold,63,3.3,False,False,Standard,Bank Transfer,7,52.14,3284.82
1905,1905,19,28,Spring,S,Silver,71,4.2,False,False,Free Shipping,Cash,30,12.17,864.07
1906,1906,20,12,Summer,M,Teal,35,4.9,False,False,2-Day Shipping,Bank Transfer,14,26.07,912.45
1907,1907,1,45,Spring,M,Green,30,4.6,False,False,2-Day Shipping,PayPal,14,26.07,782.1
1908,1908,16,31,Fall,L,Orange,74,4.8,False,False,Store Pickup,Credit Card,90,4.06,300.44
1909,1909,7,10,Winter,XL,Charcoal,71,2.7,False,False,Next Day Air,Debit Card,14,26.07,1850.97
1910,1910,18,17,Spring,S,Black,84,4.3,False,False,Store Pickup,Credit Card,30,12.17,1022.28
1911,1911,21,32,Fall,S,Yellow,38,3.8,False,False,Express,Debit Card,90,4.06,154.28
1912,1912,6,3,Spring,M,Gray,81,4.9,False,False,Express,Debit Card,14,26.07,2111.67
1913,1913,18,6,Winter,S,Charcoal,56,3.4,False,False,2-Day Shipping,Credit Card,14,26.07,1459.92
1914,1914,16,17,Winter,M,Peach,48,3.6,False,False,Express,Cash,365,1.0,48.0
1915,1915,15,2,Fall,L,Green,97,3.4,False,False,Standard,Credit Card,14,26.07,2528.79
1916,1916,1,1,Fall,M,Magenta,74,4.7,False,False,2-Day Shipping,Cash,7,52.14,3858.36
1917,1917,11,7,Winter,S,Beige,50,3.0,False,False,Next Day Air,Debit Card,14,26.07,1303.5
1918,1918,16,11,Winter,L,Black,71,3.4,False,False,Free Shipping,PayPal,14,26.07,1850.97
1919,1919,16,12,Summer,S,Purple,33,4.6,False,False,Standard,Debit Card,30,12.17,401.61
1920,1920,1,46,Summer,M,Olive,56,3.1,False,False,Express,PayPal,14,26.07,1459.92
1921,1921,9,7,Spring,M,Purple,84,2.8,False,False,Standard,Cash,90,4.06,341.04
1922,1922,14,22,Fall,M,Green,36,3.5,False,False,Store Pickup,Venmo,365,1.0,36.0
1923,1923,3,17,Summer,S,Peach,63,4.6,False,False,Standard,PayPal,30,12.17,766.71
1924,1924,21,27,Summer,XL,Blue,36,4.3,False,False,Standard,Cash,365,1.0,36.0
1925,1925,25,22,Fall,M,Gray,63,4.8,False,False,Free Shipping,PayPal,90,4.06,255.78
1926,1926,23,44,Winter,L,Black,32,2.9,False,False,Express,Credit Card,14,26.07,834.24
1927,1927,1,31,Spring,M,Silver,93,3.0,False,False,Express,PayPal,365,1.0,93.0
1928,1928,13,9,Summer,M,Pink,29,2.9,False,False,Standard,Cash,90,4.06,117.74
1929,1929,8,24,Summer,S,Lavender,92,3.7,False,False,Standard,PayPal,7,52.14,4796.88
1930,1930,12,11,Fall,L,Brown,33,4.7,False,False,Standard,Venmo,90,4.06,133.98
1931,1931,13,33,Spring,L,Turquoise,52,3.5,False,False,Store Pickup,Cash,7,52.14,2711.28
1932,1932,6,13,Spring,S,Olive,42,2.7,False,False,Store Pickup,Debit Card,90,4.06,170.52
1933,1933,11,20,Spring,M,White,36,5.0,False,False,Free Shipping,Credit Card,90,4.06,146.16
1934,1934,21,26,Summer,L,Violet,67,4.1,False,False,Next Day Air,Venmo,365,1.0,67.0
1935,1935,25,22,Winter,L,Gold,43,2.7,False,False,Free Shipping,Bank Transfer,365,1.0,43.0
1936,1936,9,33,Spring,XL,Violet,68,4.8,False,False,Free Shipping,Cash,14,26.07,1772.76
1937,1937,6,23,Summer,S,Teal,60,4.3,False,False,2-Day Shipping,PayPal,90,4.06,243.6
1938,1938,17,8,Summer,M,Olive,53,4.5,False,False,2-Day Shipping,Bank Transfer,30,12.17,645.01
1939,1939,12,17,Spring,L,Blue,23,3.8,False,False,Standard,Debit Card,14,26.07,599.61
1940,1940,3,35,Winter,L,Magenta,57,3.7,False,False,Store Pickup,PayPal,90,4.06,231.42
1941,1941,5,2,Fall,L,Gray,89,3.9,False,False,2-Day Shipping,PayPal,14,26.07,2320.23
1942,1942,22,45,Winter,XL,Peach,99,3.3,False,False,Standard,Credit Card,90,4.06,401.94
1943,1943,13,1,Fall,M,Cyan,28,3.4,False,False,Express,PayPal,30,12.17,340.76
1944,1944,17,49,Summer,L,Violet,53,3.8,False,False,Next Day Air,Cash,365,1.0,53.0
1945,1945,11,4,Winter,M,Gold,45,2.7,False,False,Free Shipping,Cash,90,4.06,182.7
1946,1946,11,10,Winter,M,Gold,38,2.9,False,False,2-Day Shipping,Credit Card,90,4.06,154.28
1947,1947,13,18,Summer,M,White,49,4.5,False,False,Standard,Credit Card,90,4.06,198.94
1948,1948,14,32,Summer,M,Gray,32,2.6,False,False,Store Pickup,PayPal,30,12.17,389.44
1949,1949,19,7,Winter,L,Brown,37,3.1,False,False,Next Day Air,PayPal,14,26.07,964.59
1950,1950,10,27,Winter,L,Gray,80,4.7,False,False,Store Pickup,PayPal,90,4.06,324.8
1951,1951,1,4,Summer,L,Blue,78,4.6,False,False,Free Shipping,PayPal,90,4.06,316.68
1952,1952,3,7,Summer,L,Gold,53,2.7,False,False,Next Day Air,Bank Transfer,14,26.07,1381.71
1953,1953,22,20,Summer,L,Yellow,82,4.6,False,False,2-Day Shipping,Cash,14,26.07,2137.74
1954,1954,16,6,Spring,XL,Green,33,4.8,False,False,Standard,PayPal,14,26.07,860.31
1955,1955,3,6,Winter,M,Pink,77,4.2,False,False,Free Shipping,Venmo,90,4.06,312.62
1956,1956,11,19,Winter,M,Pink,56,4.9,False,False,Express,Cash,30,12.17,681.52
1957,1957,17,36,Winter,M,Pink,37,4.9,False,False,Express,Credit Card,14,26.07,964.59
1958,1958,3,40,Spring,M,Cyan,54,4.5,False,False,Store Pickup,Cash,14,26.07,1407.78
1959,1959,15,28,Winter,M,Gray,67,2.7,False,False,Store Pickup,Cash,90,4.06,272.02
1960,1960,22,6,Fall,M,White,90,3.1,False,False,Store Pickup,Credit Card,90,4.06,365.4
1961,1961,12,21,Summer,L,Red,72,3.3,False,False,2-Day Shipping,Credit Card,365,1.0,72.0
1962,1962,20,28,Summer,L,Black,59,2.6,False,False,Free Shipping,Debit Card,90,4.06,239.54
1963,1963,5,15,Fall,M,Silver,45,4.4,False,False,Standard,PayPal,14,26.07,1173.15
1964,1964,15,22,Spring,L,Pink,30,3.9,False,False,Standard,Credit Card,7,52.14,1564.2
1965,1965,13,48,Summer,S,Cyan,51,4.6,False,False,Express,Debit Card,30,12.17,620.67
1966,1966,18,14,Fall,M,White,90,4.9,False,False,Express,Debit Card,90,4.06,365.4
1967,1967,25,14,Winter,XL,Purple,95,3.7,False,False,Express,Credit Card,14,26.07,2476.65
1968,1968,10,10,Fall,L,Yellow,81,3.7,False,False,Standard,Venmo,365,1.0,81.0
1969,1969,14,23,Spring,S,Blue,70,4.2,False,False,Standard,Credit Card,7,52.14,3649.8
1970,1970,10,18,Winter,S,Cyan,32,3.5,False,False,Next Day Air,Bank Transfer,14,26.07,834.24
1971,1971,2,20,Spring,M,Indigo,94,2.9,False,False,Next Day Air,Credit Card,14,26.07,2450.58
1972,1972,5,38,Spring,XL,Indigo,29,3.4,False,False,Next Day Air,Venmo,30,12.17,352.93
1973,1973,1,18,Summer,M,Silver,31,3.3,False,False,Express,PayPal,90,4.06,125.86
1974,1974,16,20,Fall,XL,Red,20,4.5,False,False,Standard,Venmo,90,4.06,81.2
1975,1975,3,42,Winter,M,Peach,44,4.6,False,False,2-Day Shipping,PayPal,14,26.07,1147.08
1976,1976,25,13,Fall,L,Turquoise,77,2.9,False,False,Express,Cash,90,4.06,312.62
1977,1977,4,50,Spring,M,Pink,51,3.2,False,False,Next Day Air,PayPal,14,26.07,1329.57
1978,1978,21,9,Summer,M,Teal,49,2.6,False,False,Free Shipping,Bank Transfer,365,1.0,49.0
1979,1979,8,21,Spring,L,Magenta,78,3.8,False,False,Store Pickup,Cash,90,4.06,316.68
1980,1980,12,42,Spring,L,Blue,98,2.8,False,False,Store Pickup,Debit Card,14,26.07,2554.86
1981,1981,21,15,Winter,M,Green,94,4.4,False,False,Store Pickup,PayPal,14,26.07,2450.58
1982,1982,22,22,Summer,L,Violet,91,4.7,False,False,Express,PayPal,90,4.06,369.46
1983,1983,8,16,Summer,M,Turquoise,77,2.7,False,False,2-Day Shipping,PayPal,30,12.17,937.09
1984,1984,7,10,Summer,M,Pink,97,2.6,False,False,Next Day Air,Debit Card,90,4.06,393.82
1985,1985,16,48,Summer,M,Black,58,3.4,False,False,2-Day Shipping,PayPal,14,26.07,1512.06
1986,1986,3,42,Spring,M,Gold,97,3.9,False,False,2-Day Shipping,Credit Card,14,26.07,2528.79
1987,1987,24,4,Summer,L,Green,48,3.4,False,False,2-Day Shipping,Venmo,90,4.06,194.88
1988,1988,2,45,Summer,XL,White,23,3.4,False,False,Express,Cash,90,4.06,93.38
1989,1989,13,46,Winter,M,Gold,79,3.9,False,False,Free Shipping,Bank Transfer,7,52.14,4119.06
1990,1990,6,20,Spring,S,Charcoal,42,4.0,False,False,Express,PayPal,14,26.07,1094.94
1991,1991,1,7,Spring,L,White,95,3.4,False,False,2-Day Shipping,PayPal,365,1.0,95.0
1992,1992,23,25,Summer,M,Brown,29,3.7,False,False,Next Day Air,Venmo,90,4.06,117.74
1993,1993,11,30,Winter,L,Gold,98,4.9,False,False,2-Day Shipping,Venmo,30,12.17,1192.66
1994,1994,9,4,Spring,S,Purple,96,5.0,False,False,Express,Cash,7,52.14,5005.44
1995,1995,8,28,Fall,M,Brown,66,2.9,False,False,Next Day Air,Credit Card,7,52.14,3441.24
1996,1996,20,25,Spring,S,Teal,80,3.0,False,False,Standard,Debit Card,90,4.06,324.8
1997,1997,23,41,Summer,L,Indigo,27,3.3,False,False,Next Day Air,Cash,90,4.06,109.62
1998,1998,1,7,Fall,M,Purple,25,4.7,False,False,Express,Debit Card,14,26.07,651.75
1999,1999,13,45,Fall,M,Orange,45,3.4,False,False,2-Day Shipping,Cash,90,4.06,182.7
2000,2000,17,42,Winter,L,Indigo,89,4.6,False,False,2-Day Shipping,Debit Card,30,12.17,1083.13
2001,2001,2,5,Winter,M,Lavender,27,3.6,False,False,2-Day Shipping,Cash,14,26.07,703.89
2002,2002,8,50,Winter,S,Purple,90,2.6,False,False,Free Shipping,Debit Card,14,26.07,2346.3
2003,2003,14,32,Summer,M,Red,65,2.7,False,False,Express,PayPal,90,4.06,263.9
2004,2004,23,19,Spring,S,Blue,72,3.1,False,False,Express,Cash,90,4.06,292.32
2005,2005,22,10,Fall,L,Blue,70,3.2,False,False,2-Day Shipping,Cash,14,26.07,1824.9
2006,2006,21,42,Winter,M,Cyan,82,3.4,False,False,Store Pickup,PayPal,14,26.07,2137.74
2007,2007,7,31,Fall,S,Pink,97,4.4,False,False,Express,Credit Card,365,1.0,97.0
2008,2008,14,46,Summer,M,Silver,25,3.2,False,False,2-Day Shipping,PayPal,90,4.06,101.5
2009,2009,16,9,Spring,M,Gray,48,2.5,False,False,Free Shipping,PayPal,90,4.06,194.88
2010,2010,20,1,Summer,M,Indigo,99,3.8,False,False,Next Day Air,Venmo,14,26.07,2580.93
2011,2011,18,43,Summer,M,Maroon,21,4.4,False,False,2-Day Shipping,Debit Card,14,26.07,547.47
2012,2012,21,48,Spring,M,Beige,94,3.7,False,False,Express,Bank Transfer,30,12.17,1143.98
2013,2013,12,28,Fall,L,Green,53,3.2,False,False,Store Pickup,Cash,14,26.07,1381.71
2014,2014,1,46,Winter,M,Peach,70,4.9,False,False,Standard,Debit Card,90,4.06,284.2
2015,2015,16,49,Summer,L,Black,26,3.9,False,False,Standard,PayPal,14,26.07,677.82
2016,2016,2,46,Summer,S,Pink,82,4.5,False,False,Next Day Air,Credit Card,14,26.07,2137.74
2017,2017,22,19,Winter,S,Violet,47,3.4,False,False,Standard,Debit Card,14,26.07,1225.29
2018,2018,17,21,Winter,S,Green,32,4.1,False,False,Next Day Air,Bank Transfer,90,4.06,129.92
2019,2019,1,4,Fall,S,Gold,97,4.5,False,False,Store Pickup,Bank Transfer,7,52.14,5057.58
2020,2020,14,12,Winter,S,Red,68,4.7,False,False,Store Pickup,Cash,14,26.07,1772.76
2021,2021,18,38,Winter,M,Beige,23,4.8,False,False,Next Day Air,Cash,90,4.06,93.38
2022,2022,4,19,Winter,M,Green,33,4.4,False,False,Standard,Venmo,90,4.06,133.98
2023,2023,6,1,Winter,S,Black,38,4.0,False,False,Store Pickup,Cash,14,26.07,990.66
2024,2024,17,12,Winter,S,Teal,68,4.1,False,False,Store Pickup,Cash,14,26.07,1772.76
2025,2025,17,4,Fall,L,Silver,23,3.7,False,False,Express,PayPal,7,52.14,1199.22
2026,2026,14,8,Summer,M,Turquoise,29,3.0,False,False,Express,Debit Card,14,26.07,756.03
2027,2027,7,19,Winter,M,Orange,35,3.6,False,False,Express,Bank Transfer,90,4.06,142.1
2028,2028,22,27,Fall,S,Gold,73,4.8,False,False,Standard,Credit Card,90,4.06,296.38
2029,2029,22,35,Fall,XL,Purple,84,3.7,False,False,2-Day Shipping,Venmo,14,26.07,2189.88
2030,2030,7,26,Spring,M,Pink,23,4.6,False,False,Next Day Air,PayPal,90,4.06,93.38
2031,2031,8,31,Summer,S,Green,67,2.8,False,False,Standard,Credit Card,30,12.17,815.39
2032,2032,17,33,Spring,L,Charcoal,51,4.0,False,False,Standard,Credit Card,30,12.17,620.67
2033,2033,9,40,Winter,M,Maroon,36,4.2,False,False,Next Day Air,Cash,365,1.0,36.0
2034,2034,12,13,Summer,L,Olive,55,3.6,False,False,Express,Venmo,365,1.0,55.0
2035,2035,15,1,Spring,M,Peach,30,2.9,False,False,Store Pickup,PayPal,30,12.17,365.1
2036,2036,19,36,Summer,S,Yellow,70,4.1,False,False,Express,Bank Transfer,7,52.14,3649.8
2037,2037,9,23,Winter,S,Lavender,63,3.1,False,False,Next Day Air,Cash,7,52.14,3284.82
2038,2038,2,13,Summer,S,Green,87,4.3,False,False,Express,Venmo,14,26.07,2268.09
2039,2039,9,4,Spring,L,Orange,70,4.4,False,False,Next Day Air,Credit Card,14,26.07,1824.9
2040,2040,19,23,Spring,M,Olive,51,3.1,False,False,Next Day Air,Debit Card,14,26.07,1329.57
2041,2041,6,40,Spring,XL,Gray,25,2.9,False,False,Free Shipping,Venmo,90,4.06,101.5
2042,2042,25,32,Winter,S,Lavender,32,3.2,False,False,Next Day Air,PayPal,14,26.07,834.24
2043,2043,22,1,Spring,M,Red,52,4.0,False,False,2-Day Shipping,Venmo,30,12.17,632.84
2044,2044,3,32,Summer,M,Charcoal,33,2.7,False,False,Standard,PayPal,7,52.14,1720.62
2045,2045,12,25,Spring,L,Orange,68,3.0,False,False,Free Shipping,PayPal,14,26.07,1772.76
2046,2046,6,10,Fall,M,Red,20,4.4,False,False,Express,PayPal,90,4.06,81.2
2047,2047,13,36,Winter,M,Maroon,32,2.8,False,False,Free Shipping,Cash,90,4.06,129.92
2048,2048,6,7,Summer,M,Silver,82,3.1,False,False,Store Pickup,Cash,365,1.0,82.0
2049,2049,23,22,Winter,XL,Pink,64,3.9,False,False,Express,Bank Transfer,90,4.06,259.84
2050,2050,20,39,Fall,L,Blue,24,2.7,False,False,Standard,Venmo,365,1.0,24.0
2051,2051,5,24,Summer,M,Teal,96,3.4,False,False,Store Pickup,Debit Card,365,1.0,96.0
2052,2052,19,21,Spring,L,Black,94,3.8,False,False,Free Shipping,Credit Card,30,12.17,1143.98
2053,2053,1,29,Winter,M,Gray,48,3.7,False,False,2-Day Shipping,Bank Transfer,365,1.0,48.0
2054,2054,8,50,Spring,S,Purple,60,4.5,False,False,2-Day Shipping,Credit Card,14,26.07,1564.2
2055,2055,18,30,Spring,XL,Gold,56,2.9,False,False,Express,PayPal,365,1.0,56.0
2056,2056,4,43,Fall,M,Silver,33,3.4,False,False,2-Day Shipping,Bank Transfer,7,52.14,1720.62
2057,2057,1,23,Spring,L,Blue,46,4.4,False,False,2-Day Shipping,PayPal,30,12.17,559.82
2058,2058,17,41,Spring,L,Yellow,37,4.2,False,False,Standard,PayPal,90,4.06,150.22
2059,2059,14,47,Winter,M,Brown,98,3.3,False,False,Store Pickup,Bank Transfer,90,4.06,397.88
2060,2060,15,5,Spring,XL,Beige,50,3.7,False,False,Express,PayPal,7,52.14,2607.0
2061,2061,2,49,Fall,M,Blue,63,3.2,False,False,Next Day Air,Bank Transfer,90,4.06,255.78
2062,2062,18,22,Summer,S,Magenta,70,2.6,False,False,Store Pickup,Debit Card,365,1.0,70.0
2063,2063,24,40,Fall,L,Silver,63,2.8,False,False,Standard,Cash,90,4.06,255.78
2064,2064,15,14,Fall,M,Cyan,86,2.9,False,False,Standard,Cash,30,12.17,1046.62
2065,2065,22,4,Summer,M,Green,99,4.0,False,False,2-Day Shipping,Bank Transfer,30,12.17,1204.83
2066,2066,23,37,Spring,M,Blue,40,2.9,False,False,Free Shipping,Bank Transfer,14,26.07,1042.8
2067,2067,23,13,Fall,M,Olive,92,4.7,False,False,Store Pickup,Debit Card,14,26.07,2398.44
2068,2068,13,20,Fall,XL,Beige,21,3.1,False,False,2-Day Shipping,Cash,14,26.07,547.47
2069,2069,6,45,Summer,XL,Black,81,3.9,False,False,Store Pickup,Venmo,30,12.17,985.77
2070,2070,19,43,Fall,M,Indigo,82,3.4,False,False,Free Shipping,Debit Card,90,4.06,332.92
2071,2071,6,27,Spring,XL,Red,88,3.1,False,False,Express,Cash,30,12.17,1070.96
2072,2072,25,40,Fall,S,Yellow,100,4.8,False,False,Store Pickup,PayPal,90,4.06,406.0
2073,2073,1,21,Winter,M,Beige,66,3.9,False,False,Next Day Air,Bank Transfer,7,52.14,3441.24
2074,2074,2,43,Winter,S,Green,25,3.5,False,False,Next Day Air,PayPal,90,4.06,101.5
2075,2075,7,9,Summer,M,White,53,3.1,False,False,Free Shipping,Debit Card,14,26.07,1381.71
2076,2076,18,40,Fall,S,Turquoise,28,4.7,False,False,Express,Debit Card,30,12.17,340.76
2077,2077,3,9,Fall,S,Indigo,23,4.6,False,False,Free Shipping,Debit Card,14,26.07,599.61
2078,2078,7,27,Fall,L,Orange,34,3.3,False,False,Free Shipping,Bank Transfer,365,1.0,34.0
2079,2079,10,11,Spring,M,Blue,42,3.2,False,False,Next Day Air,Debit Card,7,52.14,2189.88
2080,2080,12,26,Summer,L,Violet,24,3.1,False,False,Next Day Air,PayPal,90,4.06,97.44
2081,2081,8,41,Fall,S,Gray,47,3.5,False,False,Free Shipping,Debit Card,14,26.07,1225.29
2082,2082,24,1,Spring,S,Cyan,78,4.3,False,False,Standard,Bank Transfer,14,26.07,2033.46
2083,2083,12,4,Summer,M,Yellow,89,2.9,False,False,Free Shipping,Venmo,90,4.06,361.34
2084,2084,7,24,Fall,L,Orange,59,2.7,False,False,Store Pickup,Credit Card,14,26.07,1538.13
2085,2085,9,45,Summer,S,Brown,94,4.0,False,False,Standard,Bank Transfer,90,4.06,381.64
2086,2086,12,32,Fall,M,Teal,49,4.6,False,False,Free Shipping,Debit Card,7,52.14,2554.86
2087,2087,10,34,Summer,L,Beige,89,4.7,False,False,2-Day Shipping,Cash,90,4.06,361.34
2088,2088,5,49,Summer,M,Blue,91,4.7,False,False,Standard,Credit Card,7,52.14,4744.74
2089,2089,21,5,Spring,L,Orange,89,4.0,False,False,Standard,Debit Card,365,1.0,89.0
2090,2090,25,20,Spring,L,Gold,57,3.6,False,False,Free Shipping,Credit Card,90,4.06,231.42
2091,2091,17,21,Winter,S,Teal,71,3.4,False,False,Free Shipping,Debit Card,30,12.17,864.07
2092,2092,12,47,Fall,XL,Beige,97,3.0,False,False,Next Day Air,Bank Transfer,90,4.06,393.82
2093,2093,21,23,Fall,M,Silver,45,2.6,False,False,Next Day Air,Bank Transfer,7,52.14,2346.3
2094,2094,10,47,Spring,M,Maroon,91,4.2,False,False,Store Pickup,Debit Card,365,1.0,91.0
2095,2095,17,40,Spring,M,Indigo,25,3.4,False,False,Standard,Venmo,365,1.0,25.0
2096,2096,11,31,Fall,M,Gray,63,4.0,False,False,Store Pickup,Bank Transfer,14,26.07,1642.41
2097,2097,10,33,Summer,L,Blue,52,4.7,False,False,Free Shipping,Debit Card,365,1.0,52.0
2098,2098,23,15,Winter,S,Cyan,43,3.9,False,False,Next Day Air,Credit Card,7,52.14,2242.02
2099,2099,19,18,Summer,M,White,28,3.3,False,False,2-Day Shipping,Venmo,90,4.06,113.68
2100,2100,19,36,Summer,L,Green,78,2.9,False,False,Express,PayPal,365,1.0,78.0
2101,2101,18,22,Spring,M,Silver,31,4.4,False,False,Free Shipping,Cash,14,26.07,808.17
2102,2102,14,37,Winter,M,Blue,23,3.6,False,False,Next Day Air,Bank Transfer,14,26.07,599.61
2103,2103,5,12,Spring,M,Brown,25,4.5,False,False,Store Pickup,Cash,30,12.17,304.25
2104,2104,13,14,Summer,S,Red,86,3.7,False,False,Store Pickup,Venmo,7,52.14,4484.04
2105,2105,22,31,Spring,M,Gold,88,2.8,False,False,Free Shipping,Venmo,7,52.14,4588.32
2106,2106,3,40,Spring,M,Silver,35,4.5,False,False,Free Shipping,Venmo,14,26.07,912.45
2107,2107,6,45,Fall,M,Gray,34,4.4,False,False,Standard,Credit Card,90,4.06,138.04
2108,2108,13,8,Winter,M,Black,75,3.3,False,False,Standard,PayPal,90,4.06,304.5
2109,2109,11,34,Winter,XL,Beige,46,4.2,False,False,Express,Credit Card,90,4.06,186.76
2110,2110,6,5,Fall,L,Peach,31,2.7,False,False,Free Shipping,Venmo,90,4.06,125.86
2111,2111,17,26,Spring,L,Cyan,93,3.9,False,False,Store Pickup,Debit Card,90,4.06,377.58
2112,2112,8,25,Spring,XL,Pink,85,2.6,False,False,Free Shipping,Bank Transfer,365,1.0,85.0
2113,2113,2,42,Fall,M,Lavender,68,4.5,False,False,2-Day Shipping,Cash,14,26.07,1772.76
2114,2114,10,46,Spring,M,Brown,40,2.7,False,False,Store Pickup,PayPal,90,4.06,162.4
2115,2115,14,45,Winter,M,Magenta,51,2.9,False,False,Standard,Debit Card,365,1.0,51.0
2116,2116,7,39,Winter,M,Violet,85,3.4,False,False,Store Pickup,Bank Transfer,14,26.07,2215.95
2117,2117,25,16,Summer,M,Teal,23,2.9,False,False,Express,Debit Card,14,26.07,599.61
2118,2118,10,6,Summer,L,Brown,28,3.8,False,False,Free Shipping,Debit Card,365,1.0,28.0
2119,2119,17,10,Fall,M,Olive,44,4.2,False,False,2-Day Shipping,Debit Card,90,4.06,178.64
2120,2120,6,27,Spring,M,Indigo,57,3.5,False,False,Store Pickup,Venmo,14,26.07,1485.99
2121,2121,7,25,Fall,S,Red,98,3.1,False,False,Next Day Air,PayPal,90,4.06,397.88
2122,2122,1,2,Winter,M,Olive,68,3.5,False,False,2-Day Shipping,Bank Transfer,30,12.17,827.56
2123,2123,25,46,Fall,L,Teal,36,4.0,False,False,Express,Debit Card,7,52.14,1877.04
2124,2124,24,27,Spring,L,Cyan,71,3.7,False,False,Express,Debit Card,14,26.07,1850.97
2125,2125,16,39,Fall,M,Teal,60,4.2,False,False,Next Day Air,Venmo,90,4.06,243.6
2126,2126,24,29,Fall,M,Beige,87,4.8,False,False,Store Pickup,PayPal,90,4.06,353.22
2127,2127,22,1,Winter,XL,Magenta,38,4.1,False,False,Express,Credit Card,30,12.17,462.46
2128,2128,20,33,Spring,M,Indigo,45,4.5,False,False,2-Day Shipping,Debit Card,7,52.14,2346.3
2129,2129,24,31,Fall,L,Cyan,47,2.7,False,False,2-Day Shipping,PayPal,7,52.14,2450.58
2130,2130,16,23,Fall,L,Orange,57,2.8,False,False,Store Pickup,PayPal,90,4.06,231.42
2131,2131,1,3,Summer,L,Violet,68,3.7,False,False,Free Shipping,Credit Card,365,1.0,68.0
2132,2132,15,26,Fall,M,Red,52,3.6,False,False,Express,Bank Transfer,14,26.07,1355.64
2133,2133,16,45,Fall,M,Magenta,87,4.7,False,False,2-Day Shipping,Debit Card,7,52.14,4536.18
2134,2134,5,19,Summer,M,Olive,34,3.8,False,False,Standard,Bank Transfer,365,1.0,34.0
2135,2135,21,46,Winter,XL,Maroon,41,2.9,False,False,Standard,Credit Card,14,26.07,1068.87
2136,2136,8,5,Winter,S,Yellow,94,4.6,False,False,Next Day Air,Debit Card,90,4.06,381.64
2137,2137,8,32,Summer,M,Red,93,2.8,False,False,Standard,Bank Transfer,14,26.07,2424.51
2138,2138,17,14,Winter,XL,Purple,51,4.6,False,False,2-Day Shipping,Credit Card,90,4.06,207.06
2139,2139,18,24,Fall,M,Teal,42,2.8,False,False,Next Day Air,Venmo,90,4.06,170.52
2140,2140,20,32,Winter,M,Red,95,3.0,False,False,Free Shipping,Cash,7,52.14,4953.3
2141,2141,4,31,Fall,M,Brown,90,3.7,False,False,Standard,Cash,14,26.07,2346.3
2142,2142,10,17,Winter,M,Peach,98,4.1,False,False,2-Day Shipping,PayPal,365,1.0,98.0
2143,2143,5,34,Winter,M,Maroon,39,4.3,False,False,Next Day Air,Venmo,90,4.06,158.34
2144,2144,21,4,Fall,L,Red,66,3.8,False,False,Next Day Air,Venmo,14,26.07,1720.62
2145,2145,22,20,Winter,L,Orange,23,3.7,False,False,Free Shipping,PayPal,90,4.06,93.38
2146,2146,16,7,Winter,S,White,73,4.8,False,False,Standard,PayPal,365,1.0,73.0
2147,2147,8,44,Summer,XL,White,23,4.6,False,False,Standard,PayPal,90,4.06,93.38
2148,2148,16,25,Fall,S,Charcoal,43,4.8,False,False,Standard,Cash,14,26.07,1121.01
2149,2149,19,27,Winter,XL,Turquoise,45,4.6,False,False,2-Day Shipping,PayPal,14,26.07,1173.15
2150,2150,21,11,Winter,L,Orange,21,4.0,False,False,Standard,Bank Transfer,7,52.14,1094.94
2151,2151,14,13,Spring,M,Orange,40,2.6,False,False,2-Day Shipping,Cash,7,52.14,2085.6
2152,2152,12,45,Fall,L,Brown,58,2.6,False,False,2-Day Shipping,Venmo,30,12.17,705.86
2153,2153,15,30,Summer,L,Magenta,48,4.5,False,False,Next Day Air,Bank Transfer,14,26.07,1251.36
2154,2154,14,17,Fall,M,Violet,94,4.2,False,False,Free Shipping,PayPal,365,1.0,94.0
2155,2155,7,50,Spring,M,Violet,74,3.4,False,False,Store Pickup,Cash,90,4.06,300.44
2156,2156,4,11,Fall,L,Yellow,51,3.7,False,False,Store Pickup,PayPal,30,12.17,620.67
2157,2157,16,25,Winter,M,Maroon,83,3.6,False,False,Next Day Air,Debit Card,14,26.07,2163.81
2158,2158,4,24,Winter,L,Turquoise,68,4.0,False,False,Next Day Air,Venmo,14,26.07,1772.76
2159,2159,3,21,Spring,XL,Olive,84,4.6,False,False,Standard,Bank Transfer,14,26.07,2189.88
2160,2160,14,18,Fall,M,Peach,58,3.0,False,False,Free Shipping,Cash,365,1.0,58.0
2161,2161,9,48,Winter,L,Charcoal,92,3.3,False,False,Express,PayPal,365,1.0,92.0
2162,2162,10,47,Summer,S,Peach,69,3.8,False,False,Express,Debit Card,14,26.07,1798.83
2163,2163,15,37,Summer,S,Black,48,2.7,False,False,Free Shipping,PayPal,7,52.14,2502.72
2164,2164,22,32,Spring,L,Gray,60,4.5,False,False,Express,Bank Transfer,30,12.17,730.2
2165,2165,21,15,Winter,S,Olive,20,4.8,False,False,Next Day Air,PayPal,14,26.07,521.4
2166,2166,13,12,Summer,M,Turquoise,55,4.2,False,False,Express,Credit Card,90,4.06,223.3
2167,2167,25,30,Spring,S,Purple,88,3.5,False,False,Express,Credit Card,14,26.07,2294.16
2168,2168,16,35,Winter,L,Green,48,4.9,False,False,Standard,Venmo,14,26.07,1251.36
2169,2169,4,7,Spring,M,Beige,74,4.1,False,False,Next Day Air,Cash,90,4.06,300.44
2170,2170,24,9,Fall,M,Brown,42,2.9,False,False,Next Day Air,Bank Transfer,14,26.07,1094.94
2171,2171,18,40,Fall,M,Turquoise,32,4.0,False,False,Next Day Air,Venmo,90,4.06,129.92
2172,2172,15,25,Summer,M,Yellow,98,4.6,False,False,Store Pickup,Cash,14,26.07,2554.86
2173,2173,16,39,Fall,S,Lavender,89,2.8,False,False,Store Pickup,PayPal,14,26.07,2320.23
2174,2174,3,8,Summer,S,Cyan,97,5.0,False,False,2-Day Shipping,Venmo,90,4.06,393.82
2175,2175,1,6,Spring,S,Olive,49,2.9,False,False,Store Pickup,Cash,365,1.0,49.0
2176,2176,10,27,Spring,M,Silver,50,3.3,False,False,Free Shipping,Credit Card,14,26.07,1303.5
2177,2177,2,45,Winter,S,Red,91,3.4,False,False,2-Day Shipping,Debit Card,90,4.06,369.46
2178,2178,3,26,Winter,XL,Green,93,3.0,False,False,Express,PayPal,14,26.07,2424.51
2179,2179,6,9,Summer,M,Gold,98,4.7,False,False,Standard,Venmo,365,1.0,98.0
2180,2180,17,8,Fall,L,Lavender,82,2.9,False,False,Next Day Air,PayPal,30,12.17,997.94
2181,2181,24,7,Summer,M,Yellow,37,4.1,False,False,Store Pickup,Cash,90,4.06,150.22
2182,2182,4,11,Fall,M,Black,63,3.2,False,False,Free Shipping,Bank Transfer,14,26.07,1642.41
2183,2183,9,31,Winter,M,Maroon,99,2.7,False,False,Store Pickup,Venmo,14,26.07,2580.93
2184,2184,15,16,Spring,M,Maroon,37,4.7,False,False,Store Pickup,Cash,30,12.17,450.29
2185,2185,22,28,Spring,S,Gold,34,3.2,False,False,Free Shipping,PayPal,90,4.06,138.04
2186,2186,15,33,Winter,M,Violet,32,2.5,False,False,Express,Debit Card,90,4.06,129.92
2187,2187,21,31,Winter,XL,Teal,23,4.3,False,False,Next Day Air,PayPal,90,4.06,93.38
2188,2188,9,12,Spring,M,Violet,78,4.4,False,False,Free Shipping,PayPal,365,1.0,78.0
2189,2189,24,5,Winter,M,Brown,54,4.7,False,False,Next Day Air,Credit Card,7,52.14,2815.56
2190,2190,9,49,Fall,XL,Brown,94,4.0,False,False,Express,Credit Card,14,26.07,2450.58
2191,2191,2,2,Spring,S,Maroon,75,4.6,False,False,Express,Credit Card,365,1.0,75.0
2192,2192,9,38,Summer,S,Maroon,69,3.8,False,False,Next Day Air,Cash,14,26.07,1798.83
2193,2193,7,46,Winter,L,Yellow,35,3.2,False,False,Next Day Air,Credit Card,30,12.17,425.95
2194,2194,14,5,Spring,L,Turquoise,78,5.0,False,False,Express,PayPal,30,12.17,949.26
2195,2195,17,17,Summer,M,Silver,29,3.5,False,False,Standard,Bank Transfer,90,4.06,117.74
2196,2196,12,32,Fall,M,Brown,62,3.7,False,False,Next Day Air,Cash,30,12.17,754.54
2197,2197,10,45,Spring,M,Gray,58,4.8,False,False,Next Day Air,PayPal,7,52.14,3024.12
2198,2198,20,38,Summer,M,Indigo,88,3.7,False,False,2-Day Shipping,Venmo,30,12.17,1070.96
2199,2199,7,32,Summer,L,Turquoise,80,3.5,False,False,Free Shipping,Venmo,30,12.17,973.6
2200,2200,7,33,Summer,M,Maroon,47,4.9,False,False,Store Pickup,Debit Card,30,12.17,571.99
2201,2201,3,50,Summer,L,Charcoal,51,4.7,False,False,Next Day Air,Debit Card,90,4.06,207.06
2202,2202,13,35,Spring,L,Peach,25,4.9,False,False,2-Day Shipping,Venmo,365,1.0,25.0
2203,2203,10,1,Summer,M,Red,36,4.3,False,False,Next Day Air,Credit Card,7,52.14,1877.04
2204,2204,10,39,Winter,M,Indigo,79,3.1,False,False,Free Shipping,Cash,90,4.06,320.74
2205,2205,12,37,Winter,S,Lavender,41,3.4,False,False,2-Day Shipping,Debit Card,30,12.17,498.97
2206,2206,18,34,Fall,XL,Red,68,2.7,False,False,Express,PayPal,7,52.14,3545.52
2207,2207,21,13,Spring,L,Green,51,2.6,False,False,Store Pickup,Bank Transfer,14,26.07,1329.57
2208,2208,4,31,Fall,M,Gray,38,2.9,False,False,Next Day Air,Credit Card,365,1.0,38.0
2209,2209,7,6,Summer,XL,Violet,46,2.7,False,False,2-Day Shipping,PayPal,30,12.17,559.82
2210,2210,21,44,Summer,XL,Beige,20,4.5,False,False,2-Day Shipping,Bank Transfer,90,4.06,81.2
2211,2211,8,46,Summer,M,Orange,25,3.1,False,False,Store Pickup,PayPal,14,26.07,651.75
2212,2212,18,19,Winter,L,Purple,89,3.2,False,False,Free Shipping,Debit Card,90,4.06,361.34
2213,2213,13,27,Winter,M,Brown,77,3.3,False,False,Next Day Air,Bank Transfer,90,4.06,312.62
2214,2214,5,11,Fall,M,Maroon,94,2.9,False,False,Express,Debit Card,90,4.06,381.64
2215,2215,2,12,Fall,L,Gold,100,4.1,False,False,Standard,Debit Card,7,52.14,5214.0
2216,2216,21,48,Winter,M,Indigo,96,2.7,False,False,Express,Credit Card,14,26.07,2502.72
2217,2217,13,45,Winter,XL,Silver,36,4.0,False,False,Store Pickup,Venmo,14,26.07,938.52
2218,2218,6,14,Fall,XL,Red,27,2.6,False,False,Store Pickup,Bank Transfer,14,26.07,703.89
2219,2219,8,12,Winter,M,Magenta,67,3.5,False,False,Store Pickup,Debit Card,90,4.06,272.02
2220,2220,9,23,Fall,S,Purple,91,2.8,False,False,Store Pickup,Bank Transfer,14,26.07,2372.37
2221,2221,2,50,Fall,XL,Beige,62,4.5,False,False,Store Pickup,Cash,365,1.0,62.0
2222,2222,15,16,Fall,XL,White,88,3.0,False,False,Free Shipping,Credit Card,365,1.0,88.0
2223,2223,13,10,Summer,M,Teal,66,4.4,False,False,Store Pickup,Credit Card,7,52.14,3441.24
2224,2224,21,16,Fall,M,Gray,65,4.7,False,False,Next Day Air,PayPal,90,4.06,263.9
2225,2225,3,27,Winter,L,Charcoal,25,4.3,False,False,Standard,Cash,90,4.06,101.5
2226,2226,2,47,Spring,S,Olive,64,4.8,False,False,Free Shipping,Credit Card,365,1.0,64.0
2227,2227,14,25,Spring,L,Blue,72,4.8,False,False,Store Pickup,Cash,365,1.0,72.0
2228,2228,7,47,Summer,S,Gray,74,4.4,False,False,Next Day Air,Credit Card,14,26.07,1929.18
2229,2229,3,16,Fall,M,Green,50,3.7,False,False,Free Shipping,Credit Card,7,52.14,2607.0
2230,2230,13,23,Fall,M,Silver,97,3.9,False,False,Express,Venmo,30,12.17,1180.49
2231,2231,23,6,Spring,S,Teal,36,3.8,False,False,Express,Venmo,14,26.07,938.52
2232,2232,25,44,Fall,M,Beige,49,4.1,False,False,Store Pickup,Credit Card,7,52.14,2554.86
2233,2233,22,33,Spring,L,Lavender,64,4.0,False,False,Store Pickup,Cash,14,26.07,1668.48
2234,2234,9,9,Summer,XL,Gray,31,4.5,False,False,Express,Credit Card,30,12.17,377.27
2235,2235,20,29,Winter,S,Yellow,66,4.0,False,False,Express,Cash,7,52.14,3441.24
2236,2236,17,13,Spring,M,Gray,82,4.5,False,False,2-Day Shipping,Credit Card,365,1.0,82.0
2237,2237,19,18,Winter,M,Yellow,88,2.7,False,False,Standard,Debit Card,14,26.07,2294.16
2238,2238,21,1,Summer,S,Black,34,3.8,False,False,Next Day Air,Venmo,90,4.06,138.04
2239,2239,23,9,Winter,L,Beige,84,3.8,False,False,Standard,Debit Card,7,52.14,4379.76
2240,2240,6,1,Summer,L,Indigo,96,3.8,False,False,2-Day Shipping,Credit Card,90,4.06,389.76
2241,2241,21,5,Winter,L,Green,71,4.3,False,False,Next Day Air,Debit Card,90,4.06,288.26
2242,2242,25,20,Summer,M,Purple,77,3.5,False,False,Free Shipping,Bank Transfer,14,26.07,2007.39
2243,2243,16,28,Spring,M,Orange,66,3.8,False,False,Next Day Air,Credit Card,14,26.07,1720.62
2244,2244,14,21,Winter,M,Teal,21,3.7,False,False,2-Day Shipping,Debit Card,365,1.0,21.0
2245,2245,15,40,Summer,M,Gold,37,4.8,False,False,2-Day Shipping,PayPal,365,1.0,37.0
2246,2246,17,8,Fall,L,Gray,90,4.9,False,False,Free Shipping,PayPal,14,26.07,2346.3
2247,2247,25,11,Fall,M,Cyan,96,4.3,False,False,Store Pickup,PayPal,90,4.06,389.76
2248,2248,6,9,Summer,L,Teal,37,4.4,False,False,Next Day Air,Venmo,365,1.0,37.0
2249,2249,19,39,Winter,M,Violet,66,3.4,False,False,Free Shipping,PayPal,14,26.07,1720.62
2250,2250,3,50,Spring,XL,Indigo,45,4.3,False,False,Next Day Air,Debit Card,7,52.14,2346.3
2251,2251,22,6,Summer,L,Pink,89,4.6,False,False,Store Pickup,Credit Card,7,52.14,4640.46
2252,2252,22,46,Fall,L,Gold,94,3.8,False,False,Free Shipping,Debit Card,30,12.17,1143.98
2253,2253,22,27,Summer,S,Maroon,96,3.9,False,False,Express,Bank Transfer,365,1.0,96.0
2254,2254,11,36,Spring,M,Brown,31,2.6,False,False,Store Pickup,PayPal,30,12.17,377.27
2255,2255,2,34,Winter,M,Gold,79,4.2,False,False,Store Pickup,PayPal,90,4.06,320.74
2256,2256,24,22,Spring,L,Teal,39,4.6,False,False,Store Pickup,Bank Transfer,90,4.06,158.34
2257,2257,9,5,Fall,M,Turquoise,22,5.0,False,False,Standard,Credit Card,90,4.06,89.32
2258,2258,16,42,Fall,L,Olive,32,4.2,False,False,Standard,Bank Transfer,365,1.0,32.0
2259,2259,19,35,Winter,L,Cyan,71,4.3,False,False,Store Pickup,Credit Card,90,4.06,288.26
2260,2260,12,9,Spring,XL,Beige,96,3.3,False,False,Free Shipping,Cash,365,1.0,96.0
2261,2261,7,25,Fall,M,Blue,82,4.9,False,False,Express,PayPal,90,4.06,332.92
2262,2262,1,40,Spring,L,Gold,76,4.4,False,False,Standard,Bank Transfer,14,26.07,1981.32
2263,2263,1,3,Winter,M,Green,22,3.1,False,False,2-Day Shipping,PayPal,30,12.17,267.74
2264,2264,7,14,Winter,XL,Green,40,3.5,False,False,Store Pickup,Cash,90,4.06,162.4
2265,2265,5,34,Summer,M,Turquoise,92,3.9,False,False,2-Day Shipping,PayPal,30,12.17,1119.64
2266,2266,24,26,Fall,XL,Yellow,94,3.9,False,False,Store Pickup,PayPal,90,4.06,381.64
2267,2267,10,25,Fall,M,Yellow,44,4.3,False,False,Store Pickup,Debit Card,7,52.14,2294.16
2268,2268,3,17,Spring,S,Blue,49,3.8,False,False,Express,Venmo,7,52.14,2554.86
2269,2269,18,10,Spring,L,Charcoal,26,2.7,False,False,2-Day Shipping,Bank Transfer,30,12.17,316.42
2270,2270,16,17,Fall,M,Yellow,38,4.4,False,False,Store Pickup,Credit Card,365,1.0,38.0
2271,2271,9,10,Spring,L,Purple,72,3.5,False,False,Express,Venmo,7,52.14,3754.08
2272,2272,10,2,Summer,M,Green,99,3.4,False,False,Free Shipping,PayPal,90,4.06,401.94
2273,2273,25,19,Spring,L,Charcoal,38,4.0,False,False,Standard,PayPal,30,12.17,462.46
2274,2274,24,31,Winter,L,Silver,96,4.8,False,False,Express,PayPal,14,26.07,2502.72
2275,2275,10,32,Spring,L,Turquoise,27,4.5,False,False,Next Day Air,PayPal,14,26.07,703.89
2276,2276,15,36,Winter,M,Gray,24,4.4,False,False,Standard,Debit Card,7,52.14,1251.36
2277,2277,12,50,Summer,L,Red,82,4.1,False,False,2-Day Shipping,Debit Card,7,52.14,4275.48
2278,2278,5,1,Summer,M,Beige,56,4.6,False,False,Next Day Air,Credit Card,90,4.06,227.36
2279,2279,3,20,Fall,M,Maroon,25,3.8,False,False,Store Pickup,Cash,90,4.06,101.5
2280,2280,23,48,Spring,L,Indigo,67,2.9,False,False,Free Shipping,Bank Transfer,90,4.06,272.02
2281,2281,22,17,Summer,M,Red,21,2.8,False,False,Standard,Credit Card,14,26.07,547.47
2282,2282,11,16,Summer,XL,Maroon,27,3.0,False,False,Store Pickup,Bank Transfer,365,1.0,27.0
2283,2283,23,12,Fall,S,Red,97,4.2,False,False,2-Day Shipping,Credit Card,365,1.0,97.0
2284,2284,4,35,Winter,S,Black,45,4.1,False,False,Free Shipping,Credit Card,14,26.07,1173.15
2285,2285,9,15,Fall,XL,Black,63,4.1,False,False,Express,Venmo,365,1.0,63.0
2286,2286,2,22,Summer,L,Pink,100,4.6,False,False,2-Day Shipping,PayPal,90,4.06,406.0
2287,2287,17,41,Spring,L,Blue,38,2.5,False,False,Store Pickup,Venmo,90,4.06,154.28
2288,2288,9,27,Summer,L,Green,45,3.0,False,False,Store Pickup,Debit Card,365,1.0,45.0
2289,2289,6,5,Fall,M,Orange,91,3.8,False,False,Next Day Air,PayPal,7,52.14,4744.74
2290,2290,15,28,Fall,M,Orange,82,4.1,False,False,Free Shipping,Venmo,7,52.14,4275.48
2291,2291,20,16,Winter,L,Magenta,48,3.3,False,False,Standard,PayPal,90,4.06,194.88
2292,2292,24,35,Spring,M,Indigo,30,5.0,False,False,2-Day Shipping,Credit Card,90,4.06,121.8
2293,2293,19,45,Spring,S,Beige,34,3.8,False,False,Next Day Air,Debit Card,30,12.17,413.78
2294,2294,18,10,Fall,L,Green,68,3.3,False,False,Express,Debit Card,90,4.06,276.08
2295,2295,8,20,Winter,M,Red,95,5.0,False,False,Express,Debit Card,365,1.0,95.0
2296,2296,5,7,Spring,L,Beige,22,2.9,False,False,2-Day Shipping,PayPal,90,4.06,89.32
2297,2297,3,47,Fall,M,Green,88,2.5,False,False,Next Day Air,Venmo,90,4.06,357.28
2298,2298,17,5,Summer,M,Orange,83,4.7,False,False,Standard,Bank Transfer,90,4.06,336.98
2299,2299,4,26,Spring,L,Cyan,87,2.9,False,False,2-Day Shipping,Cash,90,4.06,353.22
2300,2300,24,12,Summer,M,Violet,57,3.7,False,False,Store Pickup,Credit Card,90,4.06,231.42
2301,2301,24,38,Summer,XL,Lavender,88,4.4,False,False,2-Day Shipping,Credit Card,30,12.17,1070.96
2302,2302,13,19,Winter,L,Turquoise,20,2.9,False,False,Next Day Air,Debit Card,365,1.0,20.0
2303,2303,2,26,Summer,L,Pink,39,3.6,False,False,Store Pickup,Venmo,30,12.17,474.63
2304,2304,8,30,Spring,S,Beige,71,4.8,False,False,2-Day Shipping,Credit Card,14,26.07,1850.97
2305,2305,11,18,Winter,L,Silver,73,4.7,False,False,Free Shipping,Debit Card,14,26.07,1903.11
2306,2306,4,19,Summer,M,Gold,63,2.6,False,False,Free Shipping,Cash,7,52.14,3284.82
2307,2307,3,9,Winter,L,Silver,78,3.4,False,False,Standard,Cash,14,26.07,2033.46
2308,2308,16,25,Fall,L,Green,96,3.5,False,False,Next Day Air,Debit Card,365,1.0,96.0
2309,2309,8,34,Winter,M,Teal,81,3.4,False,False,2-Day Shipping,Bank Transfer,90,4.06,328.86
2310,2310,10,7,Fall,S,Gold,95,5.0,False,False,2-Day Shipping,Bank Transfer,90,4.06,385.7
2311,2311,3,46,Spring,M,Cyan,68,4.6,False,False,Standard,PayPal,30,12.17,827.56
2312,2312,23,26,Spring,L,Gold,28,4.8,False,False,2-Day Shipping,Bank Transfer,90,4.06,113.68
2313,2313,19,45,Summer,L,Violet,30,3.7,False,False,Free Shipping,Cash,90,4.06,121.8
2314,2314,10,10,Summer,M,Black,31,4.7,False,False,Next Day Air,Bank Transfer,14,26.07,808.17
2315,2315,4,46,Winter,XL,Brown,95,4.4,False,False,Express,Bank Transfer,90,4.06,385.7
2316,2316,17,45,Winter,M,Indigo,79,3.5,False,False,2-Day Shipping,Debit Card,90,4.06,320.74
2317,2317,23,26,Winter,L,Yellow,39,3.8,False,False,Standard,Debit Card,365,1.0,39.0
2318,2318,25,30,Summer,M,Purple,34,4.7,False,False,Next Day Air,Bank Transfer,30,12.17,413.78
2319,2319,11,50,Spring,L,White,28,3.1,False,False,Store Pickup,Credit Card,365,1.0,28.0
2320,2320,21,19,Winter,XL,Turquoise,38,5.0,False,False,Free Shipping,PayPal,30,12.17,462.46
2321,2321,22,31,Spring,M,Olive,55,3.7,False,False,Free Shipping,Debit Card,90,4.06,223.3
2322,2322,21,6,Winter,M,Beige,31,3.0,False,False,Next Day Air,Debit Card,14,26.07,808.17
2323,2323,24,7,Spring,S,Lavender,84,4.5,False,False,Store Pickup,Venmo,14,26.07,2189.88
2324,2324,3,20,Winter,L,White,93,4.7,False,False,Express,Credit Card,30,12.17,1131.81
2325,2325,24,37,Winter,L,Brown,28,3.5,False,False,Free Shipping,Debit Card,365,1.0,28.0
2326,2326,20,32,Summer,M,Charcoal,55,4.4,False,False,2-Day Shipping,Cash,7,52.14,2867.7
2327,2327,16,36,Winter,L,Maroon,63,2.6,False,False,Standard,Bank Transfer,365,1.0,63.0
2328,2328,16,1,Winter,M,Red,94,4.2,False,False,2-Day Shipping,Venmo,14,26.07,2450.58
2329,2329,13,34,Fall,M,Maroon,36,2.6,False,False,Express,Venmo,14,26.07,938.52
2330,2330,5,27,Spring,S,Teal,97,4.8,False,False,Free Shipping,Bank Transfer,365,1.0,97.0
2331,2331,1,3,Summer,L,Orange,63,2.9,False,False,Store Pickup,PayPal,90,4.06,255.78
2332,2332,7,13,Spring,S,Olive,77,4.3,False,False,2-Day Shipping,Credit Card,14,26.07,2007.39
2333,2333,7,40,Fall,XL,Olive,53,2.6,False,False,Store Pickup,Venmo,30,12.17,645.01
2334,2334,14,16,Spring,M,Beige,77,3.8,False,False,Next Day Air,PayPal,90,4.06,312.62
2335,2335,20,16,Summer,L,Green,79,4.2,False,False,Standard,Credit Card,30,12.17,961.43
2336,2336,24,12,Summer,M,Black,37,3.9,False,False,Store Pickup,Venmo,14,26.07,964.59
2337,2337,2,5,Winter,M,Green,94,3.1,False,False,Free Shipping,Credit Card,7,52.14,4901.16
2338,2338,20,34,Fall,S,Violet,76,3.6,False,False,Store Pickup,Cash,365,1.0,76.0
2339,2339,23,10,Fall,S,Silver,68,4.0,False,False,Express,PayPal,90,4.06,276.08
2340,2340,14,13,Spring,L,Maroon,65,3.4,False,False,Next Day Air,Bank Transfer,90,4.06,263.9
2341,2341,9,8,Summer,M,Cyan,24,2.6,False,False,Standard,Credit Card,14,26.07,625.68
2342,2342,25,7,Summer,L,Teal,31,4.5,False,False,Express,Venmo,90,4.06,125.86
2343,2343,16,42,Fall,M,Olive,89,4.9,False,False,Standard,Debit Card,14,26.07,2320.23
2344,2344,17,20,Summer,M,Red,49,4.4,False,False,2-Day Shipping,PayPal,30,12.17,596.33
2345,2345,21,39,Fall,XL,Lavender,92,3.5,False,False,Express,Venmo,14,26.07,2398.44
2346,2346,19,32,Winter,S,Orange,32,3.3,False,False,Express,Bank Transfer,90,4.06,129.92
2347,2347,25,31,Winter,L,Brown,67,3.1,False,False,Standard,Debit Card,14,26.07,1746.69
2348,2348,2,5,Fall,S,Gray,64,4.2,False,False,Express,Cash,90,4.06,259.84
2349,2349,22,19,Spring,M,Orange,84,4.9,False,False,Next Day Air,PayPal,90,4.06,341.04
2350,2350,9,32,Fall,M,Orange,34,3.9,False,False,Standard,Credit Card,90,4.06,138.04
2351,2351,22,11,Winter,M,Turquoise,26,4.2,False,False,Free Shipping,Cash,365,1.0,26.0
2352,2352,18,29,Fall,S,Cyan,50,4.9,False,False,Store Pickup,PayPal,14,26.07,1303.5
2353,2353,20,27,Fall,M,Yellow,46,2.8,False,False,Store Pickup,Bank Transfer,90,4.06,186.76
2354,2354,4,26,Fall,M,White,71,4.1,False,False,Standard,Debit Card,90,4.06,288.26
2355,2355,9,49,Summer,M,Blue,78,4.8,False,False,Next Day Air,Venmo,30,12.17,949.26
2356,2356,16,42,Winter,S,Purple,35,4.1,False,False,Next Day Air,Cash,30,12.17,425.95
2357,2357,1,26,Summer,M,Gray,58,3.0,False,False,Free Shipping,Debit Card,90,4.06,235.48
2358,2358,14,22,Fall,L,Cyan,67,4.2,False,False,2-Day Shipping,Credit Card,14,26.07,1746.69
2359,2359,18,43,Spring,L,Pink,93,3.8,False,False,Standard,Credit Card,90,4.06,377.58
2360,2360,7,38,Spring,S,Gold,81,3.3,False,False,2-Day Shipping,Bank Transfer,90,4.06,328.86
2361,2361,4,32,Fall,L,Silver,80,4.7,False,False,2-Day Shipping,Venmo,90,4.06,324.8
2362,2362,7,1,Spring,M,Gray,64,4.3,False,False,2-Day Shipping,Credit Card,90,4.06,259.84
2363,2363,12,46,Fall,M,Brown,41,2.7,False,False,Standard,Credit Card,30,12.17,498.97
2364,2364,17,38,Winter,XL,Pink,79,4.2,False,False,Express,Cash,14,26.07,2059.53
2365,2365,8,24,Winter,L,Maroon,60,4.2,False,False,Free Shipping,PayPal,90,4.06,243.6
2366,2366,23,50,Winter,S,Peach,91,2.5,False,False,Next Day Air,Venmo,30,12.17,1107.47
2367,2367,22,31,Winter,L,Brown,66,3.6,False,False,Express,Credit Card,14,26.07,1720.62
2368,2368,17,34,Winter,L,Green,85,3.4,False,False,Standard,Bank Transfer,14,26.07,2215.95
2369,2369,8,30,Summer,M,Lavender,38,3.3,False,False,Standard,Debit Card,90,4.06,154.28
2370,2370,18,45,Winter,M,Cyan,23,4.6,False,False,Standard,PayPal,30,12.17,279.91
2371,2371,22,2,Spring,M,Black,71,3.9,False,False,Store Pickup,Venmo,7,52.14,3701.94
2372,2372,17,14,Winter,M,Charcoal,25,3.7,False,False,Next Day Air,Debit Card,365,1.0,25.0
2373,2373,20,1,Spring,XL,Silver,39,3.1,False,False,Express,PayPal,14,26.07,1016.73
2374,2374,11,22,Spring,M,Gray,20,4.9,False,False,Express,Debit Card,90,4.06,81.2
2375,2375,3,47,Winter,L,Peach,73,4.7,False,False,Standard,Debit Card,30,12.17,888.41
2376,2376,1,46,Fall,L,Peach,63,2.9,False,False,Next Day Air,Credit Card,90,4.06,255.78
2377,2377,3,42,Spring,XL,Cyan,94,4.1,False,False,Express,Cash,7,52.14,4901.16
2378,2378,9,41,Fall,L,Magenta,94,4.0,False,False,Next Day Air,Cash,365,1.0,94.0
2379,2379,7,29,Summer,L,Teal,71,2.7,False,False,Store Pickup,PayPal,14,26.07,1850.97
2380,2380,5,41,Spring,M,Peach,77,4.0,False,False,2-Day Shipping,Debit Card,30,12.17,937.09
2381,2381,7,38,Fall,M,Black,66,2.5,False,False,Next Day Air,PayPal,14,26.07,1720.62
2382,2382,21,49,Summer,M,Teal,23,4.5,False,False,Free Shipping,PayPal,365,1.0,23.0
2383,2383,18,5,Spring,M,Turquoise,60,3.9,False,False,Express,Debit Card,7,52.14,3128.4
2384,2384,1,39,Spring,L,Gold,72,4.9,False,False,2-Day Shipping,Bank Transfer,365,1.0,72.0
2385,2385,9,1,Winter,L,Green,35,3.3,False,False,2-Day Shipping,PayPal,90,4.06,142.1
2386,2386,7,36,Fall,M,Brown,31,3.8,False,False,Express,PayPal,7,52.14,1616.34
2387,2387,17,13,Summer,L,Blue,33,2.9,False,False,Standard,Venmo,30,12.17,401.61
2388,2388,5,42,Summer,M,Gold,95,4.0,False,False,2-Day Shipping,Debit Card,30,12.17,1156.15
2389,2389,10,1,Fall,M,Peach,68,4.1,False,False,Store Pickup,Debit Card,365,1.0,68.0
2390,2390,24,16,Spring,M,Violet,87,3.1,False,False,Store Pickup,Bank Transfer,90,4.06,353.22
2391,2391,14,3,Winter,XL,Yellow,64,4.6,False,False,Express,Debit Card,14,26.07,1668.48
2392,2392,14,22,Winter,M,Black,74,4.6,False,False,Next Day Air,Bank Transfer,90,4.06,300.44
2393,2393,12,25,Spring,L,Silver,62,2.6,False,False,2-Day Shipping,Cash,365,1.0,62.0
2394,2394,17,18,Winter,M,Brown,97,5.0,False,False,2-Day Shipping,PayPal,90,4.06,393.82
2395,2395,21,7,Fall,L,Peach,47,2.9,False,False,2-Day Shipping,Debit Card,14,26.07,1225.29
2396,2396,9,7,Winter,M,Cyan,83,3.5,False,False,2-Day Shipping,PayPal,14,26.07,2163.81
2397,2397,14,37,Spring,M,Olive,82,3.7,False,False,2-Day Shipping,Venmo,7,52.14,4275.48
2398,2398,8,48,Fall,L,Black,26,2.9,False,False,Store Pickup,Venmo,30,12.17,316.42
2399,2399,25,9,Winter,M,Orange,81,4.3,False,False,Free Shipping,Bank Transfer,14,26.07,2111.67
2400,2400,10,29,Spring,L,Beige,44,3.2,False,False,Store Pickup,Cash,30,12.17,535.48
2401,2401,8,37,Winter,M,Peach,88,4.2,False,False,Next Day Air,Credit Card,14,26.07,2294.16
2402,2402,20,37,Winter,M,Pink,76,4.2,False,False,Standard,PayPal,14,26.07,1981.32
2403,2403,7,44,Winter,M,Brown,89,3.8,False,False,Free Shipping,Cash,7,52.14,4640.46
2404,2404,15,25,Fall,M,Magenta,22,4.4,False,False,Standard,Debit Card,7,52.14,1147.08
2405,2405,15,48,Winter,L,Cyan,33,3.1,False,False,2-Day Shipping,Credit Card,14,26.07,860.31
2406,2406,12,5,Fall,XL,Silver,97,5.0,False,False,Standard,Debit Card,90,4.06,393.82
2407,2407,7,5,Winter,M,Indigo,57,4.7,False,False,Standard,PayPal,7,52.14,2971.98
2408,2408,15,13,Summer,M,Beige,38,3.0,False,False,Express,Credit Card,14,26.07,990.66
2409,2409,23,11,Fall,XL,Black,55,4.2,False,False,Next Day Air,Debit Card,90,4.06,223.3
2410,2410,6,47,Spring,L,Yellow,37,3.0,False,False,Store Pickup,Cash,90,4.06,150.22
2411,2411,22,49,Summer,M,Maroon,43,3.7,False,False,Free Shipping,PayPal,30,12.17,523.31
2412,2412,11,46,Summer,M,Cyan,96,2.7,False,False,Free Shipping,Cash,90,4.06,389.76
2413,2413,25,37,Winter,M,Pink,51,4.3,False,False,2-Day Shipping,Bank Transfer,14,26.07,1329.57
2414,2414,15,38,Fall,XL,Violet,95,2.7,False,False,2-Day Shipping,Bank Transfer,7,52.14,4953.3
2415,2415,17,46,Summer,M,Lavender,26,3.7,False,False,Next Day Air,Credit Card,14,26.07,677.82
2416,2416,24,11,Fall,XL,Lavender,34,4.3,False,False,Standard,Bank Transfer,7,52.14,1772.76
2417,2417,21,27,Summer,S,Black,83,4.0,False,False,Next Day Air,Credit Card,90,4.06,336.98
2418,2418,1,2,Fall,M,Olive,24,3.3,False,False,Standard,Venmo,14,26.07,625.68
2419,2419,13,22,Fall,S,Indigo,69,4.0,False,False,Next Day Air,Cash,90,4.06,280.14
2420,2420,18,33,Fall,M,Blue,40,2.7,False,False,Next Day Air,Credit Card,90,4.06,162.4
2421,2421,25,33,Winter,S,Green,87,4.2,False,False,Free Shipping,PayPal,365,1.0,87.0
2422,2422,23,23,Spring,L,Pink,46,4.6,False,False,Standard,Debit Card,90,4.06,186.76
2423,2423,6,10,Winter,M,Peach,82,4.8,False,False,Store Pickup,Credit Card,7,52.14,4275.48
2424,2424,1,48,Summer,M,Purple,81,2.8,False,False,Free Shipping,Credit Card,90,4.06,328.86
2425,2425,6,8,Winter,M,Peach,57,4.5,False,False,Next Day Air,Bank Transfer,14,26.07,1485.99
2426,2426,22,34,Summer,S,Olive,49,3.0,False,False,2-Day Shipping,Bank Transfer,90,4.06,198.94
2427,2427,25,9,Fall,M,Olive,42,4.6,False,False,Free Shipping,Debit Card,90,4.06,170.52
2428,2428,25,37,Spring,M,Purple,26,3.3,False,False,Standard,Cash,90,4.06,105.56
2429,2429,19,12,Spring,M,Violet,38,4.4,False,False,Next Day Air,Debit Card,365,1.0,38.0
2430,2430,23,46,Summer,XL,Maroon,57,4.4,False,False,Standard,Credit Card,14,26.07,1485.99
2431,2431,25,34,Summer,XL,White,100,4.3,False,False,Express,Cash,90,4.06,406.0
2432,2432,11,1,Fall,S,Olive,73,3.4,False,False,Express,Bank Transfer,90,4.06,296.38
2433,2433,25,11,Winter,M,Peach,66,2.8,False,False,Store Pickup,Venmo,30,12.17,803.22
2434,2434,19,37,Spring,M,Blue,73,3.4,False,False,Standard,Cash,14,26.07,1903.11
2435,2435,3,44,Spring,M,Brown,45,5.0,False,False,Store Pickup,Credit Card,30,12.17,547.65
2436,2436,23,11,Fall,S,Black,27,4.5,False,False,Free Shipping,Cash,14,26.07,703.89
2437,2437,19,7,Fall,M,Yellow,24,2.7,False,False,Store Pickup,Credit Card,90,4.06,97.44
2438,2438,23,50,Winter,XL,Magenta,59,3.4,False,False,Store Pickup,Credit Card,7,52.14,3076.26
2439,2439,12,8,Winter,S,Cyan,20,3.4,False,False,Express,Venmo,7,52.14,1042.8
2440,2440,4,4,Summer,M,Maroon,44,2.8,False,False,Standard,Bank Transfer,365,1.0,44.0
2441,2441,17,14,Spring,M,Red,90,4.7,False,False,Standard,Bank Transfer,365,1.0,90.0
2442,2442,6,5,Fall,M,Black,36,4.7,False,False,Free Shipping,Credit Card,30,12.17,438.12
2443,2443,9,50,Winter,L,Violet,95,4.7,False,False,Free Shipping,Debit Card,14,26.07,2476.65
2444,2444,1,41,Spring,M,Green,30,3.4,False,False,2-Day Shipping,Bank Transfer,14,26.07,782.1
2445,2445,7,48,Fall,S,Gold,65,3.7,False,False,Express,Debit Card,14,26.07,1694.55
2446,2446,7,42,Summer,M,Brown,96,4.1,False,False,Store Pickup,Cash,7,52.14,5005.44
2447,2447,14,2,Spring,L,Peach,65,2.9,False,False,2-Day Shipping,Credit Card,30,12.17,791.05
2448,2448,13,41,Fall,L,Peach,47,3.2,False,False,Store Pickup,Venmo,14,26.07,1225.29
2449,2449,5,42,Fall,S,Violet,25,3.0,False,False,Free Shipping,PayPal,14,26.07,651.75
2450,2450,24,1,Fall,S,Violet,56,4.1,False,False,Express,Venmo,14,26.07,1459.92
2451,2451,19,33,Fall,M,Magenta,76,4.5,False,False,Standard,Venmo,90,4.06,308.56
2452,2452,17,36,Fall,M,Purple,60,3.4,False,False,Store Pickup,Venmo,30,12.17,730.2
2453,2453,14,32,Winter,L,Purple,67,4.1,False,False,Express,Bank Transfer,90,4.06,272.02
2454,2454,18,15,Spring,XL,Cyan,95,4.6,False,False,Store Pickup,Cash,365,1.0,95.0
2455,2455,3,2,Winter,M,Magenta,72,4.6,False,False,Express,Venmo,365,1.0,72.0
2456,2456,2,2,Spring,L,Lavender,98,3.4,False,False,Express,Cash,90,4.06,397.88
2457,2457,12,27,Winter,M,Green,83,3.3,False,False,2-Day Shipping,PayPal,30,12.17,1010.11
2458,2458,4,8,Fall,M,Maroon,37,3.6,False,False,2-Day Shipping,Cash,90,4.06,150.22
2459,2459,19,43,Fall,L,Turquoise,85,4.6,False,False,Free Shipping,Bank Transfer,7,52.14,4431.9
2460,2460,17,25,Fall,L,Violet,36,4.3,False,False,2-Day Shipping,Cash,7,52.14,1877.04
2461,2461,12,19,Winter,S,Lavender,36,4.0,False,False,Store Pickup,Credit Card,365,1.0,36.0
2462,2462,7,38,Summer,L,Red,86,4.8,False,False,Next Day Air,Credit Card,7,52.14,4484.04
2463,2463,13,25,Spring,XL,Orange,99,4.3,False,False,Standard,Bank Transfer,14,26.07,2580.93
2464,2464,9,24,Summer,XL,Indigo,21,3.3,False,False,Standard,Cash,14,26.07,547.47
2465,2465,25,11,Winter,L,Teal,84,2.8,False,False,Express,Cash,14,26.07,2189.88
2466,2466,21,43,Spring,M,Brown,63,4.4,False,False,Free Shipping,Bank Transfer,7,52.14,3284.82
2467,2467,15,41,Summer,S,Pink,84,3.7,False,False,Express,Cash,365,1.0,84.0
2468,2468,15,30,Spring,M,Lavender,72,3.6,False,False,Express,Credit Card,365,1.0,72.0
2469,2469,16,7,Winter,L,Cyan,21,3.7,False,False,2-Day Shipping,Venmo,7,52.14,1094.94
2470,2470,21,20,Fall,M,Yellow,92,5.0,False,False,Standard,PayPal,365,1.0,92.0
2471,2471,9,3,Fall,XL,Pink,72,2.7,False,False,Next Day Air,Credit Card,14,26.07,1877.04
2472,2472,21,36,Spring,M,Gray,83,4.3,False,False,Store Pickup,Cash,365,1.0,83.0
2473,2473,14,44,Summer,M,Peach,73,4.1,False,False,Standard,Credit Card,365,1.0,73.0
2474,2474,17,4,Winter,M,Red,98,2.6,False,False,Next Day Air,Cash,90,4.06,397.88
2475,2475,19,33,Fall,M,Olive,76,3.2,False,False,Store Pickup,Bank Transfer,90,4.06,308.56
2476,2476,10,5,Summer,S,Lavender,43,3.5,False,False,Next Day Air,Venmo,30,12.17,523.31
2477,2477,5,6,Summer,M,Turquoise,60,3.7,False,False,Next Day Air,Cash,30,12.17,730.2
2478,2478,3,5,Spring,L,Turquoise,40,3.8,False,False,2-Day Shipping,PayPal,7,52.14,2085.6
2479,2479,17,45,Winter,S,Maroon,93,4.8,False,False,2-Day Shipping,Bank Transfer,90,4.06,377.58
2480,2480,10,16,Fall,S,Olive,98,4.2,False,False,Standard,Credit Card,90,4.06,397.88
2481,2481,17,35,Summer,XL,Maroon,91,2.9,False,False,Next Day Air,Credit Card,14,26.07,2372.37
2482,2482,2,30,Fall,XL,Cyan,92,2.9,False,False,Free Shipping,Debit Card,7,52.14,4796.88
2483,2483,4,3,Winter,S,Peach,87,4.8,False,False,Next Day Air,Credit Card,90,4.06,353.22
2484,2484,16,3,Fall,S,Teal,96,2.9,False,False,Standard,Debit Card,30,12.17,1168.32
2485,2485,11,29,Summer,M,Green,97,4.8,False,False,2-Day Shipping,Cash,90,4.06,393.82
2486,2486,9,18,Spring,M,Beige,55,4.6,False,False,2-Day Shipping,Bank Transfer,365,1.0,55.0
2487,2487,12,43,Spring,L,Magenta,58,4.4,False,False,Store Pickup,Credit Card,14,26.07,1512.06
2488,2488,20,26,Spring,L,Violet,21,3.0,False,False,Next Day Air,PayPal,14,26.07,547.47
2489,2489,4,29,Summer,XL,Charcoal,82,4.4,False,False,Express,PayPal,30,12.17,997.94
2490,2490,24,41,Winter,M,Green,34,3.9,False,False,Express,Venmo,90,4.06,138.04
2491,2491,9,26,Spring,M,Gray,78,4.0,False,False,Free Shipping,Cash,90,4.06,316.68
2492,2492,4,33,Spring,M,Magenta,47,2.5,False,False,Express,Bank Transfer,30,12.17,571.99
2493,2493,8,41,Summer,S,Silver,96,4.1,False,False,Next Day Air,Bank Transfer,14,26.07,2502.72
2494,2494,17,19,Fall,S,Beige,23,4.8,False,False,2-Day Shipping,Venmo,90,4.06,93.38
2495,2495,22,36,Winter,S,Peach,27,2.6,False,False,Store Pickup,Debit Card,365,1.0,27.0
2496,2496,1,27,Spring,XL,Orange,37,3.1,False,False,Free Shipping,Credit Card,90,4.06,150.22
2497,2497,7,13,Summer,S,Yellow,79,3.2,False,False,Store Pickup,Credit Card,7,52.14,4119.06
2498,2498,1,6,Summer,M,Violet,40,4.2,False,False,Standard,Bank Transfer,365,1.0,40.0
2499,2499,24,21,Fall,S,Green,39,2.6,False,False,Next Day Air,Cash,14,26.07,1016.73
2500,2500,11,18,Summer,L,Pink,73,3.1,False,False,Next Day Air,Cash,90,4.06,296.38
2501,2501,3,21,Fall,M,Violet,84,2.9,False,False,Store Pickup,Cash,14,26.07,2189.88
2502,2502,15,48,Fall,M,Violet,94,4.6,False,False,Free Shipping,Venmo,14,26.07,2450.58
2503,2503,16,12,Spring,L,Pink,47,4.1,False,False,Standard,PayPal,90,4.06,190.82
2504,2504,20,35,Summer,M,Violet,77,2.5,False,False,Store Pickup,Debit Card,14,26.07,2007.39
2505,2505,15,39,Winter,M,Turquoise,94,4.0,False,False,Store Pickup,Cash,14,26.07,2450.58
2506,2506,4,13,Summer,M,Cyan,75,3.5,False,False,Express,PayPal,90,4.06,304.5
2507,2507,10,32,Spring,XL,Orange,82,4.4,False,False,Free Shipping,Venmo,365,1.0,82.0
2508,2508,22,18,Fall,M,Cyan,36,2.9,False,False,Store Pickup,Credit Card,90,4.06,146.16
2509,2509,23,5,Spring,XL,Indigo,90,3.1,False,False,2-Day Shipping,Debit Card,14,26.07,2346.3
2510,2510,17,47,Spring,M,Black,48,4.4,False,False,Free Shipping,Bank Transfer,90,4.06,194.88
2511,2511,25,41,Winter,L,Purple,42,4.4,False,False,Standard,Credit Card,7,52.14,2189.88
2512,2512,1,12,Summer,M,Cyan,33,2.7,False,False,Store Pickup,PayPal,90,4.06,133.98
2513,2513,17,34,Summer,M,Green,63,4.9,False,False,Free Shipping,Credit Card,30,12.17,766.71
2514,2514,4,47,Winter,L,Teal,53,3.5,False,False,2-Day Shipping,Cash,365,1.0,53.0
2515,2515,5,2,Spring,L,Teal,37,4.8,False,False,Free Shipping,PayPal,14,26.07,964.59
2516,2516,9,16,Summer,M,Magenta,92,4.2,False,False,2-Day Shipping,Cash,30,12.17,1119.64
2517,2517,15,44,Spring,XL,Brown,73,4.6,False,False,Standard,Debit Card,90,4.06,296.38
2518,2518,14,50,Spring,L,Orange,38,2.9,False,False,Standard,Venmo,365,1.0,38.0
2519,2519,20,19,Fall,XL,Blue,51,4.0,False,False,Store Pickup,Venmo,365,1.0,51.0
2520,2520,25,22,Spring,L,Magenta,90,4.9,False,False,Standard,Credit Card,90,4.06,365.4
2521,2521,25,13,Summer,L,Magenta,56,3.1,False,False,Next Day Air,Cash,90,4.06,227.36
2522,2522,4,23,Fall,M,Magenta,33,4.4,False,False,Standard,PayPal,90,4.06,133.98
2523,2523,2,21,Winter,S,Olive,53,2.5,False,False,2-Day Shipping,Debit Card,7,52.14,2763.42
2524,2524,4,30,Spring,S,Cyan,24,3.4,False,False,Express,Bank Transfer,365,1.0,24.0
2525,2525,24,16,Spring,M,Purple,59,3.7,False,False,Express,Credit Card,90,4.06,239.54
2526,2526,18,17,Winter,M,Purple,72,4.2,False,False,Standard,PayPal,7,52.14,3754.08
2527,2527,15,39,Spring,S,Peach,28,3.4,False,False,Express,PayPal,14,26.07,729.96
2528,2528,13,13,Fall,M,Gold,36,3.6,False,False,Express,Bank Transfer,90,4.06,146.16
2529,2529,6,1,Fall,S,Peach,47,4.7,False,False,2-Day Shipping,Debit Card,30,12.17,571.99
2530,2530,3,42,Spring,M,Magenta,62,4.7,False,False,Next Day Air,Bank Transfer,30,12.17,754.54
2531,2531,16,21,Spring,S,Cyan,98,3.6,False,False,Free Shipping,Debit Card,7,52.14,5109.72
2532,2532,21,43,Summer,M,Violet,28,4.6,False,False,Free Shipping,Cash,90,4.06,113.68
2533,2533,17,27,Summer,S,Charcoal,86,2.6,False,False,Next Day Air,Debit Card,7,52.14,4484.04
2534,2534,6,38,Summer,S,Blue,46,3.1,False,False,Standard,Cash,14,26.07,1199.22
2535,2535,8,46,Fall,XL,Red,42,3.2,False,False,Free Shipping,Cash,7,52.14,2189.88
2536,2536,24,45,Winter,S,Purple,80,3.9,False,False,Express,Bank Transfer,14,26.07,2085.6
2537,2537,2,36,Spring,L,Gray,39,4.9,False,False,Express,PayPal,90,4.06,158.34
2538,2538,24,19,Summer,M,Purple,49,4.1,False,False,2-Day Shipping,PayPal,14,26.07,1277.43
2539,2539,7,30,Summer,M,Silver,32,4.2,False,False,Next Day Air,Credit Card,14,26.07,834.24
2540,2540,21,21,Fall,M,Purple,73,4.1,False,False,Next Day Air,Cash,14,26.07,1903.11
2541,2541,2,30,Summer,M,Charcoal,42,3.9,False,False,Free Shipping,Debit Card,90,4.06,170.52
2542,2542,7,47,Spring,M,Silver,58,2.7,False,False,Next Day Air,Venmo,90,4.06,235.48
2543,2543,6,4,Winter,M,White,22,3.7,False,False,Express,PayPal,365,1.0,22.0
2544,2544,7,48,Spring,L,Peach,56,2.7,False,False,Next Day Air,PayPal,14,26.07,1459.92
2545,2545,13,8,Spring,M,Red,70,2.5,False,False,Next Day Air,Venmo,90,4.06,284.2
2546,2546,22,43,Spring,L,Olive,50,3.9,False,False,Free Shipping,Debit Card,365,1.0,50.0
2547,2547,20,43,Summer,L,Gray,21,3.0,False,False,Express,Credit Card,90,4.06,85.26
2548,2548,25,24,Summer,M,Beige,97,3.2,False,False,2-Day Shipping,Cash,7,52.14,5057.58
2549,2549,1,43,Winter,L,Pink,63,3.8,False,False,Standard,Credit Card,30,12.17,766.71
2550,2550,25,46,Fall,M,Red,60,2.7,False,False,Standard,Debit Card,90,4.06,243.6
2551,2551,20,29,Fall,XL,Peach,52,3.0,False,False,Store Pickup,Debit Card,14,26.07,1355.64
2552,2552,22,23,Winter,M,Maroon,32,4.1,False,False,Next Day Air,Debit Card,365,1.0,32.0
2553,2553,2,20,Spring,XL,Purple,48,3.2,False,False,2-Day Shipping,Credit Card,365,1.0,48.0
2554,2554,6,45,Summer,M,Maroon,25,4.5,False,False,Store Pickup,Venmo,90,4.06,101.5
2555,2555,6,16,Summer,M,Gray,68,4.3,False,False,Store Pickup,Debit Card,14,26.07,1772.76
2556,2556,13,12,Fall,M,Gray,74,3.5,False,False,Standard,Credit Card,7,52.14,3858.36
2557,2557,19,26,Fall,XL,Magenta,88,3.1,False,False,Standard,Bank Transfer,90,4.06,357.28
2558,2558,15,36,Spring,L,Cyan,23,3.9,False,False,Standard,PayPal,14,26.07,599.61
2559,2559,11,5,Fall,M,Silver,32,2.7,False,False,Express,PayPal,14,26.07,834.24
2560,2560,2,24,Winter,S,Green,71,4.0,False,False,Free Shipping,Debit Card,90,4.06,288.26
2561,2561,20,5,Spring,M,Violet,62,2.7,False,False,Next Day Air,Debit Card,14,26.07,1616.34
2562,2562,11,32,Spring,L,Magenta,20,2.7,False,False,Free Shipping,Debit Card,90,4.06,81.2
2563,2563,15,3,Spring,XL,Yellow,62,4.7,False,False,Standard,Cash,14,26.07,1616.34
2564,2564,1,21,Winter,XL,Gray,81,4.5,False,False,Standard,Venmo,90,4.06,328.86
2565,2565,7,17,Winter,L,Indigo,90,3.0,False,False,2-Day Shipping,Bank Transfer,7,52.14,4692.6
2566,2566,17,45,Fall,S,Indigo,43,3.6,False,False,Store Pickup,Venmo,90,4.06,174.58
2567,2567,4,25,Fall,S,Yellow,38,3.3,False,False,Standard,PayPal,90,4.06,154.28
2568,2568,8,22,Spring,XL,Gold,25,4.3,False,False,Store Pickup,Cash,14,26.07,651.75
2569,2569,19,43,Winter,XL,Green,98,4.3,False,False,Express,PayPal,14,26.07,2554.86
2570,2570,10,32,Spring,M,Charcoal,75,4.8,False,False,Free Shipping,Bank Transfer,14,26.07,1955.25
2571,2571,23,31,Spring,XL,Olive,27,4.0,False,False,Store Pickup,PayPal,14,26.07,703.89
2572,2572,8,24,Winter,L,Black,27,3.5,False,False,Standard,Cash,14,26.07,703.89
2573,2573,9,47,Fall,M,Silver,42,3.9,False,False,Next Day Air,Bank Transfer,90,4.06,170.52
2574,2574,19,31,Summer,M,Red,90,4.4,False,False,Store Pickup,Bank Transfer,365,1.0,90.0
2575,2575,5,9,Summer,M,Brown,63,4.6,False,False,2-Day Shipping,Credit Card,14,26.07,1642.41
2576,2576,15,23,Fall,M,Silver,96,4.0,False,False,Express,PayPal,365,1.0,96.0
2577,2577,11,29,Winter,M,Silver,40,4.2,False,False,Free Shipping,Debit Card,90,4.06,162.4
2578,2578,17,23,Fall,L,Black,39,4.5,False,False,Next Day Air,Bank Transfer,30,12.17,474.63
2579,2579,8,45,Fall,M,Purple,48,3.9,False,False,Free Shipping,Cash,90,4.06,194.88
2580,2580,9,23,Summer,M,Purple,20,3.7,False,False,Express,Venmo,7,52.14,1042.8
2581,2581,12,21,Summer,S,Turquoise,29,3.6,False,False,Store Pickup,Bank Transfer,90,4.06,117.74
2582,2582,10,50,Winter,M,Gold,81,4.7,False,False,Express,Credit Card,30,12.17,985.77
2583,2583,10,41,Fall,S,Indigo,98,3.6,False,False,2-Day Shipping,Venmo,90,4.06,397.88
2584,2584,12,36,Fall,M,Lavender,93,2.5,False,False,Next Day Air,Cash,7,52.14,4849.02
2585,2585,17,9,Summer,L,Blue,30,2.9,False,False,Store Pickup,Bank Transfer,14,26.07,782.1
2586,2586,8,49,Fall,L,Maroon,37,4.4,False,False,Free Shipping,Debit Card,7,52.14,1929.18
2587,2587,24,19,Winter,L,Yellow,28,4.6,False,False,Express,Credit Card,90,4.06,113.68
2588,2588,7,7,Winter,M,Purple,29,3.7,False,False,Express,PayPal,90,4.06,117.74
2589,2589,1,8,Summer,M,Peach,49,3.2,False,False,Free Shipping,Venmo,14,26.07,1277.43
2590,2590,13,34,Winter,M,Silver,53,4.9,False,False,2-Day Shipping,PayPal,365,1.0,53.0
2591,2591,3,5,Summer,M,Turquoise,66,5.0,False,False,Free Shipping,Venmo,365,1.0,66.0
2592,2592,25,31,Spring,S,Olive,61,3.3,False,False,Express,Cash,90,4.06,247.66
2593,2593,15,15,Summer,XL,Peach,23,4.4,False,False,Store Pickup,Venmo,90,4.06,93.38
2594,2594,13,6,Fall,S,Indigo,36,4.7,False,False,Store Pickup,Bank Transfer,90,4.06,146.16
2595,2595,16,26,Fall,L,Indigo,81,3.6,False,False,Free Shipping,Cash,90,4.06,328.86
2596,2596,9,15,Summer,XL,Maroon,56,3.2,False,False,Free Shipping,Bank Transfer,14,26.07,1459.92
2597,2597,14,18,Spring,L,Black,78,3.0,False,False,Next Day Air,Credit Card,30,12.17,949.26
2598,2598,6,1,Summer,XL,Teal,25,4.4,False,False,Store Pickup,Venmo,14,26.07,651.75
2599,2599,1,28,Fall,XL,Olive,86,3.3,False,False,Express,Debit Card,365,1.0,86.0
2600,2600,6,45,Winter,M,Gold,99,3.4,False,False,Express,Credit Card,30,12.17,1204.83
2601,2601,2,32,Fall,M,Gray,83,3.9,False,False,Express,Bank Transfer,14,26.07,2163.81
2602,2602,10,24,Winter,L,Orange,33,2.9,False,False,Store Pickup,Cash,30,12.17,401.61
2603,2603,24,40,Fall,M,Black,44,2.9,False,False,Free Shipping,Venmo,90,4.06,178.64
2604,2604,10,47,Spring,M,Teal,58,2.7,False,False,2-Day Shipping,Cash,365,1.0,58.0
2605,2605,18,6,Spring,M,Beige,54,3.4,False,False,Store Pickup,Debit Card,7,52.14,2815.56
2606,2606,11,28,Spring,M,White,93,3.7,False,False,2-Day Shipping,Venmo,14,26.07,2424.51
2607,2607,22,28,Spring,L,Turquoise,98,4.7,False,False,Standard,Bank Transfer,14,26.07,2554.86
2608,2608,22,36,Spring,XL,Teal,36,3.1,False,False,Express,PayPal,90,4.06,146.16
2609,2609,25,24,Fall,L,Orange,68,4.2,False,False,2-Day Shipping,Credit Card,14,26.07,1772.76
2610,2610,1,4,Summer,M,Black,95,3.0,False,False,Store Pickup,Debit Card,14,26.07,2476.65
2611,2611,12,48,Spring,M,Violet,93,3.1,False,False,Express,Cash,90,4.06,377.58
2612,2612,25,22,Fall,L,Maroon,99,4.2,False,False,2-Day Shipping,Cash,14,26.07,2580.93
2613,2613,8,18,Winter,M,Turquoise,22,3.8,False,False,Next Day Air,Venmo,90,4.06,89.32
2614,2614,3,41,Fall,M,Gold,88,2.9,False,False,Express,Bank Transfer,30,12.17,1070.96
2615,2615,25,34,Spring,M,Turquoise,65,4.2,False,False,Express,Bank Transfer,14,26.07,1694.55
2616,2616,19,3,Fall,M,Maroon,62,3.1,False,False,2-Day Shipping,Debit Card,90,4.06,251.72
2617,2617,21,10,Spring,XL,Purple,55,3.6,False,False,Express,Cash,365,1.0,55.0
2618,2618,15,12,Spring,S,Maroon,97,4.8,False,False,Standard,Bank Transfer,365,1.0,97.0
2619,2619,4,18,Fall,L,Brown,77,4.1,False,False,Express,Venmo,30,12.17,937.09
2620,2620,13,7,Winter,L,Indigo,40,3.9,False,False,Free Shipping,Credit Card,7,52.14,2085.6
2621,2621,9,35,Winter,S,Lavender,23,3.0,False,False,Standard,Debit Card,365,1.0,23.0
2622,2622,22,19,Winter,M,Beige,46,3.0,False,False,Express,Bank Transfer,365,1.0,46.0
2623,2623,1,29,Spring,M,Yellow,75,4.9,False,False,2-Day Shipping,Credit Card,365,1.0,75.0
2624,2624,22,21,Fall,M,Gold,76,4.8,False,False,Next Day Air,Cash,365,1.0,76.0
2625,2625,10,41,Summer,M,Indigo,59,3.3,False,False,Standard,Credit Card,365,1.0,59.0
2626,2626,16,6,Summer,L,Cyan,51,2.7,False,False,Standard,Credit Card,7,52.14,2659.14
2627,2627,25,39,Fall,XL,Silver,46,4.2,False,False,Express,Credit Card,90,4.06,186.76
2628,2628,14,25,Fall,L,Silver,26,3.6,False,False,Next Day Air,Bank Transfer,90,4.06,105.56
2629,2629,11,50,Summer,M,Silver,51,3.8,False,False,Next Day Air,Credit Card,14,26.07,1329.57
2630,2630,7,29,Winter,M,Peach,44,3.8,False,False,Free Shipping,Venmo,365,1.0,44.0
2631,2631,16,19,Spring,S,Pink,82,4.2,False,False,Free Shipping,Cash,90,4.06,332.92
2632,2632,16,7,Summer,S,Violet,44,2.7,False,False,Express,Cash,7,52.14,2294.16
2633,2633,7,2,Fall,M,Black,27,5.0,False,False,Next Day Air,Cash,365,1.0,27.0
2634,2634,8,2,Fall,M,Purple,90,4.7,False,False,Next Day Air,Credit Card,14,26.07,2346.3
2635,2635,21,33,Summer,S,Black,58,3.2,False,False,Store Pickup,PayPal,90,4.06,235.48
2636,2636,11,6,Spring,XL,Peach,80,2.9,False,False,2-Day Shipping,PayPal,14,26.07,2085.6
2637,2637,25,44,Winter,S,Magenta,40,4.2,False,False,Store Pickup,Venmo,365,1.0,40.0
2638,2638,13,1,Spring,M,Magenta,23,3.7,False,False,Store Pickup,PayPal,365,1.0,23.0
2639,2639,14,11,Spring,S,Black,34,4.2,False,False,Store Pickup,Credit Card,365,1.0,34.0
2640,2640,9,29,Winter,XL,Pink,35,2.6,False,False,Free Shipping,Debit Card,90,4.06,142.1
2641,2641,16,14,Summer,L,Olive,75,4.0,False,False,Store Pickup,Venmo,14,26.07,1955.25
2642,2642,8,45,Winter,XL,Olive,60,2.7,False,False,Next Day Air,Bank Transfer,90,4.06,243.6
2643,2643,2,15,Summer,L,Peach,87,4.0,False,False,Store Pickup,Bank Transfer,365,1.0,87.0
2644,2644,3,20,Spring,S,Silver,41,2.9,False,False,Next Day Air,Cash,30,12.17,498.97
2645,2645,13,31,Spring,M,Turquoise,83,3.3,False,False,Standard,Bank Transfer,90,4.06,336.98
2646,2646,7,18,Spring,L,Olive,81,4.0,False,False,Store Pickup,Bank Transfer,14,26.07,2111.67
2647,2647,19,31,Summer,S,Lavender,56,3.9,False,False,Next Day Air,Debit Card,90,4.06,227.36
2648,2648,22,40,Summer,M,Red,58,3.3,False,False,2-Day Shipping,Debit Card,365,1.0,58.0
2649,2649,13,13,Spring,M,Gray,84,3.9,False,False,Next Day Air,PayPal,14,26.07,2189.88
2650,2650,3,23,Fall,M,Magenta,21,3.9,False,False,Store Pickup,Bank Transfer,14,26.07,547.47
2651,2651,17,37,Summer,L,Maroon,35,4.2,False,False,Standard,Credit Card,90,4.06,142.1
2652,2652,23,42,Summer,M,Cyan,43,4.6,False,False,Store Pickup,PayPal,90,4.06,174.58
2653,2653,15,20,Summer,L,Cyan,20,3.3,False,False,2-Day Shipping,Credit Card,30,12.17,243.4
2654,2654,9,49,Fall,L,Lavender,36,4.8,False,False,Express,Venmo,90,4.06,146.16
2655,2655,24,12,Fall,S,Pink,70,4.1,False,False,Next Day Air,PayPal,365,1.0,70.0
2656,2656,8,50,Summer,M,Gray,83,3.4,False,False,Standard,Credit Card,14,26.07,2163.81
2657,2657,15,14,Winter,L,Yellow,76,3.6,False,False,Express,Bank Transfer,14,26.07,1981.32
2658,2658,10,43,Summer,M,Pink,81,2.7,False,False,Express,Credit Card,14,26.07,2111.67
2659,2659,4,35,Summer,XL,Indigo,47,3.2,False,False,Next Day Air,PayPal,30,12.17,571.99
2660,2660,20,16,Summer,L,Gray,35,4.4,False,False,2-Day Shipping,Credit Card,14,26.07,912.45
2661,2661,13,40,Spring,L,Yellow,85,4.9,False,False,Express,Venmo,365,1.0,85.0
2662,2662,20,22,Fall,XL,Olive,96,4.8,False,False,Express,Bank Transfer,365,1.0,96.0
2663,2663,16,27,Summer,M,Cyan,98,2.8,False,False,2-Day Shipping,PayPal,14,26.07,2554.86
2664,2664,23,49,Fall,L,Silver,52,2.9,False,False,Free Shipping,Bank Transfer,365,1.0,52.0
2665,2665,6,13,Winter,L,Silver,84,3.2,False,False,Store Pickup,PayPal,7,52.14,4379.76
2666,2666,19,18,Winter,L,Red,71,3.5,False,False,Store Pickup,Venmo,7,52.14,3701.94
2667,2667,21,35,Winter,S,Brown,95,4.1,False,False,Store Pickup,Venmo,14,26.07,2476.65
2668,2668,20,20,Summer,M,Orange,47,4.1,False,False,Free Shipping,Cash,14,26.07,1225.29
2669,2669,24,43,Summer,M,Black,75,4.8,False,False,Next Day Air,PayPal,90,4.06,304.5
2670,2670,2,13,Spring,L,Teal,28,2.8,False,False,Free Shipping,Credit Card,7,52.14,1459.92
2671,2671,8,38,Fall,M,Yellow,44,4.7,False,False,Express,Bank Transfer,14,26.07,1147.08
2672,2672,21,1,Winter,XL,Gray,64,4.8,False,False,2-Day Shipping,PayPal,90,4.06,259.84
2673,2673,20,48,Spring,M,Maroon,28,2.9,False,False,Standard,Cash,365,1.0,28.0
2674,2674,11,28,Summer,M,Olive,21,2.6,False,False,2-Day Shipping,Cash,30,12.17,255.57
2675,2675,5,9,Fall,S,Charcoal,41,3.3,False,False,Express,Cash,90,4.06,166.46
2676,2676,15,46,Winter,M,Peach,38,3.4,False,False,Free Shipping,Cash,14,26.07,990.66
2677,2677,1,17,Spring,M,Maroon,77,3.6,False,False,Free Shipping,Cash,14,26.07,2007.39
2678,2678,15,7,Spring,L,Olive,43,3.8,False,False,Next Day Air,PayPal,90,4.06,174.58
2679,2679,2,26,Spring,M,Magenta,91,3.4,False,False,2-Day Shipping,Credit Card,14,26.07,2372.37
2680,2680,15,26,Spring,S,Yellow,68,3.8,False,False,Express,Debit Card,90,4.06,276.08
2681,2681,17,27,Fall,L,Indigo,37,3.3,False,False,Next Day Air,Venmo,365,1.0,37.0
2682,2682,22,21,Summer,L,Olive,23,4.8,False,False,Standard,Debit Card,30,12.17,279.91
2683,2683,23,33,Winter,L,Maroon,65,3.9,False,False,2-Day Shipping,Venmo,90,4.06,263.9
2684,2684,1,26,Summer,M,Indigo,30,4.2,False,False,Next Day Air,Cash,14,26.07,782.1
2685,2685,10,47,Summer,M,Gray,45,4.7,False,False,Free Shipping,Credit Card,14,26.07,1173.15
2686,2686,20,46,Winter,M,Gray,25,2.7,False,False,Express,Credit Card,90,4.06,101.5
2687,2687,17,10,Winter,M,Black,72,3.8,False,False,2-Day Shipping,Cash,14,26.07,1877.04
2688,2688,10,8,Fall,M,White,75,3.6,False,False,2-Day Shipping,Debit Card,14,26.07,1955.25
2689,2689,4,48,Spring,XL,Turquoise,63,2.9,False,False,2-Day Shipping,Credit Card,90,4.06,255.78
2690,2690,9,50,Fall,M,Orange,35,3.9,False,False,Standard,PayPal,90,4.06,142.1
2691,2691,2,31,Summer,L,Yellow,32,4.7,False,False,Free Shipping,Bank Transfer,7,52.14,1668.48
2692,2692,13,27,Winter,L,Blue,25,3.3,False,False,2-Day Shipping,Cash,30,12.17,304.25
2693,2693,23,47,Spring,XL,Violet,90,4.2,False,False,Free Shipping,Debit Card,90,4.06,365.4
2694,2694,20,11,Summer,L,Lavender,70,2.6,False,False,Standard,Cash,90,4.06,284.2
2695,2695,8,18,Spring,M,Olive,27,4.9,False,False,Express,Credit Card,90,4.06,109.62
2696,2696,5,42,Fall,M,Orange,92,3.6,False,False,Standard,PayPal,14,26.07,2398.44
2697,2697,24,41,Spring,M,White,20,4.7,False,False,Free Shipping,Debit Card,30,12.17,243.4
2698,2698,25,8,Winter,L,Red,52,3.2,False,False,Standard,Bank Transfer,90,4.06,211.12
2699,2699,11,46,Summer,M,Magenta,57,3.6,False,False,Store Pickup,Venmo,90,4.06,231.42
2700,2700,20,44,Fall,M,Violet,96,3.6,False,False,2-Day Shipping,Debit Card,365,1.0,96.0
2701,2701,19,5,Winter,XL,Olive,68,3.2,False,False,Standard,Cash,7,52.14,3545.52
2702,2702,18,12,Summer,L,Silver,30,2.8,False,False,Store Pickup,Bank Transfer,14,26.07,782.1
2703,2703,22,43,Fall,L,Gray,37,4.0,False,False,Next Day Air,Debit Card,14,26.07,964.59
2704,2704,7,42,Winter,XL,Olive,42,4.4,False,False,Free Shipping,PayPal,7,52.14,2189.88
2705,2705,10,42,Spring,L,Beige,54,3.4,False,False,Next Day Air,Debit Card,7,52.14,2815.56
2706,2706,25,47,Spring,S,Turquoise,81,5.0,False,False,Store Pickup,Credit Card,14,26.07,2111.67
2707,2707,22,1,Spring,S,Blue,40,3.1,False,False,Express,Debit Card,90,4.06,162.4
2708,2708,1,27,Fall,M,Pink,88,4.2,False,False,Standard,Cash,7,52.14,4588.32
2709,2709,10,1,Summer,M,Teal,94,3.3,False,False,Store Pickup,Debit Card,7,52.14,4901.16
2710,2710,14,13,Winter,S,Cyan,54,2.9,False,False,Standard,Credit Card,14,26.07,1407.78
2711,2711,25,49,Summer,L,Purple,51,4.7,False,False,Standard,Bank Transfer,14,26.07,1329.57
2712,2712,8,27,Spring,L,Red,22,4.0,False,False,Standard,Venmo,30,12.17,267.74
2713,2713,25,34,Fall,L,Brown,95,4.6,False,False,Standard,Debit Card,90,4.06,385.7
2714,2714,24,24,Fall,M,Magenta,57,3.8,False,False,2-Day Shipping,Debit Card,365,1.0,57.0
2715,2715,18,15,Winter,S,Olive,45,3.6,False,False,Store Pickup,Credit Card,14,26.07,1173.15
2716,2716,23,24,Winter,XL,Pink,92,4.1,False,False,Express,PayPal,14,26.07,2398.44
2717,2717,22,6,Spring,L,Black,40,2.7,False,False,Store Pickup,Debit Card,7,52.14,2085.6
2718,2718,8,27,Winter,XL,Beige,62,4.3,False,False,Free Shipping,Credit Card,90,4.06,251.72
2719,2719,15,46,Winter,M,Peach,90,4.9,False,False,Next Day Air,Venmo,14,26.07,2346.3
2720,2720,11,18,Fall,S,Peach,82,4.2,False,False,Free Shipping,Bank Transfer,30,12.17,997.94
2721,2721,7,20,Spring,M,Peach,52,2.8,False,False,Store Pickup,Bank Transfer,90,4.06,211.12
2722,2722,21,23,Spring,S,Teal,70,4.9,False,False,Free Shipping,PayPal,14,26.07,1824.9
2723,2723,5,19,Spring,M,Green,83,2.8,False,False,2-Day Shipping,PayPal,14,26.07,2163.81
2724,2724,22,43,Summer,XL,Brown,49,2.9,False,False,Store Pickup,PayPal,90,4.06,198.94
2725,2725,23,25,Spring,M,Brown,91,2.5,False,False,Next Day Air,Debit Card,14,26.07,2372.37
2726,2726,1,24,Summer,S,Violet,99,2.7,False,False,Free Shipping,Debit Card,365,1.0,99.0
2727,2727,2,22,Winter,L,Blue,92,3.3,False,False,Free Shipping,PayPal,14,26.07,2398.44
2728,2728,14,6,Winter,L,Charcoal,87,3.7,False,False,2-Day Shipping,Credit Card,14,26.07,2268.09
2729,2729,16,9,Winter,M,Pink,28,4.0,False,False,Express,Debit Card,7,52.14,1459.92
2730,2730,3,26,Summer,S,Violet,71,4.1,False,False,Free Shipping,Credit Card,30,12.17,864.07
2731,2731,3,49,Winter,M,Teal,32,4.1,False,False,Store Pickup,Bank Transfer,365,1.0,32.0
2732,2732,4,49,Summer,M,Red,33,2.5,False,False,2-Day Shipping,Bank Transfer,90,4.06,133.98
2733,2733,17,8,Winter,L,Orange,75,4.2,False,False,Store Pickup,Debit Card,90,4.06,304.5
2734,2734,1,33,Summer,M,Magenta,83,4.7,False,False,Express,PayPal,365,1.0,83.0
2735,2735,12,32,Summer,XL,Yellow,93,2.7,False,False,2-Day Shipping,Cash,14,26.07,2424.51
2736,2736,16,5,Spring,M,Yellow,29,3.0,False,False,Express,PayPal,14,26.07,756.03
2737,2737,11,26,Spring,M,Pink,25,4.8,False,False,Store Pickup,Credit Card,365,1.0,25.0
2738,2738,6,33,Spring,S,Indigo,76,4.4,False,False,Free Shipping,Cash,90,4.06,308.56
2739,2739,23,35,Summer,M,Charcoal,81,4.3,False,False,2-Day Shipping,Venmo,90,4.06,328.86
2740,2740,14,2,Winter,XL,Blue,80,2.5,False,False,Store Pickup,Credit Card,90,4.06,324.8
2741,2741,8,38,Summer,M,Lavender,70,4.9,False,False,Free Shipping,Bank Transfer,14,26.07,1824.9
2742,2742,10,19,Fall,L,Yellow,81,4.9,False,False,2-Day Shipping,Venmo,30,12.17,985.77
2743,2743,22,43,Spring,M,Black,86,3.9,False,False,Free Shipping,Debit Card,365,1.0,86.0
2744,2744,2,30,Fall,S,Beige,94,4.1,False,False,2-Day Shipping,Venmo,90,4.06,381.64
2745,2745,14,50,Winter,M,Silver,66,3.3,False,False,Store Pickup,Credit Card,30,12.17,803.22
2746,2746,20,22,Summer,M,Magenta,98,4.1,False,False,Standard,PayPal,14,26.07,2554.86
2747,2747,11,35,Fall,M,Orange,25,3.7,False,False,Standard,PayPal,90,4.06,101.5
2748,2748,12,48,Winter,M,Teal,62,3.1,False,False,Free Shipping,Credit Card,90,4.06,251.72
2749,2749,25,46,Spring,L,Turquoise,98,3.0,False,False,Free Shipping,Venmo,365,1.0,98.0
2750,2750,25,45,Spring,M,Cyan,53,3.4,False,False,Standard,Bank Transfer,365,1.0,53.0
2751,2751,21,2,Spring,L,Pink,66,2.7,False,False,2-Day Shipping,PayPal,90,4.06,267.96
2752,2752,10,23,Fall,S,Indigo,52,3.1,False,False,Free Shipping,Venmo,30,12.17,632.84
2753,2753,18,6,Winter,S,Peach,64,4.0,False,False,Free Shipping,Venmo,14,26.07,1668.48
2754,2754,3,39,Spring,M,Beige,59,3.6,False,False,Next Day Air,PayPal,90,4.06,239.54
2755,2755,8,30,Summer,L,Gold,61,3.6,False,False,Free Shipping,Venmo,14,26.07,1590.27
2756,2756,2,28,Winter,M,Indigo,97,3.3,False,False,Store Pickup,Credit Card,365,1.0,97.0
2757,2757,5,23,Winter,L,Violet,23,4.1,False,False,Free Shipping,PayPal,30,12.17,279.91
2758,2758,5,8,Fall,XL,Brown,98,4.3,False,False,Next Day Air,Venmo,30,12.17,1192.66
2759,2759,9,13,Summer,M,Purple,98,3.2,False,False,Standard,Bank Transfer,14,26.07,2554.86
2760,2760,22,47,Summer,M,Turquoise,59,3.9,False,False,Free Shipping,Cash,90,4.06,239.54
2761,2761,16,2,Fall,S,Violet,82,5.0,False,False,Next Day Air,Credit Card,14,26.07,2137.74
2762,2762,23,22,Fall,M,Purple,82,3.4,False,False,Next Day Air,Credit Card,90,4.06,332.92
2763,2763,19,10,Fall,M,Charcoal,41,3.8,False,False,Store Pickup,Debit Card,90,4.06,166.46
2764,2764,4,48,Fall,M,Green,52,2.9,False,False,2-Day Shipping,Venmo,90,4.06,211.12
2765,2765,18,3,Spring,XL,White,41,2.6,False,False,Next Day Air,Debit Card,7,52.14,2137.74
2766,2766,3,6,Summer,M,Purple,70,4.3,False,False,2-Day Shipping,Credit Card,90,4.06,284.2
2767,2767,10,42,Winter,M,Cyan,91,2.8,False,False,Standard,Credit Card,30,12.17,1107.47
2768,2768,10,15,Spring,M,Green,95,4.5,False,False,Free Shipping,Cash,30,12.17,1156.15
2769,2769,9,16,Spring,M,Beige,25,3.8,False,False,2-Day Shipping,PayPal,14,26.07,651.75
2770,2770,14,36,Fall,L,Lavender,89,3.0,False,False,Standard,Cash,7,52.14,4640.46
2771,2771,20,27,Fall,S,Blue,44,3.3,False,False,Express,Bank Transfer,90,4.06,178.64
2772,2772,25,20,Summer,S,Beige,52,3.1,False,False,2-Day Shipping,Bank Transfer,14,26.07,1355.64
2773,2773,1,38,Spring,L,Blue,94,3.5,False,False,Store Pickup,Bank Transfer,90,4.06,381.64
2774,2774,13,3,Spring,S,Maroon,98,4.6,False,False,Express,Bank Transfer,90,4.06,397.88
2775,2775,20,36,Fall,L,Yellow,40,4.1,False,False,Standard,Credit Card,90,4.06,162.4
2776,2776,17,26,Fall,L,Red,25,3.6,False,False,Free Shipping,Debit Card,7,52.14,1303.5
2777,2777,7,50,Fall,L,Green,62,2.9,False,False,Free Shipping,Bank Transfer,365,1.0,62.0
2778,2778,9,12,Fall,M,Magenta,24,4.8,False,False,Standard,Credit Card,90,4.06,97.44
2779,2779,2,38,Spring,L,Yellow,57,3.2,False,False,Standard,Credit Card,14,26.07,1485.99
2780,2780,8,26,Winter,L,Blue,66,4.3,False,False,Express,Credit Card,14,26.07,1720.62
2781,2781,20,35,Winter,M,Charcoal,70,4.1,False,False,Next Day Air,PayPal,14,26.07,1824.9
2782,2782,21,24,Spring,M,Blue,39,4.6,False,False,Standard,PayPal,7,52.14,2033.46
2783,2783,3,12,Spring,S,Cyan,34,3.8,False,False,Free Shipping,PayPal,365,1.0,34.0
2784,2784,16,46,Spring,M,Silver,38,4.5,False,False,Next Day Air,Credit Card,90,4.06,154.28
2785,2785,16,12,Winter,M,Black,70,3.1,False,False,Express,PayPal,90,4.06,284.2
2786,2786,9,18,Summer,S,Green,80,2.9,False,False,Next Day Air,Bank Transfer,30,12.17,973.6
2787,2787,4,6,Spring,M,Violet,51,3.8,False,False,Next Day Air,Debit Card,90,4.06,207.06
2788,2788,20,48,Spring,XL,Pink,79,4.1,False,False,Next Day Air,Venmo,14,26.07,2059.53
2789,2789,20,39,Summer,M,Olive,92,3.1,False,False,Free Shipping,Credit Card,365,1.0,92.0
2790,2790,18,33,Fall,L,Orange,85,5.0,False,False,Express,Credit Card,14,26.07,2215.95
2791,2791,17,19,Spring,M,Black,63,4.5,False,False,Free Shipping,Debit Card,365,1.0,63.0
2792,2792,3,15,Fall,M,Yellow,60,2.8,False,False,Express,Venmo,14,26.07,1564.2
2793,2793,15,17,Winter,L,Violet,44,3.2,False,False,Express,Credit Card,7,52.14,2294.16
2794,2794,20,21,Spring,M,Silver,57,3.1,False,False,Standard,Debit Card,14,26.07,1485.99
2795,2795,25,32,Fall,M,Gold,24,3.3,False,False,Standard,Cash,14,26.07,625.68
2796,2796,7,27,Winter,M,Magenta,35,3.4,False,False,Store Pickup,PayPal,365,1.0,35.0
2797,2797,25,36,Winter,M,Red,73,3.8,False,False,Store Pickup,Cash,365,1.0,73.0
2798,2798,6,36,Winter,M,Green,42,3.5,False,False,Express,Venmo,90,4.06,170.52
2799,2799,11,39,Winter,XL,Red,20,4.8,False,False,Store Pickup,PayPal,7,52.14,1042.8
2800,2800,19,19,Spring,L,Pink,89,3.9,False,False,Free Shipping,Bank Transfer,90,4.06,361.34
2801,2801,14,4,Fall,L,Violet,76,3.4,False,False,Free Shipping,Cash,14,26.07,1981.32
2802,2802,14,31,Winter,M,Indigo,56,2.6,False,False,Express,PayPal,365,1.0,56.0
2803,2803,24,11,Fall,L,Red,100,3.1,False,False,Store Pickup,Credit Card,14,26.07,2607.0
2804,2804,19,12,Winter,M,Violet,44,3.3,False,False,Free Shipping,Bank Transfer,30,12.17,535.48
2805,2805,11,40,Spring,M,Cyan,76,2.8,False,False,Standard,Bank Transfer,90,4.06,308.56
2806,2806,8,28,Fall,S,Black,97,4.3,False,False,Standard,Cash,90,4.06,393.82
2807,2807,9,40,Spring,L,Purple,39,2.7,False,False,Standard,Credit Card,365,1.0,39.0
2808,2808,11,20,Spring,M,Charcoal,100,4.4,False,False,2-Day Shipping,Debit Card,14,26.07,2607.0
2809,2809,16,42,Spring,M,Beige,62,3.9,False,False,Free Shipping,PayPal,90,4.06,251.72
2810,2810,15,4,Summer,XL,Teal,98,3.0,False,False,Standard,Debit Card,90,4.06,397.88
2811,2811,12,3,Summer,M,Purple,31,4.0,False,False,Standard,Debit Card,14,26.07,808.17
2812,2812,25,35,Fall,M,Blue,89,3.7,False,False,Store Pickup,Credit Card,90,4.06,361.34
2813,2813,11,34,Fall,XL,Magenta,91,3.8,False,False,Store Pickup,Credit Card,90,4.06,369.46
2814,2814,14,45,Summer,S,Maroon,50,3.3,False,False,2-Day Shipping,Debit Card,90,4.06,203.0
2815,2815,19,23,Winter,L,Gold,32,3.6,False,False,Standard,Bank Transfer,30,12.17,389.44
2816,2816,9,12,Fall,L,Black,67,3.9,False,False,Free Shipping,Venmo,90,4.06,272.02
2817,2817,16,20,Spring,M,Black,28,3.5,False,False,Free Shipping,Venmo,7,52.14,1459.92
2818,2818,1,40,Winter,XL,Yellow,65,3.4,False,False,Standard,Venmo,7,52.14,3389.1
2819,2819,15,5,Fall,M,Turquoise,73,4.7,False,False,Next Day Air,Debit Card,365,1.0,73.0
2820,2820,14,10,Spring,L,Lavender,27,3.0,False,False,Free Shipping,Cash,30,12.17,328.59
2821,2821,1,45,Summer,L,Yellow,89,3.9,False,False,Free Shipping,Cash,14,26.07,2320.23
2822,2822,22,10,Summer,L,Olive,72,4.5,False,False,Standard,Venmo,30,12.17,876.24
2823,2823,16,30,Fall,S,Brown,37,4.1,False,False,Standard,PayPal,90,4.06,150.22
2824,2824,10,44,Summer,M,Olive,63,4.5,False,False,Standard,Debit Card,14,26.07,1642.41
2825,2825,5,44,Fall,M,Purple,90,4.0,False,False,Free Shipping,Debit Card,90,4.06,365.4
2826,2826,4,33,Winter,M,Yellow,62,4.3,False,False,2-Day Shipping,Bank Transfer,365,1.0,62.0
2827,2827,4,9,Fall,L,Brown,43,3.6,False,False,Express,Venmo,365,1.0,43.0
2828,2828,9,49,Fall,M,Magenta,96,3.1,False,False,Next Day Air,Bank Transfer,14,26.07,2502.72
2829,2829,7,42,Fall,L,Lavender,83,2.6,False,False,Standard,PayPal,90,4.06,336.98
2830,2830,6,3,Fall,XL,Teal,67,3.4,False,False,Next Day Air,Cash,7,52.14,3493.38
2831,2831,16,37,Spring,L,Cyan,90,2.9,False,False,Store Pickup,Venmo,90,4.06,365.4
2832,2832,11,46,Winter,L,Pink,53,5.0,False,False,Express,Credit Card,7,52.14,2763.42
2833,2833,7,20,Summer,M,Magenta,37,4.6,False,False,Standard,PayPal,90,4.06,150.22
2834,2834,12,4,Fall,M,Teal,56,3.3,False,False,Free Shipping,Cash,30,12.17,681.52
2835,2835,25,43,Fall,M,Indigo,43,2.9,False,False,2-Day Shipping,Credit Card,7,52.14,2242.02
2836,2836,19,45,Winter,S,Pink,84,4.9,False,False,Free Shipping,Venmo,365,1.0,84.0
2837,2837,13,50,Winter,M,Charcoal,50,5.0,False,False,2-Day Shipping,Cash,14,26.07,1303.5
2838,2838,22,1,Summer,M,Brown,88,4.5,False,False,Express,PayPal,7,52.14,4588.32
2839,2839,25,19,Fall,M,Blue,50,3.7,False,False,Free Shipping,Bank Transfer,7,52.14,2607.0
2840,2840,7,41,Summer,L,Teal,80,2.8,False,False,Store Pickup,Bank Transfer,30,12.17,973.6
2841,2841,19,48,Spring,L,Pink,47,3.5,False,False,Store Pickup,Cash,365,1.0,47.0
2842,2842,10,35,Winter,XL,Magenta,33,3.0,False,False,2-Day Shipping,Cash,7,52.14,1720.62
2843,2843,24,3,Fall,L,Green,100,4.3,False,False,Standard,Debit Card,90,4.06,406.0
2844,2844,18,35,Summer,M,White,26,3.6,False,False,Store Pickup,Venmo,7,52.14,1355.64
2845,2845,5,31,Summer,M,Indigo,79,4.4,False,False,Standard,Venmo,365,1.0,79.0
2846,2846,1,41,Summer,L,Lavender,77,4.1,False,False,Express,Debit Card,90,4.06,312.62
2847,2847,17,36,Fall,XL,Black,36,2.8,False,False,Next Day Air,PayPal,14,26.07,938.52
2848,2848,6,7,Winter,L,Charcoal,21,2.8,False,False,Free Shipping,PayPal,90,4.06,85.26
2849,2849,20,49,Fall,L,Gray,72,4.9,False,False,Store Pickup,Bank Transfer,90,4.06,292.32
2850,2850,24,29,Spring,M,Gold,25,4.1,False,False,Express,PayPal,14,26.07,651.75
2851,2851,18,27,Spring,M,Silver,79,3.0,False,False,Store Pickup,Debit Card,365,1.0,79.0
2852,2852,9,28,Summer,L,Teal,73,3.0,False,False,Store Pickup,Debit Card,30,12.17,888.41
2853,2853,2,32,Spring,M,Magenta,71,3.0,False,False,Store Pickup,Venmo,7,52.14,3701.94
2854,2854,5,38,Winter,M,Magenta,48,3.2,False,False,Next Day Air,PayPal,7,52.14,2502.72
2855,2855,21,8,Fall,M,Beige,28,2.7,False,False,Store Pickup,Venmo,30,12.17,340.76
2856,2856,20,24,Winter,S,Maroon,95,3.8,False,False,2-Day Shipping,PayPal,90,4.06,385.7
2857,2857,25,15,Winter,M,Indigo,48,3.5,False,False,2-Day Shipping,Credit Card,30,12.17,584.16
2858,2858,10,44,Spring,S,Maroon,93,3.8,False,False,Next Day Air,Debit Card,30,12.17,1131.81
2859,2859,12,20,Summer,L,Teal,87,3.8,False,False,2-Day Shipping,Bank Transfer,30,12.17,1058.79
2860,2860,15,44,Fall,L,Yellow,32,3.4,False,False,Express,Bank Transfer,365,1.0,32.0
2861,2861,14,39,Spring,M,Gold,38,2.9,False,False,Next Day Air,Bank Transfer,7,52.14,1981.32
2862,2862,24,20,Fall,M,Teal,54,3.4,False,False,Free Shipping,Credit Card,30,12.17,657.18
2863,2863,24,11,Summer,S,Violet,75,4.7,False,False,Store Pickup,Bank Transfer,90,4.06,304.5
2864,2864,19,7,Fall,M,Yellow,56,3.9,False,False,2-Day Shipping,Venmo,30,12.17,681.52
2865,2865,18,13,Fall,S,Maroon,43,3.6,False,False,Store Pickup,Venmo,7,52.14,2242.02
2866,2866,16,5,Fall,M,Silver,97,3.7,False,False,Free Shipping,Cash,14,26.07,2528.79
2867,2867,9,7,Summer,S,Violet,75,3.1,False,False,Free Shipping,Cash,365,1.0,75.0
2868,2868,23,6,Summer,L,White,55,4.9,False,False,Next Day Air,Cash,14,26.07,1433.85
2869,2869,1,6,Winter,M,Black,49,2.6,False,False,Next Day Air,PayPal,90,4.06,198.94
2870,2870,17,10,Summer,M,White,58,4.2,False,False,Standard,Bank Transfer,7,52.14,3024.12
2871,2871,6,34,Winter,M,Blue,34,4.8,False,False,Free Shipping,Debit Card,90,4.06,138.04
2872,2872,15,12,Summer,S,Black,43,2.7,False,False,2-Day Shipping,Venmo,14,26.07,1121.01
2873,2873,6,7,Fall,L,Olive,48,2.6,False,False,Next Day Air,Cash,365,1.0,48.0
2874,2874,18,26,Spring,M,Teal,40,2.6,False,False,Free Shipping,Bank Transfer,30,12.17,486.8
2875,2875,14,6,Summer,L,Silver,29,3.1,False,False,Standard,Debit Card,365,1.0,29.0
2876,2876,13,17,Fall,M,Pink,81,2.6,False,False,Free Shipping,Debit Card,7,52.14,4223.34
2877,2877,11,31,Spring,M,Charcoal,84,3.4,False,False,2-Day Shipping,Bank Transfer,14,26.07,2189.88
2878,2878,17,30,Summer,M,Silver,46,3.6,False,False,Standard,Venmo,30,12.17,559.82
2879,2879,10,5,Summer,L,Turquoise,86,4.3,False,False,Next Day Air,Bank Transfer,365,1.0,86.0
2880,2880,9,34,Winter,XL,Turquoise,57,4.9,False,False,Free Shipping,Venmo,365,1.0,57.0
2881,2881,16,9,Winter,L,Beige,61,4.8,False,False,Store Pickup,PayPal,90,4.06,247.66
2882,2882,1,43,Winter,M,Cyan,90,4.2,False,False,Free Shipping,Bank Transfer,365,1.0,90.0
2883,2883,9,36,Winter,L,Gold,51,2.6,False,False,Store Pickup,Credit Card,14,26.07,1329.57
2884,2884,17,39,Spring,XL,Silver,48,3.2,False,False,Standard,PayPal,7,52.14,2502.72
2885,2885,20,4,Summer,M,Purple,50,3.4,False,False,2-Day Shipping,Credit Card,90,4.06,203.0
2886,2886,1,28,Summer,M,Yellow,82,3.5,False,False,Next Day Air,Credit Card,14,26.07,2137.74
2887,2887,5,44,Spring,L,Blue,33,4.2,False,False,Free Shipping,PayPal,7,52.14,1720.62
2888,2888,21,17,Winter,L,Blue,28,2.8,False,False,Express,Cash,14,26.07,729.96
2889,2889,11,49,Spring,L,Green,42,5.0,False,False,2-Day Shipping,Debit Card,90,4.06,170.52
2890,2890,8,23,Fall,M,Charcoal,43,3.3,False,False,Store Pickup,Venmo,365,1.0,43.0
2891,2891,12,34,Winter,M,Violet,55,3.7,False,False,Free Shipping,Credit Card,30,12.17,669.35
2892,2892,19,35,Winter,XL,Black,73,2.5,False,False,Free Shipping,PayPal,30,12.17,888.41
2893,2893,10,28,Spring,M,Teal,39,3.2,False,False,Standard,Credit Card,30,12.17,474.63
2894,2894,2,17,Spring,S,Orange,20,3.1,False,False,Free Shipping,Debit Card,90,4.06,81.2
2895,2895,6,17,Spring,S,Brown,32,3.5,False,False,Standard,Venmo,365,1.0,32.0
2896,2896,11,26,Summer,L,Green,86,4.6,False,False,Standard,Bank Transfer,30,12.17,1046.62
2897,2897,9,8,Summer,M,Silver,91,3.3,False,False,Free Shipping,Venmo,90,4.06,369.46
2898,2898,25,26,Fall,L,Violet,59,2.5,False,False,Free Shipping,Cash,14,26.07,1538.13
2899,2899,23,30,Summer,XL,Peach,33,4.6,False,False,Express,Credit Card,365,1.0,33.0
2900,2900,20,27,Spring,M,Gold,64,4.2,False,False,2-Day Shipping,Bank Transfer,14,26.07,1668.48
2901,2901,9,20,Winter,XL,Violet,67,4.0,False,False,Standard,Cash,14,26.07,1746.69
2902,2902,9,1,Winter,L,Olive,43,2.6,False,False,Free Shipping,Credit Card,90,4.06,174.58
2903,2903,20,33,Spring,S,Orange,32,4.6,False,False,Standard,PayPal,14,26.07,834.24
2904,2904,7,8,Spring,S,Teal,39,3.5,False,False,2-Day Shipping,Credit Card,90,4.06,158.34
2905,2905,21,15,Spring,M,Gray,41,4.0,False,False,2-Day Shipping,Venmo,30,12.17,498.97
2906,2906,8,32,Winter,L,Black,53,4.8,False,False,Standard,Debit Card,14,26.07,1381.71
2907,2907,24,46,Spring,M,Indigo,27,3.9,False,False,Standard,Venmo,365,1.0,27.0
2908,2908,8,20,Summer,XL,Lavender,82,3.7,False,False,Next Day Air,PayPal,14,26.07,2137.74
2909,2909,9,43,Winter,M,Beige,87,3.1,False,False,Store Pickup,Debit Card,90,4.06,353.22
2910,2910,1,18,Winter,M,Indigo,78,3.0,False,False,Next Day Air,Credit Card,90,4.06,316.68
2911,2911,2,24,Summer,M,Blue,32,2.9,False,False,Store Pickup,Credit Card,30,12.17,389.44
2912,2912,17,35,Fall,XL,Orange,38,2.9,False,False,Next Day Air,Venmo,90,4.06,154.28
2913,2913,22,37,Winter,M,Yellow,37,4.0,False,False,Standard,Cash,14,26.07,964.59
2914,2914,24,50,Winter,L,Cyan,83,3.5,False,False,Express,Cash,90,4.06,336.98
2915,2915,18,38,Fall,M,Yellow,72,3.8,False,False,Express,Debit Card,14,26.07,1877.04
2916,2916,14,37,Fall,M,Cyan,30,4.5,False,False,Express,Debit Card,14,26.07,782.1
2917,2917,15,36,Winter,M,Green,66,2.7,False,False,Express,Credit Card,14,26.07,1720.62
2918,2918,14,6,Winter,XL,White,45,2.9,False,False,Store Pickup,Venmo,365,1.0,45.0
2919,2919,8,32,Fall,S,Black,73,4.9,False,False,Free Shipping,Cash,7,52.14,3806.22
2920,2920,22,23,Winter,L,Charcoal,67,3.8,False,False,Standard,Debit Card,30,12.17,815.39
2921,2921,8,43,Spring,XL,Brown,72,4.9,False,False,Free Shipping,Debit Card,14,26.07,1877.04
2922,2922,4,49,Fall,M,Cyan,24,4.6,False,False,Standard,Cash,14,26.07,625.68
2923,2923,8,17,Winter,L,Beige,68,3.5,False,False,Express,PayPal,90,4.06,276.08
2924,2924,14,38,Spring,M,Magenta,70,4.2,False,False,2-Day Shipping,Cash,90,4.06,284.2
2925,2925,14,39,Winter,L,Indigo,64,3.7,False,False,Free Shipping,Debit Card,90,4.06,259.84
2926,2926,18,13,Spring,M,Maroon,91,2.8,False,False,Store Pickup,Credit Card,90,4.06,369.46
2927,2927,4,20,Winter,M,Gray,82,4.8,False,False,2-Day Shipping,Cash,7,52.14,4275.48
2928,2928,14,25,Summer,M,Black,24,2.7,False,False,Express,Venmo,14,26.07,625.68
2929,2929,6,1,Spring,L,Yellow,80,3.6,False,False,Store Pickup,Credit Card,7,52.14,4171.2
2930,2930,17,19,Winter,XL,White,53,4.5,False,False,Next Day Air,Venmo,14,26.07,1381.71
2931,2931,19,24,Spring,M,Orange,50,4.0,False,False,Free Shipping,Venmo,30,12.17,608.5
2932,2932,6,1,Fall,M,Magenta,31,4.5,False,False,2-Day Shipping,Credit Card,14,26.07,808.17
2933,2933,1,2,Spring,L,Black,88,3.9,False,False,Express,PayPal,90,4.06,357.28
2934,2934,5,13,Summer,M,Brown,52,3.8,False,False,Standard,Venmo,30,12.17,632.84
2935,2935,3,12,Fall,M,Orange,22,4.7,False,False,Next Day Air,Bank Transfer,90,4.06,89.32
2936,2936,23,33,Spring,XL,Gray,27,4.6,False,False,Standard,Venmo,7,52.14,1407.78
2937,2937,16,47,Spring,M,White,34,3.6,False,False,Express,PayPal,7,52.14,1772.76
2938,2938,4,48,Spring,M,White,39,4.3,False,False,2-Day Shipping,Credit Card,7,52.14,2033.46
2939,2939,8,19,Fall,M,Violet,53,3.0,False,False,Standard,Cash,30,12.17,645.01
2940,2940,18,17,Winter,M,Beige,46,4.3,False,False,Express,Venmo,7,52.14,2398.44
2941,2941,4,21,Summer,L,Beige,85,4.8,False,False,Next Day Air,Cash,30,12.17,1034.45
2942,2942,16,38,Spring,L,Purple,86,3.7,False,False,Free Shipping,PayPal,30,12.17,1046.62
2943,2943,17,11,Summer,M,Brown,63,2.6,False,False,Free Shipping,Bank Transfer,7,52.14,3284.82
2944,2944,14,46,Spring,M,Orange,44,3.4,False,False,Standard,Credit Card,30,12.17,535.48
2945,2945,23,32,Summer,XL,Cyan,95,3.9,False,False,Free Shipping,Venmo,90,4.06,385.7
2946,2946,2,8,Summer,M,Charcoal,49,4.8,False,False,Free Shipping,Credit Card,90,4.06,198.94
2947,2947,13,11,Spring,L,Purple,77,2.8,False,False,Free Shipping,Bank Transfer,90,4.06,312.62
2948,2948,6,27,Spring,L,Peach,63,4.4,False,False,Standard,Venmo,365,1.0,63.0
2949,2949,13,45,Winter,M,Violet,83,3.1,False,False,Standard,Debit Card,14,26.07,2163.81
2950,2950,6,15,Spring,M,Peach,93,3.8,False,False,Store Pickup,PayPal,365,1.0,93.0
2951,2951,12,15,Winter,S,Maroon,91,4.1,False,False,2-Day Shipping,Debit Card,90,4.06,369.46
2952,2952,7,4,Fall,L,Maroon,99,4.6,False,False,Free Shipping,Cash,7,52.14,5161.86
2953,2953,2,1,Spring,M,Peach,24,4.9,False,False,Next Day Air,Debit Card,30,12.17,292.08
2954,2954,10,20,Summer,M,Silver,82,4.8,False,False,Next Day Air,Credit Card,365,1.0,82.0
2955,2955,19,41,Winter,M,Indigo,28,3.9,False,False,Express,Credit Card,365,1.0,28.0
2956,2956,20,45,Winter,M,Silver,67,2.6,False,False,Free Shipping,Credit Card,365,1.0,67.0
2957,2957,10,26,Fall,M,Olive,88,3.7,False,False,Standard,Venmo,30,12.17,1070.96
2958,2958,6,41,Fall,S,Gray,70,4.7,False,False,Standard,Cash,365,1.0,70.0
2959,2959,16,35,Summer,M,Black,100,4.5,False,False,Standard,PayPal,30,12.17,1217.0
2960,2960,4,43,Summer,L,Maroon,28,4.7,False,False,Free Shipping,PayPal,90,4.06,113.68
2961,2961,24,14,Spring,S,Olive,48,3.6,False,False,Standard,Credit Card,7,52.14,2502.72
2962,2962,11,29,Fall,S,Gold,43,2.8,False,False,Free Shipping,Debit Card,14,26.07,1121.01
2963,2963,13,5,Fall,L,Pink,40,4.0,False,False,Express,Credit Card,90,4.06,162.4
2964,2964,20,19,Spring,M,Brown,97,3.6,False,False,Free Shipping,Credit Card,7,52.14,5057.58
2965,2965,24,35,Fall,S,White,25,3.8,False,False,2-Day Shipping,Venmo,14,26.07,651.75
2966,2966,7,8,Summer,M,Blue,45,4.4,False,False,Standard,PayPal,14,26.07,1173.15
2967,2967,20,36,Fall,L,Orange,49,2.8,False,False,Store Pickup,Debit Card,90,4.06,198.94
2968,2968,23,14,Summer,L,Silver,36,3.4,False,False,Free Shipping,Venmo,365,1.0,36.0
2969,2969,18,40,Fall,S,Gray,48,4.9,False,False,Express,Cash,90,4.06,194.88
2970,2970,2,45,Fall,S,Blue,62,4.3,False,False,Next Day Air,Cash,90,4.06,251.72
2971,2971,6,16,Winter,M,White,74,3.4,False,False,Free Shipping,Credit Card,14,26.07,1929.18
2972,2972,4,44,Fall,L,Yellow,100,3.9,False,False,Next Day Air,PayPal,90,4.06,406.0
2973,2973,25,32,Fall,S,Indigo,39,4.2,False,False,Free Shipping,Venmo,90,4.06,158.34
2974,2974,20,14,Summer,M,Blue,65,2.7,False,False,Store Pickup,Bank Transfer,14,26.07,1694.55
2975,2975,23,42,Summer,XL,Peach,99,4.1,False,False,Store Pickup,Credit Card,7,52.14,5161.86
2976,2976,7,10,Winter,XL,Lavender,68,4.5,False,False,2-Day Shipping,Cash,90,4.06,276.08
2977,2977,24,27,Summer,M,Silver,97,2.8,False,False,Express,Cash,14,26.07,2528.79
2978,2978,15,47,Winter,L,Gold,47,3.4,False,False,Standard,Venmo,365,1.0,47.0
2979,2979,15,12,Spring,S,Cyan,56,3.9,False,False,Free Shipping,Bank Transfer,14,26.07,1459.92
2980,2980,12,18,Fall,L,Olive,91,2.6,False,False,Next Day Air,PayPal,7,52.14,4744.74
2981,2981,3,30,Fall,L,Teal,93,4.4,False,False,2-Day Shipping,Bank Transfer,30,12.17,1131.81
2982,2982,13,8,Winter,L,Pink,36,4.9,False,False,Standard,Venmo,365,1.0,36.0
2983,2983,10,49,Summer,M,Orange,45,3.6,False,False,Store Pickup,Credit Card,7,52.14,2346.3
2984,2984,13,48,Winter,M,Charcoal,44,2.8,False,False,2-Day Shipping,Credit Card,90,4.06,178.64
2985,2985,3,43,Spring,L,Red,32,4.3,False,False,2-Day Shipping,Debit Card,14,26.07,834.24
2986,2986,2,11,Summer,S,Teal,36,3.0,False,False,Express,Cash,14,26.07,938.52
2987,2987,2,3,Summer,S,Silver,85,3.3,False,False,2-Day Shipping,Credit Card,30,12.17,1034.45
2988,2988,16,18,Winter,L,Black,36,2.5,False,False,Store Pickup,Cash,30,12.17,438.12
2989,2989,17,28,Spring,S,Pink,55,5.0,False,False,2-Day Shipping,Debit Card,30,12.17,669.35
2990,2990,2,39,Summer,XL,Teal,20,4.3,False,False,2-Day Shipping,Credit Card,7,52.14,1042.8
2991,2991,14,13,Fall,M,Teal,91,4.2,False,False,Free Shipping,Venmo,30,12.17,1107.47
2992,2992,10,44,Summer,L,Green,71,3.9,False,False,Standard,PayPal,14,26.07,1850.97
2993,2993,17,34,Spring,M,Charcoal,64,3.9,False,False,Store Pickup,Venmo,7,52.14,3336.96
2994,2994,25,16,Spring,L,Indigo,21,4.2,False,False,Free Shipping,Cash,14,26.07,547.47
2995,2995,18,28,Winter,S,White,100,3.5,False,False,Store Pickup,Bank Transfer,90,4.06,406.0
2996,2996,12,46,Summer,M,Orange,96,2.5,False,False,Standard,Debit Card,14,26.07,2502.72
2997,2997,6,44,Spring,M,White,91,2.9,False,False,Express,Venmo,90,4.06,369.46
2998,2998,18,12,Spring,S,Yellow,40,2.7,False,False,Next Day Air,Venmo,90,4.06,162.4
2999,2999,11,2,Summer,M,Red,53,4.7,False,False,Express,Debit Card,90,4.06,215.18
3000,3000,8,29,Winter,S,Charcoal,48,3.8,False,False,Standard,Cash,30,12.17,584.16
3001,3001,21,35,Winter,M,Lavender,70,3.7,False,False,Express,PayPal,7,52.14,3649.8
3002,3002,24,26,Summer,L,Charcoal,29,4.7,False,False,Express,Credit Card,90,4.06,117.74
3003,3003,2,18,Fall,M,Maroon,29,3.6,False,False,Next Day Air,Bank Transfer,90,4.06,117.74
3004,3004,9,37,Fall,M,Brown,53,2.8,False,False,Express,Credit Card,90,4.06,215.18
3005,3005,16,3,Winter,M,Lavender,79,3.7,False,False,Store Pickup,Venmo,14,26.07,2059.53
3006,3006,15,2,Spring,XL,Brown,65,3.5,False,False,Express,Venmo,7,52.14,3389.1
3007,3007,10,44,Summer,M,Olive,99,3.7,False,False,Store Pickup,Venmo,14,26.07,2580.93
3008,3008,8,32,Winter,L,Lavender,60,3.0,False,False,Next Day Air,Venmo,7,52.14,3128.4
3009,3009,22,31,Winter,M,Gold,86,4.9,False,False,Free Shipping,PayPal,7,52.14,4484.04
3010,3010,2,18,Winter,M,Silver,73,4.6,False,False,Free Shipping,Venmo,14,26.07,1903.11
3011,3011,2,35,Winter,M,Violet,45,3.3,False,False,Free Shipping,Credit Card,365,1.0,45.0
3012,3012,2,28,Summer,S,Brown,70,3.0,False,False,Next Day Air,Credit Card,90,4.06,284.2
3013,3013,2,12,Fall,M,Teal,65,3.5,False,False,Standard,PayPal,365,1.0,65.0
3014,3014,16,3,Summer,L,Peach,55,4.2,False,False,Store Pickup,Cash,30,12.17,669.35
3015,3015,19,44,Spring,M,Maroon,65,4.5,False,False,Express,PayPal,90,4.06,263.9
3016,3016,7,50,Spring,XL,Lavender,21,2.8,False,False,Express,Bank Transfer,14,26.07,547.47
3017,3017,9,14,Summer,L,Lavender,26,4.9,False,False,Store Pickup,Bank Transfer,90,4.06,105.56
3018,3018,8,49,Summer,S,Purple,71,3.3,False,False,Next Day Air,Cash,14,26.07,1850.97
3019,3019,20,43,Summer,M,Green,41,3.0,False,False,Free Shipping,Debit Card,14,26.07,1068.87
3020,3020,25,44,Winter,M,Yellow,44,3.9,False,False,2-Day Shipping,PayPal,365,1.0,44.0
3021,3021,12,4,Fall,S,Charcoal,81,2.8,False,False,Store Pickup,Venmo,90,4.06,328.86
3022,3022,8,38,Summer,S,Blue,77,4.5,False,False,2-Day Shipping,Cash,90,4.06,312.62
3023,3023,21,10,Fall,M,Lavender,26,4.0,False,False,Free Shipping,PayPal,7,52.14,1355.64
3024,3024,1,14,Summer,M,Brown,31,2.9,False,False,Express,PayPal,90,4.06,125.86
3025,3025,9,12,Spring,S,White,82,4.0,False,False,Free Shipping,Credit Card,90,4.06,332.92
3026,3026,22,26,Summer,XL,Green,60,3.4,False,False,Store Pickup,PayPal,30,12.17,730.2
3027,3027,14,42,Fall,L,Magenta,70,2.5,False,False,Free Shipping,Credit Card,365,1.0,70.0
3028,3028,11,48,Winter,XL,Peach,26,2.8,False,False,2-Day Shipping,Credit Card,90,4.06,105.56
3029,3029,10,5,Summer,L,Charcoal,100,3.0,False,False,Free Shipping,PayPal,90,4.06,406.0
3030,3030,10,10,Summer,M,Gold,82,3.1,False,False,Free Shipping,Debit Card,90,4.06,332.92
3031,3031,23,20,Spring,XL,Purple,24,2.6,False,False,2-Day Shipping,Credit Card,7,52.14,1251.36
3032,3032,9,12,Summer,L,Teal,74,4.9,False,False,2-Day Shipping,Credit Card,30,12.17,900.58
3033,3033,1,5,Summer,XL,Green,58,3.5,False,False,Next Day Air,Credit Card,90,4.06,235.48
3034,3034,18,1,Spring,L,Orange,56,2.6,False,False,Store Pickup,PayPal,7,52.14,2919.84
3035,3035,20,44,Spring,L,Peach,37,3.5,False,False,2-Day Shipping,Credit Card,90,4.06,150.22
3036,3036,4,17,Spring,M,Gold,64,4.5,False,False,Free Shipping,Cash,14,26.07,1668.48
3037,3037,11,45,Spring,S,Violet,58,4.3,False,False,Next Day Air,Venmo,14,26.07,1512.06
3038,3038,2,15,Summer,L,Charcoal,44,4.8,False,False,Next Day Air,Cash,365,1.0,44.0
3039,3039,6,10,Summer,M,Brown,39,4.2,False,False,Free Shipping,Debit Card,365,1.0,39.0
3040,3040,9,1,Spring,L,Blue,48,3.2,False,False,Next Day Air,PayPal,14,26.07,1251.36
3041,3041,4,27,Fall,M,Gold,32,4.1,False,False,Express,Cash,14,26.07,834.24
3042,3042,4,39,Winter,M,Orange,79,4.0,False,False,Express,PayPal,30,12.17,961.43
3043,3043,24,41,Winter,L,Turquoise,27,2.9,False,False,Next Day Air,PayPal,90,4.06,109.62
3044,3044,2,13,Fall,S,Peach,98,2.6,False,False,Store Pickup,Credit Card,30,12.17,1192.66
3045,3045,20,33,Winter,M,Magenta,67,2.7,False,False,Free Shipping,Bank Transfer,90,4.06,272.02
3046,3046,17,9,Winter,L,Black,37,4.6,False,False,2-Day Shipping,PayPal,14,26.07,964.59
3047,3047,22,38,Spring,M,White,49,3.2,False,False,Store Pickup,Cash,90,4.06,198.94
3048,3048,23,45,Fall,M,Violet,74,4.1,False,False,2-Day Shipping,PayPal,14,26.07,1929.18
3049,3049,6,6,Summer,M,Olive,93,3.9,False,False,Standard,Venmo,14,26.07,2424.51
3050,3050,4,44,Summer,L,Red,60,3.0,False,False,Next Day Air,Bank Transfer,14,26.07,1564.2
3051,3051,24,17,Spring,S,Green,76,3.6,False,False,Standard,Venmo,90,4.06,308.56
3052,3052,8,50,Summer,L,Gold,64,4.6,False,False,Express,Debit Card,90,4.06,259.84
3053,3053,22,19,Spring,XL,Olive,38,4.5,False,False,Store Pickup,Bank Transfer,14,26.07,990.66
3054,3054,22,19,Winter,L,Brown,91,3.2,False,False,Next Day Air,Bank Transfer,30,12.17,1107.47
3055,3055,20,29,Summer,S,Magenta,70,4.9,False,False,2-Day Shipping,Venmo,30,12.17,851.9
3056,3056,21,16,Fall,M,Violet,22,5.0,False,False,Standard,Debit Card,14,26.07,573.54
3057,3057,3,30,Spring,M,Beige,59,3.8,False,False,Standard,Cash,14,26.07,1538.13
3058,3058,1,33,Spring,M,Blue,22,3.4,False,False,Next Day Air,Bank Transfer,7,52.14,1147.08
3059,3059,4,48,Winter,S,Orange,74,3.8,False,False,Store Pickup,Bank Transfer,14,26.07,1929.18
3060,3060,18,17,Spring,L,Maroon,71,3.2,False,False,Express,Credit Card,90,4.06,288.26
3061,3061,24,5,Summer,S,Charcoal,80,4.7,False,False,Store Pickup,Venmo,30,12.17,973.6
3062,3062,19,41,Fall,L,Olive,59,4.5,False,False,Express,PayPal,90,4.06,239.54
3063,3063,1,5,Fall,L,Green,96,3.3,False,False,Standard,PayPal,30,12.17,1168.32
3064,3064,8,7,Winter,L,Brown,43,3.9,False,False,Store Pickup,Credit Card,14,26.07,1121.01
3065,3065,2,12,Winter,S,Cyan,76,3.6,False,False,Express,Bank Transfer,90,4.06,308.56
3066,3066,25,34,Fall,M,Beige,59,2.8,False,False,Store Pickup,Venmo,14,26.07,1538.13
3067,3067,16,22,Summer,L,Teal,48,4.3,False,False,Free Shipping,Venmo,90,4.06,194.88
3068,3068,2,25,Spring,S,Gray,22,3.5,False,False,Free Shipping,Cash,7,52.14,1147.08
3069,3069,20,5,Winter,M,Indigo,40,4.2,False,False,Express,Debit Card,7,52.14,2085.6
3070,3070,12,8,Spring,L,Magenta,73,4.6,False,False,Express,Debit Card,90,4.06,296.38
3071,3071,22,1,Fall,XL,Red,26,2.6,False,False,Free Shipping,PayPal,14,26.07,677.82
3072,3072,18,29,Spring,L,Turquoise,41,3.4,False,False,Next Day Air,PayPal,30,12.17,498.97
3073,3073,6,32,Spring,L,Peach,98,3.1,False,False,Standard,PayPal,90,4.06,397.88
3074,3074,14,37,Winter,L,White,63,3.6,False,False,Free Shipping,Debit Card,14,26.07,1642.41
3075,3075,20,21,Winter,L,Maroon,55,4.2,False,False,Next Day Air,Debit Card,14,26.07,1433.85
3076,3076,15,44,Winter,XL,Beige,90,3.6,False,False,Standard,PayPal,90,4.06,365.4
3077,3077,4,29,Summer,M,Blue,46,3.6,False,False,Express,Venmo,14,26.07,1199.22
3078,3078,18,13,Spring,S,Red,88,3.0,False,False,Store Pickup,Debit Card,14,26.07,2294.16
3079,3079,2,2,Spring,M,Blue,95,2.5,False,False,2-Day Shipping,Bank Transfer,14,26.07,2476.65
3080,3080,2,50,Fall,M,Maroon,31,4.0,False,False,Store Pickup,Bank Transfer,365,1.0,31.0
3081,3081,11,6,Spring,L,Yellow,42,4.1,False,False,Next Day Air,Cash,14,26.07,1094.94
3082,3082,23,45,Winter,L,Pink,44,4.9,False,False,Next Day Air,Credit Card,7,52.14,2294.16
3083,3083,19,44,Spring,M,Maroon,99,4.0,False,False,Next Day Air,Bank Transfer,365,1.0,99.0
3084,3084,13,13,Summer,S,Purple,20,3.5,False,False,Store Pickup,PayPal,90,4.06,81.2
3085,3085,7,12,Spring,S,Indigo,37,3.2,False,False,Store Pickup,PayPal,30,12.17,450.29
3086,3086,18,28,Winter,L,Gray,50,2.8,False,False,Store Pickup,Venmo,90,4.06,203.0
3087,3087,4,44,Summer,M,Lavender,73,3.5,False,False,Next Day Air,Venmo,90,4.06,296.38
3088,3088,14,33,Spring,M,Charcoal,84,3.1,False,False,Free Shipping,Bank Transfer,30,12.17,1022.28
3089,3089,10,4,Spring,M,Teal,64,3.3,False,False,Store Pickup,Bank Transfer,90,4.06,259.84
3090,3090,21,33,Fall,L,Blue,21,4.6,False,False,Free Shipping,Cash,14,26.07,547.47
3091,3091,14,43,Summer,M,Peach,36,4.9,False,False,Store Pickup,Bank Transfer,90,4.06,146.16
3092,3092,10,28,Winter,L,Orange,81,3.4,False,False,2-Day Shipping,Credit Card,365,1.0,81.0
3093,3093,8,44,Fall,L,Silver,54,3.5,False,False,Next Day Air,Bank Transfer,14,26.07,1407.78
3094,3094,17,38,Summer,L,Red,63,4.8,False,False,Store Pickup,Cash,90,4.06,255.78
3095,3095,21,10,Summer,M,Gray,59,2.7,False,False,Store Pickup,Cash,7,52.14,3076.26
3096,3096,5,23,Fall,S,Beige,53,3.4,False,False,Standard,Venmo,14,26.07,1381.71
3097,3097,14,16,Winter,L,White,63,3.5,False,False,Next Day Air,Bank Transfer,30,12.17,766.71
3098,3098,22,8,Fall,M,Silver,33,3.7,False,False,Free Shipping,Bank Transfer,90,4.06,133.98
3099,3099,13,31,Summer,L,Cyan,64,3.3,False,False,Next Day Air,Bank Transfer,90,4.06,259.84
3100,3100,14,22,Fall,S,Maroon,98,2.9,False,False,Free Shipping,Bank Transfer,14,26.07,2554.86
3101,3101,5,45,Winter,L,Purple,85,3.9,False,False,Express,Bank Transfer,7,52.14,4431.9
3102,3102,6,12,Summer,S,Brown,82,2.7,False,False,Express,PayPal,14,26.07,2137.74
3103,3103,25,41,Summer,M,Green,85,4.3,False,False,Standard,Cash,14,26.07,2215.95
3104,3104,14,13,Winter,S,Peach,37,3.0,False,False,2-Day Shipping,Bank Transfer,7,52.14,1929.18
3105,3105,13,10,Summer,S,Turquoise,56,5.0,False,False,2-Day Shipping,Debit Card,14,26.07,1459.92
3106,3106,16,37,Fall,M,Olive,33,2.7,False,False,Express,Debit Card,30,12.17,401.61
3107,3107,21,1,Winter,M,Yellow,57,4.7,False,False,Next Day Air,PayPal,365,1.0,57.0
3108,3108,9,11,Winter,L,Gray,31,4.6,False,False,Standard,Credit Card,14,26.07,808.17
3109,3109,17,37,Fall,M,Purple,69,3.2,False,False,2-Day Shipping,PayPal,30,12.17,839.73
3110,3110,25,13,Winter,M,Gray,92,4.3,False,False,Free Shipping,Bank Transfer,14,26.07,2398.44
3111,3111,4,43,Fall,L,Lavender,46,4.6,False,False,Next Day Air,Bank Transfer,14,26.07,1199.22
3112,3112,2,16,Spring,XL,Indigo,81,4.9,False,False,Free Shipping,Debit Card,90,4.06,328.86
3113,3113,9,43,Fall,S,Green,97,3.8,False,False,Express,Venmo,365,1.0,97.0
3114,3114,14,27,Summer,L,Green,93,2.6,False,False,Express,Debit Card,7,52.14,4849.02
3115,3115,4,4,Spring,M,Olive,56,4.7,False,False,Store Pickup,Venmo,14,26.07,1459.92
3116,3116,7,41,Fall,M,Charcoal,53,4.1,False,False,Free Shipping,Bank Transfer,14,26.07,1381.71
3117,3117,24,26,Spring,L,Gray,66,3.7,False,False,Store Pickup,Venmo,7,52.14,3441.24
3118,3118,11,9,Fall,M,Olive,50,3.0,False,False,Free Shipping,PayPal,14,26.07,1303.5
3119,3119,15,46,Summer,L,Blue,97,4.7,False,False,Standard,Debit Card,90,4.06,393.82
3120,3120,21,18,Winter,XL,Silver,79,4.7,False,False,2-Day Shipping,Credit Card,90,4.06,320.74
3121,3121,14,18,Fall,M,Magenta,76,4.0,False,False,Store Pickup,Debit Card,14,26.07,1981.32
3122,3122,11,18,Fall,L,Black,38,2.6,False,False,Standard,Venmo,7,52.14,1981.32
3123,3123,17,10,Fall,M,Pink,45,3.0,False,False,Express,Credit Card,14,26.07,1173.15
3124,3124,4,15,Fall,XL,Red,77,3.3,False,False,Next Day Air,Venmo,14,26.07,2007.39
3125,3125,6,5,Summer,M,Peach,51,3.4,False,False,Standard,Cash,90,4.06,207.06
3126,3126,24,37,Spring,L,Lavender,26,4.0,False,False,Standard,Cash,90,4.06,105.56
3127,3127,8,19,Winter,L,Lavender,76,2.6,False,False,Store Pickup,Bank Transfer,14,26.07,1981.32
3128,3128,3,18,Winter,M,Beige,94,3.4,False,False,Free Shipping,Credit Card,90,4.06,381.64
3129,3129,25,4,Fall,S,Indigo,32,4.4,False,False,Standard,Cash,365,1.0,32.0
3130,3130,21,20,Summer,S,Cyan,20,4.7,False,False,Express,Venmo,90,4.06,81.2
3131,3131,13,45,Summer,M,Yellow,20,4.5,False,False,Store Pickup,Venmo,90,4.06,81.2
3132,3132,25,34,Fall,M,Peach,59,2.9,False,False,Store Pickup,Bank Transfer,90,4.06,239.54
3133,3133,18,22,Summer,M,Yellow,97,4.2,False,False,Express,Cash,90,4.06,393.82
3134,3134,19,4,Spring,M,Orange,68,4.1,False,False,Next Day Air,Cash,14,26.07,1772.76
3135,3135,20,17,Spring,L,Gray,66,4.4,False,False,Store Pickup,Bank Transfer,7,52.14,3441.24
3136,3136,22,14,Spring,L,Yellow,85,4.7,False,False,Free Shipping,Venmo,14,26.07,2215.95
3137,3137,16,23,Fall,M,Gray,32,3.1,False,False,Next Day Air,Cash,14,26.07,834.24
3138,3138,24,18,Spring,M,Turquoise,44,2.7,False,False,2-Day Shipping,Bank Transfer,30,12.17,535.48
3139,3139,9,17,Fall,L,Gray,95,4.6,False,False,Next Day Air,Cash,90,4.06,385.7
3140,3140,8,10,Winter,M,Olive,85,4.4,False,False,Next Day Air,Venmo,7,52.14,4431.9
3141,3141,3,2,Summer,XL,Peach,44,4.6,False,False,Free Shipping,Bank Transfer,7,52.14,2294.16
3142,3142,8,24,Winter,S,Peach,30,4.9,False,False,Express,Credit Card,14,26.07,782.1
3143,3143,23,16,Winter,L,Magenta,21,4.0,False,False,2-Day Shipping,Venmo,90,4.06,85.26
3144,3144,11,3,Summer,M,Purple,22,2.9,False,False,Store Pickup,Cash,90,4.06,89.32
3145,3145,20,19,Spring,L,Beige,70,2.6,False,False,Free Shipping,Debit Card,90,4.06,284.2
3146,3146,4,43,Spring,XL,Purple,29,4.6,False,False,Standard,PayPal,14,26.07,756.03
3147,3147,14,46,Winter,S,Yellow,83,4.9,False,False,Free Shipping,PayPal,365,1.0,83.0
3148,3148,18,34,Winter,M,Pink,99,4.3,False,False,Express,Credit Card,7,52.14,5161.86
3149,3149,15,48,Fall,L,Purple,35,4.3,False,False,Free Shipping,Venmo,7,52.14,1824.9
3150,3150,2,33,Winter,M,Lavender,40,4.6,False,False,Free Shipping,Venmo,365,1.0,40.0
3151,3151,9,10,Spring,M,Peach,25,2.6,False,False,Express,Bank Transfer,14,26.07,651.75
3152,3152,19,31,Fall,L,Orange,64,3.1,False,False,2-Day Shipping,Bank Transfer,90,4.06,259.84
3153,3153,2,33,Fall,M,Red,90,3.1,False,False,Store Pickup,PayPal,30,12.17,1095.3
3154,3154,17,1,Fall,L,Red,88,3.1,False,False,Next Day Air,Venmo,14,26.07,2294.16
3155,3155,2,7,Winter,M,Gold,55,4.4,False,False,Standard,Cash,90,4.06,223.3
3156,3156,4,26,Fall,M,Brown,90,4.3,False,False,Free Shipping,Cash,365,1.0,90.0
3157,3157,14,26,Winter,M,Black,50,3.1,False,False,2-Day Shipping,Cash,30,12.17,608.5
3158,3158,2,19,Fall,L,Red,34,3.1,False,False,Store Pickup,Debit Card,14,26.07,886.38
3159,3159,6,24,Winter,M,Gray,77,4.9,False,False,2-Day Shipping,Credit Card,30,12.17,937.09
3160,3160,5,18,Winter,L,Pink,89,2.9,False,False,Store Pickup,Bank Transfer,90,4.06,361.34
3161,3161,1,27,Fall,XL,Turquoise,87,3.8,False,False,Next Day Air,Cash,14,26.07,2268.09
3162,3162,10,21,Winter,S,Charcoal,77,4.2,False,False,2-Day Shipping,Cash,30,12.17,937.09
3163,3163,22,49,Winter,L,Blue,85,3.9,False,False,Standard,Bank Transfer,90,4.06,345.1
3164,3164,13,27,Summer,XL,Turquoise,66,2.8,False,False,Express,Cash,30,12.17,803.22
3165,3165,10,3,Winter,L,Silver,32,2.6,False,False,Standard,Credit Card,365,1.0,32.0
3166,3166,25,11,Spring,M,Lavender,92,3.0,False,False,Store Pickup,Bank Transfer,90,4.06,373.52
3167,3167,14,10,Winter,M,Gold,80,2.7,False,False,Next Day Air,Bank Transfer,14,26.07,2085.6
3168,3168,10,37,Fall,M,Blue,78,2.8,False,False,2-Day Shipping,Cash,14,26.07,2033.46
3169,3169,12,26,Spring,M,Orange,24,2.9,False,False,2-Day Shipping,PayPal,14,26.07,625.68
3170,3170,19,10,Fall,M,White,59,3.8,False,False,Free Shipping,Venmo,7,52.14,3076.26
3171,3171,8,39,Spring,XL,Charcoal,41,4.4,False,False,Express,Credit Card,14,26.07,1068.87
3172,3172,6,42,Spring,M,Maroon,26,3.1,False,False,Express,Bank Transfer,14,26.07,677.82
3173,3173,17,25,Fall,M,Olive,52,3.7,False,False,Standard,Debit Card,14,26.07,1355.64
3174,3174,16,47,Summer,L,Teal,46,4.9,False,False,Next Day Air,PayPal,14,26.07,1199.22
3175,3175,13,36,Winter,L,Orange,52,3.8,False,False,Store Pickup,PayPal,30,12.17,632.84
3176,3176,17,7,Fall,M,Maroon,42,3.4,False,False,Store Pickup,Debit Card,90,4.06,170.52
3177,3177,21,4,Spring,XL,Turquoise,37,4.6,False,False,2-Day Shipping,Credit Card,30,12.17,450.29
3178,3178,2,25,Fall,L,Beige,52,3.2,False,False,Standard,Credit Card,30,12.17,632.84
3179,3179,21,47,Spring,L,Beige,34,2.7,False,False,Free Shipping,Credit Card,365,1.0,34.0
3180,3180,15,12,Spring,M,Olive,88,4.3,False,False,Free Shipping,Debit Card,14,26.07,2294.16
3181,3181,4,26,Fall,L,Turquoise,88,3.8,False,False,Standard,PayPal,7,52.14,4588.32
3182,3182,25,26,Summer,M,Charcoal,51,4.4,False,False,Free Shipping,PayPal,90,4.06,207.06
3183,3183,8,10,Fall,L,Green,97,3.6,False,False,Free Shipping,Credit Card,365,1.0,97.0
3184,3184,23,24,Winter,M,Green,56,3.5,False,False,Standard,Cash,90,4.06,227.36
3185,3185,18,11,Spring,L,Green,53,4.2,False,False,2-Day Shipping,Venmo,90,4.06,215.18
3186,3186,16,35,Fall,L,Gold,71,4.7,False,False,Express,PayPal,365,1.0,71.0
3187,3187,6,46,Winter,S,Cyan,93,4.8,False,False,Store Pickup,Venmo,365,1.0,93.0
3188,3188,9,43,Winter,L,Indigo,72,3.2,False,False,Free Shipping,Debit Card,7,52.14,3754.08
3189,3189,9,45,Winter,M,Lavender,59,3.5,False,False,Standard,Bank Transfer,30,12.17,718.03
3190,3190,20,16,Summer,M,Beige,87,4.2,False,False,Store Pickup,PayPal,14,26.07,2268.09
3191,3191,12,5,Fall,S,Purple,78,3.4,False,False,Free Shipping,Credit Card,14,26.07,2033.46
3192,3192,11,24,Winter,XL,Maroon,68,4.7,False,False,Store Pickup,Credit Card,90,4.06,276.08
3193,3193,18,15,Fall,S,Maroon,76,3.0,False,False,Free Shipping,Cash,14,26.07,1981.32
3194,3194,3,46,Winter,L,Teal,99,4.0,False,False,Express,Credit Card,14,26.07,2580.93
3195,3195,23,20,Summer,L,Gold,52,4.6,False,False,Standard,Credit Card,14,26.07,1355.64
3196,3196,8,25,Spring,S,Red,58,4.9,False,False,Next Day Air,Credit Card,90,4.06,235.48
3197,3197,2,49,Winter,L,Maroon,59,2.8,False,False,Express,Debit Card,14,26.07,1538.13
3198,3198,18,19,Spring,M,Teal,71,3.2,False,False,Free Shipping,Credit Card,90,4.06,288.26
3199,3199,3,38,Winter,L,Peach,94,2.8,False,False,Free Shipping,Debit Card,7,52.14,4901.16
3200,3200,4,19,Winter,XL,Pink,40,4.2,False,False,Express,PayPal,30,12.17,486.8
3201,3201,17,25,Spring,L,Black,24,4.8,False,False,Free Shipping,Credit Card,30,12.17,292.08
3202,3202,13,45,Fall,S,Indigo,38,2.8,False,False,2-Day Shipping,Cash,30,12.17,462.46
3203,3203,7,49,Fall,L,Green,37,4.5,False,False,Standard,Venmo,365,1.0,37.0
3204,3204,24,30,Spring,L,Teal,29,4.1,False,False,Express,Venmo,365,1.0,29.0
3205,3205,25,31,Fall,XL,Lavender,92,4.3,False,False,Free Shipping,Debit Card,14,26.07,2398.44
3206,3206,11,6,Fall,XL,Magenta,24,4.4,False,False,2-Day Shipping,Bank Transfer,90,4.06,97.44
3207,3207,20,5,Winter,M,Brown,52,3.0,False,False,Free Shipping,PayPal,30,12.17,632.84
3208,3208,17,3,Summer,XL,Beige,29,2.7,False,False,Next Day Air,PayPal,365,1.0,29.0
3209,3209,6,14,Winter,L,Indigo,30,3.3,False,False,2-Day Shipping,PayPal,7,52.14,1564.2
3210,3210,22,4,Fall,L,Peach,31,4.3,False,False,Standard,Debit Card,365,1.0,31.0
3211,3211,17,28,Summer,M,Magenta,67,2.9,False,False,Express,Venmo,14,26.07,1746.69
3212,3212,13,39,Winter,L,Turquoise,65,4.9,False,False,Standard,Cash,30,12.17,791.05
3213,3213,23,50,Winter,M,Indigo,22,3.6,False,False,2-Day Shipping,Debit Card,7,52.14,1147.08
3214,3214,8,43,Winter,M,Brown,56,3.3,False,False,Standard,Credit Card,30,12.17,681.52
3215,3215,16,47,Spring,M,Yellow,78,3.1,False,False,Free Shipping,Debit Card,365,1.0,78.0
3216,3216,24,39,Summer,M,Magenta,90,2.7,False,False,Free Shipping,PayPal,90,4.06,365.4
3217,3217,11,13,Winter,S,Olive,85,3.4,False,False,Next Day Air,Cash,7,52.14,4431.9
3218,3218,8,37,Fall,M,Silver,58,3.4,False,False,Express,Venmo,7,52.14,3024.12
3219,3219,16,9,Fall,M,Teal,34,3.9,False,False,Express,PayPal,30,12.17,413.78
3220,3220,24,16,Summer,L,White,40,3.5,False,False,2-Day Shipping,Credit Card,7,52.14,2085.6
3221,3221,4,34,Fall,M,Blue,29,4.1,False,False,Free Shipping,Cash,30,12.17,352.93
3222,3222,19,29,Winter,M,Yellow,76,3.2,False,False,Standard,Cash,365,1.0,76.0
3223,3223,8,43,Fall,S,Maroon,84,4.6,False,False,Store Pickup,PayPal,90,4.06,341.04
3224,3224,14,26,Spring,S,Gray,65,3.9,False,False,Standard,Venmo,14,26.07,1694.55
3225,3225,11,8,Winter,L,Indigo,80,2.7,False,False,Free Shipping,PayPal,30,12.17,973.6
3226,3226,9,29,Fall,M,Pink,98,3.0,False,False,Store Pickup,Credit Card,7,52.14,5109.72
3227,3227,23,23,Spring,XL,Beige,71,3.3,False,False,Next Day Air,Bank Transfer,14,26.07,1850.97
3228,3228,7,2,Fall,XL,White,69,2.7,False,False,Free Shipping,Debit Card,90,4.06,280.14
3229,3229,6,7,Spring,M,Yellow,95,4.6,False,False,2-Day Shipping,PayPal,365,1.0,95.0
3230,3230,13,7,Fall,M,Teal,67,2.7,False,False,Express,Cash,30,12.17,815.39
3231,3231,23,16,Summer,M,Olive,49,2.5,False,False,Next Day Air,Debit Card,365,1.0,49.0
3232,3232,22,28,Winter,M,Maroon,97,4.4,False,False,Free Shipping,Credit Card,365,1.0,97.0
3233,3233,19,21,Spring,M,White,34,4.0,False,False,Next Day Air,Bank Transfer,30,12.17,413.78
3234,3234,2,14,Fall,M,Lavender,74,3.8,False,False,Express,Debit Card,14,26.07,1929.18
3235,3235,6,47,Winter,M,Black,96,2.5,False,False,2-Day Shipping,Debit Card,90,4.06,389.76
3236,3236,2,16,Summer,M,Green,68,4.0,False,False,Free Shipping,Venmo,30,12.17,827.56
3237,3237,2,40,Fall,L,Olive,84,4.1,False,False,Next Day Air,Cash,30,12.17,1022.28
3238,3238,19,45,Summer,M,Gray,57,2.8,False,False,Express,Cash,7,52.14,2971.98
3239,3239,23,50,Fall,XL,Teal,84,3.4,False,False,2-Day Shipping,Cash,90,4.06,341.04
3240,3240,8,6,Fall,M,Charcoal,32,2.7,False,False,2-Day Shipping,Cash,30,12.17,389.44
3241,3241,21,48,Fall,M,Violet,37,3.8,False,False,2-Day Shipping,Bank Transfer,30,12.17,450.29
3242,3242,4,7,Summer,M,Lavender,58,4.4,False,False,Store Pickup,PayPal,90,4.06,235.48
3243,3243,17,37,Fall,S,Beige,74,2.8,False,False,Express,Venmo,7,52.14,3858.36
3244,3244,11,12,Summer,L,Black,99,5.0,False,False,Store Pickup,Bank Transfer,90,4.06,401.94
3245,3245,18,4,Fall,M,Black,81,4.7,False,False,Express,Credit Card,365,1.0,81.0
3246,3246,13,16,Fall,M,Purple,76,3.2,False,False,Next Day Air,Cash,7,52.14,3962.64
3247,3247,23,22,Summer,M,Magenta,98,2.9,False,False,Store Pickup,Cash,30,12.17,1192.66
3248,3248,3,4,Summer,M,Teal,91,3.7,False,False,Express,PayPal,14,26.07,2372.37
3249,3249,19,38,Summer,S,Teal,79,4.2,False,False,Free Shipping,Bank Transfer,90,4.06,320.74
3250,3250,1,46,Summer,M,Pink,83,3.4,False,False,Express,Credit Card,90,4.06,336.98
3251,3251,24,23,Spring,M,Teal,90,2.9,False,False,2-Day Shipping,Venmo,7,52.14,4692.6
3252,3252,24,28,Winter,M,Gold,20,3.7,False,False,Standard,Venmo,90,4.06,81.2
3253,3253,21,26,Spring,L,Brown,21,2.7,False,False,Store Pickup,Credit Card,14,26.07,547.47
3254,3254,1,27,Fall,M,Brown,60,3.2,False,False,2-Day Shipping,Venmo,14,26.07,1564.2
3255,3255,18,14,Winter,S,Magenta,31,4.9,False,False,Store Pickup,Bank Transfer,90,4.06,125.86
3256,3256,15,30,Fall,M,Black,40,2.8,False,False,Next Day Air,Bank Transfer,30,12.17,486.8
3257,3257,8,49,Winter,L,Teal,26,4.7,False,False,Free Shipping,Venmo,90,4.06,105.56
3258,3258,14,23,Fall,M,Brown,98,3.3,False,False,Express,Venmo,90,4.06,397.88
3259,3259,22,30,Spring,M,Magenta,51,4.3,False,False,Express,Credit Card,14,26.07,1329.57
3260,3260,5,36,Fall,XL,Indigo,95,3.7,False,False,2-Day Shipping,Debit Card,90,4.06,385.7
3261,3261,7,49,Summer,M,Violet,36,4.5,False,False,2-Day Shipping,Credit Card,365,1.0,36.0
3262,3262,2,39,Winter,L,Cyan,52,3.4,False,False,Store Pickup,Debit Card,7,52.14,2711.28
3263,3263,19,14,Spring,M,Violet,35,2.7,False,False,Standard,Cash,90,4.06,142.1
3264,3264,15,45,Fall,S,Black,68,4.4,False,False,Express,Debit Card,14,26.07,1772.76
3265,3265,13,19,Winter,S,Charcoal,50,4.0,False,False,Express,Cash,14,26.07,1303.5
3266,3266,8,1,Winter,M,White,100,3.2,False,False,Express,Credit Card,14,26.07,2607.0
3267,3267,24,1,Winter,S,Gray,74,4.2,False,False,Next Day Air,Bank Transfer,7,52.14,3858.36
3268,3268,11,12,Winter,L,Pink,45,3.0,False,False,Store Pickup,Credit Card,90,4.06,182.7
3269,3269,10,4,Fall,M,Cyan,97,2.8,False,False,Free Shipping,Bank Transfer,90,4.06,393.82
3270,3270,9,35,Winter,M,Blue,60,4.9,False,False,Express,Cash,30,12.17,730.2
3271,3271,17,13,Winter,M,Indigo,25,4.7,False,False,Express,PayPal,365,1.0,25.0
3272,3272,17,28,Spring,XL,Magenta,55,4.4,False,False,Standard,Credit Card,7,52.14,2867.7
3273,3273,22,43,Winter,M,Lavender,99,3.1,False,False,Next Day Air,PayPal,90,4.06,401.94
3274,3274,2,28,Summer,S,Orange,45,2.6,False,False,Free Shipping,PayPal,90,4.06,182.7
3275,3275,18,36,Spring,M,Cyan,20,3.9,False,False,Store Pickup,Cash,14,26.07,521.4
3276,3276,13,1,Summer,XL,Green,88,2.6,False,False,2-Day Shipping,Debit Card,7,52.14,4588.32
3277,3277,7,41,Summer,M,White,99,4.0,False,False,Store Pickup,PayPal,90,4.06,401.94
3278,3278,16,43,Spring,M,Blue,86,4.9,False,False,Store Pickup,Credit Card,30,12.17,1046.62
3279,3279,10,26,Summer,M,Black,70,3.3,False,False,2-Day Shipping,Bank Transfer,7,52.14,3649.8
3280,3280,5,50,Fall,S,Red,50,3.0,False,False,Express,Debit Card,14,26.07,1303.5
3281,3281,4,32,Winter,L,Red,57,2.7,False,False,Next Day Air,PayPal,30,12.17,693.69
3282,3282,13,37,Winter,L,Gold,69,3.1,False,False,Free Shipping,Bank Transfer,365,1.0,69.0
3283,3283,19,5,Fall,M,Red,94,4.8,False,False,Next Day Air,Credit Card,30,12.17,1143.98
3284,3284,25,33,Spring,L,Purple,24,2.9,False,False,Express,Debit Card,90,4.06,97.44
3285,3285,7,17,Spring,L,White,79,4.5,False,False,2-Day Shipping,Venmo,365,1.0,79.0
3286,3286,5,11,Fall,XL,Magenta,31,4.6,False,False,Free Shipping,Cash,7,52.14,1616.34
3287,3287,25,13,Winter,L,Pink,67,5.0,False,False,Express,Venmo,14,26.07,1746.69
3288,3288,16,48,Spring,L,Black,63,4.3,False,False,2-Day Shipping,Credit Card,7,52.14,3284.82
3289,3289,4,40,Spring,XL,White,61,4.9,False,False,Next Day Air,Credit Card,14,26.07,1590.27
3290,3290,1,26,Summer,M,Maroon,50,4.0,False,False,2-Day Shipping,Venmo,90,4.06,203.0
3291,3291,24,34,Spring,L,Black,82,3.1,False,False,Free Shipping,PayPal,30,12.17,997.94
3292,3292,2,31,Fall,L,Olive,51,2.6,False,False,2-Day Shipping,Cash,30,12.17,620.67
3293,3293,4,25,Spring,L,Gray,23,4.9,False,False,Standard,Bank Transfer,14,26.07,599.61
3294,3294,24,48,Spring,M,Gold,91,3.5,False,False,2-Day Shipping,Credit Card,14,26.07,2372.37
3295,3295,18,40,Spring,S,Magenta,60,4.5,False,False,Store Pickup,Bank Transfer,14,26.07,1564.2
3296,3296,9,48,Summer,S,Lavender,34,2.8,False,False,Next Day Air,Cash,7,52.14,1772.76
3297,3297,9,2,Spring,M,Green,23,4.2,False,False,Next Day Air,Venmo,90,4.06,93.38
3298,3298,2,48,Fall,M,Violet,82,4.1,False,False,Free Shipping,PayPal,30,12.17,997.94
3299,3299,25,31,Fall,M,Brown,73,3.5,False,False,Express,Bank Transfer,90,4.06,296.38
3300,3300,15,41,Spring,L,Teal,32,4.0,False,False,2-Day Shipping,Venmo,30,12.17,389.44
3301,3301,5,36,Spring,M,Charcoal,80,4.0,False,False,Express,Bank Transfer,14,26.07,2085.6
3302,3302,13,36,Summer,XL,Charcoal,58,2.5,False,False,Free Shipping,Credit Card,14,26.07,1512.06
3303,3303,9,1,Winter,XL,Beige,82,4.2,False,False,Standard,Venmo,14,26.07,2137.74
3304,3304,2,24,Summer,S,Turquoise,60,3.4,False,False,Next Day Air,Credit Card,14,26.07,1564.2
3305,3305,4,24,Fall,XL,Orange,79,4.8,False,False,Next Day Air,Bank Transfer,90,4.06,320.74
3306,3306,11,27,Summer,L,Cyan,41,4.9,False,False,Standard,PayPal,14,26.07,1068.87
3307,3307,25,6,Summer,L,Orange,39,3.6,False,False,Store Pickup,Venmo,14,26.07,1016.73
3308,3308,7,38,Winter,S,Green,36,4.0,False,False,Store Pickup,Cash,30,12.17,438.12
3309,3309,12,44,Fall,M,Pink,70,2.6,False,False,Express,Cash,30,12.17,851.9
3310,3310,4,21,Summer,M,Blue,47,3.1,False,False,Store Pickup,PayPal,30,12.17,571.99
3311,3311,25,15,Winter,M,Pink,27,3.6,False,False,Free Shipping,PayPal,14,26.07,703.89
3312,3312,5,9,Summer,L,Blue,52,4.0,False,False,Express,Bank Transfer,365,1.0,52.0
3313,3313,23,18,Summer,L,Black,75,3.9,False,False,Next Day Air,Cash,90,4.06,304.5
3314,3314,5,16,Fall,XL,Black,30,3.9,False,False,Express,Credit Card,30,12.17,365.1
3315,3315,17,16,Spring,M,Violet,94,3.3,False,False,Standard,Credit Card,90,4.06,381.64
3316,3316,7,17,Summer,S,Gold,68,2.9,False,False,Standard,PayPal,90,4.06,276.08
3317,3317,17,31,Summer,M,Olive,45,3.1,False,False,Free Shipping,Debit Card,14,26.07,1173.15
3318,3318,5,33,Summer,XL,Pink,67,4.7,False,False,Standard,Cash,90,4.06,272.02
3319,3319,25,34,Summer,M,Olive,46,3.9,False,False,Free Shipping,PayPal,30,12.17,559.82
3320,3320,15,34,Summer,M,Indigo,31,4.3,False,False,Next Day Air,Credit Card,90,4.06,125.86
3321,3321,9,13,Fall,XL,Silver,44,4.2,False,False,2-Day Shipping,Cash,90,4.06,178.64
3322,3322,24,19,Winter,S,Charcoal,100,4.3,False,False,Next Day Air,Venmo,365,1.0,100.0
3323,3323,18,14,Winter,XL,Orange,92,4.6,False,False,Next Day Air,PayPal,7,52.14,4796.88
3324,3324,4,34,Winter,M,Yellow,78,3.8,False,False,Free Shipping,Credit Card,30,12.17,949.26
3325,3325,19,25,Fall,S,Red,32,3.3,False,False,Standard,Venmo,7,52.14,1668.48
3326,3326,21,2,Fall,M,Maroon,97,3.7,False,False,2-Day Shipping,Venmo,30,12.17,1180.49
3327,3327,3,34,Summer,M,Magenta,95,4.3,False,False,Standard,Debit Card,365,1.0,95.0
3328,3328,15,7,Spring,M,Black,64,4.1,False,False,Express,Debit Card,90,4.06,259.84
3329,3329,21,49,Spring,M,Violet,35,3.2,False,False,Free Shipping,Cash,14,26.07,912.45
3330,3330,1,30,Winter,M,Gray,54,3.8,False,False,Express,Debit Card,14,26.07,1407.78
3331,3331,23,25,Spring,M,Black,96,3.2,False,False,2-Day Shipping,Bank Transfer,90,4.06,389.76
3332,3332,8,5,Summer,M,Pink,58,3.5,False,False,Free Shipping,PayPal,90,4.06,235.48
3333,3333,19,47,Summer,M,Silver,23,3.1,False,False,2-Day Shipping,PayPal,14,26.07,599.61
3334,3334,12,23,Spring,M,Violet,35,4.2,False,False,Express,PayPal,30,12.17,425.95
3335,3335,14,5,Summer,M,Beige,23,3.4,False,False,Free Shipping,Credit Card,365,1.0,23.0
3336,3336,5,43,Winter,XL,Cyan,94,3.5,False,False,Express,Bank Transfer,90,4.06,381.64
3337,3337,9,26,Fall,M,Brown,45,4.0,False,False,Free Shipping,Debit Card,365,1.0,45.0
3338,3338,25,3,Winter,L,Blue,23,4.4,False,False,2-Day Shipping,Bank Transfer,14,26.07,599.61
3339,3339,16,23,Winter,L,White,94,2.9,False,False,2-Day Shipping,Credit Card,30,12.17,1143.98
3340,3340,3,27,Fall,M,Cyan,99,3.6,False,False,Store Pickup,Cash,14,26.07,2580.93
3341,3341,19,46,Fall,XL,Maroon,36,4.4,False,False,Free Shipping,Credit Card,14,26.07,938.52
3342,3342,25,7,Summer,XL,Olive,50,4.5,False,False,Standard,Credit Card,30,12.17,608.5
3343,3343,25,30,Spring,M,Violet,81,3.8,False,False,Free Shipping,Credit Card,7,52.14,4223.34
3344,3344,15,17,Winter,XL,Green,31,3.6,False,False,2-Day Shipping,Cash,14,26.07,808.17
3345,3345,5,47,Fall,XL,Magenta,48,4.3,False,False,Free Shipping,Cash,365,1.0,48.0
3346,3346,4,9,Summer,M,Turquoise,91,4.0,False,False,2-Day Shipping,Venmo,14,26.07,2372.37
3347,3347,12,36,Summer,M,Black,99,3.4,False,False,Express,Venmo,90,4.06,401.94
3348,3348,22,15,Summer,XL,Cyan,70,4.4,False,False,Standard,PayPal,14,26.07,1824.9
3349,3349,19,29,Winter,L,Gray,74,2.8,False,False,Standard,Cash,90,4.06,300.44
3350,3350,6,10,Fall,M,Red,79,2.8,False,False,Store Pickup,PayPal,90,4.06,320.74
3351,3351,4,24,Fall,S,Olive,33,4.9,False,False,2-Day Shipping,Cash,14,26.07,860.31
3352,3352,14,29,Spring,L,Cyan,49,4.2,False,False,2-Day Shipping,Bank Transfer,14,26.07,1277.43
3353,3353,2,47,Summer,M,Teal,96,2.9,False,False,Next Day Air,Bank Transfer,14,26.07,2502.72
3354,3354,10,35,Fall,L,Teal,66,4.6,False,False,Free Shipping,Credit Card,90,4.06,267.96
3355,3355,16,20,Fall,M,Orange,45,2.8,False,False,Next Day Air,PayPal,7,52.14,2346.3
3356,3356,9,8,Spring,M,Peach,28,2.6,False,False,Store Pickup,Bank Transfer,14,26.07,729.96
3357,3357,12,42,Summer,M,Silver,48,3.5,False,False,Store Pickup,PayPal,14,26.07,1251.36
3358,3358,11,4,Winter,M,Pink,67,3.5,False,False,Free Shipping,Credit Card,30,12.17,815.39
3359,3359,19,42,Fall,M,Magenta,59,3.4,False,False,2-Day Shipping,Cash,365,1.0,59.0
3360,3360,8,29,Fall,L,Red,74,3.9,False,False,Next Day Air,Debit Card,30,12.17,900.58
3361,3361,25,23,Spring,M,Maroon,81,3.3,False,False,2-Day Shipping,Cash,90,4.06,328.86
3362,3362,22,9,Spring,M,Silver,26,4.1,False,False,Free Shipping,Credit Card,14,26.07,677.82
3363,3363,4,42,Summer,M,Gray,61,3.0,False,False,Next Day Air,Venmo,14,26.07,1590.27
3364,3364,18,5,Winter,M,Turquoise,23,3.0,False,False,Next Day Air,Bank Transfer,14,26.07,599.61
3365,3365,7,37,Fall,M,Peach,33,3.2,False,False,Standard,Credit Card,30,12.17,401.61
3366,3366,16,42,Fall,L,Teal,58,3.9,False,False,Express,Credit Card,90,4.06,235.48
3367,3367,3,33,Spring,M,Red,65,3.6,False,False,2-Day Shipping,Debit Card,90,4.06,263.9
3368,3368,19,42,Summer,M,Blue,48,3.1,False,False,Store Pickup,Venmo,14,26.07,1251.36
3369,3369,21,27,Spring,M,Blue,25,4.8,False,False,Express,Bank Transfer,90,4.06,101.5
3370,3370,18,19,Winter,M,Indigo,51,3.8,False,False,2-Day Shipping,Cash,30,12.17,620.67
3371,3371,2,13,Summer,M,Charcoal,31,2.8,False,False,Store Pickup,Cash,14,26.07,808.17
3372,3372,11,6,Winter,S,Turquoise,99,4.0,False,False,Next Day Air,PayPal,365,1.0,99.0
3373,3373,17,38,Winter,M,Maroon,25,4.6,False,False,Free Shipping,Credit Card,90,4.06,101.5
3374,3374,21,23,Spring,M,Purple,52,3.5,False,False,Store Pickup,Debit Card,90,4.06,211.12
3375,3375,9,28,Spring,S,Lavender,47,3.7,False,False,2-Day Shipping,Debit Card,365,1.0,47.0
3376,3376,20,7,Fall,XL,Yellow,98,4.9,False,False,Express,Credit Card,365,1.0,98.0
3377,3377,5,35,Winter,M,Green,46,4.1,False,False,Store Pickup,Cash,90,4.06,186.76
3378,3378,14,17,Winter,M,Yellow,32,4.6,False,False,Next Day Air,PayPal,14,26.07,834.24
3379,3379,15,23,Fall,L,Gold,75,4.5,False,False,Next Day Air,Cash,90,4.06,304.5
3380,3380,4,42,Summer,L,Turquoise,51,5.0,False,False,Store Pickup,Cash,7,52.14,2659.14
3381,3381,10,34,Summer,L,Blue,52,3.8,False,False,Standard,PayPal,90,4.06,211.12
3382,3382,5,23,Winter,L,Turquoise,66,4.7,False,False,Standard,Credit Card,90,4.06,267.96
3383,3383,18,27,Spring,M,Maroon,35,2.8,False,False,Express,Bank Transfer,7,52.14,1824.9
3384,3384,24,8,Fall,M,Pink,43,2.6,False,False,Next Day Air,Venmo,14,26.07,1121.01
3385,3385,11,23,Summer,L,Maroon,24,3.8,False,False,Free Shipping,Venmo,90,4.06,97.44
3386,3386,6,39,Winter,M,Olive,83,2.8,False,False,Standard,Credit Card,90,4.06,336.98
3387,3387,19,22,Fall,M,Lavender,62,2.6,False,False,2-Day Shipping,Cash,90,4.06,251.72
3388,3388,13,30,Spring,S,Pink,78,3.4,False,False,2-Day Shipping,Credit Card,14,26.07,2033.46
3389,3389,18,41,Spring,M,Cyan,61,4.5,False,False,Store Pickup,Credit Card,7,52.14,3180.54
3390,3390,13,33,Fall,L,Maroon,57,3.8,False,False,Free Shipping,Venmo,365,1.0,57.0
3391,3391,17,37,Summer,S,Red,70,3.0,False,False,Next Day Air,PayPal,365,1.0,70.0
3392,3392,11,26,Fall,M,Silver,57,3.7,False,False,2-Day Shipping,Debit Card,90,4.06,231.42
3393,3393,7,30,Winter,XL,Blue,74,4.4,False,False,Free Shipping,Venmo,14,26.07,1929.18
3394,3394,10,3,Fall,M,Gold,90,3.1,False,False,Next Day Air,Debit Card,30,12.17,1095.3
3395,3395,21,45,Spring,S,Yellow,98,4.2,False,False,Store Pickup,PayPal,365,1.0,98.0
3396,3396,10,6,Winter,M,Silver,43,3.1,False,False,Free Shipping,Debit Card,90,4.06,174.58
3397,3397,13,42,Winter,XL,Black,37,5.0,False,False,Next Day Air,PayPal,90,4.06,150.22
3398,3398,9,30,Summer,L,Yellow,38,2.7,False,False,Standard,Bank Transfer,14,26.07,990.66
3399,3399,12,26,Winter,L,Pink,60,3.8,False,False,Standard,Cash,14,26.07,1564.2
3400,3400,13,26,Winter,XL,Yellow,55,3.3,False,False,Standard,Debit Card,365,1.0,55.0
3401,3401,8,28,Fall,M,Lavender,51,4.8,False,False,Free Shipping,Venmo,14,26.07,1329.57
3402,3402,1,28,Winter,L,Peach,71,3.4,False,False,Standard,Credit Card,7,52.14,3701.94
3403,3403,11,18,Spring,M,Black,61,4.4,False,False,2-Day Shipping,PayPal,90,4.06,247.66
3404,3404,20,13,Summer,M,Olive,65,3.9,False,False,Standard,Cash,14,26.07,1694.55
3405,3405,3,40,Fall,L,Olive,34,3.9,False,False,2-Day Shipping,Credit Card,365,1.0,34.0
3406,3406,9,47,Summer,M,White,87,4.2,False,False,Store Pickup,Bank Transfer,14,26.07,2268.09
3407,3407,18,27,Spring,M,Red,79,4.0,False,False,Store Pickup,Venmo,90,4.06,320.74
3408,3408,10,1,Spring,S,Purple,46,2.6,False,False,Store Pickup,Cash,90,4.06,186.76
3409,3409,17,26,Summer,L,Purple,72,4.4,False,False,Standard,Bank Transfer,365,1.0,72.0
3410,3410,14,23,Summer,M,Teal,93,3.2,False,False,Next Day Air,Credit Card,90,4.06,377.58
3411,3411,21,35,Summer,L,Teal,76,4.3,False,False,Free Shipping,Bank Transfer,14,26.07,1981.32
3412,3412,22,32,Winter,L,Gray,56,4.9,False,False,2-Day Shipping,Cash,7,52.14,2919.84
3413,3413,21,14,Fall,M,Magenta,83,3.8,False,False,Store Pickup,Venmo,90,4.06,336.98
3414,3414,3,8,Winter,XL,Black,90,2.5,False,False,Express,PayPal,14,26.07,2346.3
3415,3415,20,7,Spring,M,Maroon,94,4.9,False,False,Next Day Air,Bank Transfer,90,4.06,381.64
3416,3416,9,32,Fall,M,Gold,68,3.0,False,False,2-Day Shipping,Bank Transfer,365,1.0,68.0
3417,3417,21,1,Spring,M,Purple,53,3.2,False,False,Store Pickup,Bank Transfer,90,4.06,215.18
3418,3418,24,21,Summer,M,Blue,35,2.9,False,False,2-Day Shipping,Debit Card,14,26.07,912.45
3419,3419,25,40,Summer,M,Beige,30,2.8,False,False,Free Shipping,Debit Card,365,1.0,30.0
3420,3420,6,48,Winter,L,Indigo,26,3.1,False,False,Store Pickup,Venmo,14,26.07,677.82
3421,3421,5,17,Winter,M,Purple,60,3.4,False,False,Express,PayPal,14,26.07,1564.2
3422,3422,22,30,Summer,M,Maroon,30,2.9,False,False,Free Shipping,PayPal,7,52.14,1564.2
3423,3423,24,32,Winter,L,Beige,91,3.2,False,False,Next Day Air,Venmo,30,12.17,1107.47
3424,3424,20,21,Spring,M,Brown,71,3.8,False,False,Next Day Air,PayPal,14,26.07,1850.97
3425,3425,7,9,Summer,L,Green,64,3.6,False,False,2-Day Shipping,Credit Card,30,12.17,778.88
3426,3426,5,22,Summer,M,Blue,54,4.3,False,False,Next Day Air,Debit Card,14,26.07,1407.78
3427,3427,17,37,Fall,XL,Magenta,35,4.8,False,False,2-Day Shipping,Credit Card,365,1.0,35.0
3428,3428,19,22,Winter,XL,Turquoise,38,2.5,False,False,Store Pickup,Cash,365,1.0,38.0
3429,3429,6,47,Fall,M,Gray,69,2.5,False,False,Next Day Air,Venmo,30,12.17,839.73
3430,3430,16,2,Winter,S,Purple,96,4.6,False,False,Express,Debit Card,7,52.14,5005.44
3431,3431,17,26,Winter,M,Lavender,73,4.2,False,False,Next Day Air,Bank Transfer,90,4.06,296.38
3432,3432,2,31,Summer,S,Green,49,4.2,False,False,Express,Venmo,365,1.0,49.0
3433,3433,20,7,Summer,M,Gray,44,4.8,False,False,2-Day Shipping,PayPal,90,4.06,178.64
3434,3434,17,2,Spring,M,Yellow,93,4.5,False,False,Free Shipping,PayPal,365,1.0,93.0
3435,3435,13,35,Summer,S,Orange,72,3.3,False,False,2-Day Shipping,Venmo,14,26.07,1877.04
3436,3436,17,26,Summer,M,Beige,91,2.7,False,False,2-Day Shipping,Debit Card,14,26.07,2372.37
3437,3437,2,27,Winter,L,Peach,83,2.8,False,False,2-Day Shipping,Bank Transfer,30,12.17,1010.11
3438,3438,25,36,Winter,S,Green,62,3.5,False,False,2-Day Shipping,PayPal,365,1.0,62.0
3439,3439,14,17,Fall,M,Violet,71,3.0,False,False,Store Pickup,Credit Card,30,12.17,864.07
3440,3440,3,12,Summer,M,Gray,93,4.5,False,False,Express,Venmo,90,4.06,377.58
3441,3441,4,20,Fall,L,Magenta,63,4.3,False,False,2-Day Shipping,PayPal,7,52.14,3284.82
3442,3442,18,42,Fall,XL,Charcoal,96,4.1,False,False,Standard,Credit Card,365,1.0,96.0
3443,3443,16,22,Spring,M,Violet,78,4.3,False,False,Next Day Air,PayPal,7,52.14,4066.92
3444,3444,10,42,Summer,L,Silver,24,5.0,False,False,Free Shipping,Cash,14,26.07,625.68
3445,3445,13,39,Summer,S,Green,63,3.8,False,False,2-Day Shipping,Bank Transfer,14,26.07,1642.41
3446,3446,5,9,Fall,M,Magenta,58,4.9,False,False,Standard,Debit Card,365,1.0,58.0
3447,3447,20,18,Spring,S,Purple,55,5.0,False,False,2-Day Shipping,Cash,7,52.14,2867.7
3448,3448,21,4,Fall,M,Blue,58,4.3,False,False,Express,Bank Transfer,14,26.07,1512.06
3449,3449,24,17,Winter,S,Yellow,28,4.1,False,False,Express,Bank Transfer,14,26.07,729.96
3450,3450,9,16,Spring,M,Brown,37,4.5,False,False,Standard,Cash,30,12.17,450.29
3451,3451,15,45,Spring,M,Pink,78,3.6,False,False,Store Pickup,PayPal,30,12.17,949.26
3452,3452,9,28,Fall,XL,Silver,73,3.0,False,False,Free Shipping,Credit Card,365,1.0,73.0
3453,3453,25,36,Spring,M,Indigo,20,3.7,False,False,Next Day Air,Venmo,14,26.07,521.4
3454,3454,14,1,Winter,L,Pink,60,4.3,False,False,Standard,Venmo,14,26.07,1564.2
3455,3455,4,18,Fall,S,Lavender,71,4.6,False,False,Store Pickup,PayPal,14,26.07,1850.97
3456,3456,19,35,Fall,M,Orange,89,4.7,False,False,Standard,Venmo,365,1.0,89.0
3457,3457,11,43,Fall,M,Red,53,4.6,False,False,Express,Venmo,30,12.17,645.01
3458,3458,6,20,Summer,M,Gray,87,3.0,False,False,Express,Cash,14,26.07,2268.09
3459,3459,6,48,Spring,L,Violet,37,3.4,False,False,Standard,Venmo,90,4.06,150.22
3460,3460,11,35,Fall,L,Green,37,3.8,False,False,Express,PayPal,365,1.0,37.0
3461,3461,7,14,Spring,M,Gold,78,3.1,False,False,Express,Bank Transfer,14,26.07,2033.46
3462,3462,22,50,Spring,S,Maroon,23,4.4,False,False,Standard,Cash,90,4.06,93.38
3463,3463,12,22,Spring,L,Olive,73,4.5,False,False,Standard,Credit Card,90,4.06,296.38
3464,3464,6,19,Fall,M,Yellow,27,2.8,False,False,2-Day Shipping,PayPal,14,26.07,703.89
3465,3465,24,44,Winter,S,Peach,59,2.7,False,False,Next Day Air,PayPal,365,1.0,59.0
3466,3466,1,15,Spring,M,Gold,53,3.4,False,False,Standard,Debit Card,7,52.14,2763.42
3467,3467,17,20,Summer,S,Purple,42,4.6,False,False,Standard,Bank Transfer,365,1.0,42.0
3468,3468,7,43,Fall,M,Charcoal,45,5.0,False,False,Next Day Air,Credit Card,365,1.0,45.0
3469,3469,8,35,Winter,S,Indigo,89,3.5,False,False,Standard,Debit Card,90,4.06,361.34
3470,3470,17,34,Fall,L,Magenta,85,3.3,False,False,Store Pickup,Cash,365,1.0,85.0
3471,3471,24,48,Summer,S,Olive,69,4.5,False,False,Free Shipping,Cash,14,26.07,1798.83
3472,3472,21,33,Spring,S,Blue,66,3.1,False,False,Store Pickup,Cash,14,26.07,1720.62
3473,3473,9,10,Summer,S,White,42,4.0,False,False,Free Shipping,Debit Card,7,52.14,2189.88
3474,3474,10,16,Spring,M,Cyan,40,2.5,False,False,Express,Cash,7,52.14,2085.6
3475,3475,13,19,Winter,M,Cyan,82,4.4,False,False,Store Pickup,Venmo,30,12.17,997.94
3476,3476,23,40,Spring,M,Orange,88,4.4,False,False,Express,Cash,90,4.06,357.28
3477,3477,20,40,Summer,XL,Orange,99,3.2,False,False,Free Shipping,Cash,7,52.14,5161.86
3478,3478,4,17,Spring,S,Teal,85,3.8,False,False,Store Pickup,Debit Card,14,26.07,2215.95
3479,3479,4,3,Fall,M,Magenta,57,4.6,False,False,Store Pickup,PayPal,90,4.06,231.42
3480,3480,18,32,Summer,S,Orange,56,4.9,False,False,Standard,Cash,30,12.17,681.52
3481,3481,21,29,Winter,L,Peach,79,3.5,False,False,Free Shipping,PayPal,30,12.17,961.43
3482,3482,17,35,Summer,S,Maroon,67,3.4,False,False,Store Pickup,Debit Card,14,26.07,1746.69
3483,3483,3,11,Winter,M,Gold,61,3.9,False,False,Next Day Air,Debit Card,7,52.14,3180.54
3484,3484,11,43,Winter,L,White,37,3.9,False,False,Express,Credit Card,90,4.06,150.22
3485,3485,10,13,Fall,L,Gray,75,4.2,False,False,Free Shipping,Credit Card,14,26.07,1955.25
3486,3486,14,21,Winter,XL,Brown,21,3.4,False,False,Standard,Debit Card,14,26.07,547.47
3487,3487,15,33,Winter,L,Charcoal,89,4.9,False,False,Standard,PayPal,7,52.14,4640.46
3488,3488,21,48,Fall,L,Beige,24,2.9,False,False,Store Pickup,Bank Transfer,365,1.0,24.0
3489,3489,18,8,Spring,XL,Teal,27,4.9,False,False,Store Pickup,Cash,90,4.06,109.62
3490,3490,10,12,Summer,L,Black,26,4.6,False,False,2-Day Shipping,PayPal,90,4.06,105.56
3491,3491,20,37,Spring,M,Violet,82,3.6,False,False,Store Pickup,Credit Card,90,4.06,332.92
3492,3492,13,19,Winter,M,Orange,28,4.3,False,False,Express,Cash,30,12.17,340.76
3493,3493,3,41,Fall,M,Turquoise,65,4.6,False,False,Standard,Bank Transfer,365,1.0,65.0
3494,3494,13,31,Winter,XL,Black,82,4.7,False,False,Store Pickup,Credit Card,7,52.14,4275.48
3495,3495,7,47,Winter,M,Silver,38,3.5,False,False,Free Shipping,PayPal,90,4.06,154.28
3496,3496,15,10,Spring,XL,Gray,33,2.8,False,False,Free Shipping,Cash,7,52.14,1720.62
3497,3497,22,12,Summer,M,Pink,38,4.0,False,False,Free Shipping,PayPal,30,12.17,462.46
3498,3498,4,6,Spring,M,Red,48,4.3,False,False,Store Pickup,Venmo,90,4.06,194.88
3499,3499,21,17,Summer,M,Lavender,35,3.8,False,False,Standard,Bank Transfer,14,26.07,912.45
3500,3500,17,30,Fall,L,Indigo,29,3.0,False,False,Next Day Air,PayPal,90,4.06,117.74
3501,3501,14,37,Fall,S,Silver,48,4.6,False,False,Next Day Air,Debit Card,14,26.07,1251.36
3502,3502,22,27,Fall,M,Silver,87,4.8,False,False,Standard,Bank Transfer,7,52.14,4536.18
3503,3503,1,21,Fall,M,Green,62,4.7,False,False,Next Day Air,Bank Transfer,90,4.06,251.72
3504,3504,14,27,Spring,M,Pink,96,3.9,False,False,Free Shipping,Cash,7,52.14,5005.44
3505,3505,4,11,Fall,S,Violet,41,4.0,False,False,Next Day Air,Venmo,30,12.17,498.97
3506,3506,6,14,Winter,L,Red,42,3.7,False,False,2-Day Shipping,Bank Transfer,90,4.06,170.52
3507,3507,14,13,Winter,L,Olive,57,3.7,False,False,2-Day Shipping,Cash,14,26.07,1485.99
3508,3508,4,6,Spring,S,Purple,65,4.2,False,False,Store Pickup,Credit Card,90,4.06,263.9
3509,3509,13,38,Fall,M,Gray,54,4.7,False,False,Standard,Bank Transfer,7,52.14,2815.56
3510,3510,19,35,Winter,L,Brown,22,4.3,False,False,Next Day Air,Venmo,14,26.07,573.54
3511,3511,23,38,Fall,S,Orange,96,4.9,False,False,2-Day Shipping,Venmo,30,12.17,1168.32
3512,3512,6,24,Summer,M,Blue,81,3.9,False,False,2-Day Shipping,Credit Card,90,4.06,328.86
3513,3513,14,17,Fall,M,White,46,3.4,False,False,Free Shipping,Debit Card,90,4.06,186.76
3514,3514,9,2,Spring,XL,Charcoal,74,4.2,False,False,Store Pickup,Credit Card,14,26.07,1929.18
3515,3515,23,10,Winter,XL,Gray,50,4.7,False,False,Express,Cash,30,12.17,608.5
3516,3516,10,41,Winter,XL,Charcoal,80,4.0,False,False,Next Day Air,Debit Card,14,26.07,2085.6
3517,3517,20,40,Summer,S,White,56,4.0,False,False,Free Shipping,PayPal,14,26.07,1459.92
3518,3518,16,42,Winter,M,Orange,69,3.1,False,False,Next Day Air,Debit Card,90,4.06,280.14
3519,3519,14,6,Spring,M,Black,97,4.2,False,False,Standard,PayPal,90,4.06,393.82
3520,3520,15,49,Winter,M,White,66,3.7,False,False,Next Day Air,Bank Transfer,14,26.07,1720.62
3521,3521,5,10,Spring,S,Brown,70,3.1,False,False,Express,Bank Transfer,30,12.17,851.9
3522,3522,22,20,Winter,M,Pink,50,3.7,False,False,Store Pickup,Venmo,7,52.14,2607.0
3523,3523,13,30,Spring,M,Yellow,85,3.2,False,False,Store Pickup,Cash,90,4.06,345.1
3524,3524,1,28,Summer,M,Cyan,59,2.8,False,False,Standard,Cash,14,26.07,1538.13
3525,3525,13,22,Summer,L,Silver,74,2.9,False,False,Free Shipping,Credit Card,30,12.17,900.58
3526,3526,8,50,Winter,L,Olive,38,3.5,False,False,Standard,Bank Transfer,365,1.0,38.0
3527,3527,18,21,Spring,M,Olive,99,3.8,False,False,Express,PayPal,90,4.06,401.94
3528,3528,9,47,Spring,S,Charcoal,97,4.7,False,False,Free Shipping,Cash,7,52.14,5057.58
3529,3529,7,19,Summer,L,Gray,67,4.5,False,False,Free Shipping,PayPal,365,1.0,67.0
3530,3530,19,26,Winter,S,Maroon,20,3.9,False,False,Next Day Air,Bank Transfer,7,52.14,1042.8
3531,3531,8,36,Spring,L,Black,45,3.4,False,False,Express,PayPal,7,52.14,2346.3
3532,3532,22,34,Winter,XL,Violet,52,4.6,False,False,2-Day Shipping,Cash,90,4.06,211.12
3533,3533,13,7,Fall,L,Indigo,68,4.6,False,False,Standard,Credit Card,365,1.0,68.0
3534,3534,23,43,Fall,L,Yellow,98,4.7,False,False,Standard,Venmo,14,26.07,2554.86
3535,3535,22,8,Fall,M,Gray,83,3.2,False,False,Express,Cash,7,52.14,4327.62
3536,3536,15,24,Summer,M,Red,51,5.0,False,False,Express,Debit Card,30,12.17,620.67
3537,3537,4,23,Spring,L,Peach,21,4.5,False,False,Express,Venmo,30,12.17,255.57
3538,3538,4,10,Spring,M,Gray,92,3.5,False,False,Standard,Credit Card,90,4.06,373.52
3539,3539,22,15,Spring,S,White,63,4.5,False,False,Store Pickup,Venmo,30,12.17,766.71
3540,3540,6,32,Spring,S,Green,56,3.2,False,False,Express,Credit Card,14,26.07,1459.92
3541,3541,15,28,Spring,M,Magenta,95,4.6,False,False,Free Shipping,Bank Transfer,7,52.14,4953.3
3542,3542,9,46,Winter,M,Olive,66,4.0,False,False,Next Day Air,PayPal,365,1.0,66.0
3543,3543,24,12,Spring,S,Olive,28,4.2,False,False,Express,Venmo,7,52.14,1459.92
3544,3544,5,6,Winter,M,Blue,83,4.1,False,False,Standard,PayPal,90,4.06,336.98
3545,3545,17,49,Fall,XL,Charcoal,55,3.6,False,False,2-Day Shipping,Cash,90,4.06,223.3
3546,3546,21,7,Spring,M,Yellow,28,3.7,False,False,2-Day Shipping,Debit Card,365,1.0,28.0
3547,3547,7,16,Summer,M,Violet,79,3.6,False,False,Free Shipping,Bank Transfer,14,26.07,2059.53
3548,3548,7,38,Summer,L,Magenta,31,3.8,False,False,Standard,Credit Card,365,1.0,31.0
3549,3549,9,44,Fall,M,Red,37,3.0,False,False,Standard,Debit Card,14,26.07,964.59
3550,3550,19,37,Summer,M,Cyan,34,3.4,False,False,2-Day Shipping,Bank Transfer,14,26.07,886.38
3551,3551,22,48,Winter,S,Orange,74,4.8,False,False,Standard,Cash,7,52.14,3858.36
3552,3552,3,26,Spring,L,Black,31,2.6,False,False,Store Pickup,Venmo,7,52.14,1616.34
3553,3553,8,17,Winter,M,Blue,66,2.9,False,False,Next Day Air,PayPal,90,4.06,267.96
3554,3554,22,23,Spring,M,Charcoal,99,4.9,False,False,Free Shipping,Bank Transfer,7,52.14,5161.86
3555,3555,10,18,Spring,M,Indigo,55,5.0,False,False,Free Shipping,Credit Card,14,26.07,1433.85
3556,3556,9,8,Spring,L,Silver,23,4.6,False,False,Next Day Air,Cash,90,4.06,93.38
3557,3557,18,3,Fall,M,Brown,88,4.2,False,False,Express,Cash,14,26.07,2294.16
3558,3558,25,28,Summer,M,Peach,26,4.9,False,False,Next Day Air,PayPal,90,4.06,105.56
3559,3559,1,2,Summer,L,Magenta,94,4.8,False,False,Standard,Venmo,90,4.06,381.64
3560,3560,15,44,Fall,M,Beige,25,3.0,False,False,Next Day Air,Venmo,90,4.06,101.5
3561,3561,17,16,Fall,XL,Violet,96,3.5,False,False,Express,Credit Card,365,1.0,96.0
3562,3562,23,33,Spring,L,Black,29,3.4,False,False,Standard,Credit Card,14,26.07,756.03
3563,3563,23,20,Winter,M,Cyan,36,3.4,False,False,Free Shipping,Bank Transfer,7,52.14,1877.04
3564,3564,9,19,Summer,M,Green,90,4.9,False,False,Standard,Credit Card,90,4.06,365.4
3565,3565,3,13,Summer,S,Brown,38,4.4,False,False,Free Shipping,Venmo,365,1.0,38.0
3566,3566,4,38,Spring,S,Gray,52,4.2,False,False,Store Pickup,PayPal,30,12.17,632.84
3567,3567,12,2,Spring,S,Orange,88,3.1,False,False,Next Day Air,Venmo,30,12.17,1070.96
3568,3568,7,31,Summer,S,Silver,56,4.0,False,False,Next Day Air,Credit Card,30,12.17,681.52
3569,3569,21,4,Spring,M,Purple,71,4.8,False,False,Next Day Air,PayPal,90,4.06,288.26
3570,3570,21,2,Fall,M,Olive,94,3.3,False,False,Express,Bank Transfer,14,26.07,2450.58
3571,3571,10,18,Winter,XL,Teal,97,4.7,False,False,Standard,Debit Card,365,1.0,97.0
3572,3572,16,34,Summer,M,White,27,3.2,False,False,Standard,Bank Transfer,90,4.06,109.62
3573,3573,15,39,Spring,M,Black,28,5.0,False,False,Standard,Credit Card,30,12.17,340.76
3574,3574,12,7,Fall,L,Maroon,67,4.9,False,False,Free Shipping,PayPal,30,12.17,815.39
3575,3575,17,32,Fall,M,Cyan,70,4.9,False,False,Express,Bank Transfer,90,4.06,284.2
3576,3576,24,17,Fall,M,Violet,95,3.7,False,False,Express,Venmo,14,26.07,2476.65
3577,3577,20,19,Spring,L,Yellow,24,3.0,False,False,Express,Venmo,14,26.07,625.68
3578,3578,2,25,Winter,S,Yellow,35,2.6,False,False,Standard,Bank Transfer,7,52.14,1824.9
3579,3579,22,10,Winter,L,Olive,22,2.6,False,False,Standard,Bank Transfer,90,4.06,89.32
3580,3580,7,3,Fall,L,Olive,66,4.8,False,False,Standard,Credit Card,90,4.06,267.96
3581,3581,9,29,Summer,M,Magenta,83,3.2,False,False,2-Day Shipping,Cash,14,26.07,2163.81
3582,3582,10,10,Fall,M,Orange,95,4.9,False,False,Next Day Air,Credit Card,7,52.14,4953.3
3583,3583,15,5,Summer,S,Beige,41,3.4,False,False,2-Day Shipping,PayPal,365,1.0,41.0
3584,3584,9,3,Summer,L,Brown,77,2.7,False,False,Store Pickup,Credit Card,90,4.06,312.62
3585,3585,23,9,Fall,L,Indigo,52,4.8,False,False,Express,Debit Card,30,12.17,632.84
3586,3586,3,32,Winter,XL,Gray,41,4.1,False,False,Standard,Venmo,14,26.07,1068.87
3587,3587,11,12,Winter,M,Yellow,28,4.6,False,False,Store Pickup,PayPal,14,26.07,729.96
3588,3588,18,46,Summer,S,Violet,90,4.4,False,False,Standard,Debit Card,365,1.0,90.0
3589,3589,8,22,Spring,M,Magenta,55,3.5,False,False,2-Day Shipping,Cash,365,1.0,55.0
3590,3590,2,29,Spring,M,Blue,73,4.8,False,False,Next Day Air,Cash,90,4.06,296.38
3591,3591,10,41,Fall,M,Gray,87,2.9,False,False,2-Day Shipping,Venmo,90,4.06,353.22
3592,3592,25,41,Winter,M,Gold,89,3.2,False,False,2-Day Shipping,Bank Transfer,90,4.06,361.34
3593,3593,20,30,Spring,L,Lavender,82,4.4,False,False,2-Day Shipping,Venmo,14,26.07,2137.74
3594,3594,21,50,Spring,M,Black,80,4.6,False,False,Next Day Air,PayPal,30,12.17,973.6
3595,3595,7,1,Summer,L,Charcoal,87,2.6,False,False,2-Day Shipping,Venmo,90,4.06,353.22
3596,3596,9,41,Spring,M,Violet,41,3.1,False,False,Store Pickup,PayPal,365,1.0,41.0
3597,3597,11,40,Spring,M,Charcoal,83,4.3,False,False,Standard,Cash,14,26.07,2163.81
3598,3598,8,31,Summer,M,Maroon,71,3.1,False,False,Standard,Bank Transfer,90,4.06,288.26
3599,3599,11,7,Spring,XL,Purple,76,4.6,False,False,Store Pickup,Bank Transfer,14,26.07,1981.32
3600,3600,7,16,Spring,S,Peach,34,4.6,False,False,Express,Cash,7,52.14,1772.76
3601,3601,10,40,Spring,XL,Olive,81,2.7,False,False,Free Shipping,Cash,14,26.07,2111.67
3602,3602,19,33,Summer,M,Indigo,47,3.0,False,False,Next Day Air,PayPal,30,12.17,571.99
3603,3603,16,50,Summer,S,Magenta,36,3.3,False,False,Store Pickup,Debit Card,90,4.06,146.16
3604,3604,12,18,Spring,M,Gold,51,2.7,False,False,Free Shipping,Cash,7,52.14,2659.14
3605,3605,11,18,Fall,M,Orange,86,3.3,False,False,Standard,Debit Card,365,1.0,86.0
3606,3606,12,1,Fall,M,Gold,41,4.3,False,False,Store Pickup,Bank Transfer,90,4.06,166.46
3607,3607,21,23,Fall,XL,Purple,90,4.8,False,False,Express,Venmo,365,1.0,90.0
3608,3608,5,31,Fall,L,Charcoal,93,3.3,False,False,Standard,Venmo,14,26.07,2424.51
3609,3609,3,42,Fall,M,Cyan,56,4.3,False,False,Next Day Air,Cash,90,4.06,227.36
3610,3610,17,31,Summer,M,Cyan,39,3.0,False,False,2-Day Shipping,Debit Card,30,12.17,474.63
3611,3611,25,43,Fall,XL,Green,86,4.8,False,False,2-Day Shipping,Bank Transfer,14,26.07,2242.02
3612,3612,19,47,Spring,M,Silver,82,2.9,False,False,Standard,Credit Card,365,1.0,82.0
3613,3613,21,22,Summer,M,Teal,29,3.6,False,False,Standard,Cash,90,4.06,117.74
3614,3614,5,23,Fall,M,Magenta,27,3.5,False,False,Store Pickup,Venmo,365,1.0,27.0
3615,3615,3,8,Spring,L,Maroon,25,4.7,False,False,2-Day Shipping,Bank Transfer,365,1.0,25.0
3616,3616,10,5,Winter,M,Gold,31,4.4,False,False,Free Shipping,Credit Card,30,12.17,377.27
3617,3617,11,49,Winter,L,Purple,23,3.3,False,False,Store Pickup,Debit Card,14,26.07,599.61
3618,3618,2,17,Fall,M,Lavender,47,4.3,False,False,Express,Debit Card,30,12.17,571.99
3619,3619,3,28,Fall,M,Maroon,67,4.0,False,False,2-Day Shipping,PayPal,14,26.07,1746.69
3620,3620,7,33,Winter,S,Magenta,75,4.9,False,False,2-Day Shipping,Venmo,7,52.14,3910.5
3621,3621,21,18,Summer,M,Turquoise,82,2.9,False,False,Express,Credit Card,14,26.07,2137.74
3622,3622,23,30,Summer,XL,Silver,32,4.0,False,False,2-Day Shipping,Cash,14,26.07,834.24
3623,3623,10,49,Fall,M,Purple,41,4.3,False,False,Store Pickup,Credit Card,365,1.0,41.0
3624,3624,6,4,Winter,M,Violet,89,2.7,False,False,2-Day Shipping,PayPal,7,52.14,4640.46
3625,3625,5,43,Fall,XL,Peach,82,5.0,False,False,Store Pickup,Bank Transfer,14,26.07,2137.74
3626,3626,7,13,Winter,L,Green,99,4.4,False,False,Express,PayPal,7,52.14,5161.86
3627,3627,9,24,Fall,L,Teal,98,3.5,False,False,Express,Venmo,90,4.06,397.88
3628,3628,2,8,Winter,M,Silver,54,3.3,False,False,Next Day Air,Cash,90,4.06,219.24
3629,3629,9,10,Summer,L,Purple,88,3.8,False,False,Free Shipping,Credit Card,30,12.17,1070.96
3630,3630,19,16,Summer,L,Lavender,43,4.5,False,False,Standard,Debit Card,14,26.07,1121.01
3631,3631,5,36,Winter,M,Lavender,73,4.8,False,False,Store Pickup,Cash,7,52.14,3806.22
3632,3632,5,30,Fall,M,Peach,50,2.9,False,False,Store Pickup,Credit Card,30,12.17,608.5
3633,3633,23,44,Spring,L,Green,73,3.2,False,False,Express,Debit Card,90,4.06,296.38
3634,3634,3,26,Spring,M,Orange,51,2.8,False,False,Free Shipping,Bank Transfer,14,26.07,1329.57
3635,3635,17,35,Winter,M,Pink,22,3.3,False,False,Standard,PayPal,365,1.0,22.0
3636,3636,21,6,Fall,L,Cyan,32,3.3,False,False,Free Shipping,Credit Card,14,26.07,834.24
3637,3637,21,5,Summer,L,Lavender,38,4.2,False,False,2-Day Shipping,Cash,7,52.14,1981.32
3638,3638,20,44,Winter,L,Yellow,66,3.6,False,False,Express,Credit Card,14,26.07,1720.62
3639,3639,1,16,Spring,M,Olive,20,4.6,False,False,Express,PayPal,14,26.07,521.4
3640,3640,24,13,Summer,M,Brown,44,3.6,False,False,2-Day Shipping,Venmo,365,1.0,44.0
3641,3641,8,23,Spring,L,Pink,31,4.0,False,False,Next Day Air,PayPal,30,12.17,377.27
3642,3642,25,32,Fall,M,Cyan,45,2.7,False,False,Free Shipping,Bank Transfer,90,4.06,182.7
3643,3643,10,3,Summer,L,Maroon,71,4.4,False,False,Store Pickup,PayPal,365,1.0,71.0
3644,3644,7,42,Fall,XL,Magenta,96,3.2,False,False,Standard,Debit Card,365,1.0,96.0
3645,3645,9,4,Winter,M,Violet,32,2.6,False,False,Next Day Air,Venmo,7,52.14,1668.48
3646,3646,1,6,Summer,L,Silver,90,3.4,False,False,Free Shipping,Credit Card,90,4.06,365.4
3647,3647,6,28,Spring,M,Maroon,68,5.0,False,False,2-Day Shipping,Debit Card,14,26.07,1772.76
3648,3648,15,16,Winter,M,Gray,45,2.9,False,False,Store Pickup,Bank Transfer,7,52.14,2346.3
3649,3649,16,32,Winter,M,White,67,5.0,False,False,Free Shipping,Cash,14,26.07,1746.69
3650,3650,16,23,Fall,M,Brown,57,4.4,False,False,Standard,Credit Card,14,26.07,1485.99
3651,3651,12,35,Summer,M,Silver,60,3.5,False,False,2-Day Shipping,PayPal,365,1.0,60.0
3652,3652,4,3,Spring,M,Yellow,32,3.8,False,False,Express,Venmo,90,4.06,129.92
3653,3653,4,17,Fall,S,Magenta,29,3.8,False,False,Store Pickup,Debit Card,30,12.17,352.93
3654,3654,24,23,Spring,M,Blue,20,3.9,False,False,Next Day Air,Credit Card,14,26.07,521.4
3655,3655,6,4,Winter,M,Green,98,3.3,False,False,Next Day Air,Credit Card,365,1.0,98.0
3656,3656,18,50,Fall,M,Yellow,27,2.9,False,False,Next Day Air,Credit Card,14,26.07,703.89
3657,3657,25,34,Spring,XL,Cyan,67,3.7,False,False,2-Day Shipping,Credit Card,30,12.17,815.39
3658,3658,22,1,Winter,L,Gold,82,3.7,False,False,Express,Debit Card,90,4.06,332.92
3659,3659,19,24,Fall,M,Magenta,72,4.6,False,False,Standard,PayPal,14,26.07,1877.04
3660,3660,21,13,Fall,S,Gray,77,4.9,False,False,Store Pickup,Bank Transfer,365,1.0,77.0
3661,3661,22,4,Winter,L,Indigo,74,3.1,False,False,2-Day Shipping,Bank Transfer,14,26.07,1929.18
3662,3662,21,16,Winter,S,White,39,3.5,False,False,Next Day Air,Credit Card,14,26.07,1016.73
3663,3663,15,39,Spring,M,Indigo,80,4.9,False,False,Next Day Air,Debit Card,7,52.14,4171.2
3664,3664,1,9,Summer,M,Green,59,4.4,False,False,Express,Credit Card,7,52.14,3076.26
3665,3665,25,25,Fall,M,Turquoise,68,4.4,False,False,Store Pickup,Debit Card,14,26.07,1772.76
3666,3666,17,33,Fall,M,Peach,77,3.4,False,False,Next Day Air,Credit Card,90,4.06,312.62
3667,3667,6,1,Winter,M,Olive,50,3.0,False,False,2-Day Shipping,Cash,90,4.06,203.0
3668,3668,13,47,Fall,L,Cyan,45,2.6,False,False,Next Day Air,Venmo,30,12.17,547.65
3669,3669,9,22,Summer,XL,Magenta,71,3.2,False,False,Store Pickup,Venmo,365,1.0,71.0
3670,3670,17,47,Fall,S,Silver,52,4.6,False,False,Store Pickup,PayPal,90,4.06,211.12
3671,3671,22,45,Winter,S,White,50,3.8,False,False,Free Shipping,PayPal,90,4.06,203.0
3672,3672,4,13,Summer,L,Pink,66,4.8,False,False,2-Day Shipping,Venmo,90,4.06,267.96
3673,3673,21,32,Fall,S,Pink,81,4.5,False,False,Free Shipping,PayPal,30,12.17,985.77
3674,3674,17,39,Summer,M,Pink,28,4.2,False,False,2-Day Shipping,Bank Transfer,14,26.07,729.96
3675,3675,4,47,Winter,M,Blue,65,2.7,False,False,2-Day Shipping,Venmo,14,26.07,1694.55
3676,3676,5,46,Winter,M,White,80,4.5,False,False,Express,Bank Transfer,30,12.17,973.6
3677,3677,6,49,Spring,S,Teal,94,4.9,False,False,Free Shipping,PayPal,30,12.17,1143.98
3678,3678,1,22,Fall,M,Gray,30,2.8,False,False,Standard,Cash,365,1.0,30.0
3679,3679,14,43,Fall,S,Beige,45,3.5,False,False,Standard,Bank Transfer,14,26.07,1173.15
3680,3680,24,12,Summer,M,Violet,91,2.5,False,False,Store Pickup,Cash,14,26.07,2372.37
3681,3681,8,15,Winter,S,Blue,36,2.9,False,False,Standard,Debit Card,90,4.06,146.16
3682,3682,3,7,Fall,XL,Magenta,73,4.2,False,False,Next Day Air,Debit Card,30,12.17,888.41
3683,3683,14,50,Fall,M,Maroon,60,4.6,False,False,Store Pickup,Venmo,14,26.07,1564.2
3684,3684,17,24,Winter,M,Purple,77,3.0,False,False,Free Shipping,Venmo,14,26.07,2007.39
3685,3685,16,38,Spring,L,Charcoal,86,4.4,False,False,Free Shipping,Credit Card,14,26.07,2242.02
3686,3686,15,42,Summer,L,Red,42,2.6,False,False,Standard,Cash,14,26.07,1094.94
3687,3687,21,18,Spring,M,Charcoal,70,4.8,False,False,Free Shipping,Cash,14,26.07,1824.9
3688,3688,14,4,Summer,L,Lavender,44,2.9,False,False,Next Day Air,Bank Transfer,90,4.06,178.64
3689,3689,8,48,Spring,L,White,91,3.0,False,False,Next Day Air,Cash,30,12.17,1107.47
3690,3690,6,40,Fall,L,Red,30,4.5,False,False,Standard,Bank Transfer,90,4.06,121.8
3691,3691,9,16,Fall,S,Violet,23,3.7,False,False,Store Pickup,Bank Transfer,14,26.07,599.61
3692,3692,21,22,Summer,XL,Orange,21,4.8,False,False,Next Day Air,PayPal,7,52.14,1094.94
3693,3693,24,1,Spring,L,Turquoise,34,4.8,False,False,Free Shipping,Cash,14,26.07,886.38
3694,3694,9,41,Summer,M,Violet,46,4.7,False,False,2-Day Shipping,Venmo,7,52.14,2398.44
3695,3695,18,39,Winter,M,Blue,41,2.6,False,False,Express,PayPal,14,26.07,1068.87
3696,3696,16,9,Fall,M,White,33,4.6,False,False,Standard,Bank Transfer,14,26.07,860.31
3697,3697,9,7,Fall,L,Turquoise,48,3.4,False,False,Next Day Air,Bank Transfer,365,1.0,48.0
3698,3698,11,38,Winter,L,Pink,66,3.0,False,False,Standard,Cash,7,52.14,3441.24
3699,3699,16,5,Spring,XL,Maroon,54,4.0,False,False,2-Day Shipping,Venmo,365,1.0,54.0
3700,3700,1,36,Fall,M,Olive,55,2.6,False,False,Store Pickup,Bank Transfer,7,52.14,2867.7
3701,3701,4,34,Summer,XL,Charcoal,84,3.4,False,False,Store Pickup,Bank Transfer,90,4.06,341.04
3702,3702,21,31,Spring,M,Charcoal,66,4.5,False,False,Store Pickup,Cash,365,1.0,66.0
3703,3703,22,40,Spring,M,Indigo,65,2.7,False,False,Store Pickup,Venmo,7,52.14,3389.1
3704,3704,21,22,Fall,S,Teal,83,2.9,False,False,Standard,PayPal,90,4.06,336.98
3705,3705,8,25,Winter,L,Black,61,4.0,False,False,Store Pickup,Credit Card,90,4.06,247.66
3706,3706,16,6,Summer,L,Teal,65,3.2,False,False,Free Shipping,Debit Card,365,1.0,65.0
3707,3707,21,16,Spring,M,Green,55,4.0,False,False,Store Pickup,Cash,14,26.07,1433.85
3708,3708,3,13,Fall,M,Gold,79,3.4,False,False,2-Day Shipping,Venmo,7,52.14,4119.06
3709,3709,11,40,Fall,M,Red,96,4.9,False,False,Express,PayPal,30,12.17,1168.32
3710,3710,17,44,Fall,M,Silver,43,3.6,False,False,Free Shipping,PayPal,90,4.06,174.58
3711,3711,6,11,Summer,M,Yellow,40,3.6,False,False,2-Day Shipping,Bank Transfer,14,26.07,1042.8
3712,3712,5,43,Fall,XL,Peach,62,3.2,False,False,Free Shipping,Cash,365,1.0,62.0
3713,3713,9,37,Spring,M,Turquoise,72,3.7,False,False,2-Day Shipping,PayPal,90,4.06,292.32
3714,3714,22,3,Spring,M,Peach,87,2.6,False,False,Express,Debit Card,90,4.06,353.22
3715,3715,5,32,Winter,S,Peach,31,3.9,False,False,Express,Credit Card,7,52.14,1616.34
3716,3716,8,27,Fall,S,Orange,34,3.4,False,False,Free Shipping,Bank Transfer,30,12.17,413.78
3717,3717,14,45,Fall,M,Charcoal,53,3.4,False,False,Next Day Air,Debit Card,90,4.06,215.18
3718,3718,19,20,Summer,XL,White,85,4.2,False,False,Express,Bank Transfer,90,4.06,345.1
3719,3719,13,42,Fall,L,Turquoise,50,2.9,False,False,Standard,Bank Transfer,14,26.07,1303.5
3720,3720,13,38,Summer,M,Red,91,4.1,False,False,Free Shipping,Bank Transfer,90,4.06,369.46
3721,3721,5,40,Fall,M,Peach,56,3.6,False,False,Free Shipping,Credit Card,90,4.06,227.36
3722,3722,24,7,Fall,L,Pink,60,4.0,False,False,Next Day Air,Cash,365,1.0,60.0
3723,3723,25,17,Fall,XL,Yellow,34,4.0,False,False,Standard,Credit Card,14,26.07,886.38
3724,3724,21,39,Spring,M,Beige,30,3.6,False,False,Free Shipping,Debit Card,30,12.17,365.1
3725,3725,3,6,Winter,L,Green,71,3.1,False,False,Express,Bank Transfer,365,1.0,71.0
3726,3726,10,36,Winter,S,Turquoise,100,4.4,False,False,Next Day Air,PayPal,365,1.0,100.0
3727,3727,2,12,Fall,XL,Orange,85,4.3,False,False,Next Day Air,Debit Card,90,4.06,345.1
3728,3728,17,19,Summer,M,Gold,83,3.5,False,False,Next Day Air,Debit Card,14,26.07,2163.81
3729,3729,25,45,Winter,L,Red,31,3.0,False,False,Standard,Debit Card,365,1.0,31.0
3730,3730,20,39,Spring,M,Teal,82,4.7,False,False,2-Day Shipping,Cash,90,4.06,332.92
3731,3731,14,9,Summer,M,Teal,79,2.5,False,False,2-Day Shipping,Credit Card,14,26.07,2059.53
3732,3732,5,48,Spring,M,Lavender,62,3.1,False,False,2-Day Shipping,PayPal,90,4.06,251.72
3733,3733,22,14,Spring,L,Pink,92,3.3,False,False,Free Shipping,PayPal,365,1.0,92.0
3734,3734,17,13,Fall,M,Maroon,58,4.7,False,False,Next Day Air,Debit Card,90,4.06,235.48
3735,3735,11,5,Spring,M,Beige,88,3.4,False,False,Next Day Air,Debit Card,90,4.06,357.28
3736,3736,21,21,Spring,L,Orange,44,3.1,False,False,2-Day Shipping,PayPal,365,1.0,44.0
3737,3737,12,12,Spring,M,Red,56,4.6,False,False,Store Pickup,PayPal,90,4.06,227.36
3738,3738,6,17,Winter,S,Maroon,23,4.9,False,False,Free Shipping,PayPal,14,26.07,599.61
3739,3739,15,8,Spring,M,Brown,45,2.7,False,False,Free Shipping,Cash,14,26.07,1173.15
3740,3740,8,12,Fall,M,Olive,31,4.2,False,False,Free Shipping,Credit Card,7,52.14,1616.34
3741,3741,13,46,Summer,M,Silver,96,2.6,False,False,Store Pickup,Debit Card,14,26.07,2502.72
3742,3742,14,3,Spring,M,Purple,96,3.2,False,False,2-Day Shipping,Debit Card,14,26.07,2502.72
3743,3743,14,20,Fall,M,Gray,80,4.4,False,False,Standard,Credit Card,14,26.07,2085.6
3744,3744,13,12,Fall,L,Cyan,28,3.6,False,False,Free Shipping,Debit Card,90,4.06,113.68
3745,3745,11,30,Summer,M,Gray,51,2.7,False,False,Next Day Air,Bank Transfer,14,26.07,1329.57
3746,3746,17,47,Spring,L,Gold,41,4.3,False,False,Express,Debit Card,30,12.17,498.97
3747,3747,24,12,Summer,XL,Cyan,99,2.6,False,False,Next Day Air,PayPal,30,12.17,1204.83
3748,3748,18,39,Spring,L,Olive,53,4.3,False,False,Store Pickup,Bank Transfer,14,26.07,1381.71
3749,3749,1,8,Fall,M,Violet,25,3.9,False,False,2-Day Shipping,Venmo,365,1.0,25.0
3750,3750,9,2,Winter,L,Yellow,95,2.9,False,False,2-Day Shipping,Venmo,90,4.06,385.7
3751,3751,11,3,Fall,M,Gold,88,3.1,False,False,Free Shipping,PayPal,30,12.17,1070.96
3752,3752,6,1,Fall,S,Silver,97,4.2,False,False,Free Shipping,Credit Card,90,4.06,393.82
3753,3753,24,47,Winter,L,Pink,81,4.1,False,False,2-Day Shipping,Venmo,7,52.14,4223.34
3754,3754,8,18,Winter,S,Turquoise,26,4.2,False,False,Next Day Air,Bank Transfer,14,26.07,677.82
3755,3755,22,27,Summer,M,Turquoise,41,4.4,False,False,Express,Cash,90,4.06,166.46
3756,3756,16,38,Fall,M,Peach,93,3.4,False,False,Free Shipping,Credit Card,30,12.17,1131.81
3757,3757,16,40,Spring,L,Teal,69,4.8,False,False,Express,Debit Card,14,26.07,1798.83
3758,3758,16,5,Fall,L,Red,44,4.5,False,False,2-Day Shipping,Cash,7,52.14,2294.16
3759,3759,21,14,Spring,S,Black,54,2.7,False,False,Store Pickup,Bank Transfer,90,4.06,219.24
3760,3760,23,25,Spring,M,Pink,61,3.5,False,False,Store Pickup,Venmo,90,4.06,247.66
3761,3761,17,7,Fall,M,Peach,80,3.1,False,False,Next Day Air,PayPal,7,52.14,4171.2
3762,3762,1,28,Summer,M,Green,30,2.8,False,False,Next Day Air,Venmo,90,4.06,121.8
3763,3763,15,32,Fall,L,Green,94,2.9,False,False,Store Pickup,PayPal,365,1.0,94.0
3764,3764,14,36,Winter,XL,Red,24,4.5,False,False,Standard,Cash,90,4.06,97.44
3765,3765,17,41,Fall,M,Maroon,21,3.5,False,False,Next Day Air,Venmo,30,12.17,255.57
3766,3766,6,25,Summer,M,Green,52,4.3,False,False,Standard,Bank Transfer,14,26.07,1355.64
3767,3767,4,43,Fall,M,Black,59,4.9,False,False,Next Day Air,Debit Card,365,1.0,59.0
3768,3768,15,32,Summer,XL,Black,51,3.1,False,False,Free Shipping,Bank Transfer,14,26.07,1329.57
3769,3769,18,45,Winter,M,Yellow,35,4.0,False,False,Free Shipping,Bank Transfer,90,4.06,142.1
3770,3770,3,3,Summer,L,Green,87,3.6,False,False,Standard,Venmo,365,1.0,87.0
3771,3771,13,26,Summer,L,Black,42,4.0,False,False,Store Pickup,Bank Transfer,7,52.14,2189.88
3772,3772,19,36,Winter,M,Red,86,2.6,False,False,Express,Venmo,14,26.07,2242.02
3773,3773,13,29,Fall,L,Yellow,26,3.1,False,False,Next Day Air,Cash,365,1.0,26.0
3774,3774,18,49,Summer,M,Violet,60,3.5,False,False,Store Pickup,Cash,90,4.06,243.6
3775,3775,3,2,Winter,S,Cyan,83,3.9,False,False,Standard,PayPal,14,26.07,2163.81
3776,3776,2,41,Spring,S,Pink,63,2.7,False,False,2-Day Shipping,Cash,90,4.06,255.78
3777,3777,23,2,Spring,L,Olive,25,4.1,False,False,Standard,Credit Card,14,26.07,651.75
3778,3778,15,44,Fall,M,Maroon,65,4.3,False,False,Express,Cash,7,52.14,3389.1
3779,3779,23,41,Fall,M,Cyan,60,2.9,False,False,Free Shipping,Debit Card,365,1.0,60.0
3780,3780,12,5,Spring,XL,Lavender,75,4.0,False,False,Express,PayPal,365,1.0,75.0
3781,3781,23,24,Fall,L,Yellow,57,4.1,False,False,Free Shipping,Venmo,90,4.06,231.42
3782,3782,20,42,Winter,M,Pink,99,3.7,False,False,Standard,PayPal,14,26.07,2580.93
3783,3783,25,1,Spring,L,Orange,45,2.8,False,False,Free Shipping,PayPal,14,26.07,1173.15
3784,3784,3,19,Summer,XL,Orange,66,3.2,False,False,Free Shipping,Debit Card,14,26.07,1720.62
3785,3785,17,46,Winter,M,Violet,53,4.5,False,False,Next Day Air,Venmo,365,1.0,53.0
3786,3786,12,29,Winter,L,Lavender,94,3.8,False,False,Standard,Cash,30,12.17,1143.98
3787,3787,20,42,Fall,L,Yellow,47,3.6,False,False,2-Day Shipping,Venmo,7,52.14,2450.58
3788,3788,9,32,Fall,M,Pink,80,3.6,False,False,2-Day Shipping,PayPal,90,4.06,324.8
3789,3789,5,16,Spring,XL,Teal,65,3.2,False,False,Next Day Air,Debit Card,30,12.17,791.05
3790,3790,14,34,Summer,M,Magenta,75,3.8,False,False,Express,Bank Transfer,90,4.06,304.5
3791,3791,4,2,Summer,XL,Beige,45,4.4,False,False,Standard,Credit Card,7,52.14,2346.3
3792,3792,8,43,Spring,M,Gray,51,3.7,False,False,Store Pickup,Venmo,7,52.14,2659.14
3793,3793,7,21,Summer,S,Turquoise,58,2.6,False,False,Express,PayPal,14,26.07,1512.06
3794,3794,8,8,Fall,M,Pink,20,4.0,False,False,Standard,Bank Transfer,365,1.0,20.0
3795,3795,7,41,Summer,M,Violet,82,3.6,False,False,2-Day Shipping,Venmo,7,52.14,4275.48
3796,3796,3,4,Spring,M,Charcoal,92,2.5,False,False,Express,Cash,7,52.14,4796.88
3797,3797,15,44,Fall,M,Lavender,81,3.2,False,False,Free Shipping,Bank Transfer,90,4.06,328.86
3798,3798,8,5,Summer,M,Gray,44,2.5,False,False,Next Day Air,Cash,90,4.06,178.64
3799,3799,6,39,Winter,S,Brown,72,3.2,False,False,Next Day Air,Credit Card,365,1.0,72.0
3800,3800,25,36,Winter,L,Violet,26,2.6,False,False,Store Pickup,Credit Card,30,12.17,316.42
3801,3801,18,45,Fall,M,Turquoise,26,4.8,False,False,Next Day Air,Venmo,14,26.07,677.82
3802,3802,9,17,Spring,M,Peach,84,5.0,False,False,Store Pickup,PayPal,14,26.07,2189.88
3803,3803,7,13,Spring,S,Turquoise,72,3.2,False,False,2-Day Shipping,Bank Transfer,30,12.17,876.24
3804,3804,4,7,Spring,M,Violet,55,3.6,False,False,Standard,Debit Card,7,52.14,2867.7
3805,3805,5,9,Fall,M,Olive,77,2.7,False,False,2-Day Shipping,Cash,365,1.0,77.0
3806,3806,7,30,Fall,M,Green,57,3.1,False,False,Standard,Credit Card,90,4.06,231.42
3807,3807,20,25,Spring,M,Teal,71,3.0,False,False,Standard,PayPal,7,52.14,3701.94
3808,3808,9,22,Spring,L,Peach,39,2.9,False,False,Next Day Air,PayPal,365,1.0,39.0
3809,3809,17,47,Winter,M,Pink,28,4.7,False,False,Express,Debit Card,14,26.07,729.96
3810,3810,22,32,Winter,S,Maroon,33,3.7,False,False,Standard,Credit Card,365,1.0,33.0
3811,3811,16,49,Fall,L,Peach,79,3.9,False,False,Free Shipping,Venmo,30,12.17,961.43
3812,3812,2,12,Winter,M,Maroon,30,4.0,False,False,Standard,Cash,30,12.17,365.1
3813,3813,16,22,Spring,M,Pink,75,2.8,False,False,Next Day Air,Bank Transfer,90,4.06,304.5
3814,3814,13,10,Summer,M,Orange,89,4.1,False,False,Express,Venmo,14,26.07,2320.23
3815,3815,10,22,Winter,M,Orange,95,4.2,False,False,Free Shipping,Bank Transfer,90,4.06,385.7
3816,3816,5,19,Fall,M,Brown,44,4.3,False,False,Express,Venmo,14,26.07,1147.08
3817,3817,24,20,Summer,S,Silver,86,4.3,False,False,Store Pickup,Credit Card,14,26.07,2242.02
3818,3818,7,25,Fall,M,Magenta,91,2.6,False,False,Express,PayPal,365,1.0,91.0
3819,3819,23,37,Winter,XL,Indigo,41,3.8,False,False,Free Shipping,Cash,30,12.17,498.97
3820,3820,13,4,Spring,S,Gold,99,2.9,False,False,Express,Cash,90,4.06,401.94
3821,3821,2,29,Winter,M,Purple,65,5.0,False,False,Standard,Debit Card,90,4.06,263.9
3822,3822,23,37,Summer,M,Gold,48,4.6,False,False,Free Shipping,Credit Card,90,4.06,194.88
3823,3823,5,16,Spring,S,Gold,41,3.2,False,False,Free Shipping,PayPal,90,4.06,166.46
3824,3824,14,5,Summer,M,Gold,42,3.0,False,False,Standard,Bank Transfer,7,52.14,2189.88
3825,3825,15,10,Summer,M,Olive,26,4.0,False,False,Free Shipping,Credit Card,90,4.06,105.56
3826,3826,15,11,Fall,L,Green,35,4.1,False,False,Express,Debit Card,14,26.07,912.45
3827,3827,25,26,Summer,M,Gray,31,4.0,False,False,Express,Bank Transfer,365,1.0,31.0
3828,3828,6,26,Summer,M,Red,73,4.1,False,False,Standard,Cash,14,26.07,1903.11
3829,3829,9,24,Spring,M,Charcoal,82,3.4,False,False,Free Shipping,Cash,7,52.14,4275.48
3830,3830,13,47,Spring,M,Indigo,32,2.9,False,False,Free Shipping,Debit Card,14,26.07,834.24
3831,3831,5,38,Summer,M,Indigo,27,3.0,False,False,2-Day Shipping,Bank Transfer,90,4.06,109.62
3832,3832,1,28,Spring,L,Silver,86,4.0,False,False,Next Day Air,Debit Card,90,4.06,349.16
3833,3833,20,16,Winter,XL,Purple,38,4.8,False,False,2-Day Shipping,Cash,7,52.14,1981.32
3834,3834,25,3,Summer,L,Gray,93,4.6,False,False,Free Shipping,PayPal,90,4.06,377.58
3835,3835,11,42,Winter,M,Magenta,59,4.1,False,False,2-Day Shipping,Cash,90,4.06,239.54
3836,3836,21,38,Winter,L,Silver,58,2.6,False,False,Express,PayPal,14,26.07,1512.06
3837,3837,16,2,Spring,M,Violet,84,2.5,False,False,Free Shipping,PayPal,14,26.07,2189.88
3838,3838,11,31,Spring,M,Green,100,4.8,False,False,Free Shipping,Bank Transfer,14,26.07,2607.0
3839,3839,10,39,Summer,L,Green,25,4.2,False,False,Express,Venmo,90,4.06,101.5
3840,3840,21,7,Spring,M,Peach,29,3.9,False,False,Free Shipping,Venmo,90,4.06,117.74
3841,3841,12,12,Spring,M,Turquoise,42,3.7,False,False,Express,Venmo,14,26.07,1094.94
3842,3842,12,24,Fall,L,Pink,57,4.2,False,False,2-Day Shipping,Bank Transfer,30,12.17,693.69
3843,3843,25,6,Winter,L,Lavender,84,4.2,False,False,Next Day Air,Debit Card,30,12.17,1022.28
3844,3844,5,10,Winter,L,Silver,71,4.0,False,False,Free Shipping,Venmo,90,4.06,288.26
3845,3845,15,26,Fall,S,Cyan,87,5.0,False,False,Next Day Air,Venmo,90,4.06,353.22
3846,3846,18,5,Winter,M,Green,52,4.9,False,False,Standard,Venmo,365,1.0,52.0
3847,3847,9,38,Summer,L,Orange,58,4.0,False,False,Express,PayPal,90,4.06,235.48
3848,3848,18,8,Fall,S,Blue,34,3.2,False,False,2-Day Shipping,PayPal,14,26.07,886.38
3849,3849,6,29,Winter,M,Magenta,60,3.0,False,False,Next Day Air,Cash,90,4.06,243.6
3850,3850,11,9,Winter,S,Cyan,68,2.6,False,False,Express,PayPal,14,26.07,1772.76
3851,3851,6,24,Summer,L,Indigo,74,4.4,False,False,2-Day Shipping,Debit Card,90,4.06,300.44
3852,3852,7,26,Summer,M,Pink,83,3.9,False,False,Free Shipping,Debit Card,365,1.0,83.0
3853,3853,5,24,Fall,M,Peach,79,4.0,False,False,2-Day Shipping,PayPal,7,52.14,4119.06
3854,3854,8,42,Fall,M,Lavender,76,4.0,False,False,Store Pickup,Debit Card,14,26.07,1981.32
3855,3855,19,9,Spring,M,Black,20,4.2,False,False,Free Shipping,Venmo,365,1.0,20.0
3856,3856,14,13,Summer,XL,Lavender,61,4.4,False,False,Next Day Air,Cash,90,4.06,247.66
3857,3857,21,46,Summer,S,Brown,78,2.5,False,False,Free Shipping,Debit Card,90,4.06,316.68
3858,3858,5,43,Summer,S,Yellow,21,3.1,False,False,Store Pickup,Credit Card,90,4.06,85.26
3859,3859,19,25,Winter,M,Olive,77,3.5,False,False,Store Pickup,Credit Card,90,4.06,312.62
3860,3860,15,24,Fall,S,Blue,88,3.0,False,False,2-Day Shipping,Bank Transfer,14,26.07,2294.16
3861,3861,8,38,Summer,M,Turquoise,64,4.4,False,False,Next Day Air,Cash,365,1.0,64.0
3862,3862,25,50,Spring,M,Yellow,57,4.9,False,False,Standard,Credit Card,30,12.17,693.69
3863,3863,14,12,Winter,L,Turquoise,49,2.8,False,False,Next Day Air,Venmo,30,12.17,596.33
3864,3864,7,29,Summer,M,Orange,35,3.3,False,False,Free Shipping,Cash,14,26.07,912.45
3865,3865,19,50,Winter,S,Blue,99,4.9,False,False,Express,Debit Card,14,26.07,2580.93
3866,3866,15,27,Spring,M,Olive,42,4.2,False,False,Store Pickup,Cash,90,4.06,170.52
3867,3867,5,2,Winter,M,Beige,32,3.3,False,False,2-Day Shipping,Credit Card,14,26.07,834.24
3868,3868,25,20,Summer,L,Lavender,21,2.7,False,False,Standard,Credit Card,30,12.17,255.57
3869,3869,10,20,Winter,XL,Magenta,29,3.3,False,False,2-Day Shipping,Cash,365,1.0,29.0
3870,3870,24,3,Spring,L,Cyan,64,3.8,False,False,Free Shipping,Bank Transfer,365,1.0,64.0
3871,3871,21,35,Fall,L,Lavender,46,3.2,False,False,Next Day Air,Cash,90,4.06,186.76
3872,3872,19,23,Fall,M,Black,97,4.1,False,False,2-Day Shipping,Bank Transfer,90,4.06,393.82
3873,3873,25,29,Spring,M,Green,94,4.3,False,False,Standard,Cash,30,12.17,1143.98
3874,3874,21,18,Summer,L,Silver,43,4.0,False,False,Standard,Credit Card,7,52.14,2242.02
3875,3875,18,28,Summer,XL,Beige,54,3.9,False,False,2-Day Shipping,Credit Card,14,26.07,1407.78
3876,3876,5,29,Winter,M,Pink,51,3.3,False,False,2-Day Shipping,Credit Card,365,1.0,51.0
3877,3877,22,49,Fall,S,Cyan,85,2.6,False,False,2-Day Shipping,Cash,365,1.0,85.0
3878,3878,11,28,Spring,M,Olive,96,4.2,False,False,Next Day Air,Debit Card,30,12.17,1168.32
3879,3879,5,40,Summer,M,Pink,42,3.4,False,False,2-Day Shipping,Credit Card,365,1.0,42.0
3880,3880,16,9,Winter,L,Maroon,63,4.1,False,False,Free Shipping,Debit Card,90,4.06,255.78
3881,3881,14,21,Winter,M,Red,20,3.9,False,False,Free Shipping,PayPal,30,12.17,243.4
3882,3882,7,10,Spring,L,Silver,25,2.8,False,False,2-Day Shipping,Debit Card,7,52.14,1303.5
3883,3883,13,34,Fall,L,Blue,95,2.6,False,False,Free Shipping,Cash,14,26.07,2476.65
3884,3884,5,34,Fall,XL,Purple,38,4.0,False,False,Next Day Air,Cash,14,26.07,990.66
3885,3885,21,20,Fall,M,Brown,29,4.9,False,False,Express,PayPal,7,52.14,1512.06
3886,3886,17,31,Winter,L,Purple,64,3.2,False,False,Free Shipping,Cash,90,4.06,259.84
3887,3887,6,15,Summer,S,Brown,92,3.9,False,False,Express,Debit Card,90,4.06,373.52
3888,3888,14,16,Spring,M,Charcoal,34,2.7,False,False,Express,Credit Card,90,4.06,138.04
3889,3889,23,46,Spring,M,Violet,69,3.4,False,False,Standard,Venmo,14,26.07,1798.83
3890,3890,10,2,Spring,S,Yellow,65,3.5,False,False,Express,Bank Transfer,365,1.0,65.0
3891,3891,14,27,Winter,XL,Green,81,2.6,False,False,Standard,Debit Card,365,1.0,81.0
3892,3892,10,6,Winter,L,Peach,30,4.7,False,False,Free Shipping,Bank Transfer,90,4.06,121.8
3893,3893,6,22,Summer,L,Indigo,86,3.5,False,False,Standard,PayPal,14,26.07,2242.02
3894,3894,5,21,Fall,L,White,64,3.3,False,False,Store Pickup,Bank Transfer,14,26.07,1668.48
3895,3895,16,7,Spring,L,White,78,3.9,False,False,2-Day Shipping,Credit Card,90,4.06,316.68
3896,3896,11,46,Summer,L,Turquoise,28,4.2,False,False,2-Day Shipping,Venmo,7,52.14,1459.92
3897,3897,1,15,Spring,L,White,49,4.5,False,False,Store Pickup,Bank Transfer,14,26.07,1277.43
3898,3898,2,30,Spring,L,Green,33,2.9,False,False,Standard,Venmo,90,4.06,133.98
3899,3899,22,23,Summer,S,Brown,77,3.8,False,False,Express,Venmo,7,52.14,4014.78
3900,3900,4,5,Spring,M,Beige,81,3.1,False,False,Store Pickup,Venmo,90,4.06,328.86
